valid_time,t2m,latitude,longitude
2025-01-01 00:00:00,266.9944,47.5,13.3
2025-01-01 01:00:00,266.47754,47.5,13.3
2025-01-01 02:00:00,266.18506,47.5,13.3
2025-01-01 03:00:00,265.90967,47.5,13.3
2025-01-01 04:00:00,265.72925,47.5,13.3
2025-01-01 05:00:00,265.4922,47.5,13.3
2025-01-01 06:00:00,265.01367,47.5,13.3
2025-01-01 07:00:00,264.93652,47.5,13.3
2025-01-01 08:00:00,265.82275,47.5,13.3
2025-01-01 09:00:00,268.64233,47.5,13.3
2025-01-01 10:00:00,268.3833,47.5,13.3
2025-01-01 11:00:00,273.18213,47.5,13.3
2025-01-01 12:00:00,276.0974,47.5,13.3
2025-01-01 13:00:00,275.56616,47.5,13.3
2025-01-01 14:00:00,275.17505,47.5,13.3
2025-01-01 15:00:00,273.27905,47.5,13.3
2025-01-01 16:00:00,270.3103,47.5,13.3
2025-01-01 17:00:00,268.42236,47.5,13.3
2025-01-01 18:00:00,266.0288,47.5,13.3
2025-01-01 19:00:00,264.70337,47.5,13.3
2025-01-01 20:00:00,264.0708,47.5,13.3
2025-01-01 21:00:00,263.51978,47.5,13.3
2025-01-01 22:00:00,266.69727,47.5,13.3
2025-01-01 23:00:00,265.99976,47.5,13.3
2025-01-02 00:00:00,265.69604,47.5,13.3
2025-01-02 01:00:00,265.2705,47.5,13.3
2025-01-02 02:00:00,264.87402,47.5,13.3
2025-01-02 03:00:00,264.62427,47.5,13.3
2025-01-02 04:00:00,264.6272,47.5,13.3
2025-01-02 05:00:00,264.2727,47.5,13.3
2025-01-02 06:00:00,264.6521,47.5,13.3
2025-01-02 07:00:00,264.78735,47.5,13.3
2025-01-02 08:00:00,266.7527,47.5,13.3
2025-01-02 09:00:00,269.0432,47.5,13.3
2025-01-02 10:00:00,272.11255,47.5,13.3
2025-01-02 11:00:00,274.02417,47.5,13.3
2025-01-02 12:00:00,275.17065,47.5,13.3
2025-01-02 13:00:00,275.31616,47.5,13.3
2025-01-02 14:00:00,275.47778,47.5,13.3
2025-01-02 15:00:00,275.34863,47.5,13.3
2025-01-02 16:00:00,276.05444,47.5,13.3
2025-01-02 17:00:00,274.792,47.5,13.3
2025-01-02 18:00:00,273.9983,47.5,13.3
2025-01-02 19:00:00,273.66504,47.5,13.3
2025-01-02 20:00:00,272.93896,47.5,13.3
2025-01-02 21:00:00,272.08374,47.5,13.3
2025-01-02 22:00:00,272.2317,47.5,13.3
2025-01-02 23:00:00,272.4104,47.5,13.3
2025-01-03 00:00:00,272.2373,47.5,13.3
2025-01-03 01:00:00,271.82715,47.5,13.3
2025-01-03 02:00:00,271.0681,47.5,13.3
2025-01-03 03:00:00,270.58862,47.5,13.3
2025-01-03 04:00:00,269.79907,47.5,13.3
2025-01-03 05:00:00,269.03687,47.5,13.3
2025-01-03 06:00:00,269.61816,47.5,13.3
2025-01-03 07:00:00,269.3662,47.5,13.3
2025-01-03 08:00:00,268.9817,47.5,13.3
2025-01-03 09:00:00,269.17773,47.5,13.3
2025-01-03 10:00:00,269.87744,47.5,13.3
2025-01-03 11:00:00,269.98584,47.5,13.3
2025-01-03 12:00:00,270.34497,47.5,13.3
2025-01-03 13:00:00,270.15576,47.5,13.3
2025-01-03 14:00:00,269.17383,47.5,13.3
2025-01-03 15:00:00,266.61304,47.5,13.3
2025-01-03 16:00:00,266.948,47.5,13.3
2025-01-03 17:00:00,266.34424,47.5,13.3
2025-01-03 18:00:00,267.1172,47.5,13.3
2025-01-03 19:00:00,266.4917,47.5,13.3
2025-01-03 20:00:00,266.66748,47.5,13.3
2025-01-03 21:00:00,266.59033,47.5,13.3
2025-01-03 22:00:00,265.10864,47.5,13.3
2025-01-03 23:00:00,264.94775,47.5,13.3
2025-01-04 00:00:00,265.41772,47.5,13.3
2025-01-04 01:00:00,265.7119,47.5,13.3
2025-01-04 02:00:00,265.3943,47.5,13.3
2025-01-04 03:00:00,265.75024,47.5,13.3
2025-01-04 04:00:00,265.50635,47.5,13.3
2025-01-04 05:00:00,264.43628,47.5,13.3
2025-01-04 06:00:00,261.2212,47.5,13.3
2025-01-04 07:00:00,260.136,47.5,13.3
2025-01-04 08:00:00,259.72998,47.5,13.3
2025-01-04 09:00:00,262.53833,47.5,13.3
2025-01-04 10:00:00,266.46045,47.5,13.3
2025-01-04 11:00:00,268.27026,47.5,13.3
2025-01-04 12:00:00,269.11377,47.5,13.3
2025-01-04 13:00:00,269.5022,47.5,13.3
2025-01-04 14:00:00,269.63452,47.5,13.3
2025-01-04 15:00:00,269.42407,47.5,13.3
2025-01-04 16:00:00,267.97534,47.5,13.3
2025-01-04 17:00:00,266.4436,47.5,13.3
2025-01-04 18:00:00,264.9475,47.5,13.3
2025-01-04 19:00:00,263.44897,47.5,13.3
2025-01-04 20:00:00,262.188,47.5,13.3
2025-01-04 21:00:00,262.1416,47.5,13.3
2025-01-04 22:00:00,262.6526,47.5,13.3
2025-01-04 23:00:00,265.09106,47.5,13.3
2025-01-05 00:00:00,265.92798,47.5,13.3
2025-01-05 01:00:00,266.54126,47.5,13.3
2025-01-05 02:00:00,267.33618,47.5,13.3
2025-01-05 03:00:00,267.65894,47.5,13.3
2025-01-05 04:00:00,268.11353,47.5,13.3
2025-01-05 05:00:00,268.1687,47.5,13.3
2025-01-05 06:00:00,268.81714,47.5,13.3
2025-01-05 07:00:00,269.40088,47.5,13.3
2025-01-05 08:00:00,270.25708,47.5,13.3
2025-01-05 09:00:00,271.36768,47.5,13.3
2025-01-05 10:00:00,272.9768,47.5,13.3
2025-01-05 11:00:00,273.81787,47.5,13.3
2025-01-05 12:00:00,274.60986,47.5,13.3
2025-01-05 13:00:00,275.01953,47.5,13.3
2025-01-05 14:00:00,275.19043,47.5,13.3
2025-01-05 15:00:00,275.34912,47.5,13.3
2025-01-05 16:00:00,275.03467,47.5,13.3
2025-01-05 17:00:00,274.4026,47.5,13.3
2025-01-05 18:00:00,273.91406,47.5,13.3
2025-01-05 19:00:00,273.31787,47.5,13.3
2025-01-05 20:00:00,272.9287,47.5,13.3
2025-01-05 21:00:00,272.84106,47.5,13.3
2025-01-05 22:00:00,272.31982,47.5,13.3
2025-01-05 23:00:00,272.40552,47.5,13.3
2025-01-06 00:00:00,272.25586,47.5,13.3
2025-01-06 01:00:00,271.7683,47.5,13.3
2025-01-06 02:00:00,271.40796,47.5,13.3
2025-01-06 03:00:00,271.05957,47.5,13.3
2025-01-06 04:00:00,271.06592,47.5,13.3
2025-01-06 05:00:00,271.03467,47.5,13.3
2025-01-06 06:00:00,271.01685,47.5,13.3
2025-01-06 07:00:00,271.04492,47.5,13.3
2025-01-06 08:00:00,272.17578,47.5,13.3
2025-01-06 09:00:00,273.99146,47.5,13.3
2025-01-06 10:00:00,276.01025,47.5,13.3
2025-01-06 11:00:00,277.0398,47.5,13.3
2025-01-06 12:00:00,277.19946,47.5,13.3
2025-01-06 13:00:00,277.14038,47.5,13.3
2025-01-06 14:00:00,276.64307,47.5,13.3
2025-01-06 15:00:00,276.45605,47.5,13.3
2025-01-06 16:00:00,275.8982,47.5,13.3
2025-01-06 17:00:00,275.62256,47.5,13.3
2025-01-06 18:00:00,275.65063,47.5,13.3
2025-01-06 19:00:00,275.57178,47.5,13.3
2025-01-06 20:00:00,275.48926,47.5,13.3
2025-01-06 21:00:00,275.4292,47.5,13.3
2025-01-06 22:00:00,275.38452,47.5,13.3
2025-01-06 23:00:00,274.93018,47.5,13.3
2025-01-07 00:00:00,274.63892,47.5,13.3
2025-01-07 01:00:00,274.75806,47.5,13.3
2025-01-07 02:00:00,274.35425,47.5,13.3
2025-01-07 03:00:00,274.031,47.5,13.3
2025-01-07 04:00:00,273.46362,47.5,13.3
2025-01-07 05:00:00,273.16528,47.5,13.3
2025-01-07 06:00:00,273.23828,47.5,13.3
2025-01-07 07:00:00,273.3518,47.5,13.3
2025-01-07 08:00:00,273.38818,47.5,13.3
2025-01-07 09:00:00,273.34058,47.5,13.3
2025-01-07 10:00:00,272.65552,47.5,13.3
2025-01-07 11:00:00,272.34302,47.5,13.3
2025-01-07 12:00:00,272.58594,47.5,13.3
2025-01-07 13:00:00,272.3379,47.5,13.3
2025-01-07 14:00:00,272.062,47.5,13.3
2025-01-07 15:00:00,272.23755,47.5,13.3
2025-01-07 16:00:00,272.0354,47.5,13.3
2025-01-07 17:00:00,272.07202,47.5,13.3
2025-01-07 18:00:00,271.7871,47.5,13.3
2025-01-07 19:00:00,271.73804,47.5,13.3
2025-01-07 20:00:00,271.7329,47.5,13.3
2025-01-07 21:00:00,270.9353,47.5,13.3
2025-01-07 22:00:00,270.42383,47.5,13.3
2025-01-07 23:00:00,269.07056,47.5,13.3
2025-01-08 00:00:00,268.72925,47.5,13.3
2025-01-08 01:00:00,267.69238,47.5,13.3
2025-01-08 02:00:00,266.20435,47.5,13.3
2025-01-08 03:00:00,266.13403,47.5,13.3
2025-01-08 04:00:00,266.40063,47.5,13.3
2025-01-08 05:00:00,266.62085,47.5,13.3
2025-01-08 06:00:00,267.17383,47.5,13.3
2025-01-08 07:00:00,267.96777,47.5,13.3
2025-01-08 08:00:00,268.34497,47.5,13.3
2025-01-08 09:00:00,270.22192,47.5,13.3
2025-01-08 10:00:00,272.44116,47.5,13.3
2025-01-08 11:00:00,274.57227,47.5,13.3
2025-01-08 12:00:00,275.69946,47.5,13.3
2025-01-08 13:00:00,276.25293,47.5,13.3
2025-01-08 14:00:00,275.82495,47.5,13.3
2025-01-08 15:00:00,274.6328,47.5,13.3
2025-01-08 16:00:00,274.19092,47.5,13.3
2025-01-08 17:00:00,273.49634,47.5,13.3
2025-01-08 18:00:00,274.1521,47.5,13.3
2025-01-08 19:00:00,274.31543,47.5,13.3
2025-01-08 20:00:00,273.76343,47.5,13.3
2025-01-08 21:00:00,273.06982,47.5,13.3
2025-01-08 22:00:00,272.89502,47.5,13.3
2025-01-08 23:00:00,272.90356,47.5,13.3
2025-01-09 00:00:00,272.86597,47.5,13.3
2025-01-09 01:00:00,273.04102,47.5,13.3
2025-01-09 02:00:00,273.30444,47.5,13.3
2025-01-09 03:00:00,273.53662,47.5,13.3
2025-01-09 04:00:00,273.54736,47.5,13.3
2025-01-09 05:00:00,274.0149,47.5,13.3
2025-01-09 06:00:00,274.0066,47.5,13.3
2025-01-09 07:00:00,273.9812,47.5,13.3
2025-01-09 08:00:00,274.3235,47.5,13.3
2025-01-09 09:00:00,274.54468,47.5,13.3
2025-01-09 10:00:00,274.92627,47.5,13.3
2025-01-09 11:00:00,275.7478,47.5,13.3
2025-01-09 12:00:00,276.82886,47.5,13.3
2025-01-09 13:00:00,277.4375,47.5,13.3
2025-01-09 14:00:00,276.91113,47.5,13.3
2025-01-09 15:00:00,276.46167,47.5,13.3
2025-01-09 16:00:00,274.5183,47.5,13.3
2025-01-09 17:00:00,274.95605,47.5,13.3
2025-01-09 18:00:00,275.40625,47.5,13.3
2025-01-09 19:00:00,273.90454,47.5,13.3
2025-01-09 20:00:00,272.1211,47.5,13.3
2025-01-09 21:00:00,273.0835,47.5,13.3
2025-01-09 22:00:00,272.8689,47.5,13.3
2025-01-09 23:00:00,271.188,47.5,13.3
2025-01-10 00:00:00,270.44482,47.5,13.3
2025-01-10 01:00:00,269.98438,47.5,13.3
2025-01-10 02:00:00,269.15356,47.5,13.3
2025-01-10 03:00:00,267.40698,47.5,13.3
2025-01-10 04:00:00,266.4956,47.5,13.3
2025-01-10 05:00:00,265.4275,47.5,13.3
2025-01-10 06:00:00,264.0293,47.5,13.3
2025-01-10 07:00:00,264.9331,47.5,13.3
2025-01-10 08:00:00,264.02563,47.5,13.3
2025-01-10 09:00:00,266.3247,47.5,13.3
2025-01-10 10:00:00,268.4663,47.5,13.3
2025-01-10 11:00:00,269.09937,47.5,13.3
2025-01-10 12:00:00,269.43115,47.5,13.3
2025-01-10 13:00:00,269.6814,47.5,13.3
2025-01-10 14:00:00,269.22705,47.5,13.3
2025-01-10 15:00:00,268.63794,47.5,13.3
2025-01-10 16:00:00,267.89478,47.5,13.3
2025-01-10 17:00:00,266.07642,47.5,13.3
2025-01-10 18:00:00,263.68115,47.5,13.3
2025-01-10 19:00:00,261.09497,47.5,13.3
2025-01-10 20:00:00,258.99048,47.5,13.3
2025-01-10 21:00:00,257.53247,47.5,13.3
2025-01-10 22:00:00,256.01904,47.5,13.3
2025-01-10 23:00:00,255.35468,47.5,13.3
2025-01-11 00:00:00,255.22397,47.5,13.3
2025-01-11 01:00:00,254.22179,47.5,13.3
2025-01-11 02:00:00,253.99915,47.5,13.3
2025-01-11 03:00:00,252.72311,47.5,13.3
2025-01-11 04:00:00,253.1261,47.5,13.3
2025-01-11 05:00:00,252.96518,47.5,13.3
2025-01-11 06:00:00,253.24368,47.5,13.3
2025-01-11 07:00:00,254.62471,47.5,13.3
2025-01-11 08:00:00,256.8296,47.5,13.3
2025-01-11 09:00:00,260.09424,47.5,13.3
2025-01-11 10:00:00,264.18115,47.5,13.3
2025-01-11 11:00:00,266.00146,47.5,13.3
2025-01-11 12:00:00,267.7085,47.5,13.3
2025-01-11 13:00:00,268.40625,47.5,13.3
2025-01-11 14:00:00,268.0796,47.5,13.3
2025-01-11 15:00:00,266.97217,47.5,13.3
2025-01-11 16:00:00,265.69287,47.5,13.3
2025-01-11 17:00:00,264.97754,47.5,13.3
2025-01-11 18:00:00,264.04492,47.5,13.3
2025-01-11 19:00:00,264.21436,47.5,13.3
2025-01-11 20:00:00,262.98633,47.5,13.3
2025-01-11 21:00:00,261.96167,47.5,13.3
2025-01-11 22:00:00,264.8545,47.5,13.3
2025-01-11 23:00:00,265.05444,47.5,13.3
2025-01-12 00:00:00,265.49707,47.5,13.3
2025-01-12 01:00:00,265.55273,47.5,13.3
2025-01-12 02:00:00,265.4834,47.5,13.3
2025-01-12 03:00:00,265.54663,47.5,13.3
2025-01-12 04:00:00,265.77783,47.5,13.3
2025-01-12 05:00:00,265.8877,47.5,13.3
2025-01-12 06:00:00,265.83765,47.5,13.3
2025-01-12 07:00:00,266.0984,47.5,13.3
2025-01-12 08:00:00,266.01025,47.5,13.3
2025-01-12 09:00:00,266.69873,47.5,13.3
2025-01-12 10:00:00,267.49634,47.5,13.3
2025-01-12 11:00:00,267.66235,47.5,13.3
2025-01-12 12:00:00,268.0879,47.5,13.3
2025-01-12 13:00:00,268.28247,47.5,13.3
2025-01-12 14:00:00,268.3645,47.5,13.3
2025-01-12 15:00:00,268.41113,47.5,13.3
2025-01-12 16:00:00,268.02075,47.5,13.3
2025-01-12 17:00:00,267.26733,47.5,13.3
2025-01-12 18:00:00,266.65405,47.5,13.3
2025-01-12 19:00:00,265.8684,47.5,13.3
2025-01-12 20:00:00,265.84082,47.5,13.3
2025-01-12 21:00:00,265.49072,47.5,13.3
2025-01-12 22:00:00,265.1836,47.5,13.3
2025-01-12 23:00:00,265.02808,47.5,13.3
2025-01-13 00:00:00,264.54492,47.5,13.3
2025-01-13 01:00:00,264.48584,47.5,13.3
2025-01-13 02:00:00,264.6267,47.5,13.3
2025-01-13 03:00:00,264.35083,47.5,13.3
2025-01-13 04:00:00,263.98755,47.5,13.3
2025-01-13 05:00:00,263.854,47.5,13.3
2025-01-13 06:00:00,263.68408,47.5,13.3
2025-01-13 07:00:00,261.74707,47.5,13.3
2025-01-13 08:00:00,262.46338,47.5,13.3
2025-01-13 09:00:00,264.38452,47.5,13.3
2025-01-13 10:00:00,265.75903,47.5,13.3
2025-01-13 11:00:00,266.69824,47.5,13.3
2025-01-13 12:00:00,267.35938,47.5,13.3
2025-01-13 13:00:00,267.7693,47.5,13.3
2025-01-13 14:00:00,266.79028,47.5,13.3
2025-01-13 15:00:00,268.32544,47.5,13.3
2025-01-13 16:00:00,267.9402,47.5,13.3
2025-01-13 17:00:00,266.47827,47.5,13.3
2025-01-13 18:00:00,262.90063,47.5,13.3
2025-01-13 19:00:00,260.93628,47.5,13.3
2025-01-13 20:00:00,260.16113,47.5,13.3
2025-01-13 21:00:00,258.9475,47.5,13.3
2025-01-13 22:00:00,259.1443,47.5,13.3
2025-01-13 23:00:00,258.2744,47.5,13.3
2025-01-14 00:00:00,256.44556,47.5,13.3
2025-01-14 01:00:00,255.65323,47.5,13.3
2025-01-14 02:00:00,255.99968,47.5,13.3
2025-01-14 03:00:00,255.94751,47.5,13.3
2025-01-14 04:00:00,255.58778,47.5,13.3
2025-01-14 05:00:00,254.97507,47.5,13.3
2025-01-14 06:00:00,255.0774,47.5,13.3
2025-01-14 07:00:00,254.8564,47.5,13.3
2025-01-14 08:00:00,256.00122,47.5,13.3
2025-01-14 09:00:00,260.15747,47.5,13.3
2025-01-14 10:00:00,268.45532,47.5,13.3
2025-01-14 11:00:00,271.188,47.5,13.3
2025-01-14 12:00:00,272.7495,47.5,13.3
2025-01-14 13:00:00,273.3694,47.5,13.3
2025-01-14 14:00:00,273.27344,47.5,13.3
2025-01-14 15:00:00,273.177,47.5,13.3
2025-01-14 16:00:00,271.68237,47.5,13.3
2025-01-14 17:00:00,270.33252,47.5,13.3
2025-01-14 18:00:00,268.9021,47.5,13.3
2025-01-14 19:00:00,268.10278,47.5,13.3
2025-01-14 20:00:00,267.5652,47.5,13.3
2025-01-14 21:00:00,268.2173,47.5,13.3
2025-01-14 22:00:00,266.55615,47.5,13.3
2025-01-14 23:00:00,265.8723,47.5,13.3
2025-01-15 00:00:00,265.28345,47.5,13.3
2025-01-15 01:00:00,265.24658,47.5,13.3
2025-01-15 02:00:00,267.02148,47.5,13.3
2025-01-15 03:00:00,268.8667,47.5,13.3
2025-01-15 04:00:00,269.49487,47.5,13.3
2025-01-15 05:00:00,268.74365,47.5,13.3
2025-01-15 06:00:00,269.14575,47.5,13.3
2025-01-15 07:00:00,268.90796,47.5,13.3
2025-01-15 08:00:00,269.04883,47.5,13.3
2025-01-15 09:00:00,269.67114,47.5,13.3
2025-01-15 10:00:00,270.05176,47.5,13.3
2025-01-15 11:00:00,270.7351,47.5,13.3
2025-01-15 12:00:00,271.02832,47.5,13.3
2025-01-15 13:00:00,271.01855,47.5,13.3
2025-01-15 14:00:00,271.1499,47.5,13.3
2025-01-15 15:00:00,271.61157,47.5,13.3
2025-01-15 16:00:00,271.53882,47.5,13.3
2025-01-15 17:00:00,271.47144,47.5,13.3
2025-01-15 18:00:00,271.45117,47.5,13.3
2025-01-15 19:00:00,271.5564,47.5,13.3
2025-01-15 20:00:00,271.53198,47.5,13.3
2025-01-15 21:00:00,271.50488,47.5,13.3
2025-01-15 22:00:00,271.72314,47.5,13.3
2025-01-15 23:00:00,271.44824,47.5,13.3
2025-01-16 00:00:00,271.43677,47.5,13.3
2025-01-16 01:00:00,271.42725,47.5,13.3
2025-01-16 02:00:00,271.55127,47.5,13.3
2025-01-16 03:00:00,271.47998,47.5,13.3
2025-01-16 04:00:00,270.88916,47.5,13.3
2025-01-16 05:00:00,270.20898,47.5,13.3
2025-01-16 06:00:00,269.7683,47.5,13.3
2025-01-16 07:00:00,270.06787,47.5,13.3
2025-01-16 08:00:00,269.07446,47.5,13.3
2025-01-16 09:00:00,269.82373,47.5,13.3
2025-01-16 10:00:00,270.2539,47.5,13.3
2025-01-16 11:00:00,271.46167,47.5,13.3
2025-01-16 12:00:00,272.02393,47.5,13.3
2025-01-16 13:00:00,272.38306,47.5,13.3
2025-01-16 14:00:00,272.64502,47.5,13.3
2025-01-16 15:00:00,272.55933,47.5,13.3
2025-01-16 16:00:00,271.95483,47.5,13.3
2025-01-16 17:00:00,270.26465,47.5,13.3
2025-01-16 18:00:00,269.21118,47.5,13.3
2025-01-16 19:00:00,268.5183,47.5,13.3
2025-01-16 20:00:00,267.44336,47.5,13.3
2025-01-16 21:00:00,265.90088,47.5,13.3
2025-01-16 22:00:00,265.50977,47.5,13.3
2025-01-16 23:00:00,265.0027,47.5,13.3
2025-01-17 00:00:00,264.77295,47.5,13.3
2025-01-17 01:00:00,264.40845,47.5,13.3
2025-01-17 02:00:00,264.23218,47.5,13.3
2025-01-17 03:00:00,264.07812,47.5,13.3
2025-01-17 04:00:00,264.03052,47.5,13.3
2025-01-17 05:00:00,264.02686,47.5,13.3
2025-01-17 06:00:00,264.02515,47.5,13.3
2025-01-17 07:00:00,263.8706,47.5,13.3
2025-01-17 08:00:00,264.62598,47.5,13.3
2025-01-17 09:00:00,266.57568,47.5,13.3
2025-01-17 10:00:00,271.1311,47.5,13.3
2025-01-17 11:00:00,273.49805,47.5,13.3
2025-01-17 12:00:00,274.4475,47.5,13.3
2025-01-17 13:00:00,274.60303,47.5,13.3
2025-01-17 14:00:00,274.77588,47.5,13.3
2025-01-17 15:00:00,274.34326,47.5,13.3
2025-01-17 16:00:00,273.1953,47.5,13.3
2025-01-17 17:00:00,272.16553,47.5,13.3
2025-01-17 18:00:00,271.3982,47.5,13.3
2025-01-17 19:00:00,269.80225,47.5,13.3
2025-01-17 20:00:00,268.7937,47.5,13.3
2025-01-17 21:00:00,267.82568,47.5,13.3
2025-01-17 22:00:00,266.99,47.5,13.3
2025-01-17 23:00:00,266.20312,47.5,13.3
2025-01-18 00:00:00,265.49585,47.5,13.3
2025-01-18 01:00:00,265.19165,47.5,13.3
2025-01-18 02:00:00,264.64917,47.5,13.3
2025-01-18 03:00:00,264.0332,47.5,13.3
2025-01-18 04:00:00,263.46362,47.5,13.3
2025-01-18 05:00:00,262.85156,47.5,13.3
2025-01-18 06:00:00,262.98926,47.5,13.3
2025-01-18 07:00:00,262.92505,47.5,13.3
2025-01-18 08:00:00,264.50806,47.5,13.3
2025-01-18 09:00:00,267.07935,47.5,13.3
2025-01-18 10:00:00,269.99365,47.5,13.3
2025-01-18 11:00:00,272.23047,47.5,13.3
2025-01-18 12:00:00,274.71167,47.5,13.3
2025-01-18 13:00:00,274.9756,47.5,13.3
2025-01-18 14:00:00,274.5398,47.5,13.3
2025-01-18 15:00:00,274.53638,47.5,13.3
2025-01-18 16:00:00,272.79492,47.5,13.3
2025-01-18 17:00:00,271.45776,47.5,13.3
2025-01-18 18:00:00,270.30737,47.5,13.3
2025-01-18 19:00:00,269.25684,47.5,13.3
2025-01-18 20:00:00,268.1079,47.5,13.3
2025-01-18 21:00:00,267.3601,47.5,13.3
2025-01-18 22:00:00,267.61377,47.5,13.3
2025-01-18 23:00:00,267.1709,47.5,13.3
2025-01-19 00:00:00,266.90308,47.5,13.3
2025-01-19 01:00:00,266.5603,47.5,13.3
2025-01-19 02:00:00,266.18896,47.5,13.3
2025-01-19 03:00:00,265.9314,47.5,13.3
2025-01-19 04:00:00,265.59155,47.5,13.3
2025-01-19 05:00:00,265.33447,47.5,13.3
2025-01-19 06:00:00,264.7273,47.5,13.3
2025-01-19 07:00:00,264.79614,47.5,13.3
2025-01-19 08:00:00,266.2644,47.5,13.3
2025-01-19 09:00:00,269.37158,47.5,13.3
2025-01-19 10:00:00,272.58984,47.5,13.3
2025-01-19 11:00:00,274.37842,47.5,13.3
2025-01-19 12:00:00,276.12573,47.5,13.3
2025-01-19 13:00:00,276.80518,47.5,13.3
2025-01-19 14:00:00,276.79272,47.5,13.3
2025-01-19 15:00:00,276.2295,47.5,13.3
2025-01-19 16:00:00,273.91113,47.5,13.3
2025-01-19 17:00:00,272.28394,47.5,13.3
2025-01-19 18:00:00,271.36646,47.5,13.3
2025-01-19 19:00:00,270.4751,47.5,13.3
2025-01-19 20:00:00,269.615,47.5,13.3
2025-01-19 21:00:00,268.76172,47.5,13.3
2025-01-19 22:00:00,268.4497,47.5,13.3
2025-01-19 23:00:00,267.90625,47.5,13.3
2025-01-20 00:00:00,267.2168,47.5,13.3
2025-01-20 01:00:00,266.97656,47.5,13.3
2025-01-20 02:00:00,266.95068,47.5,13.3
2025-01-20 03:00:00,266.66357,47.5,13.3
2025-01-20 04:00:00,266.33203,47.5,13.3
2025-01-20 05:00:00,266.45605,47.5,13.3
2025-01-20 06:00:00,266.45605,47.5,13.3
2025-01-20 07:00:00,266.2876,47.5,13.3
2025-01-20 08:00:00,267.1167,47.5,13.3
2025-01-20 09:00:00,269.5354,47.5,13.3
2025-01-20 10:00:00,272.80737,47.5,13.3
2025-01-20 11:00:00,275.23462,47.5,13.3
2025-01-20 12:00:00,276.56763,47.5,13.3
2025-01-20 13:00:00,278.09424,47.5,13.3
2025-01-20 14:00:00,278.0371,47.5,13.3
2025-01-20 15:00:00,276.73193,47.5,13.3
2025-01-20 16:00:00,274.78125,47.5,13.3
2025-01-20 17:00:00,273.85913,47.5,13.3
2025-01-20 18:00:00,272.9873,47.5,13.3
2025-01-20 19:00:00,271.4453,47.5,13.3
2025-01-20 20:00:00,269.92773,47.5,13.3
2025-01-20 21:00:00,269.42725,47.5,13.3
2025-01-20 22:00:00,268.97412,47.5,13.3
2025-01-20 23:00:00,269.0254,47.5,13.3
2025-01-21 00:00:00,268.8545,47.5,13.3
2025-01-21 01:00:00,268.82178,47.5,13.3
2025-01-21 02:00:00,269.38306,47.5,13.3
2025-01-21 03:00:00,269.31104,47.5,13.3
2025-01-21 04:00:00,269.45654,47.5,13.3
2025-01-21 05:00:00,269.6599,47.5,13.3
2025-01-21 06:00:00,269.27515,47.5,13.3
2025-01-21 07:00:00,268.78638,47.5,13.3
2025-01-21 08:00:00,269.11987,47.5,13.3
2025-01-21 09:00:00,270.53857,47.5,13.3
2025-01-21 10:00:00,273.44067,47.5,13.3
2025-01-21 11:00:00,274.50757,47.5,13.3
2025-01-21 12:00:00,275.27734,47.5,13.3
2025-01-21 13:00:00,275.82886,47.5,13.3
2025-01-21 14:00:00,275.5642,47.5,13.3
2025-01-21 15:00:00,275.063,47.5,13.3
2025-01-21 16:00:00,274.54272,47.5,13.3
2025-01-21 17:00:00,274.35156,47.5,13.3
2025-01-21 18:00:00,273.59058,47.5,13.3
2025-01-21 19:00:00,271.88525,47.5,13.3
2025-01-21 20:00:00,270.81543,47.5,13.3
2025-01-21 21:00:00,269.79688,47.5,13.3
2025-01-21 22:00:00,268.58398,47.5,13.3
2025-01-21 23:00:00,267.35962,47.5,13.3
2025-01-22 00:00:00,266.41284,47.5,13.3
2025-01-22 01:00:00,265.91968,47.5,13.3
2025-01-22 02:00:00,265.37866,47.5,13.3
2025-01-22 03:00:00,264.67993,47.5,13.3
2025-01-22 04:00:00,264.5293,47.5,13.3
2025-01-22 05:00:00,264.22144,47.5,13.3
2025-01-22 06:00:00,263.95215,47.5,13.3
2025-01-22 07:00:00,263.56738,47.5,13.3
2025-01-22 08:00:00,264.656,47.5,13.3
2025-01-22 09:00:00,267.48682,47.5,13.3
2025-01-22 10:00:00,270.52783,47.5,13.3
2025-01-22 11:00:00,272.68896,47.5,13.3
2025-01-22 12:00:00,274.05103,47.5,13.3
2025-01-22 13:00:00,274.7954,47.5,13.3
2025-01-22 14:00:00,274.34473,47.5,13.3
2025-01-22 15:00:00,273.49048,47.5,13.3
2025-01-22 16:00:00,272.11133,47.5,13.3
2025-01-22 17:00:00,269.95215,47.5,13.3
2025-01-22 18:00:00,268.9751,47.5,13.3
2025-01-22 19:00:00,268.19263,47.5,13.3
2025-01-22 20:00:00,267.36133,47.5,13.3
2025-01-22 21:00:00,267.44897,47.5,13.3
2025-01-22 22:00:00,267.37695,47.5,13.3
2025-01-22 23:00:00,267.08276,47.5,13.3
2025-01-23 00:00:00,266.87817,47.5,13.3
2025-01-23 01:00:00,267.1494,47.5,13.3
2025-01-23 02:00:00,267.3037,47.5,13.3
2025-01-23 03:00:00,266.85986,47.5,13.3
2025-01-23 04:00:00,267.23633,47.5,13.3
2025-01-23 05:00:00,267.4502,47.5,13.3
2025-01-23 06:00:00,267.68652,47.5,13.3
2025-01-23 07:00:00,267.9651,47.5,13.3
2025-01-23 08:00:00,269.135,47.5,13.3
2025-01-23 09:00:00,271.16577,47.5,13.3
2025-01-23 10:00:00,273.75952,47.5,13.3
2025-01-23 11:00:00,275.29053,47.5,13.3
2025-01-23 12:00:00,275.89038,47.5,13.3
2025-01-23 13:00:00,275.78564,47.5,13.3
2025-01-23 14:00:00,275.2234,47.5,13.3
2025-01-23 15:00:00,274.69263,47.5,13.3
2025-01-23 16:00:00,274.3562,47.5,13.3
2025-01-23 17:00:00,274.47437,47.5,13.3
2025-01-23 18:00:00,274.38867,47.5,13.3
2025-01-23 19:00:00,274.31543,47.5,13.3
2025-01-23 20:00:00,274.5669,47.5,13.3
2025-01-23 21:00:00,274.0327,47.5,13.3
2025-01-23 22:00:00,273.59668,47.5,13.3
2025-01-23 23:00:00,272.4431,47.5,13.3
2025-01-24 00:00:00,271.86865,47.5,13.3
2025-01-24 01:00:00,270.64722,47.5,13.3
2025-01-24 02:00:00,269.91333,47.5,13.3
2025-01-24 03:00:00,269.83252,47.5,13.3
2025-01-24 04:00:00,268.4734,47.5,13.3
2025-01-24 05:00:00,268.5586,47.5,13.3
2025-01-24 06:00:00,268.06348,47.5,13.3
2025-01-24 07:00:00,268.02344,47.5,13.3
2025-01-24 08:00:00,268.60425,47.5,13.3
2025-01-24 09:00:00,271.5122,47.5,13.3
2025-01-24 10:00:00,274.8943,47.5,13.3
2025-01-24 11:00:00,276.40552,47.5,13.3
2025-01-24 12:00:00,277.4043,47.5,13.3
2025-01-24 13:00:00,278.08398,47.5,13.3
2025-01-24 14:00:00,277.50317,47.5,13.3
2025-01-24 15:00:00,277.54004,47.5,13.3
2025-01-24 16:00:00,276.3313,47.5,13.3
2025-01-24 17:00:00,274.56152,47.5,13.3
2025-01-24 18:00:00,273.58228,47.5,13.3
2025-01-24 19:00:00,273.2793,47.5,13.3
2025-01-24 20:00:00,271.89526,47.5,13.3
2025-01-24 21:00:00,271.20557,47.5,13.3
2025-01-24 22:00:00,272.26,47.5,13.3
2025-01-24 23:00:00,271.7566,47.5,13.3
2025-01-25 00:00:00,270.7163,47.5,13.3
2025-01-25 01:00:00,270.09595,47.5,13.3
2025-01-25 02:00:00,270.05664,47.5,13.3
2025-01-25 03:00:00,268.99927,47.5,13.3
2025-01-25 04:00:00,268.42334,47.5,13.3
2025-01-25 05:00:00,268.20654,47.5,13.3
2025-01-25 06:00:00,268.19434,47.5,13.3
2025-01-25 07:00:00,268.36035,47.5,13.3
2025-01-25 08:00:00,270.2771,47.5,13.3
2025-01-25 09:00:00,273.81177,47.5,13.3
2025-01-25 10:00:00,276.16772,47.5,13.3
2025-01-25 11:00:00,277.85742,47.5,13.3
2025-01-25 12:00:00,278.47803,47.5,13.3
2025-01-25 13:00:00,278.7683,47.5,13.3
2025-01-25 14:00:00,278.78955,47.5,13.3
2025-01-25 15:00:00,278.76,47.5,13.3
2025-01-25 16:00:00,275.94165,47.5,13.3
2025-01-25 17:00:00,274.65186,47.5,13.3
2025-01-25 18:00:00,274.19702,47.5,13.3
2025-01-25 19:00:00,273.55347,47.5,13.3
2025-01-25 20:00:00,272.9077,47.5,13.3
2025-01-25 21:00:00,272.72437,47.5,13.3
2025-01-25 22:00:00,272.96973,47.5,13.3
2025-01-25 23:00:00,272.35303,47.5,13.3
2025-01-26 00:00:00,272.00122,47.5,13.3
2025-01-26 01:00:00,271.30347,47.5,13.3
2025-01-26 02:00:00,271.33887,47.5,13.3
2025-01-26 03:00:00,271.00732,47.5,13.3
2025-01-26 04:00:00,270.33496,47.5,13.3
2025-01-26 05:00:00,270.3269,47.5,13.3
2025-01-26 06:00:00,271.01343,47.5,13.3
2025-01-26 07:00:00,270.438,47.5,13.3
2025-01-26 08:00:00,271.8916,47.5,13.3
2025-01-26 09:00:00,273.6753,47.5,13.3
2025-01-26 10:00:00,274.6897,47.5,13.3
2025-01-26 11:00:00,275.11108,47.5,13.3
2025-01-26 12:00:00,274.9795,47.5,13.3
2025-01-26 13:00:00,275.06592,47.5,13.3
2025-01-26 14:00:00,275.5171,47.5,13.3
2025-01-26 15:00:00,275.47046,47.5,13.3
2025-01-26 16:00:00,274.7312,47.5,13.3
2025-01-26 17:00:00,273.33813,47.5,13.3
2025-01-26 18:00:00,272.69922,47.5,13.3
2025-01-26 19:00:00,271.9668,47.5,13.3
2025-01-26 20:00:00,271.37573,47.5,13.3
2025-01-26 21:00:00,270.5813,47.5,13.3
2025-01-26 22:00:00,271.1985,47.5,13.3
2025-01-26 23:00:00,270.9641,47.5,13.3
2025-01-27 00:00:00,271.7434,47.5,13.3
2025-01-27 01:00:00,272.72705,47.5,13.3
2025-01-27 02:00:00,272.58496,47.5,13.3
2025-01-27 03:00:00,272.35278,47.5,13.3
2025-01-27 04:00:00,272.2495,47.5,13.3
2025-01-27 05:00:00,272.42285,47.5,13.3
2025-01-27 06:00:00,272.3186,47.5,13.3
2025-01-27 07:00:00,272.97046,47.5,13.3
2025-01-27 08:00:00,274.29248,47.5,13.3
2025-01-27 09:00:00,276.54834,47.5,13.3
2025-01-27 10:00:00,278.34595,47.5,13.3
2025-01-27 11:00:00,280.05908,47.5,13.3
2025-01-27 12:00:00,280.69434,47.5,13.3
2025-01-27 13:00:00,281.02637,47.5,13.3
2025-01-27 14:00:00,280.6975,47.5,13.3
2025-01-27 15:00:00,279.71533,47.5,13.3
2025-01-27 16:00:00,277.50024,47.5,13.3
2025-01-27 17:00:00,277.26636,47.5,13.3
2025-01-27 18:00:00,277.12646,47.5,13.3
2025-01-27 19:00:00,276.50806,47.5,13.3
2025-01-27 20:00:00,275.85864,47.5,13.3
2025-01-27 21:00:00,276.07666,47.5,13.3
2025-01-27 22:00:00,275.69043,47.5,13.3
2025-01-27 23:00:00,274.92505,47.5,13.3
2025-01-28 00:00:00,274.08398,47.5,13.3
2025-01-28 01:00:00,272.6765,47.5,13.3
2025-01-28 02:00:00,272.28345,47.5,13.3
2025-01-28 03:00:00,272.13306,47.5,13.3
2025-01-28 04:00:00,272.47656,47.5,13.3
2025-01-28 05:00:00,272.9541,47.5,13.3
2025-01-28 06:00:00,273.10596,47.5,13.3
2025-01-28 07:00:00,273.95068,47.5,13.3
2025-01-28 08:00:00,275.70703,47.5,13.3
2025-01-28 09:00:00,277.2124,47.5,13.3
2025-01-28 10:00:00,277.92114,47.5,13.3
2025-01-28 11:00:00,277.99048,47.5,13.3
2025-01-28 12:00:00,276.3059,47.5,13.3
2025-01-28 13:00:00,275.0432,47.5,13.3
2025-01-28 14:00:00,274.40015,47.5,13.3
2025-01-28 15:00:00,273.88184,47.5,13.3
2025-01-28 16:00:00,273.47485,47.5,13.3
2025-01-28 17:00:00,273.2744,47.5,13.3
2025-01-28 18:00:00,273.02148,47.5,13.3
2025-01-28 19:00:00,272.8855,47.5,13.3
2025-01-28 20:00:00,272.54932,47.5,13.3
2025-01-28 21:00:00,272.1089,47.5,13.3
2025-01-28 22:00:00,272.00146,47.5,13.3
2025-01-28 23:00:00,271.37158,47.5,13.3
2025-01-29 00:00:00,271.61035,47.5,13.3
2025-01-29 01:00:00,271.01,47.5,13.3
2025-01-29 02:00:00,270.66162,47.5,13.3
2025-01-29 03:00:00,268.90845,47.5,13.3
2025-01-29 04:00:00,268.135,47.5,13.3
2025-01-29 05:00:00,267.51685,47.5,13.3
2025-01-29 06:00:00,267.23828,47.5,13.3
2025-01-29 07:00:00,266.8484,47.5,13.3
2025-01-29 08:00:00,267.40283,47.5,13.3
2025-01-29 09:00:00,270.01318,47.5,13.3
2025-01-29 10:00:00,275.20068,47.5,13.3
2025-01-29 11:00:00,277.06836,47.5,13.3
2025-01-29 12:00:00,277.20068,47.5,13.3
2025-01-29 13:00:00,277.52832,47.5,13.3
2025-01-29 14:00:00,277.79907,47.5,13.3
2025-01-29 15:00:00,277.67798,47.5,13.3
2025-01-29 16:00:00,276.26318,47.5,13.3
2025-01-29 17:00:00,273.5537,47.5,13.3
2025-01-29 18:00:00,271.77026,47.5,13.3
2025-01-29 19:00:00,269.50952,47.5,13.3
2025-01-29 20:00:00,267.78857,47.5,13.3
2025-01-29 21:00:00,267.2036,47.5,13.3
2025-01-29 22:00:00,266.38794,47.5,13.3
2025-01-29 23:00:00,267.40356,47.5,13.3
2025-01-30 00:00:00,267.10938,47.5,13.3
2025-01-30 01:00:00,267.27612,47.5,13.3
2025-01-30 02:00:00,267.0984,47.5,13.3
2025-01-30 03:00:00,268.10474,47.5,13.3
2025-01-30 04:00:00,268.62622,47.5,13.3
2025-01-30 05:00:00,268.62256,47.5,13.3
2025-01-30 06:00:00,268.7478,47.5,13.3
2025-01-30 07:00:00,268.5923,47.5,13.3
2025-01-30 08:00:00,269.78442,47.5,13.3
2025-01-30 09:00:00,272.07104,47.5,13.3
2025-01-30 10:00:00,273.437,47.5,13.3
2025-01-30 11:00:00,275.5813,47.5,13.3
2025-01-30 12:00:00,277.76953,47.5,13.3
2025-01-30 13:00:00,278.59595,47.5,13.3
2025-01-30 14:00:00,278.34814,47.5,13.3
2025-01-30 15:00:00,277.6123,47.5,13.3
2025-01-30 16:00:00,275.37012,47.5,13.3
2025-01-30 17:00:00,273.5952,47.5,13.3
2025-01-30 18:00:00,271.91724,47.5,13.3
2025-01-30 19:00:00,270.2434,47.5,13.3
2025-01-30 20:00:00,270.02808,47.5,13.3
2025-01-30 21:00:00,269.15186,47.5,13.3
2025-01-30 22:00:00,266.17773,47.5,13.3
2025-01-30 23:00:00,265.41162,47.5,13.3
2025-01-31 00:00:00,265.51367,47.5,13.3
2025-01-31 01:00:00,265.84155,47.5,13.3
2025-01-31 02:00:00,266.28027,47.5,13.3
2025-01-31 03:00:00,266.9358,47.5,13.3
2025-01-31 04:00:00,267.18677,47.5,13.3
2025-01-31 05:00:00,267.1338,47.5,13.3
2025-01-31 06:00:00,267.2644,47.5,13.3
2025-01-31 07:00:00,267.04346,47.5,13.3
2025-01-31 08:00:00,268.74585,47.5,13.3
2025-01-31 09:00:00,271.89014,47.5,13.3
2025-01-31 10:00:00,272.75854,47.5,13.3
2025-01-31 11:00:00,273.71826,47.5,13.3
2025-01-31 12:00:00,274.11963,47.5,13.3
2025-01-31 13:00:00,274.42993,47.5,13.3
2025-01-31 14:00:00,274.11035,47.5,13.3
2025-01-31 15:00:00,273.6963,47.5,13.3
2025-01-31 16:00:00,273.16113,47.5,13.3
2025-01-31 17:00:00,272.771,47.5,13.3
2025-01-31 18:00:00,272.03223,47.5,13.3
2025-01-31 19:00:00,271.8816,47.5,13.3
2025-01-31 20:00:00,271.97583,47.5,13.3
2025-01-31 21:00:00,271.34424,47.5,13.3
2025-01-31 22:00:00,271.2705,47.5,13.3
2025-01-31 23:00:00,270.91406,47.5,13.3
2025-02-01 00:00:00,271.19873,47.5,13.3
2025-02-01 01:00:00,271.28467,47.5,13.3
2025-02-01 02:00:00,271.05005,47.5,13.3
2025-02-01 03:00:00,270.38086,47.5,13.3
2025-02-01 04:00:00,269.75488,47.5,13.3
2025-02-01 05:00:00,269.5874,47.5,13.3
2025-02-01 06:00:00,269.4436,47.5,13.3
2025-02-01 07:00:00,269.1875,47.5,13.3
2025-02-01 08:00:00,270.0901,47.5,13.3
2025-02-01 09:00:00,272.33765,47.5,13.3
2025-02-01 10:00:00,274.8274,47.5,13.3
2025-02-01 11:00:00,275.0244,47.5,13.3
2025-02-01 12:00:00,275.45312,47.5,13.3
2025-02-01 13:00:00,275.5559,47.5,13.3
2025-02-01 14:00:00,275.59253,47.5,13.3
2025-02-01 15:00:00,274.7876,47.5,13.3
2025-02-01 16:00:00,274.69556,47.5,13.3
2025-02-01 17:00:00,273.84912,47.5,13.3
2025-02-01 18:00:00,273.15747,47.5,13.3
2025-02-01 19:00:00,272.84497,47.5,13.3
2025-02-01 20:00:00,272.3921,47.5,13.3
2025-02-01 21:00:00,272.05078,47.5,13.3
2025-02-01 22:00:00,270.31152,47.5,13.3
2025-02-01 23:00:00,270.04492,47.5,13.3
2025-02-02 00:00:00,269.90308,47.5,13.3
2025-02-02 01:00:00,269.82153,47.5,13.3
2025-02-02 02:00:00,269.50366,47.5,13.3
2025-02-02 03:00:00,268.81787,47.5,13.3
2025-02-02 04:00:00,267.96924,47.5,13.3
2025-02-02 05:00:00,267.25366,47.5,13.3
2025-02-02 06:00:00,267.67847,47.5,13.3
2025-02-02 07:00:00,267.86304,47.5,13.3
2025-02-02 08:00:00,269.29224,47.5,13.3
2025-02-02 09:00:00,270.87207,47.5,13.3
2025-02-02 10:00:00,273.9187,47.5,13.3
2025-02-02 11:00:00,274.32227,47.5,13.3
2025-02-02 12:00:00,274.64648,47.5,13.3
2025-02-02 13:00:00,274.63477,47.5,13.3
2025-02-02 14:00:00,274.08032,47.5,13.3
2025-02-02 15:00:00,272.96216,47.5,13.3
2025-02-02 16:00:00,273.21606,47.5,13.3
2025-02-02 17:00:00,273.01245,47.5,13.3
2025-02-02 18:00:00,272.7539,47.5,13.3
2025-02-02 19:00:00,272.28857,47.5,13.3
2025-02-02 20:00:00,271.86377,47.5,13.3
2025-02-02 21:00:00,270.86182,47.5,13.3
2025-02-02 22:00:00,271.7837,47.5,13.3
2025-02-02 23:00:00,271.4812,47.5,13.3
2025-02-03 00:00:00,270.5713,47.5,13.3
2025-02-03 01:00:00,270.1062,47.5,13.3
2025-02-03 02:00:00,270.1106,47.5,13.3
2025-02-03 03:00:00,269.3694,47.5,13.3
2025-02-03 04:00:00,269.0691,47.5,13.3
2025-02-03 05:00:00,266.4922,47.5,13.3
2025-02-03 06:00:00,265.61035,47.5,13.3
2025-02-03 07:00:00,266.1848,47.5,13.3
2025-02-03 08:00:00,267.77124,47.5,13.3
2025-02-03 09:00:00,270.75464,47.5,13.3
2025-02-03 10:00:00,273.07178,47.5,13.3
2025-02-03 11:00:00,273.38818,47.5,13.3
2025-02-03 12:00:00,273.8567,47.5,13.3
2025-02-03 13:00:00,273.7832,47.5,13.3
2025-02-03 14:00:00,273.15723,47.5,13.3
2025-02-03 15:00:00,273.32422,47.5,13.3
2025-02-03 16:00:00,273.65112,47.5,13.3
2025-02-03 17:00:00,272.9922,47.5,13.3
2025-02-03 18:00:00,272.92798,47.5,13.3
2025-02-03 19:00:00,272.4724,47.5,13.3
2025-02-03 20:00:00,271.69336,47.5,13.3
2025-02-03 21:00:00,270.53613,47.5,13.3
2025-02-03 22:00:00,269.85254,47.5,13.3
2025-02-03 23:00:00,268.9402,47.5,13.3
2025-02-04 00:00:00,268.0244,47.5,13.3
2025-02-04 01:00:00,267.76465,47.5,13.3
2025-02-04 02:00:00,267.59937,47.5,13.3
2025-02-04 03:00:00,267.40625,47.5,13.3
2025-02-04 04:00:00,266.77783,47.5,13.3
2025-02-04 05:00:00,266.3545,47.5,13.3
2025-02-04 06:00:00,265.17432,47.5,13.3
2025-02-04 07:00:00,264.29346,47.5,13.3
2025-02-04 08:00:00,265.68286,47.5,13.3
2025-02-04 09:00:00,269.7312,47.5,13.3
2025-02-04 10:00:00,273.3396,47.5,13.3
2025-02-04 11:00:00,275.19922,47.5,13.3
2025-02-04 12:00:00,275.6792,47.5,13.3
2025-02-04 13:00:00,275.75732,47.5,13.3
2025-02-04 14:00:00,276.1775,47.5,13.3
2025-02-04 15:00:00,275.89722,47.5,13.3
2025-02-04 16:00:00,275.05322,47.5,13.3
2025-02-04 17:00:00,273.29468,47.5,13.3
2025-02-04 18:00:00,271.7937,47.5,13.3
2025-02-04 19:00:00,271.13135,47.5,13.3
2025-02-04 20:00:00,270.53882,47.5,13.3
2025-02-04 21:00:00,269.64673,47.5,13.3
2025-02-04 22:00:00,269.31665,47.5,13.3
2025-02-04 23:00:00,268.50757,47.5,13.3
2025-02-05 00:00:00,268.38013,47.5,13.3
2025-02-05 01:00:00,268.2893,47.5,13.3
2025-02-05 02:00:00,268.2256,47.5,13.3
2025-02-05 03:00:00,268.12085,47.5,13.3
2025-02-05 04:00:00,267.73364,47.5,13.3
2025-02-05 05:00:00,267.2085,47.5,13.3
2025-02-05 06:00:00,267.05933,47.5,13.3
2025-02-05 07:00:00,267.12134,47.5,13.3
2025-02-05 08:00:00,267.8069,47.5,13.3
2025-02-05 09:00:00,270.74048,47.5,13.3
2025-02-05 10:00:00,273.0708,47.5,13.3
2025-02-05 11:00:00,274.21167,47.5,13.3
2025-02-05 12:00:00,275.2373,47.5,13.3
2025-02-05 13:00:00,275.96826,47.5,13.3
2025-02-05 14:00:00,276.09473,47.5,13.3
2025-02-05 15:00:00,275.79053,47.5,13.3
2025-02-05 16:00:00,275.06494,47.5,13.3
2025-02-05 17:00:00,274.24805,47.5,13.3
2025-02-05 18:00:00,273.85254,47.5,13.3
2025-02-05 19:00:00,273.25415,47.5,13.3
2025-02-05 20:00:00,272.51172,47.5,13.3
2025-02-05 21:00:00,272.0266,47.5,13.3
2025-02-05 22:00:00,272.12036,47.5,13.3
2025-02-05 23:00:00,270.67944,47.5,13.3
2025-02-06 00:00:00,269.6172,47.5,13.3
2025-02-06 01:00:00,268.9673,47.5,13.3
2025-02-06 02:00:00,268.17114,47.5,13.3
2025-02-06 03:00:00,266.66577,47.5,13.3
2025-02-06 04:00:00,266.5923,47.5,13.3
2025-02-06 05:00:00,266.53833,47.5,13.3
2025-02-06 06:00:00,266.06006,47.5,13.3
2025-02-06 07:00:00,266.16724,47.5,13.3
2025-02-06 08:00:00,268.51074,47.5,13.3
2025-02-06 09:00:00,271.27368,47.5,13.3
2025-02-06 10:00:00,273.0669,47.5,13.3
2025-02-06 11:00:00,274.43896,47.5,13.3
2025-02-06 12:00:00,275.22607,47.5,13.3
2025-02-06 13:00:00,275.6731,47.5,13.3
2025-02-06 14:00:00,275.58813,47.5,13.3
2025-02-06 15:00:00,274.66113,47.5,13.3
2025-02-06 16:00:00,272.60547,47.5,13.3
2025-02-06 17:00:00,271.6377,47.5,13.3
2025-02-06 18:00:00,270.65137,47.5,13.3
2025-02-06 19:00:00,271.24048,47.5,13.3
2025-02-06 20:00:00,271.25,47.5,13.3
2025-02-06 21:00:00,271.23364,47.5,13.3
2025-02-06 22:00:00,271.47778,47.5,13.3
2025-02-06 23:00:00,271.54736,47.5,13.3
2025-02-07 00:00:00,271.135,47.5,13.3
2025-02-07 01:00:00,270.9441,47.5,13.3
2025-02-07 02:00:00,270.4131,47.5,13.3
2025-02-07 03:00:00,270.3274,47.5,13.3
2025-02-07 04:00:00,269.4712,47.5,13.3
2025-02-07 05:00:00,268.5747,47.5,13.3
2025-02-07 06:00:00,268.136,47.5,13.3
2025-02-07 07:00:00,267.8777,47.5,13.3
2025-02-07 08:00:00,269.7307,47.5,13.3
2025-02-07 09:00:00,271.656,47.5,13.3
2025-02-07 10:00:00,272.67212,47.5,13.3
2025-02-07 11:00:00,273.63623,47.5,13.3
2025-02-07 12:00:00,274.69702,47.5,13.3
2025-02-07 13:00:00,274.9602,47.5,13.3
2025-02-07 14:00:00,274.94482,47.5,13.3
2025-02-07 15:00:00,274.5188,47.5,13.3
2025-02-07 16:00:00,274.16992,47.5,13.3
2025-02-07 17:00:00,271.29102,47.5,13.3
2025-02-07 18:00:00,269.87988,47.5,13.3
2025-02-07 19:00:00,269.37915,47.5,13.3
2025-02-07 20:00:00,268.854,47.5,13.3
2025-02-07 21:00:00,268.50854,47.5,13.3
2025-02-07 22:00:00,268.2732,47.5,13.3
2025-02-07 23:00:00,268.63184,47.5,13.3
2025-02-08 00:00:00,268.312,47.5,13.3
2025-02-08 01:00:00,268.1482,47.5,13.3
2025-02-08 02:00:00,268.2627,47.5,13.3
2025-02-08 03:00:00,267.60718,47.5,13.3
2025-02-08 04:00:00,266.95508,47.5,13.3
2025-02-08 05:00:00,266.21973,47.5,13.3
2025-02-08 06:00:00,265.79883,47.5,13.3
2025-02-08 07:00:00,265.68848,47.5,13.3
2025-02-08 08:00:00,268.84937,47.5,13.3
2025-02-08 09:00:00,272.04443,47.5,13.3
2025-02-08 10:00:00,276.1101,47.5,13.3
2025-02-08 11:00:00,278.06055,47.5,13.3
2025-02-08 12:00:00,279.43433,47.5,13.3
2025-02-08 13:00:00,279.99512,47.5,13.3
2025-02-08 14:00:00,279.99316,47.5,13.3
2025-02-08 15:00:00,279.02295,47.5,13.3
2025-02-08 16:00:00,276.78882,47.5,13.3
2025-02-08 17:00:00,274.38525,47.5,13.3
2025-02-08 18:00:00,274.2693,47.5,13.3
2025-02-08 19:00:00,273.8208,47.5,13.3
2025-02-08 20:00:00,273.2041,47.5,13.3
2025-02-08 21:00:00,272.927,47.5,13.3
2025-02-08 22:00:00,272.52637,47.5,13.3
2025-02-08 23:00:00,272.35205,47.5,13.3
2025-02-09 00:00:00,271.69092,47.5,13.3
2025-02-09 01:00:00,271.20044,47.5,13.3
2025-02-09 02:00:00,271.0725,47.5,13.3
2025-02-09 03:00:00,270.98047,47.5,13.3
2025-02-09 04:00:00,270.90234,47.5,13.3
2025-02-09 05:00:00,270.938,47.5,13.3
2025-02-09 06:00:00,271.15186,47.5,13.3
2025-02-09 07:00:00,271.16943,47.5,13.3
2025-02-09 08:00:00,272.2444,47.5,13.3
2025-02-09 09:00:00,273.82153,47.5,13.3
2025-02-09 10:00:00,276.3313,47.5,13.3
2025-02-09 11:00:00,278.09668,47.5,13.3
2025-02-09 12:00:00,279.29932,47.5,13.3
2025-02-09 13:00:00,279.44336,47.5,13.3
2025-02-09 14:00:00,278.88208,47.5,13.3
2025-02-09 15:00:00,278.2578,47.5,13.3
2025-02-09 16:00:00,277.42993,47.5,13.3
2025-02-09 17:00:00,276.0542,47.5,13.3
2025-02-09 18:00:00,274.8152,47.5,13.3
2025-02-09 19:00:00,273.8921,47.5,13.3
2025-02-09 20:00:00,272.94214,47.5,13.3
2025-02-09 21:00:00,271.99243,47.5,13.3
2025-02-09 22:00:00,272.5913,47.5,13.3
2025-02-09 23:00:00,272.03735,47.5,13.3
2025-02-10 00:00:00,271.66895,47.5,13.3
2025-02-10 01:00:00,271.1194,47.5,13.3
2025-02-10 02:00:00,270.1753,47.5,13.3
2025-02-10 03:00:00,269.83032,47.5,13.3
2025-02-10 04:00:00,270.90845,47.5,13.3
2025-02-10 05:00:00,270.67285,47.5,13.3
2025-02-10 06:00:00,271.25122,47.5,13.3
2025-02-10 07:00:00,271.66235,47.5,13.3
2025-02-10 08:00:00,272.89087,47.5,13.3
2025-02-10 09:00:00,274.31274,47.5,13.3
2025-02-10 10:00:00,276.4375,47.5,13.3
2025-02-10 11:00:00,277.65112,47.5,13.3
2025-02-10 12:00:00,278.1223,47.5,13.3
2025-02-10 13:00:00,278.4536,47.5,13.3
2025-02-10 14:00:00,278.18115,47.5,13.3
2025-02-10 15:00:00,277.95093,47.5,13.3
2025-02-10 16:00:00,276.57227,47.5,13.3
2025-02-10 17:00:00,276.06836,47.5,13.3
2025-02-10 18:00:00,274.08765,47.5,13.3
2025-02-10 19:00:00,272.8152,47.5,13.3
2025-02-10 20:00:00,272.51855,47.5,13.3
2025-02-10 21:00:00,272.07178,47.5,13.3
2025-02-10 22:00:00,270.23364,47.5,13.3
2025-02-10 23:00:00,270.66577,47.5,13.3
2025-02-11 00:00:00,269.83203,47.5,13.3
2025-02-11 01:00:00,270.7058,47.5,13.3
2025-02-11 02:00:00,271.26392,47.5,13.3
2025-02-11 03:00:00,271.44165,47.5,13.3
2025-02-11 04:00:00,271.26587,47.5,13.3
2025-02-11 05:00:00,271.5713,47.5,13.3
2025-02-11 06:00:00,271.34912,47.5,13.3
2025-02-11 07:00:00,271.7605,47.5,13.3
2025-02-11 08:00:00,273.3225,47.5,13.3
2025-02-11 09:00:00,274.73242,47.5,13.3
2025-02-11 10:00:00,276.219,47.5,13.3
2025-02-11 11:00:00,277.81006,47.5,13.3
2025-02-11 12:00:00,279.12915,47.5,13.3
2025-02-11 13:00:00,279.36768,47.5,13.3
2025-02-11 14:00:00,279.2793,47.5,13.3
2025-02-11 15:00:00,278.37988,47.5,13.3
2025-02-11 16:00:00,277.06348,47.5,13.3
2025-02-11 17:00:00,277.34033,47.5,13.3
2025-02-11 18:00:00,275.5569,47.5,13.3
2025-02-11 19:00:00,275.08936,47.5,13.3
2025-02-11 20:00:00,273.63403,47.5,13.3
2025-02-11 21:00:00,272.6587,47.5,13.3
2025-02-11 22:00:00,272.31274,47.5,13.3
2025-02-11 23:00:00,272.26,47.5,13.3
2025-02-12 00:00:00,271.5337,47.5,13.3
2025-02-12 01:00:00,271.1985,47.5,13.3
2025-02-12 02:00:00,270.656,47.5,13.3
2025-02-12 03:00:00,270.35718,47.5,13.3
2025-02-12 04:00:00,271.24365,47.5,13.3
2025-02-12 05:00:00,272.08472,47.5,13.3
2025-02-12 06:00:00,272.2749,47.5,13.3
2025-02-12 07:00:00,272.63867,47.5,13.3
2025-02-12 08:00:00,273.50903,47.5,13.3
2025-02-12 09:00:00,275.14648,47.5,13.3
2025-02-12 10:00:00,276.2068,47.5,13.3
2025-02-12 11:00:00,277.13867,47.5,13.3
2025-02-12 12:00:00,277.9126,47.5,13.3
2025-02-12 13:00:00,278.44214,47.5,13.3
2025-02-12 14:00:00,278.67944,47.5,13.3
2025-02-12 15:00:00,278.81958,47.5,13.3
2025-02-12 16:00:00,278.6643,47.5,13.3
2025-02-12 17:00:00,277.31396,47.5,13.3
2025-02-12 18:00:00,275.02173,47.5,13.3
2025-02-12 19:00:00,274.48047,47.5,13.3
2025-02-12 20:00:00,274.36475,47.5,13.3
2025-02-12 21:00:00,274.52905,47.5,13.3
2025-02-12 22:00:00,273.62378,47.5,13.3
2025-02-12 23:00:00,272.57837,47.5,13.3
2025-02-13 00:00:00,272.2976,47.5,13.3
2025-02-13 01:00:00,272.35522,47.5,13.3
2025-02-13 02:00:00,272.17285,47.5,13.3
2025-02-13 03:00:00,272.52075,47.5,13.3
2025-02-13 04:00:00,272.49536,47.5,13.3
2025-02-13 05:00:00,272.59644,47.5,13.3
2025-02-13 06:00:00,272.52295,47.5,13.3
2025-02-13 07:00:00,272.6057,47.5,13.3
2025-02-13 08:00:00,273.53003,47.5,13.3
2025-02-13 09:00:00,275.386,47.5,13.3
2025-02-13 10:00:00,276.93286,47.5,13.3
2025-02-13 11:00:00,278.47437,47.5,13.3
2025-02-13 12:00:00,279.11426,47.5,13.3
2025-02-13 13:00:00,279.37085,47.5,13.3
2025-02-13 14:00:00,278.81836,47.5,13.3
2025-02-13 15:00:00,277.9973,47.5,13.3
2025-02-13 16:00:00,276.55298,47.5,13.3
2025-02-13 17:00:00,274.73804,47.5,13.3
2025-02-13 18:00:00,273.61548,47.5,13.3
2025-02-13 19:00:00,273.14575,47.5,13.3
2025-02-13 20:00:00,272.73682,47.5,13.3
2025-02-13 21:00:00,272.49292,47.5,13.3
2025-02-13 22:00:00,271.75146,47.5,13.3
2025-02-13 23:00:00,271.4463,47.5,13.3
2025-02-14 00:00:00,271.25854,47.5,13.3
2025-02-14 01:00:00,270.7234,47.5,13.3
2025-02-14 02:00:00,270.55933,47.5,13.3
2025-02-14 03:00:00,270.3396,47.5,13.3
2025-02-14 04:00:00,270.08057,47.5,13.3
2025-02-14 05:00:00,269.86865,47.5,13.3
2025-02-14 06:00:00,269.48682,47.5,13.3
2025-02-14 07:00:00,269.02417,47.5,13.3
2025-02-14 08:00:00,269.50342,47.5,13.3
2025-02-14 09:00:00,269.8982,47.5,13.3
2025-02-14 10:00:00,269.92407,47.5,13.3
2025-02-14 11:00:00,270.12134,47.5,13.3
2025-02-14 12:00:00,269.52368,47.5,13.3
2025-02-14 13:00:00,269.3877,47.5,13.3
2025-02-14 14:00:00,269.18408,47.5,13.3
2025-02-14 15:00:00,268.77515,47.5,13.3
2025-02-14 16:00:00,267.83154,47.5,13.3
2025-02-14 17:00:00,266.96436,47.5,13.3
2025-02-14 18:00:00,267.8064,47.5,13.3
2025-02-14 19:00:00,267.70215,47.5,13.3
2025-02-14 20:00:00,268.29565,47.5,13.3
2025-02-14 21:00:00,268.0271,47.5,13.3
2025-02-14 22:00:00,267.48926,47.5,13.3
2025-02-14 23:00:00,268.01636,47.5,13.3
2025-02-15 00:00:00,267.885,47.5,13.3
2025-02-15 01:00:00,267.42773,47.5,13.3
2025-02-15 02:00:00,267.0,47.5,13.3
2025-02-15 03:00:00,266.45093,47.5,13.3
2025-02-15 04:00:00,265.48267,47.5,13.3
2025-02-15 05:00:00,265.19873,47.5,13.3
2025-02-15 06:00:00,264.63037,47.5,13.3
2025-02-15 07:00:00,263.79053,47.5,13.3
2025-02-15 08:00:00,265.09033,47.5,13.3
2025-02-15 09:00:00,267.2168,47.5,13.3
2025-02-15 10:00:00,269.70898,47.5,13.3
2025-02-15 11:00:00,270.56714,47.5,13.3
2025-02-15 12:00:00,271.19482,47.5,13.3
2025-02-15 13:00:00,271.57593,47.5,13.3
2025-02-15 14:00:00,271.20386,47.5,13.3
2025-02-15 15:00:00,271.09082,47.5,13.3
2025-02-15 16:00:00,270.79224,47.5,13.3
2025-02-15 17:00:00,269.79492,47.5,13.3
2025-02-15 18:00:00,270.02417,47.5,13.3
2025-02-15 19:00:00,268.89136,47.5,13.3
2025-02-15 20:00:00,266.17236,47.5,13.3
2025-02-15 21:00:00,264.91357,47.5,13.3
2025-02-15 22:00:00,264.80273,47.5,13.3
2025-02-15 23:00:00,264.864,47.5,13.3
2025-02-16 00:00:00,264.6714,47.5,13.3
2025-02-16 01:00:00,264.52246,47.5,13.3
2025-02-16 02:00:00,264.6372,47.5,13.3
2025-02-16 03:00:00,265.09497,47.5,13.3
2025-02-16 04:00:00,265.5652,47.5,13.3
2025-02-16 05:00:00,266.07837,47.5,13.3
2025-02-16 06:00:00,266.17456,47.5,13.3
2025-02-16 07:00:00,266.58496,47.5,13.3
2025-02-16 08:00:00,267.92578,47.5,13.3
2025-02-16 09:00:00,270.08862,47.5,13.3
2025-02-16 10:00:00,271.05835,47.5,13.3
2025-02-16 11:00:00,271.33423,47.5,13.3
2025-02-16 12:00:00,271.62646,47.5,13.3
2025-02-16 13:00:00,271.29688,47.5,13.3
2025-02-16 14:00:00,271.19385,47.5,13.3
2025-02-16 15:00:00,271.05566,47.5,13.3
2025-02-16 16:00:00,270.69214,47.5,13.3
2025-02-16 17:00:00,270.32056,47.5,13.3
2025-02-16 18:00:00,270.29468,47.5,13.3
2025-02-16 19:00:00,270.06567,47.5,13.3
2025-02-16 20:00:00,269.75146,47.5,13.3
2025-02-16 21:00:00,269.5984,47.5,13.3
2025-02-16 22:00:00,269.11426,47.5,13.3
2025-02-16 23:00:00,268.9292,47.5,13.3
2025-02-17 00:00:00,268.80078,47.5,13.3
2025-02-17 01:00:00,268.70386,47.5,13.3
2025-02-17 02:00:00,268.4729,47.5,13.3
2025-02-17 03:00:00,268.2102,47.5,13.3
2025-02-17 04:00:00,267.85034,47.5,13.3
2025-02-17 05:00:00,267.74805,47.5,13.3
2025-02-17 06:00:00,267.51196,47.5,13.3
2025-02-17 07:00:00,266.81934,47.5,13.3
2025-02-17 08:00:00,267.74194,47.5,13.3
2025-02-17 09:00:00,268.2732,47.5,13.3
2025-02-17 10:00:00,268.94824,47.5,13.3
2025-02-17 11:00:00,270.03003,47.5,13.3
2025-02-17 12:00:00,270.73022,47.5,13.3
2025-02-17 13:00:00,270.9016,47.5,13.3
2025-02-17 14:00:00,270.99268,47.5,13.3
2025-02-17 15:00:00,270.01367,47.5,13.3
2025-02-17 16:00:00,270.22754,47.5,13.3
2025-02-17 17:00:00,270.9497,47.5,13.3
2025-02-17 18:00:00,270.19116,47.5,13.3
2025-02-17 19:00:00,269.27563,47.5,13.3
2025-02-17 20:00:00,268.57886,47.5,13.3
2025-02-17 21:00:00,268.25854,47.5,13.3
2025-02-17 22:00:00,268.18604,47.5,13.3
2025-02-17 23:00:00,268.29736,47.5,13.3
2025-02-18 00:00:00,268.8694,47.5,13.3
2025-02-18 01:00:00,269.32764,47.5,13.3
2025-02-18 02:00:00,269.1189,47.5,13.3
2025-02-18 03:00:00,269.0078,47.5,13.3
2025-02-18 04:00:00,269.09912,47.5,13.3
2025-02-18 05:00:00,268.8833,47.5,13.3
2025-02-18 06:00:00,268.9724,47.5,13.3
2025-02-18 07:00:00,268.53784,47.5,13.3
2025-02-18 08:00:00,268.7185,47.5,13.3
2025-02-18 09:00:00,269.37695,47.5,13.3
2025-02-18 10:00:00,269.8606,47.5,13.3
2025-02-18 11:00:00,270.76172,47.5,13.3
2025-02-18 12:00:00,271.3164,47.5,13.3
2025-02-18 13:00:00,271.28418,47.5,13.3
2025-02-18 14:00:00,271.0586,47.5,13.3
2025-02-18 15:00:00,270.48633,47.5,13.3
2025-02-18 16:00:00,269.74023,47.5,13.3
2025-02-18 17:00:00,268.9004,47.5,13.3
2025-02-18 18:00:00,268.7937,47.5,13.3
2025-02-18 19:00:00,268.0603,47.5,13.3
2025-02-18 20:00:00,267.40845,47.5,13.3
2025-02-18 21:00:00,266.719,47.5,13.3
2025-02-18 22:00:00,265.91968,47.5,13.3
2025-02-18 23:00:00,265.44556,47.5,13.3
2025-02-19 00:00:00,265.1892,47.5,13.3
2025-02-19 01:00:00,265.0735,47.5,13.3
2025-02-19 02:00:00,265.3689,47.5,13.3
2025-02-19 03:00:00,265.62402,47.5,13.3
2025-02-19 04:00:00,265.61255,47.5,13.3
2025-02-19 05:00:00,265.89185,47.5,13.3
2025-02-19 06:00:00,265.4673,47.5,13.3
2025-02-19 07:00:00,265.94824,47.5,13.3
2025-02-19 08:00:00,267.0183,47.5,13.3
2025-02-19 09:00:00,268.6985,47.5,13.3
2025-02-19 10:00:00,271.44556,47.5,13.3
2025-02-19 11:00:00,273.4065,47.5,13.3
2025-02-19 12:00:00,274.79565,47.5,13.3
2025-02-19 13:00:00,275.58887,47.5,13.3
2025-02-19 14:00:00,275.7373,47.5,13.3
2025-02-19 15:00:00,275.11646,47.5,13.3
2025-02-19 16:00:00,273.8274,47.5,13.3
2025-02-19 17:00:00,272.44678,47.5,13.3
2025-02-19 18:00:00,270.77075,47.5,13.3
2025-02-19 19:00:00,269.5652,47.5,13.3
2025-02-19 20:00:00,267.9773,47.5,13.3
2025-02-19 21:00:00,267.69556,47.5,13.3
2025-02-19 22:00:00,267.36914,47.5,13.3
2025-02-19 23:00:00,267.0398,47.5,13.3
2025-02-20 00:00:00,266.8418,47.5,13.3
2025-02-20 01:00:00,266.7793,47.5,13.3
2025-02-20 02:00:00,266.4453,47.5,13.3
2025-02-20 03:00:00,266.5791,47.5,13.3
2025-02-20 04:00:00,266.8037,47.5,13.3
2025-02-20 05:00:00,267.3628,47.5,13.3
2025-02-20 06:00:00,269.05566,47.5,13.3
2025-02-20 07:00:00,269.77173,47.5,13.3
2025-02-20 08:00:00,271.50854,47.5,13.3
2025-02-20 09:00:00,274.4536,47.5,13.3
2025-02-20 10:00:00,275.51172,47.5,13.3
2025-02-20 11:00:00,276.98096,47.5,13.3
2025-02-20 12:00:00,277.95752,47.5,13.3
2025-02-20 13:00:00,279.36108,47.5,13.3
2025-02-20 14:00:00,279.6001,47.5,13.3
2025-02-20 15:00:00,279.0747,47.5,13.3
2025-02-20 16:00:00,278.68945,47.5,13.3
2025-02-20 17:00:00,278.47705,47.5,13.3
2025-02-20 18:00:00,277.4834,47.5,13.3
2025-02-20 19:00:00,276.00903,47.5,13.3
2025-02-20 20:00:00,275.5039,47.5,13.3
2025-02-20 21:00:00,275.46655,47.5,13.3
2025-02-20 22:00:00,275.40283,47.5,13.3
2025-02-20 23:00:00,275.80078,47.5,13.3
2025-02-21 00:00:00,275.78467,47.5,13.3
2025-02-21 01:00:00,275.75,47.5,13.3
2025-02-21 02:00:00,275.2788,47.5,13.3
2025-02-21 03:00:00,274.85156,47.5,13.3
2025-02-21 04:00:00,274.51343,47.5,13.3
2025-02-21 05:00:00,274.0393,47.5,13.3
2025-02-21 06:00:00,273.7085,47.5,13.3
2025-02-21 07:00:00,274.36377,47.5,13.3
2025-02-21 08:00:00,276.6101,47.5,13.3
2025-02-21 09:00:00,279.22583,47.5,13.3
2025-02-21 10:00:00,280.7151,47.5,13.3
2025-02-21 11:00:00,282.25806,47.5,13.3
2025-02-21 12:00:00,283.71118,47.5,13.3
2025-02-21 13:00:00,284.53882,47.5,13.3
2025-02-21 14:00:00,284.40747,47.5,13.3
2025-02-21 15:00:00,283.2915,47.5,13.3
2025-02-21 16:00:00,281.2129,47.5,13.3
2025-02-21 17:00:00,279.417,47.5,13.3
2025-02-21 18:00:00,276.44434,47.5,13.3
2025-02-21 19:00:00,275.3098,47.5,13.3
2025-02-21 20:00:00,274.83105,47.5,13.3
2025-02-21 21:00:00,274.2412,47.5,13.3
2025-02-21 22:00:00,273.6914,47.5,13.3
2025-02-21 23:00:00,272.9917,47.5,13.3
2025-02-22 00:00:00,272.86987,47.5,13.3
2025-02-22 01:00:00,272.44824,47.5,13.3
2025-02-22 02:00:00,272.4065,47.5,13.3
2025-02-22 03:00:00,271.90552,47.5,13.3
2025-02-22 04:00:00,271.43628,47.5,13.3
2025-02-22 05:00:00,271.17676,47.5,13.3
2025-02-22 06:00:00,271.011,47.5,13.3
2025-02-22 07:00:00,272.03174,47.5,13.3
2025-02-22 08:00:00,274.49683,47.5,13.3
2025-02-22 09:00:00,277.3755,47.5,13.3
2025-02-22 10:00:00,280.18164,47.5,13.3
2025-02-22 11:00:00,282.69116,47.5,13.3
2025-02-22 12:00:00,283.9746,47.5,13.3
2025-02-22 13:00:00,285.07983,47.5,13.3
2025-02-22 14:00:00,285.53638,47.5,13.3
2025-02-22 15:00:00,284.677,47.5,13.3
2025-02-22 16:00:00,282.4839,47.5,13.3
2025-02-22 17:00:00,281.35376,47.5,13.3
2025-02-22 18:00:00,280.00342,47.5,13.3
2025-02-22 19:00:00,279.23682,47.5,13.3
2025-02-22 20:00:00,278.40527,47.5,13.3
2025-02-22 21:00:00,277.83496,47.5,13.3
2025-02-22 22:00:00,275.73608,47.5,13.3
2025-02-22 23:00:00,275.2185,47.5,13.3
2025-02-23 00:00:00,275.0327,47.5,13.3
2025-02-23 01:00:00,275.2312,47.5,13.3
2025-02-23 02:00:00,275.4829,47.5,13.3
2025-02-23 03:00:00,275.9546,47.5,13.3
2025-02-23 04:00:00,275.62817,47.5,13.3
2025-02-23 05:00:00,276.13306,47.5,13.3
2025-02-23 06:00:00,275.97388,47.5,13.3
2025-02-23 07:00:00,276.58057,47.5,13.3
2025-02-23 08:00:00,276.53857,47.5,13.3
2025-02-23 09:00:00,277.2256,47.5,13.3
2025-02-23 10:00:00,277.76807,47.5,13.3
2025-02-23 11:00:00,278.23413,47.5,13.3
2025-02-23 12:00:00,278.6853,47.5,13.3
2025-02-23 13:00:00,279.0879,47.5,13.3
2025-02-23 14:00:00,278.91797,47.5,13.3
2025-02-23 15:00:00,278.5664,47.5,13.3
2025-02-23 16:00:00,278.16895,47.5,13.3
2025-02-23 17:00:00,277.83203,47.5,13.3
2025-02-23 18:00:00,277.32666,47.5,13.3
2025-02-23 19:00:00,277.3186,47.5,13.3
2025-02-23 20:00:00,277.06152,47.5,13.3
2025-02-23 21:00:00,275.83008,47.5,13.3
2025-02-23 22:00:00,276.7566,47.5,13.3
2025-02-23 23:00:00,276.37012,47.5,13.3
2025-02-24 00:00:00,275.96948,47.5,13.3
2025-02-24 01:00:00,275.88696,47.5,13.3
2025-02-24 02:00:00,276.1194,47.5,13.3
2025-02-24 03:00:00,276.0984,47.5,13.3
2025-02-24 04:00:00,275.61914,47.5,13.3
2025-02-24 05:00:00,275.25854,47.5,13.3
2025-02-24 06:00:00,275.2998,47.5,13.3
2025-02-24 07:00:00,275.7837,47.5,13.3
2025-02-24 08:00:00,275.89917,47.5,13.3
2025-02-24 09:00:00,277.1211,47.5,13.3
2025-02-24 10:00:00,279.00342,47.5,13.3
2025-02-24 11:00:00,281.15747,47.5,13.3
2025-02-24 12:00:00,282.09692,47.5,13.3
2025-02-24 13:00:00,282.77344,47.5,13.3
2025-02-24 14:00:00,282.7246,47.5,13.3
2025-02-24 15:00:00,281.97583,47.5,13.3
2025-02-24 16:00:00,281.57056,47.5,13.3
2025-02-24 17:00:00,280.14526,47.5,13.3
2025-02-24 18:00:00,277.3943,47.5,13.3
2025-02-24 19:00:00,275.49487,47.5,13.3
2025-02-24 20:00:00,275.45337,47.5,13.3
2025-02-24 21:00:00,275.5691,47.5,13.3
2025-02-24 22:00:00,275.11523,47.5,13.3
2025-02-24 23:00:00,274.9082,47.5,13.3
2025-02-25 00:00:00,274.76172,47.5,13.3
2025-02-25 01:00:00,274.41724,47.5,13.3
2025-02-25 02:00:00,274.2202,47.5,13.3
2025-02-25 03:00:00,273.91943,47.5,13.3
2025-02-25 04:00:00,273.70825,47.5,13.3
2025-02-25 05:00:00,273.36914,47.5,13.3
2025-02-25 06:00:00,273.19653,47.5,13.3
2025-02-25 07:00:00,273.80298,47.5,13.3
2025-02-25 08:00:00,275.3225,47.5,13.3
2025-02-25 09:00:00,277.98755,47.5,13.3
2025-02-25 10:00:00,280.66382,47.5,13.3
2025-02-25 11:00:00,281.63892,47.5,13.3
2025-02-25 12:00:00,282.91235,47.5,13.3
2025-02-25 13:00:00,283.6787,47.5,13.3
2025-02-25 14:00:00,283.72656,47.5,13.3
2025-02-25 15:00:00,282.9973,47.5,13.3
2025-02-25 16:00:00,282.0691,47.5,13.3
2025-02-25 17:00:00,281.3313,47.5,13.3
2025-02-25 18:00:00,278.8308,47.5,13.3
2025-02-25 19:00:00,277.25952,47.5,13.3
2025-02-25 20:00:00,276.65454,47.5,13.3
2025-02-25 21:00:00,276.3059,47.5,13.3
2025-02-25 22:00:00,276.79785,47.5,13.3
2025-02-25 23:00:00,276.1443,47.5,13.3
2025-02-26 00:00:00,276.03906,47.5,13.3
2025-02-26 01:00:00,275.81372,47.5,13.3
2025-02-26 02:00:00,275.43286,47.5,13.3
2025-02-26 03:00:00,274.64795,47.5,13.3
2025-02-26 04:00:00,274.67383,47.5,13.3
2025-02-26 05:00:00,274.3152,47.5,13.3
2025-02-26 06:00:00,274.05396,47.5,13.3
2025-02-26 07:00:00,274.1599,47.5,13.3
2025-02-26 08:00:00,274.3977,47.5,13.3
2025-02-26 09:00:00,274.6914,47.5,13.3
2025-02-26 10:00:00,275.6106,47.5,13.3
2025-02-26 11:00:00,275.75098,47.5,13.3
2025-02-26 12:00:00,275.68408,47.5,13.3
2025-02-26 13:00:00,275.6665,47.5,13.3
2025-02-26 14:00:00,275.80322,47.5,13.3
2025-02-26 15:00:00,275.32886,47.5,13.3
2025-02-26 16:00:00,274.49097,47.5,13.3
2025-02-26 17:00:00,274.04517,47.5,13.3
2025-02-26 18:00:00,273.6272,47.5,13.3
2025-02-26 19:00:00,273.7329,47.5,13.3
2025-02-26 20:00:00,273.4934,47.5,13.3
2025-02-26 21:00:00,273.41455,47.5,13.3
2025-02-26 22:00:00,273.06665,47.5,13.3
2025-02-26 23:00:00,273.10034,47.5,13.3
2025-02-27 00:00:00,272.99683,47.5,13.3
2025-02-27 01:00:00,272.62158,47.5,13.3
2025-02-27 02:00:00,272.75464,47.5,13.3
2025-02-27 03:00:00,272.80322,47.5,13.3
2025-02-27 04:00:00,272.8745,47.5,13.3
2025-02-27 05:00:00,272.8369,47.5,13.3
2025-02-27 06:00:00,272.28638,47.5,13.3
2025-02-27 07:00:00,272.00024,47.5,13.3
2025-02-27 08:00:00,272.71973,47.5,13.3
2025-02-27 09:00:00,274.17822,47.5,13.3
2025-02-27 10:00:00,276.16333,47.5,13.3
2025-02-27 11:00:00,277.46777,47.5,13.3
2025-02-27 12:00:00,278.61206,47.5,13.3
2025-02-27 13:00:00,279.13403,47.5,13.3
2025-02-27 14:00:00,278.75342,47.5,13.3
2025-02-27 15:00:00,277.8977,47.5,13.3
2025-02-27 16:00:00,276.364,47.5,13.3
2025-02-27 17:00:00,274.32886,47.5,13.3
2025-02-27 18:00:00,273.69434,47.5,13.3
2025-02-27 19:00:00,273.16553,47.5,13.3
2025-02-27 20:00:00,273.33643,47.5,13.3
2025-02-27 21:00:00,273.1167,47.5,13.3
2025-02-27 22:00:00,272.36816,47.5,13.3
2025-02-27 23:00:00,272.1333,47.5,13.3
2025-02-28 00:00:00,272.44873,47.5,13.3
2025-02-28 01:00:00,272.8269,47.5,13.3
2025-02-28 02:00:00,272.8567,47.5,13.3
2025-02-28 03:00:00,272.79028,47.5,13.3
2025-02-28 04:00:00,272.21875,47.5,13.3
2025-02-28 05:00:00,272.41284,47.5,13.3
2025-02-28 06:00:00,272.25635,47.5,13.3
2025-02-28 07:00:00,272.64355,47.5,13.3
2025-02-28 08:00:00,273.28345,47.5,13.3
2025-02-28 09:00:00,273.95728,47.5,13.3
2025-02-28 10:00:00,275.656,47.5,13.3
2025-02-28 11:00:00,276.115,47.5,13.3
2025-02-28 12:00:00,276.16675,47.5,13.3
2025-02-28 13:00:00,275.9829,47.5,13.3
2025-02-28 14:00:00,275.48584,47.5,13.3
2025-02-28 15:00:00,275.13965,47.5,13.3
2025-02-28 16:00:00,274.3877,47.5,13.3
2025-02-28 17:00:00,273.95117,47.5,13.3
2025-02-28 18:00:00,273.82153,47.5,13.3
2025-02-28 19:00:00,274.0852,47.5,13.3
2025-02-28 20:00:00,273.84058,47.5,13.3
2025-02-28 21:00:00,273.802,47.5,13.3
2025-02-28 22:00:00,274.15454,47.5,13.3
2025-02-28 23:00:00,273.84326,47.5,13.3
2025-03-01 00:00:00,273.40088,47.5,13.3
2025-03-01 01:00:00,273.083,47.5,13.3
2025-03-01 02:00:00,272.59888,47.5,13.3
2025-03-01 03:00:00,271.969,47.5,13.3
2025-03-01 04:00:00,271.95386,47.5,13.3
2025-03-01 05:00:00,271.66357,47.5,13.3
2025-03-01 06:00:00,271.5598,47.5,13.3
2025-03-01 07:00:00,271.88965,47.5,13.3
2025-03-01 08:00:00,272.02002,47.5,13.3
2025-03-01 09:00:00,273.3623,47.5,13.3
2025-03-01 10:00:00,274.4536,47.5,13.3
2025-03-01 11:00:00,275.25757,47.5,13.3
2025-03-01 12:00:00,275.98853,47.5,13.3
2025-03-01 13:00:00,276.26245,47.5,13.3
2025-03-01 14:00:00,276.27417,47.5,13.3
2025-03-01 15:00:00,275.90552,47.5,13.3
2025-03-01 16:00:00,274.9773,47.5,13.3
2025-03-01 17:00:00,273.3462,47.5,13.3
2025-03-01 18:00:00,272.69165,47.5,13.3
2025-03-01 19:00:00,273.09546,47.5,13.3
2025-03-01 20:00:00,273.07202,47.5,13.3
2025-03-01 21:00:00,273.06714,47.5,13.3
2025-03-01 22:00:00,272.66333,47.5,13.3
2025-03-01 23:00:00,272.2395,47.5,13.3
2025-03-02 00:00:00,272.04712,47.5,13.3
2025-03-02 01:00:00,271.87305,47.5,13.3
2025-03-02 02:00:00,271.7024,47.5,13.3
2025-03-02 03:00:00,271.26025,47.5,13.3
2025-03-02 04:00:00,271.21265,47.5,13.3
2025-03-02 05:00:00,271.06104,47.5,13.3
2025-03-02 06:00:00,270.5913,47.5,13.3
2025-03-02 07:00:00,271.18872,47.5,13.3
2025-03-02 08:00:00,272.57568,47.5,13.3
2025-03-02 09:00:00,274.14307,47.5,13.3
2025-03-02 10:00:00,275.54907,47.5,13.3
2025-03-02 11:00:00,276.76514,47.5,13.3
2025-03-02 12:00:00,277.90186,47.5,13.3
2025-03-02 13:00:00,278.78906,47.5,13.3
2025-03-02 14:00:00,279.17896,47.5,13.3
2025-03-02 15:00:00,278.40405,47.5,13.3
2025-03-02 16:00:00,276.58936,47.5,13.3
2025-03-02 17:00:00,274.56787,47.5,13.3
2025-03-02 18:00:00,274.58594,47.5,13.3
2025-03-02 19:00:00,273.79004,47.5,13.3
2025-03-02 20:00:00,273.5725,47.5,13.3
2025-03-02 21:00:00,273.01172,47.5,13.3
2025-03-02 22:00:00,271.37622,47.5,13.3
2025-03-02 23:00:00,270.79932,47.5,13.3
2025-03-03 00:00:00,270.5105,47.5,13.3
2025-03-03 01:00:00,269.8208,47.5,13.3
2025-03-03 02:00:00,269.29834,47.5,13.3
2025-03-03 03:00:00,268.9453,47.5,13.3
2025-03-03 04:00:00,268.47437,47.5,13.3
2025-03-03 05:00:00,268.2224,47.5,13.3
2025-03-03 06:00:00,268.0913,47.5,13.3
2025-03-03 07:00:00,270.57642,47.5,13.3
2025-03-03 08:00:00,274.49756,47.5,13.3
2025-03-03 09:00:00,277.26538,47.5,13.3
2025-03-03 10:00:00,279.40308,47.5,13.3
2025-03-03 11:00:00,280.73926,47.5,13.3
2025-03-03 12:00:00,281.84692,47.5,13.3
2025-03-03 13:00:00,282.5122,47.5,13.3
2025-03-03 14:00:00,282.479,47.5,13.3
2025-03-03 15:00:00,281.81323,47.5,13.3
2025-03-03 16:00:00,280.68677,47.5,13.3
2025-03-03 17:00:00,278.61304,47.5,13.3
2025-03-03 18:00:00,277.14648,47.5,13.3
2025-03-03 19:00:00,275.88623,47.5,13.3
2025-03-03 20:00:00,274.7041,47.5,13.3
2025-03-03 21:00:00,274.26147,47.5,13.3
2025-03-03 22:00:00,272.63574,47.5,13.3
2025-03-03 23:00:00,271.88354,47.5,13.3
2025-03-04 00:00:00,271.573,47.5,13.3
2025-03-04 01:00:00,270.95874,47.5,13.3
2025-03-04 02:00:00,270.2627,47.5,13.3
2025-03-04 03:00:00,269.8557,47.5,13.3
2025-03-04 04:00:00,269.79517,47.5,13.3
2025-03-04 05:00:00,269.93506,47.5,13.3
2025-03-04 06:00:00,270.00513,47.5,13.3
2025-03-04 07:00:00,272.17236,47.5,13.3
2025-03-04 08:00:00,275.0962,47.5,13.3
2025-03-04 09:00:00,277.90552,47.5,13.3
2025-03-04 10:00:00,280.55396,47.5,13.3
2025-03-04 11:00:00,282.3755,47.5,13.3
2025-03-04 12:00:00,284.375,47.5,13.3
2025-03-04 13:00:00,285.20288,47.5,13.3
2025-03-04 14:00:00,285.33716,47.5,13.3
2025-03-04 15:00:00,284.46436,47.5,13.3
2025-03-04 16:00:00,282.33325,47.5,13.3
2025-03-04 17:00:00,280.09204,47.5,13.3
2025-03-04 18:00:00,278.07227,47.5,13.3
2025-03-04 19:00:00,276.72217,47.5,13.3
2025-03-04 20:00:00,275.81738,47.5,13.3
2025-03-04 21:00:00,275.31006,47.5,13.3
2025-03-04 22:00:00,272.32983,47.5,13.3
2025-03-04 23:00:00,271.80908,47.5,13.3
2025-03-05 00:00:00,271.72705,47.5,13.3
2025-03-05 01:00:00,271.71948,47.5,13.3
2025-03-05 02:00:00,271.46777,47.5,13.3
2025-03-05 03:00:00,271.41772,47.5,13.3
2025-03-05 04:00:00,271.0464,47.5,13.3
2025-03-05 05:00:00,270.75806,47.5,13.3
2025-03-05 06:00:00,270.64917,47.5,13.3
2025-03-05 07:00:00,273.0547,47.5,13.3
2025-03-05 08:00:00,276.9563,47.5,13.3
2025-03-05 09:00:00,279.8142,47.5,13.3
2025-03-05 10:00:00,282.9004,47.5,13.3
2025-03-05 11:00:00,285.31396,47.5,13.3
2025-03-05 12:00:00,287.114,47.5,13.3
2025-03-05 13:00:00,288.2876,47.5,13.3
2025-03-05 14:00:00,288.5747,47.5,13.3
2025-03-05 15:00:00,287.8645,47.5,13.3
2025-03-05 16:00:00,285.63843,47.5,13.3
2025-03-05 17:00:00,282.17383,47.5,13.3
2025-03-05 18:00:00,279.937,47.5,13.3
2025-03-05 19:00:00,279.25244,47.5,13.3
2025-03-05 20:00:00,276.01978,47.5,13.3
2025-03-05 21:00:00,275.4121,47.5,13.3
2025-03-05 22:00:00,274.28296,47.5,13.3
2025-03-05 23:00:00,274.02222,47.5,13.3
2025-03-06 00:00:00,273.68384,47.5,13.3
2025-03-06 01:00:00,273.22095,47.5,13.3
2025-03-06 02:00:00,272.61084,47.5,13.3
2025-03-06 03:00:00,272.35425,47.5,13.3
2025-03-06 04:00:00,272.15015,47.5,13.3
2025-03-06 05:00:00,271.6416,47.5,13.3
2025-03-06 06:00:00,271.49512,47.5,13.3
2025-03-06 07:00:00,274.03467,47.5,13.3
2025-03-06 08:00:00,277.90576,47.5,13.3
2025-03-06 09:00:00,281.20068,47.5,13.3
2025-03-06 10:00:00,284.739,47.5,13.3
2025-03-06 11:00:00,286.56445,47.5,13.3
2025-03-06 12:00:00,288.32764,47.5,13.3
2025-03-06 13:00:00,289.12183,47.5,13.3
2025-03-06 14:00:00,289.26392,47.5,13.3
2025-03-06 15:00:00,288.7893,47.5,13.3
2025-03-06 16:00:00,287.42627,47.5,13.3
2025-03-06 17:00:00,284.13818,47.5,13.3
2025-03-06 18:00:00,281.32422,47.5,13.3
2025-03-06 19:00:00,278.59082,47.5,13.3
2025-03-06 20:00:00,275.74414,47.5,13.3
2025-03-06 21:00:00,275.22534,47.5,13.3
2025-03-06 22:00:00,273.9082,47.5,13.3
2025-03-06 23:00:00,273.51538,47.5,13.3
2025-03-07 00:00:00,272.94214,47.5,13.3
2025-03-07 01:00:00,272.3501,47.5,13.3
2025-03-07 02:00:00,271.531,47.5,13.3
2025-03-07 03:00:00,270.94507,47.5,13.3
2025-03-07 04:00:00,270.77637,47.5,13.3
2025-03-07 05:00:00,270.5127,47.5,13.3
2025-03-07 06:00:00,270.14087,47.5,13.3
2025-03-07 07:00:00,273.09277,47.5,13.3
2025-03-07 08:00:00,277.16553,47.5,13.3
2025-03-07 09:00:00,280.39795,47.5,13.3
2025-03-07 10:00:00,283.44897,47.5,13.3
2025-03-07 11:00:00,285.30273,47.5,13.3
2025-03-07 12:00:00,286.82056,47.5,13.3
2025-03-07 13:00:00,287.73315,47.5,13.3
2025-03-07 14:00:00,287.88745,47.5,13.3
2025-03-07 15:00:00,287.46606,47.5,13.3
2025-03-07 16:00:00,285.32178,47.5,13.3
2025-03-07 17:00:00,282.51758,47.5,13.3
2025-03-07 18:00:00,279.81323,47.5,13.3
2025-03-07 19:00:00,278.23022,47.5,13.3
2025-03-07 20:00:00,275.0398,47.5,13.3
2025-03-07 21:00:00,274.3064,47.5,13.3
2025-03-07 22:00:00,272.2583,47.5,13.3
2025-03-07 23:00:00,272.4917,47.5,13.3
2025-03-08 00:00:00,272.3247,47.5,13.3
2025-03-08 01:00:00,271.86182,47.5,13.3
2025-03-08 02:00:00,271.54028,47.5,13.3
2025-03-08 03:00:00,271.10034,47.5,13.3
2025-03-08 04:00:00,270.64795,47.5,13.3
2025-03-08 05:00:00,270.3911,47.5,13.3
2025-03-08 06:00:00,270.531,47.5,13.3
2025-03-08 07:00:00,273.27246,47.5,13.3
2025-03-08 08:00:00,277.36182,47.5,13.3
2025-03-08 09:00:00,280.2395,47.5,13.3
2025-03-08 10:00:00,282.5957,47.5,13.3
2025-03-08 11:00:00,284.98438,47.5,13.3
2025-03-08 12:00:00,286.47168,47.5,13.3
2025-03-08 13:00:00,287.13672,47.5,13.3
2025-03-08 14:00:00,287.3108,47.5,13.3
2025-03-08 15:00:00,286.9729,47.5,13.3
2025-03-08 16:00:00,285.2124,47.5,13.3
2025-03-08 17:00:00,283.57715,47.5,13.3
2025-03-08 18:00:00,280.4077,47.5,13.3
2025-03-08 19:00:00,277.646,47.5,13.3
2025-03-08 20:00:00,276.81445,47.5,13.3
2025-03-08 21:00:00,276.0144,47.5,13.3
2025-03-08 22:00:00,275.08154,47.5,13.3
2025-03-08 23:00:00,274.80127,47.5,13.3
2025-03-09 00:00:00,274.3235,47.5,13.3
2025-03-09 01:00:00,274.11694,47.5,13.3
2025-03-09 02:00:00,273.77417,47.5,13.3
2025-03-09 03:00:00,273.53003,47.5,13.3
2025-03-09 04:00:00,273.22998,47.5,13.3
2025-03-09 05:00:00,272.7483,47.5,13.3
2025-03-09 06:00:00,272.636,47.5,13.3
2025-03-09 07:00:00,275.38403,47.5,13.3
2025-03-09 08:00:00,279.02124,47.5,13.3
2025-03-09 09:00:00,282.4729,47.5,13.3
2025-03-09 10:00:00,285.38867,47.5,13.3
2025-03-09 11:00:00,287.1765,47.5,13.3
2025-03-09 12:00:00,288.22412,47.5,13.3
2025-03-09 13:00:00,288.7163,47.5,13.3
2025-03-09 14:00:00,288.77222,47.5,13.3
2025-03-09 15:00:00,288.1172,47.5,13.3
2025-03-09 16:00:00,286.95166,47.5,13.3
2025-03-09 17:00:00,283.83057,47.5,13.3
2025-03-09 18:00:00,281.7212,47.5,13.3
2025-03-09 19:00:00,279.90527,47.5,13.3
2025-03-09 20:00:00,278.72095,47.5,13.3
2025-03-09 21:00:00,278.271,47.5,13.3
2025-03-09 22:00:00,277.48608,47.5,13.3
2025-03-09 23:00:00,277.4563,47.5,13.3
2025-03-10 00:00:00,277.14844,47.5,13.3
2025-03-10 01:00:00,276.70288,47.5,13.3
2025-03-10 02:00:00,276.30566,47.5,13.3
2025-03-10 03:00:00,276.36255,47.5,13.3
2025-03-10 04:00:00,275.8462,47.5,13.3
2025-03-10 05:00:00,275.45776,47.5,13.3
2025-03-10 06:00:00,275.81885,47.5,13.3
2025-03-10 07:00:00,277.59302,47.5,13.3
2025-03-10 08:00:00,279.10474,47.5,13.3
2025-03-10 09:00:00,280.41382,47.5,13.3
2025-03-10 10:00:00,281.35815,47.5,13.3
2025-03-10 11:00:00,281.58813,47.5,13.3
2025-03-10 12:00:00,281.76636,47.5,13.3
2025-03-10 13:00:00,282.85474,47.5,13.3
2025-03-10 14:00:00,283.26147,47.5,13.3
2025-03-10 15:00:00,281.92676,47.5,13.3
2025-03-10 16:00:00,280.64404,47.5,13.3
2025-03-10 17:00:00,279.0857,47.5,13.3
2025-03-10 18:00:00,278.49878,47.5,13.3
2025-03-10 19:00:00,277.8474,47.5,13.3
2025-03-10 20:00:00,277.44922,47.5,13.3
2025-03-10 21:00:00,277.10474,47.5,13.3
2025-03-10 22:00:00,275.30298,47.5,13.3
2025-03-10 23:00:00,274.40527,47.5,13.3
2025-03-11 00:00:00,273.75928,47.5,13.3
2025-03-11 01:00:00,273.65405,47.5,13.3
2025-03-11 02:00:00,273.07812,47.5,13.3
2025-03-11 03:00:00,272.84692,47.5,13.3
2025-03-11 04:00:00,272.93237,47.5,13.3
2025-03-11 05:00:00,273.10815,47.5,13.3
2025-03-11 06:00:00,273.69507,47.5,13.3
2025-03-11 07:00:00,274.60107,47.5,13.3
2025-03-11 08:00:00,276.02832,47.5,13.3
2025-03-11 09:00:00,277.59985,47.5,13.3
2025-03-11 10:00:00,279.3545,47.5,13.3
2025-03-11 11:00:00,280.88696,47.5,13.3
2025-03-11 12:00:00,282.0056,47.5,13.3
2025-03-11 13:00:00,282.84058,47.5,13.3
2025-03-11 14:00:00,282.86548,47.5,13.3
2025-03-11 15:00:00,282.5498,47.5,13.3
2025-03-11 16:00:00,281.92383,47.5,13.3
2025-03-11 17:00:00,280.71606,47.5,13.3
2025-03-11 18:00:00,278.86157,47.5,13.3
2025-03-11 19:00:00,277.12207,47.5,13.3
2025-03-11 20:00:00,275.95142,47.5,13.3
2025-03-11 21:00:00,275.26904,47.5,13.3
2025-03-11 22:00:00,274.96338,47.5,13.3
2025-03-11 23:00:00,274.49048,47.5,13.3
2025-03-12 00:00:00,274.23462,47.5,13.3
2025-03-12 01:00:00,274.61963,47.5,13.3
2025-03-12 02:00:00,274.7522,47.5,13.3
2025-03-12 03:00:00,274.6255,47.5,13.3
2025-03-12 04:00:00,274.7058,47.5,13.3
2025-03-12 05:00:00,274.38574,47.5,13.3
2025-03-12 06:00:00,274.52173,47.5,13.3
2025-03-12 07:00:00,276.11548,47.5,13.3
2025-03-12 08:00:00,278.4922,47.5,13.3
2025-03-12 09:00:00,280.15967,47.5,13.3
2025-03-12 10:00:00,281.25635,47.5,13.3
2025-03-12 11:00:00,282.13184,47.5,13.3
2025-03-12 12:00:00,284.14795,47.5,13.3
2025-03-12 13:00:00,284.4668,47.5,13.3
2025-03-12 14:00:00,283.833,47.5,13.3
2025-03-12 15:00:00,282.87378,47.5,13.3
2025-03-12 16:00:00,281.94873,47.5,13.3
2025-03-12 17:00:00,280.40063,47.5,13.3
2025-03-12 18:00:00,279.5171,47.5,13.3
2025-03-12 19:00:00,279.24512,47.5,13.3
2025-03-12 20:00:00,278.52563,47.5,13.3
2025-03-12 21:00:00,277.9082,47.5,13.3
2025-03-12 22:00:00,277.2649,47.5,13.3
2025-03-12 23:00:00,276.58765,47.5,13.3
2025-03-13 00:00:00,276.42114,47.5,13.3
2025-03-13 01:00:00,276.0376,47.5,13.3
2025-03-13 02:00:00,275.8296,47.5,13.3
2025-03-13 03:00:00,275.75024,47.5,13.3
2025-03-13 04:00:00,275.4431,47.5,13.3
2025-03-13 05:00:00,274.7942,47.5,13.3
2025-03-13 06:00:00,274.4226,47.5,13.3
2025-03-13 07:00:00,274.47437,47.5,13.3
2025-03-13 08:00:00,274.96094,47.5,13.3
2025-03-13 09:00:00,276.51562,47.5,13.3
2025-03-13 10:00:00,277.5708,47.5,13.3
2025-03-13 11:00:00,278.81958,47.5,13.3
2025-03-13 12:00:00,279.91016,47.5,13.3
2025-03-13 13:00:00,280.77905,47.5,13.3
2025-03-13 14:00:00,280.05493,47.5,13.3
2025-03-13 15:00:00,277.87964,47.5,13.3
2025-03-13 16:00:00,276.6455,47.5,13.3
2025-03-13 17:00:00,275.29956,47.5,13.3
2025-03-13 18:00:00,274.54224,47.5,13.3
2025-03-13 19:00:00,274.3501,47.5,13.3
2025-03-13 20:00:00,274.37793,47.5,13.3
2025-03-13 21:00:00,274.6897,47.5,13.3
2025-03-13 22:00:00,273.59204,47.5,13.3
2025-03-13 23:00:00,273.4834,47.5,13.3
2025-03-14 00:00:00,273.01416,47.5,13.3
2025-03-14 01:00:00,272.65283,47.5,13.3
2025-03-14 02:00:00,272.96216,47.5,13.3
2025-03-14 03:00:00,273.29272,47.5,13.3
2025-03-14 04:00:00,273.3938,47.5,13.3
2025-03-14 05:00:00,273.2893,47.5,13.3
2025-03-14 06:00:00,273.17407,47.5,13.3
2025-03-14 07:00:00,273.15283,47.5,13.3
2025-03-14 08:00:00,273.5,47.5,13.3
2025-03-14 09:00:00,273.93457,47.5,13.3
2025-03-14 10:00:00,275.19067,47.5,13.3
2025-03-14 11:00:00,275.11035,47.5,13.3
2025-03-14 12:00:00,274.86865,47.5,13.3
2025-03-14 13:00:00,274.34644,47.5,13.3
2025-03-14 14:00:00,274.56616,47.5,13.3
2025-03-14 15:00:00,274.86304,47.5,13.3
2025-03-14 16:00:00,274.77222,47.5,13.3
2025-03-14 17:00:00,274.36084,47.5,13.3
2025-03-14 18:00:00,274.1548,47.5,13.3
2025-03-14 19:00:00,274.1394,47.5,13.3
2025-03-14 20:00:00,273.60693,47.5,13.3
2025-03-14 21:00:00,273.8921,47.5,13.3
2025-03-14 22:00:00,274.06592,47.5,13.3
2025-03-14 23:00:00,273.91284,47.5,13.3
2025-03-15 00:00:00,273.7798,47.5,13.3
2025-03-15 01:00:00,273.79956,47.5,13.3
2025-03-15 02:00:00,273.68018,47.5,13.3
2025-03-15 03:00:00,273.53784,47.5,13.3
2025-03-15 04:00:00,273.42847,47.5,13.3
2025-03-15 05:00:00,273.38403,47.5,13.3
2025-03-15 06:00:00,273.03198,47.5,13.3
2025-03-15 07:00:00,273.30005,47.5,13.3
2025-03-15 08:00:00,273.74976,47.5,13.3
2025-03-15 09:00:00,274.937,47.5,13.3
2025-03-15 10:00:00,275.68286,47.5,13.3
2025-03-15 11:00:00,277.06958,47.5,13.3
2025-03-15 12:00:00,277.74048,47.5,13.3
2025-03-15 13:00:00,278.67603,47.5,13.3
2025-03-15 14:00:00,278.94165,47.5,13.3
2025-03-15 15:00:00,278.68213,47.5,13.3
2025-03-15 16:00:00,277.96558,47.5,13.3
2025-03-15 17:00:00,276.66992,47.5,13.3
2025-03-15 18:00:00,276.14014,47.5,13.3
2025-03-15 19:00:00,275.64648,47.5,13.3
2025-03-15 20:00:00,274.9934,47.5,13.3
2025-03-15 21:00:00,274.50757,47.5,13.3
2025-03-15 22:00:00,274.04224,47.5,13.3
2025-03-15 23:00:00,273.38232,47.5,13.3
2025-03-16 00:00:00,273.39136,47.5,13.3
2025-03-16 01:00:00,273.0791,47.5,13.3
2025-03-16 02:00:00,272.68604,47.5,13.3
2025-03-16 03:00:00,272.64844,47.5,13.3
2025-03-16 04:00:00,272.74585,47.5,13.3
2025-03-16 05:00:00,272.6123,47.5,13.3
2025-03-16 06:00:00,272.7727,47.5,13.3
2025-03-16 07:00:00,273.99316,47.5,13.3
2025-03-16 08:00:00,275.08716,47.5,13.3
2025-03-16 09:00:00,276.1089,47.5,13.3
2025-03-16 10:00:00,276.92822,47.5,13.3
2025-03-16 11:00:00,276.49512,47.5,13.3
2025-03-16 12:00:00,276.646,47.5,13.3
2025-03-16 13:00:00,275.46704,47.5,13.3
2025-03-16 14:00:00,275.53516,47.5,13.3
2025-03-16 15:00:00,275.1001,47.5,13.3
2025-03-16 16:00:00,274.50073,47.5,13.3
2025-03-16 17:00:00,274.09595,47.5,13.3
2025-03-16 18:00:00,273.6267,47.5,13.3
2025-03-16 19:00:00,273.3164,47.5,13.3
2025-03-16 20:00:00,273.1316,47.5,13.3
2025-03-16 21:00:00,273.03833,47.5,13.3
2025-03-16 22:00:00,273.0349,47.5,13.3
2025-03-16 23:00:00,272.91528,47.5,13.3
2025-03-17 00:00:00,272.81958,47.5,13.3
2025-03-17 01:00:00,272.73413,47.5,13.3
2025-03-17 02:00:00,272.81738,47.5,13.3
2025-03-17 03:00:00,272.84717,47.5,13.3
2025-03-17 04:00:00,273.06738,47.5,13.3
2025-03-17 05:00:00,273.2705,47.5,13.3
2025-03-17 06:00:00,273.2422,47.5,13.3
2025-03-17 07:00:00,272.68945,47.5,13.3
2025-03-17 08:00:00,272.90918,47.5,13.3
2025-03-17 09:00:00,273.2063,47.5,13.3
2025-03-17 10:00:00,273.77173,47.5,13.3
2025-03-17 11:00:00,273.84082,47.5,13.3
2025-03-17 12:00:00,273.6438,47.5,13.3
2025-03-17 13:00:00,273.70996,47.5,13.3
2025-03-17 14:00:00,273.15552,47.5,13.3
2025-03-17 15:00:00,272.29077,47.5,13.3
2025-03-17 16:00:00,271.61646,47.5,13.3
2025-03-17 17:00:00,270.50464,47.5,13.3
2025-03-17 18:00:00,269.35474,47.5,13.3
2025-03-17 19:00:00,270.0039,47.5,13.3
2025-03-17 20:00:00,269.73706,47.5,13.3
2025-03-17 21:00:00,269.37915,47.5,13.3
2025-03-17 22:00:00,268.33813,47.5,13.3
2025-03-17 23:00:00,268.208,47.5,13.3
2025-03-18 00:00:00,267.75806,47.5,13.3
2025-03-18 01:00:00,266.72314,47.5,13.3
2025-03-18 02:00:00,264.81445,47.5,13.3
2025-03-18 03:00:00,263.20874,47.5,13.3
2025-03-18 04:00:00,263.0547,47.5,13.3
2025-03-18 05:00:00,262.1526,47.5,13.3
2025-03-18 06:00:00,262.14575,47.5,13.3
2025-03-18 07:00:00,263.3806,47.5,13.3
2025-03-18 08:00:00,266.38818,47.5,13.3
2025-03-18 09:00:00,269.31958,47.5,13.3
2025-03-18 10:00:00,271.81396,47.5,13.3
2025-03-18 11:00:00,273.66455,47.5,13.3
2025-03-18 12:00:00,275.16528,47.5,13.3
2025-03-18 13:00:00,276.23145,47.5,13.3
2025-03-18 14:00:00,276.70312,47.5,13.3
2025-03-18 15:00:00,276.5005,47.5,13.3
2025-03-18 16:00:00,276.2068,47.5,13.3
2025-03-18 17:00:00,276.79858,47.5,13.3
2025-03-18 18:00:00,273.82056,47.5,13.3
2025-03-18 19:00:00,270.34766,47.5,13.3
2025-03-18 20:00:00,268.92554,47.5,13.3
2025-03-18 21:00:00,267.7356,47.5,13.3
2025-03-18 22:00:00,267.31396,47.5,13.3
2025-03-18 23:00:00,266.74683,47.5,13.3
2025-03-19 00:00:00,266.15015,47.5,13.3
2025-03-19 01:00:00,265.698,47.5,13.3
2025-03-19 02:00:00,265.10156,47.5,13.3
2025-03-19 03:00:00,264.68872,47.5,13.3
2025-03-19 04:00:00,264.19995,47.5,13.3
2025-03-19 05:00:00,264.14355,47.5,13.3
2025-03-19 06:00:00,265.50903,47.5,13.3
2025-03-19 07:00:00,268.47412,47.5,13.3
2025-03-19 08:00:00,272.81226,47.5,13.3
2025-03-19 09:00:00,277.14404,47.5,13.3
2025-03-19 10:00:00,281.52368,47.5,13.3
2025-03-19 11:00:00,283.20996,47.5,13.3
2025-03-19 12:00:00,284.50366,47.5,13.3
2025-03-19 13:00:00,285.29297,47.5,13.3
2025-03-19 14:00:00,285.64844,47.5,13.3
2025-03-19 15:00:00,284.79102,47.5,13.3
2025-03-19 16:00:00,283.91626,47.5,13.3
2025-03-19 17:00:00,283.18457,47.5,13.3
2025-03-19 18:00:00,279.45435,47.5,13.3
2025-03-19 19:00:00,277.35083,47.5,13.3
2025-03-19 20:00:00,274.62354,47.5,13.3
2025-03-19 21:00:00,273.11963,47.5,13.3
2025-03-19 22:00:00,272.90942,47.5,13.3
2025-03-19 23:00:00,272.44922,47.5,13.3
2025-03-20 00:00:00,271.7129,47.5,13.3
2025-03-20 01:00:00,271.25122,47.5,13.3
2025-03-20 02:00:00,270.85303,47.5,13.3
2025-03-20 03:00:00,270.4607,47.5,13.3
2025-03-20 04:00:00,270.1526,47.5,13.3
2025-03-20 05:00:00,270.0984,47.5,13.3
2025-03-20 06:00:00,271.53857,47.5,13.3
2025-03-20 07:00:00,275.5161,47.5,13.3
2025-03-20 08:00:00,279.54224,47.5,13.3
2025-03-20 09:00:00,282.19824,47.5,13.3
2025-03-20 10:00:00,283.8308,47.5,13.3
2025-03-20 11:00:00,285.53955,47.5,13.3
2025-03-20 12:00:00,287.0188,47.5,13.3
2025-03-20 13:00:00,287.76953,47.5,13.3
2025-03-20 14:00:00,288.23657,47.5,13.3
2025-03-20 15:00:00,287.76123,47.5,13.3
2025-03-20 16:00:00,286.54175,47.5,13.3
2025-03-20 17:00:00,284.625,47.5,13.3
2025-03-20 18:00:00,283.44995,47.5,13.3
2025-03-20 19:00:00,281.4253,47.5,13.3
2025-03-20 20:00:00,278.72363,47.5,13.3
2025-03-20 21:00:00,276.11743,47.5,13.3
2025-03-20 22:00:00,274.2605,47.5,13.3
2025-03-20 23:00:00,273.49316,47.5,13.3
2025-03-21 00:00:00,273.30396,47.5,13.3
2025-03-21 01:00:00,272.96362,47.5,13.3
2025-03-21 02:00:00,272.8413,47.5,13.3
2025-03-21 03:00:00,272.60083,47.5,13.3
2025-03-21 04:00:00,272.31396,47.5,13.3
2025-03-21 05:00:00,272.17896,47.5,13.3
2025-03-21 06:00:00,273.29492,47.5,13.3
2025-03-21 07:00:00,276.87915,47.5,13.3
2025-03-21 08:00:00,280.84204,47.5,13.3
2025-03-21 09:00:00,283.8225,47.5,13.3
2025-03-21 10:00:00,286.58203,47.5,13.3
2025-03-21 11:00:00,288.0039,47.5,13.3
2025-03-21 12:00:00,289.219,47.5,13.3
2025-03-21 13:00:00,289.81152,47.5,13.3
2025-03-21 14:00:00,289.88135,47.5,13.3
2025-03-21 15:00:00,289.219,47.5,13.3
2025-03-21 16:00:00,287.73242,47.5,13.3
2025-03-21 17:00:00,286.46484,47.5,13.3
2025-03-21 18:00:00,283.40137,47.5,13.3
2025-03-21 19:00:00,281.03735,47.5,13.3
2025-03-21 20:00:00,280.2483,47.5,13.3
2025-03-21 21:00:00,279.46118,47.5,13.3
2025-03-21 22:00:00,278.7246,47.5,13.3
2025-03-21 23:00:00,278.229,47.5,13.3
2025-03-22 00:00:00,277.917,47.5,13.3
2025-03-22 01:00:00,277.6206,47.5,13.3
2025-03-22 02:00:00,277.26782,47.5,13.3
2025-03-22 03:00:00,277.1648,47.5,13.3
2025-03-22 04:00:00,276.89966,47.5,13.3
2025-03-22 05:00:00,276.7234,47.5,13.3
2025-03-22 06:00:00,276.86597,47.5,13.3
2025-03-22 07:00:00,278.99243,47.5,13.3
2025-03-22 08:00:00,281.66553,47.5,13.3
2025-03-22 09:00:00,283.6704,47.5,13.3
2025-03-22 10:00:00,285.55884,47.5,13.3
2025-03-22 11:00:00,287.02954,47.5,13.3
2025-03-22 12:00:00,288.0569,47.5,13.3
2025-03-22 13:00:00,288.57422,47.5,13.3
2025-03-22 14:00:00,288.55225,47.5,13.3
2025-03-22 15:00:00,288.2666,47.5,13.3
2025-03-22 16:00:00,286.6001,47.5,13.3
2025-03-22 17:00:00,284.9641,47.5,13.3
2025-03-22 18:00:00,281.91724,47.5,13.3
2025-03-22 19:00:00,280.58594,47.5,13.3
2025-03-22 20:00:00,279.94214,47.5,13.3
2025-03-22 21:00:00,279.2837,47.5,13.3
2025-03-22 22:00:00,278.9983,47.5,13.3
2025-03-22 23:00:00,278.4331,47.5,13.3
2025-03-23 00:00:00,278.33398,47.5,13.3
2025-03-23 01:00:00,278.24316,47.5,13.3
2025-03-23 02:00:00,278.0725,47.5,13.3
2025-03-23 03:00:00,277.75415,47.5,13.3
2025-03-23 04:00:00,277.3855,47.5,13.3
2025-03-23 05:00:00,277.2622,47.5,13.3
2025-03-23 06:00:00,277.77563,47.5,13.3
2025-03-23 07:00:00,279.33398,47.5,13.3
2025-03-23 08:00:00,281.3994,47.5,13.3
2025-03-23 09:00:00,283.32983,47.5,13.3
2025-03-23 10:00:00,283.36914,47.5,13.3
2025-03-23 11:00:00,285.1018,47.5,13.3
2025-03-23 12:00:00,286.36206,47.5,13.3
2025-03-23 13:00:00,286.81567,47.5,13.3
2025-03-23 14:00:00,285.44727,47.5,13.3
2025-03-23 15:00:00,284.34253,47.5,13.3
2025-03-23 16:00:00,283.19873,47.5,13.3
2025-03-23 17:00:00,282.14917,47.5,13.3
2025-03-23 18:00:00,279.97998,47.5,13.3
2025-03-23 19:00:00,278.98364,47.5,13.3
2025-03-23 20:00:00,277.65454,47.5,13.3
2025-03-23 21:00:00,275.88965,47.5,13.3
2025-03-23 22:00:00,274.4485,47.5,13.3
2025-03-23 23:00:00,273.93457,47.5,13.3
2025-03-24 00:00:00,273.99634,47.5,13.3
2025-03-24 01:00:00,273.75195,47.5,13.3
2025-03-24 02:00:00,273.75952,47.5,13.3
2025-03-24 03:00:00,273.75757,47.5,13.3
2025-03-24 04:00:00,273.79883,47.5,13.3
2025-03-24 05:00:00,274.07178,47.5,13.3
2025-03-24 06:00:00,274.68286,47.5,13.3
2025-03-24 07:00:00,276.4729,47.5,13.3
2025-03-24 08:00:00,278.29883,47.5,13.3
2025-03-24 09:00:00,280.062,47.5,13.3
2025-03-24 10:00:00,283.2146,47.5,13.3
2025-03-24 11:00:00,284.02563,47.5,13.3
2025-03-24 12:00:00,283.14185,47.5,13.3
2025-03-24 13:00:00,282.92505,47.5,13.3
2025-03-24 14:00:00,281.57544,47.5,13.3
2025-03-24 15:00:00,280.636,47.5,13.3
2025-03-24 16:00:00,280.25317,47.5,13.3
2025-03-24 17:00:00,279.3645,47.5,13.3
2025-03-24 18:00:00,279.48486,47.5,13.3
2025-03-24 19:00:00,277.9348,47.5,13.3
2025-03-24 20:00:00,277.79956,47.5,13.3
2025-03-24 21:00:00,277.56348,47.5,13.3
2025-03-24 22:00:00,276.89136,47.5,13.3
2025-03-24 23:00:00,275.83008,47.5,13.3
2025-03-25 00:00:00,275.03467,47.5,13.3
2025-03-25 01:00:00,275.6194,47.5,13.3
2025-03-25 02:00:00,275.62402,47.5,13.3
2025-03-25 03:00:00,276.219,47.5,13.3
2025-03-25 04:00:00,276.14575,47.5,13.3
2025-03-25 05:00:00,276.12354,47.5,13.3
2025-03-25 06:00:00,276.60083,47.5,13.3
2025-03-25 07:00:00,277.76025,47.5,13.3
2025-03-25 08:00:00,278.07495,47.5,13.3
2025-03-25 09:00:00,279.76538,47.5,13.3
2025-03-25 10:00:00,280.74,47.5,13.3
2025-03-25 11:00:00,281.26196,47.5,13.3
2025-03-25 12:00:00,282.31982,47.5,13.3
2025-03-25 13:00:00,282.67017,47.5,13.3
2025-03-25 14:00:00,282.15747,47.5,13.3
2025-03-25 15:00:00,281.32593,47.5,13.3
2025-03-25 16:00:00,279.71704,47.5,13.3
2025-03-25 17:00:00,278.70435,47.5,13.3
2025-03-25 18:00:00,277.6953,47.5,13.3
2025-03-25 19:00:00,277.7102,47.5,13.3
2025-03-25 20:00:00,277.73267,47.5,13.3
2025-03-25 21:00:00,277.5464,47.5,13.3
2025-03-25 22:00:00,276.92725,47.5,13.3
2025-03-25 23:00:00,276.52075,47.5,13.3
2025-03-26 00:00:00,276.66187,47.5,13.3
2025-03-26 01:00:00,276.7754,47.5,13.3
2025-03-26 02:00:00,276.27905,47.5,13.3
2025-03-26 03:00:00,276.0327,47.5,13.3
2025-03-26 04:00:00,276.11694,47.5,13.3
2025-03-26 05:00:00,276.24683,47.5,13.3
2025-03-26 06:00:00,276.84106,47.5,13.3
2025-03-26 07:00:00,277.21167,47.5,13.3
2025-03-26 08:00:00,277.79175,47.5,13.3
2025-03-26 09:00:00,279.1184,47.5,13.3
2025-03-26 10:00:00,280.04224,47.5,13.3
2025-03-26 11:00:00,280.7815,47.5,13.3
2025-03-26 12:00:00,281.27368,47.5,13.3
2025-03-26 13:00:00,280.79028,47.5,13.3
2025-03-26 14:00:00,280.19556,47.5,13.3
2025-03-26 15:00:00,280.01953,47.5,13.3
2025-03-26 16:00:00,279.1858,47.5,13.3
2025-03-26 17:00:00,278.2688,47.5,13.3
2025-03-26 18:00:00,277.84692,47.5,13.3
2025-03-26 19:00:00,277.66602,47.5,13.3
2025-03-26 20:00:00,277.719,47.5,13.3
2025-03-26 21:00:00,277.5027,47.5,13.3
2025-03-26 22:00:00,277.01758,47.5,13.3
2025-03-26 23:00:00,276.91748,47.5,13.3
2025-03-27 00:00:00,276.71143,47.5,13.3
2025-03-27 01:00:00,276.86157,47.5,13.3
2025-03-27 02:00:00,276.6582,47.5,13.3
2025-03-27 03:00:00,276.64526,47.5,13.3
2025-03-27 04:00:00,276.5708,47.5,13.3
2025-03-27 05:00:00,276.39355,47.5,13.3
2025-03-27 06:00:00,276.10327,47.5,13.3
2025-03-27 07:00:00,276.01074,47.5,13.3
2025-03-27 08:00:00,276.38135,47.5,13.3
2025-03-27 09:00:00,276.70215,47.5,13.3
2025-03-27 10:00:00,277.78955,47.5,13.3
2025-03-27 11:00:00,278.34155,47.5,13.3
2025-03-27 12:00:00,278.96338,47.5,13.3
2025-03-27 13:00:00,279.2334,47.5,13.3
2025-03-27 14:00:00,279.29224,47.5,13.3
2025-03-27 15:00:00,279.1853,47.5,13.3
2025-03-27 16:00:00,278.75244,47.5,13.3
2025-03-27 17:00:00,278.23828,47.5,13.3
2025-03-27 18:00:00,277.21582,47.5,13.3
2025-03-27 19:00:00,276.85815,47.5,13.3
2025-03-27 20:00:00,276.53662,47.5,13.3
2025-03-27 21:00:00,276.07446,47.5,13.3
2025-03-27 22:00:00,275.3423,47.5,13.3
2025-03-27 23:00:00,275.11182,47.5,13.3
2025-03-28 00:00:00,274.7483,47.5,13.3
2025-03-28 01:00:00,273.8806,47.5,13.3
2025-03-28 02:00:00,273.71143,47.5,13.3
2025-03-28 03:00:00,273.58887,47.5,13.3
2025-03-28 04:00:00,273.69336,47.5,13.3
2025-03-28 05:00:00,273.59375,47.5,13.3
2025-03-28 06:00:00,273.6975,47.5,13.3
2025-03-28 07:00:00,274.4077,47.5,13.3
2025-03-28 08:00:00,276.19507,47.5,13.3
2025-03-28 09:00:00,277.45776,47.5,13.3
2025-03-28 10:00:00,280.14844,47.5,13.3
2025-03-28 11:00:00,281.57056,47.5,13.3
2025-03-28 12:00:00,282.5791,47.5,13.3
2025-03-28 13:00:00,282.50366,47.5,13.3
2025-03-28 14:00:00,281.69067,47.5,13.3
2025-03-28 15:00:00,280.76,47.5,13.3
2025-03-28 16:00:00,279.9707,47.5,13.3
2025-03-28 17:00:00,279.3584,47.5,13.3
2025-03-28 18:00:00,278.4292,47.5,13.3
2025-03-28 19:00:00,278.24146,47.5,13.3
2025-03-28 20:00:00,277.75342,47.5,13.3
2025-03-28 21:00:00,277.5962,47.5,13.3
2025-03-28 22:00:00,277.43555,47.5,13.3
2025-03-28 23:00:00,277.05908,47.5,13.3
2025-03-29 00:00:00,276.7788,47.5,13.3
2025-03-29 01:00:00,276.40283,47.5,13.3
2025-03-29 02:00:00,276.0332,47.5,13.3
2025-03-29 03:00:00,275.69287,47.5,13.3
2025-03-29 04:00:00,275.44238,47.5,13.3
2025-03-29 05:00:00,275.2119,47.5,13.3
2025-03-29 06:00:00,275.3379,47.5,13.3
2025-03-29 07:00:00,275.4475,47.5,13.3
2025-03-29 08:00:00,275.56714,47.5,13.3
2025-03-29 09:00:00,275.87793,47.5,13.3
2025-03-29 10:00:00,276.21704,47.5,13.3
2025-03-29 11:00:00,275.96338,47.5,13.3
2025-03-29 12:00:00,275.84155,47.5,13.3
2025-03-29 13:00:00,275.50586,47.5,13.3
2025-03-29 14:00:00,275.51294,47.5,13.3
2025-03-29 15:00:00,275.12256,47.5,13.3
2025-03-29 16:00:00,274.97778,47.5,13.3
2025-03-29 17:00:00,274.81714,47.5,13.3
2025-03-29 18:00:00,274.58643,47.5,13.3
2025-03-29 19:00:00,274.43555,47.5,13.3
2025-03-29 20:00:00,274.42578,47.5,13.3
2025-03-29 21:00:00,274.56616,47.5,13.3
2025-03-29 22:00:00,274.44214,47.5,13.3
2025-03-29 23:00:00,274.3933,47.5,13.3
2025-03-30 00:00:00,274.3269,47.5,13.3
2025-03-30 01:00:00,274.3943,47.5,13.3
2025-03-30 02:00:00,274.4519,47.5,13.3
2025-03-30 03:00:00,274.49,47.5,13.3
2025-03-30 04:00:00,274.56104,47.5,13.3
2025-03-30 05:00:00,274.6621,47.5,13.3
2025-03-30 06:00:00,274.62305,47.5,13.3
2025-03-30 07:00:00,275.01733,47.5,13.3
2025-03-30 08:00:00,275.4226,47.5,13.3
2025-03-30 09:00:00,276.68945,47.5,13.3
2025-03-30 10:00:00,277.11084,47.5,13.3
2025-03-30 11:00:00,278.7229,47.5,13.3
2025-03-30 12:00:00,280.0923,47.5,13.3
2025-03-30 13:00:00,280.74292,47.5,13.3
2025-03-30 14:00:00,281.07056,47.5,13.3
2025-03-30 15:00:00,281.09985,47.5,13.3
2025-03-30 16:00:00,280.6306,47.5,13.3
2025-03-30 17:00:00,279.59717,47.5,13.3
2025-03-30 18:00:00,278.7976,47.5,13.3
2025-03-30 19:00:00,277.68945,47.5,13.3
2025-03-30 20:00:00,276.4973,47.5,13.3
2025-03-30 21:00:00,275.1338,47.5,13.3
2025-03-30 22:00:00,274.7505,47.5,13.3
2025-03-30 23:00:00,274.78076,47.5,13.3
2025-03-31 00:00:00,274.2207,47.5,13.3
2025-03-31 01:00:00,273.41016,47.5,13.3
2025-03-31 02:00:00,273.3047,47.5,13.3
2025-03-31 03:00:00,272.99902,47.5,13.3
2025-03-31 04:00:00,272.77588,47.5,13.3
2025-03-31 05:00:00,272.79736,47.5,13.3
2025-03-31 06:00:00,272.44434,47.5,13.3
2025-03-31 07:00:00,272.46558,47.5,13.3
2025-03-31 08:00:00,273.37915,47.5,13.3
2025-03-31 09:00:00,273.82788,47.5,13.3
2025-03-31 10:00:00,274.40283,47.5,13.3
2025-03-31 11:00:00,273.89307,47.5,13.3
2025-03-31 12:00:00,274.1189,47.5,13.3
2025-03-31 13:00:00,274.61743,47.5,13.3
2025-03-31 14:00:00,274.7107,47.5,13.3
2025-03-31 15:00:00,274.42188,47.5,13.3
2025-03-31 16:00:00,273.8484,47.5,13.3
2025-03-31 17:00:00,273.5503,47.5,13.3
2025-03-31 18:00:00,273.13647,47.5,13.3
2025-03-31 19:00:00,273.114,47.5,13.3
2025-03-31 20:00:00,273.02783,47.5,13.3
2025-03-31 21:00:00,272.64795,47.5,13.3
2025-03-31 22:00:00,272.00854,47.5,13.3
2025-03-31 23:00:00,272.36572,47.5,13.3
2025-04-01 00:00:00,272.01367,47.5,13.3
2025-04-01 01:00:00,272.0442,47.5,13.3
2025-04-01 02:00:00,272.12085,47.5,13.3
2025-04-01 03:00:00,272.12256,47.5,13.3
2025-04-01 04:00:00,272.10034,47.5,13.3
2025-04-01 05:00:00,271.9895,47.5,13.3
2025-04-01 06:00:00,271.89746,47.5,13.3
2025-04-01 07:00:00,272.14502,47.5,13.3
2025-04-01 08:00:00,272.78638,47.5,13.3
2025-04-01 09:00:00,273.17578,47.5,13.3
2025-04-01 10:00:00,273.96997,47.5,13.3
2025-04-01 11:00:00,275.23022,47.5,13.3
2025-04-01 12:00:00,275.98853,47.5,13.3
2025-04-01 13:00:00,276.7085,47.5,13.3
2025-04-01 14:00:00,276.55176,47.5,13.3
2025-04-01 15:00:00,276.5,47.5,13.3
2025-04-01 16:00:00,275.9873,47.5,13.3
2025-04-01 17:00:00,275.70142,47.5,13.3
2025-04-01 18:00:00,275.1211,47.5,13.3
2025-04-01 19:00:00,275.19336,47.5,13.3
2025-04-01 20:00:00,275.17578,47.5,13.3
2025-04-01 21:00:00,274.9973,47.5,13.3
2025-04-01 22:00:00,274.5913,47.5,13.3
2025-04-01 23:00:00,274.57056,47.5,13.3
2025-04-02 00:00:00,274.48584,47.5,13.3
2025-04-02 01:00:00,274.3098,47.5,13.3
2025-04-02 02:00:00,274.13037,47.5,13.3
2025-04-02 03:00:00,274.06055,47.5,13.3
2025-04-02 04:00:00,273.3711,47.5,13.3
2025-04-02 05:00:00,272.54492,47.5,13.3
2025-04-02 06:00:00,273.06226,47.5,13.3
2025-04-02 07:00:00,275.37817,47.5,13.3
2025-04-02 08:00:00,277.63745,47.5,13.3
2025-04-02 09:00:00,279.2068,47.5,13.3
2025-04-02 10:00:00,282.14722,47.5,13.3
2025-04-02 11:00:00,282.53076,47.5,13.3
2025-04-02 12:00:00,283.57324,47.5,13.3
2025-04-02 13:00:00,283.54272,47.5,13.3
2025-04-02 14:00:00,283.7544,47.5,13.3
2025-04-02 15:00:00,283.1565,47.5,13.3
2025-04-02 16:00:00,281.89844,47.5,13.3
2025-04-02 17:00:00,280.3777,47.5,13.3
2025-04-02 18:00:00,278.05762,47.5,13.3
2025-04-02 19:00:00,276.71143,47.5,13.3
2025-04-02 20:00:00,275.9607,47.5,13.3
2025-04-02 21:00:00,275.26978,47.5,13.3
2025-04-02 22:00:00,275.70117,47.5,13.3
2025-04-02 23:00:00,275.77393,47.5,13.3
2025-04-03 00:00:00,275.63208,47.5,13.3
2025-04-03 01:00:00,275.88794,47.5,13.3
2025-04-03 02:00:00,274.87378,47.5,13.3
2025-04-03 03:00:00,274.3457,47.5,13.3
2025-04-03 04:00:00,273.63525,47.5,13.3
2025-04-03 05:00:00,273.25024,47.5,13.3
2025-04-03 06:00:00,274.6416,47.5,13.3
2025-04-03 07:00:00,277.70776,47.5,13.3
2025-04-03 08:00:00,280.39087,47.5,13.3
2025-04-03 09:00:00,282.46436,47.5,13.3
2025-04-03 10:00:00,284.93262,47.5,13.3
2025-04-03 11:00:00,286.23706,47.5,13.3
2025-04-03 12:00:00,287.17798,47.5,13.3
2025-04-03 13:00:00,287.5791,47.5,13.3
2025-04-03 14:00:00,287.67725,47.5,13.3
2025-04-03 15:00:00,287.24365,47.5,13.3
2025-04-03 16:00:00,285.9275,47.5,13.3
2025-04-03 17:00:00,284.14893,47.5,13.3
2025-04-03 18:00:00,281.92944,47.5,13.3
2025-04-03 19:00:00,281.92822,47.5,13.3
2025-04-03 20:00:00,280.67017,47.5,13.3
2025-04-03 21:00:00,279.7129,47.5,13.3
2025-04-03 22:00:00,277.54614,47.5,13.3
2025-04-03 23:00:00,275.71704,47.5,13.3
2025-04-04 00:00:00,274.8379,47.5,13.3
2025-04-04 01:00:00,274.3557,47.5,13.3
2025-04-04 02:00:00,273.85547,47.5,13.3
2025-04-04 03:00:00,273.33887,47.5,13.3
2025-04-04 04:00:00,273.09912,47.5,13.3
2025-04-04 05:00:00,273.22754,47.5,13.3
2025-04-04 06:00:00,275.136,47.5,13.3
2025-04-04 07:00:00,278.9087,47.5,13.3
2025-04-04 08:00:00,281.57104,47.5,13.3
2025-04-04 09:00:00,284.06128,47.5,13.3
2025-04-04 10:00:00,286.09912,47.5,13.3
2025-04-04 11:00:00,287.45532,47.5,13.3
2025-04-04 12:00:00,288.39307,47.5,13.3
2025-04-04 13:00:00,289.1167,47.5,13.3
2025-04-04 14:00:00,289.47778,47.5,13.3
2025-04-04 15:00:00,289.0415,47.5,13.3
2025-04-04 16:00:00,288.0857,47.5,13.3
2025-04-04 17:00:00,286.26416,47.5,13.3
2025-04-04 18:00:00,283.73706,47.5,13.3
2025-04-04 19:00:00,282.59277,47.5,13.3
2025-04-04 20:00:00,280.57495,47.5,13.3
2025-04-04 21:00:00,279.0691,47.5,13.3
2025-04-04 22:00:00,277.81885,47.5,13.3
2025-04-04 23:00:00,277.2307,47.5,13.3
2025-04-05 00:00:00,276.63843,47.5,13.3
2025-04-05 01:00:00,275.03638,47.5,13.3
2025-04-05 02:00:00,274.63965,47.5,13.3
2025-04-05 03:00:00,274.4121,47.5,13.3
2025-04-05 04:00:00,274.3103,47.5,13.3
2025-04-05 05:00:00,274.21655,47.5,13.3
2025-04-05 06:00:00,275.91797,47.5,13.3
2025-04-05 07:00:00,279.53687,47.5,13.3
2025-04-05 08:00:00,282.1018,47.5,13.3
2025-04-05 09:00:00,284.01392,47.5,13.3
2025-04-05 10:00:00,285.93994,47.5,13.3
2025-04-05 11:00:00,286.97998,47.5,13.3
2025-04-05 12:00:00,287.36523,47.5,13.3
2025-04-05 13:00:00,287.54004,47.5,13.3
2025-04-05 14:00:00,287.08643,47.5,13.3
2025-04-05 15:00:00,286.20874,47.5,13.3
2025-04-05 16:00:00,285.16528,47.5,13.3
2025-04-05 17:00:00,284.29248,47.5,13.3
2025-04-05 18:00:00,281.92334,47.5,13.3
2025-04-05 19:00:00,280.51123,47.5,13.3
2025-04-05 20:00:00,279.885,47.5,13.3
2025-04-05 21:00:00,279.167,47.5,13.3
2025-04-05 22:00:00,278.11792,47.5,13.3
2025-04-05 23:00:00,277.44995,47.5,13.3
2025-04-06 00:00:00,276.25977,47.5,13.3
2025-04-06 01:00:00,274.9519,47.5,13.3
2025-04-06 02:00:00,273.78076,47.5,13.3
2025-04-06 03:00:00,273.12622,47.5,13.3
2025-04-06 04:00:00,272.14844,47.5,13.3
2025-04-06 05:00:00,271.59058,47.5,13.3
2025-04-06 06:00:00,271.2024,47.5,13.3
2025-04-06 07:00:00,271.75342,47.5,13.3
2025-04-06 08:00:00,272.80322,47.5,13.3
2025-04-06 09:00:00,273.9619,47.5,13.3
2025-04-06 10:00:00,274.96045,47.5,13.3
2025-04-06 11:00:00,275.88257,47.5,13.3
2025-04-06 12:00:00,276.53613,47.5,13.3
2025-04-06 13:00:00,276.88892,47.5,13.3
2025-04-06 14:00:00,277.0376,47.5,13.3
2025-04-06 15:00:00,276.7268,47.5,13.3
2025-04-06 16:00:00,276.03638,47.5,13.3
2025-04-06 17:00:00,275.10913,47.5,13.3
2025-04-06 18:00:00,273.57983,47.5,13.3
2025-04-06 19:00:00,272.24072,47.5,13.3
2025-04-06 20:00:00,271.26318,47.5,13.3
2025-04-06 21:00:00,270.698,47.5,13.3
2025-04-06 22:00:00,270.09692,47.5,13.3
2025-04-06 23:00:00,269.8203,47.5,13.3
2025-04-07 00:00:00,269.74243,47.5,13.3
2025-04-07 01:00:00,269.43408,47.5,13.3
2025-04-07 02:00:00,269.33472,47.5,13.3
2025-04-07 03:00:00,269.031,47.5,13.3
2025-04-07 04:00:00,268.65405,47.5,13.3
2025-04-07 05:00:00,268.3125,47.5,13.3
2025-04-07 06:00:00,269.86963,47.5,13.3
2025-04-07 07:00:00,272.0066,47.5,13.3
2025-04-07 08:00:00,273.8794,47.5,13.3
2025-04-07 09:00:00,275.46094,47.5,13.3
2025-04-07 10:00:00,276.88965,47.5,13.3
2025-04-07 11:00:00,277.7505,47.5,13.3
2025-04-07 12:00:00,278.54102,47.5,13.3
2025-04-07 13:00:00,278.74097,47.5,13.3
2025-04-07 14:00:00,278.88647,47.5,13.3
2025-04-07 15:00:00,278.42896,47.5,13.3
2025-04-07 16:00:00,277.57666,47.5,13.3
2025-04-07 17:00:00,276.37134,47.5,13.3
2025-04-07 18:00:00,274.6953,47.5,13.3
2025-04-07 19:00:00,275.1189,47.5,13.3
2025-04-07 20:00:00,275.05786,47.5,13.3
2025-04-07 21:00:00,274.7661,47.5,13.3
2025-04-07 22:00:00,274.0183,47.5,13.3
2025-04-07 23:00:00,273.68555,47.5,13.3
2025-04-08 00:00:00,273.45898,47.5,13.3
2025-04-08 01:00:00,273.0454,47.5,13.3
2025-04-08 02:00:00,272.80908,47.5,13.3
2025-04-08 03:00:00,272.38306,47.5,13.3
2025-04-08 04:00:00,271.92993,47.5,13.3
2025-04-08 05:00:00,271.5691,47.5,13.3
2025-04-08 06:00:00,272.43018,47.5,13.3
2025-04-08 07:00:00,273.87817,47.5,13.3
2025-04-08 08:00:00,275.93408,47.5,13.3
2025-04-08 09:00:00,277.82886,47.5,13.3
2025-04-08 10:00:00,279.45996,47.5,13.3
2025-04-08 11:00:00,279.97485,47.5,13.3
2025-04-08 12:00:00,280.1167,47.5,13.3
2025-04-08 13:00:00,280.79492,47.5,13.3
2025-04-08 14:00:00,280.87695,47.5,13.3
2025-04-08 15:00:00,280.7019,47.5,13.3
2025-04-08 16:00:00,280.02832,47.5,13.3
2025-04-08 17:00:00,279.03296,47.5,13.3
2025-04-08 18:00:00,278.36963,47.5,13.3
2025-04-08 19:00:00,277.09692,47.5,13.3
2025-04-08 20:00:00,276.01904,47.5,13.3
2025-04-08 21:00:00,274.479,47.5,13.3
2025-04-08 22:00:00,273.511,47.5,13.3
2025-04-08 23:00:00,273.13843,47.5,13.3
2025-04-09 00:00:00,272.29272,47.5,13.3
2025-04-09 01:00:00,271.66748,47.5,13.3
2025-04-09 02:00:00,271.35132,47.5,13.3
2025-04-09 03:00:00,271.23193,47.5,13.3
2025-04-09 04:00:00,270.97192,47.5,13.3
2025-04-09 05:00:00,270.8147,47.5,13.3
2025-04-09 06:00:00,273.09106,47.5,13.3
2025-04-09 07:00:00,275.87427,47.5,13.3
2025-04-09 08:00:00,277.8711,47.5,13.3
2025-04-09 09:00:00,280.02417,47.5,13.3
2025-04-09 10:00:00,281.5205,47.5,13.3
2025-04-09 11:00:00,281.93628,47.5,13.3
2025-04-09 12:00:00,281.54126,47.5,13.3
2025-04-09 13:00:00,281.2744,47.5,13.3
2025-04-09 14:00:00,281.0432,47.5,13.3
2025-04-09 15:00:00,280.69385,47.5,13.3
2025-04-09 16:00:00,279.8628,47.5,13.3
2025-04-09 17:00:00,278.71948,47.5,13.3
2025-04-09 18:00:00,277.83105,47.5,13.3
2025-04-09 19:00:00,277.48706,47.5,13.3
2025-04-09 20:00:00,276.52808,47.5,13.3
2025-04-09 21:00:00,275.98413,47.5,13.3
2025-04-09 22:00:00,275.0774,47.5,13.3
2025-04-09 23:00:00,274.49805,47.5,13.3
2025-04-10 00:00:00,274.29395,47.5,13.3
2025-04-10 01:00:00,274.2776,47.5,13.3
2025-04-10 02:00:00,274.34644,47.5,13.3
2025-04-10 03:00:00,274.20386,47.5,13.3
2025-04-10 04:00:00,274.41113,47.5,13.3
2025-04-10 05:00:00,274.8811,47.5,13.3
2025-04-10 06:00:00,275.94995,47.5,13.3
2025-04-10 07:00:00,276.73877,47.5,13.3
2025-04-10 08:00:00,277.73438,47.5,13.3
2025-04-10 09:00:00,278.77417,47.5,13.3
2025-04-10 10:00:00,280.1765,47.5,13.3
2025-04-10 11:00:00,281.03394,47.5,13.3
2025-04-10 12:00:00,281.71777,47.5,13.3
2025-04-10 13:00:00,282.49927,47.5,13.3
2025-04-10 14:00:00,282.70483,47.5,13.3
2025-04-10 15:00:00,282.46558,47.5,13.3
2025-04-10 16:00:00,281.88135,47.5,13.3
2025-04-10 17:00:00,281.43652,47.5,13.3
2025-04-10 18:00:00,280.2798,47.5,13.3
2025-04-10 19:00:00,278.91797,47.5,13.3
2025-04-10 20:00:00,277.31787,47.5,13.3
2025-04-10 21:00:00,275.92188,47.5,13.3
2025-04-10 22:00:00,274.7683,47.5,13.3
2025-04-10 23:00:00,274.56738,47.5,13.3
2025-04-11 00:00:00,274.60156,47.5,13.3
2025-04-11 01:00:00,274.82104,47.5,13.3
2025-04-11 02:00:00,274.45068,47.5,13.3
2025-04-11 03:00:00,273.9297,47.5,13.3
2025-04-11 04:00:00,273.5337,47.5,13.3
2025-04-11 05:00:00,273.6643,47.5,13.3
2025-04-11 06:00:00,276.35596,47.5,13.3
2025-04-11 07:00:00,280.01465,47.5,13.3
2025-04-11 08:00:00,282.43115,47.5,13.3
2025-04-11 09:00:00,284.3186,47.5,13.3
2025-04-11 10:00:00,286.22217,47.5,13.3
2025-04-11 11:00:00,287.2412,47.5,13.3
2025-04-11 12:00:00,287.90918,47.5,13.3
2025-04-11 13:00:00,288.45264,47.5,13.3
2025-04-11 14:00:00,288.51196,47.5,13.3
2025-04-11 15:00:00,288.02905,47.5,13.3
2025-04-11 16:00:00,286.99072,47.5,13.3
2025-04-11 17:00:00,285.63867,47.5,13.3
2025-04-11 18:00:00,283.24463,47.5,13.3
2025-04-11 19:00:00,282.05908,47.5,13.3
2025-04-11 20:00:00,280.96387,47.5,13.3
2025-04-11 21:00:00,281.43604,47.5,13.3
2025-04-11 22:00:00,282.51685,47.5,13.3
2025-04-11 23:00:00,281.2019,47.5,13.3
2025-04-12 00:00:00,279.1985,47.5,13.3
2025-04-12 01:00:00,278.0703,47.5,13.3
2025-04-12 02:00:00,277.04565,47.5,13.3
2025-04-12 03:00:00,276.49072,47.5,13.3
2025-04-12 04:00:00,276.04004,47.5,13.3
2025-04-12 05:00:00,276.20923,47.5,13.3
2025-04-12 06:00:00,278.27905,47.5,13.3
2025-04-12 07:00:00,282.15527,47.5,13.3
2025-04-12 08:00:00,285.07056,47.5,13.3
2025-04-12 09:00:00,287.3545,47.5,13.3
2025-04-12 10:00:00,289.38452,47.5,13.3
2025-04-12 11:00:00,290.71045,47.5,13.3
2025-04-12 12:00:00,291.62964,47.5,13.3
2025-04-12 13:00:00,292.4131,47.5,13.3
2025-04-12 14:00:00,292.45142,47.5,13.3
2025-04-12 15:00:00,292.37305,47.5,13.3
2025-04-12 16:00:00,291.25464,47.5,13.3
2025-04-12 17:00:00,289.2798,47.5,13.3
2025-04-12 18:00:00,286.2539,47.5,13.3
2025-04-12 19:00:00,284.10742,47.5,13.3
2025-04-12 20:00:00,282.39478,47.5,13.3
2025-04-12 21:00:00,281.30396,47.5,13.3
2025-04-12 22:00:00,280.4773,47.5,13.3
2025-04-12 23:00:00,279.4541,47.5,13.3
2025-04-13 00:00:00,278.4712,47.5,13.3
2025-04-13 01:00:00,278.10864,47.5,13.3
2025-04-13 02:00:00,277.7854,47.5,13.3
2025-04-13 03:00:00,277.94556,47.5,13.3
2025-04-13 04:00:00,277.56055,47.5,13.3
2025-04-13 05:00:00,277.4319,47.5,13.3
2025-04-13 06:00:00,279.19067,47.5,13.3
2025-04-13 07:00:00,281.57178,47.5,13.3
2025-04-13 08:00:00,283.59448,47.5,13.3
2025-04-13 09:00:00,285.05762,47.5,13.3
2025-04-13 10:00:00,286.5901,47.5,13.3
2025-04-13 11:00:00,286.42432,47.5,13.3
2025-04-13 12:00:00,285.72095,47.5,13.3
2025-04-13 13:00:00,286.11792,47.5,13.3
2025-04-13 14:00:00,286.42627,47.5,13.3
2025-04-13 15:00:00,285.91992,47.5,13.3
2025-04-13 16:00:00,285.80078,47.5,13.3
2025-04-13 17:00:00,285.00977,47.5,13.3
2025-04-13 18:00:00,284.32568,47.5,13.3
2025-04-13 19:00:00,282.49902,47.5,13.3
2025-04-13 20:00:00,280.5547,47.5,13.3
2025-04-13 21:00:00,279.26294,47.5,13.3
2025-04-13 22:00:00,279.56104,47.5,13.3
2025-04-13 23:00:00,278.8164,47.5,13.3
2025-04-14 00:00:00,278.73242,47.5,13.3
2025-04-14 01:00:00,277.92627,47.5,13.3
2025-04-14 02:00:00,277.239,47.5,13.3
2025-04-14 03:00:00,276.83765,47.5,13.3
2025-04-14 04:00:00,276.45288,47.5,13.3
2025-04-14 05:00:00,276.3374,47.5,13.3
2025-04-14 06:00:00,278.3933,47.5,13.3
2025-04-14 07:00:00,281.3181,47.5,13.3
2025-04-14 08:00:00,284.6577,47.5,13.3
2025-04-14 09:00:00,287.11255,47.5,13.3
2025-04-14 10:00:00,288.77954,47.5,13.3
2025-04-14 11:00:00,290.16675,47.5,13.3
2025-04-14 12:00:00,290.8452,47.5,13.3
2025-04-14 13:00:00,291.6377,47.5,13.3
2025-04-14 14:00:00,291.62354,47.5,13.3
2025-04-14 15:00:00,290.8645,47.5,13.3
2025-04-14 16:00:00,289.55713,47.5,13.3
2025-04-14 17:00:00,288.20508,47.5,13.3
2025-04-14 18:00:00,286.73145,47.5,13.3
2025-04-14 19:00:00,285.46362,47.5,13.3
2025-04-14 20:00:00,284.5669,47.5,13.3
2025-04-14 21:00:00,283.67188,47.5,13.3
2025-04-14 22:00:00,283.38745,47.5,13.3
2025-04-14 23:00:00,283.00952,47.5,13.3
2025-04-15 00:00:00,282.48438,47.5,13.3
2025-04-15 01:00:00,281.96777,47.5,13.3
2025-04-15 02:00:00,281.729,47.5,13.3
2025-04-15 03:00:00,281.48413,47.5,13.3
2025-04-15 04:00:00,281.27686,47.5,13.3
2025-04-15 05:00:00,281.41528,47.5,13.3
2025-04-15 06:00:00,282.5315,47.5,13.3
2025-04-15 07:00:00,284.08813,47.5,13.3
2025-04-15 08:00:00,285.20264,47.5,13.3
2025-04-15 09:00:00,286.17236,47.5,13.3
2025-04-15 10:00:00,287.6665,47.5,13.3
2025-04-15 11:00:00,288.7798,47.5,13.3
2025-04-15 12:00:00,289.22412,47.5,13.3
2025-04-15 13:00:00,289.0608,47.5,13.3
2025-04-15 14:00:00,288.52344,47.5,13.3
2025-04-15 15:00:00,288.64502,47.5,13.3
2025-04-15 16:00:00,288.83716,47.5,13.3
2025-04-15 17:00:00,288.0481,47.5,13.3
2025-04-15 18:00:00,286.05908,47.5,13.3
2025-04-15 19:00:00,284.99,47.5,13.3
2025-04-15 20:00:00,284.06128,47.5,13.3
2025-04-15 21:00:00,283.5796,47.5,13.3
2025-04-15 22:00:00,282.39648,47.5,13.3
2025-04-15 23:00:00,281.77246,47.5,13.3
2025-04-16 00:00:00,281.594,47.5,13.3
2025-04-16 01:00:00,280.70703,47.5,13.3
2025-04-16 02:00:00,280.59985,47.5,13.3
2025-04-16 03:00:00,280.1621,47.5,13.3
2025-04-16 04:00:00,280.26807,47.5,13.3
2025-04-16 05:00:00,280.49683,47.5,13.3
2025-04-16 06:00:00,282.44067,47.5,13.3
2025-04-16 07:00:00,284.7688,47.5,13.3
2025-04-16 08:00:00,287.81274,47.5,13.3
2025-04-16 09:00:00,290.3872,47.5,13.3
2025-04-16 10:00:00,291.1858,47.5,13.3
2025-04-16 11:00:00,291.77905,47.5,13.3
2025-04-16 12:00:00,291.95435,47.5,13.3
2025-04-16 13:00:00,291.88916,47.5,13.3
2025-04-16 14:00:00,291.44287,47.5,13.3
2025-04-16 15:00:00,290.5232,47.5,13.3
2025-04-16 16:00:00,290.0044,47.5,13.3
2025-04-16 17:00:00,288.29346,47.5,13.3
2025-04-16 18:00:00,287.39795,47.5,13.3
2025-04-16 19:00:00,286.51904,47.5,13.3
2025-04-16 20:00:00,286.05664,47.5,13.3
2025-04-16 21:00:00,285.4912,47.5,13.3
2025-04-16 22:00:00,284.73364,47.5,13.3
2025-04-16 23:00:00,284.4563,47.5,13.3
2025-04-17 00:00:00,284.17798,47.5,13.3
2025-04-17 01:00:00,283.54297,47.5,13.3
2025-04-17 02:00:00,283.59277,47.5,13.3
2025-04-17 03:00:00,283.22046,47.5,13.3
2025-04-17 04:00:00,283.07837,47.5,13.3
2025-04-17 05:00:00,282.99634,47.5,13.3
2025-04-17 06:00:00,283.77197,47.5,13.3
2025-04-17 07:00:00,284.8435,47.5,13.3
2025-04-17 08:00:00,286.49,47.5,13.3
2025-04-17 09:00:00,287.82275,47.5,13.3
2025-04-17 10:00:00,288.8391,47.5,13.3
2025-04-17 11:00:00,289.2434,47.5,13.3
2025-04-17 12:00:00,288.88745,47.5,13.3
2025-04-17 13:00:00,287.90454,47.5,13.3
2025-04-17 14:00:00,287.1006,47.5,13.3
2025-04-17 15:00:00,286.50195,47.5,13.3
2025-04-17 16:00:00,285.54028,47.5,13.3
2025-04-17 17:00:00,284.76367,47.5,13.3
2025-04-17 18:00:00,282.97266,47.5,13.3
2025-04-17 19:00:00,282.34766,47.5,13.3
2025-04-17 20:00:00,282.6604,47.5,13.3
2025-04-17 21:00:00,281.9319,47.5,13.3
2025-04-17 22:00:00,279.63574,47.5,13.3
2025-04-17 23:00:00,279.61206,47.5,13.3
2025-04-18 00:00:00,279.3767,47.5,13.3
2025-04-18 01:00:00,279.125,47.5,13.3
2025-04-18 02:00:00,279.0918,47.5,13.3
2025-04-18 03:00:00,279.1433,47.5,13.3
2025-04-18 04:00:00,278.9463,47.5,13.3
2025-04-18 05:00:00,278.4724,47.5,13.3
2025-04-18 06:00:00,277.8208,47.5,13.3
2025-04-18 07:00:00,277.28442,47.5,13.3
2025-04-18 08:00:00,276.49536,47.5,13.3
2025-04-18 09:00:00,276.4995,47.5,13.3
2025-04-18 10:00:00,278.5796,47.5,13.3
2025-04-18 11:00:00,278.0083,47.5,13.3
2025-04-18 12:00:00,278.45605,47.5,13.3
2025-04-18 13:00:00,279.05713,47.5,13.3
2025-04-18 14:00:00,278.85278,47.5,13.3
2025-04-18 15:00:00,279.1045,47.5,13.3
2025-04-18 16:00:00,279.18604,47.5,13.3
2025-04-18 17:00:00,278.84326,47.5,13.3
2025-04-18 18:00:00,278.8059,47.5,13.3
2025-04-18 19:00:00,278.4558,47.5,13.3
2025-04-18 20:00:00,278.16284,47.5,13.3
2025-04-18 21:00:00,277.38843,47.5,13.3
2025-04-18 22:00:00,277.59473,47.5,13.3
2025-04-18 23:00:00,277.30737,47.5,13.3
2025-04-19 00:00:00,277.38672,47.5,13.3
2025-04-19 01:00:00,277.18335,47.5,13.3
2025-04-19 02:00:00,276.20654,47.5,13.3
2025-04-19 03:00:00,275.61377,47.5,13.3
2025-04-19 04:00:00,275.47437,47.5,13.3
2025-04-19 05:00:00,276.22974,47.5,13.3
2025-04-19 06:00:00,277.85034,47.5,13.3
2025-04-19 07:00:00,280.07446,47.5,13.3
2025-04-19 08:00:00,282.36914,47.5,13.3
2025-04-19 09:00:00,284.83057,47.5,13.3
2025-04-19 10:00:00,286.92163,47.5,13.3
2025-04-19 11:00:00,288.39355,47.5,13.3
2025-04-19 12:00:00,289.33887,47.5,13.3
2025-04-19 13:00:00,290.15356,47.5,13.3
2025-04-19 14:00:00,290.96997,47.5,13.3
2025-04-19 15:00:00,290.48853,47.5,13.3
2025-04-19 16:00:00,289.5415,47.5,13.3
2025-04-19 17:00:00,287.9839,47.5,13.3
2025-04-19 18:00:00,286.90112,47.5,13.3
2025-04-19 19:00:00,285.22046,47.5,13.3
2025-04-19 20:00:00,282.10913,47.5,13.3
2025-04-19 21:00:00,280.87402,47.5,13.3
2025-04-19 22:00:00,279.99023,47.5,13.3
2025-04-19 23:00:00,279.87305,47.5,13.3
2025-04-20 00:00:00,279.63892,47.5,13.3
2025-04-20 01:00:00,279.52954,47.5,13.3
2025-04-20 02:00:00,279.3025,47.5,13.3
2025-04-20 03:00:00,279.08325,47.5,13.3
2025-04-20 04:00:00,278.34033,47.5,13.3
2025-04-20 05:00:00,278.45752,47.5,13.3
2025-04-20 06:00:00,280.4873,47.5,13.3
2025-04-20 07:00:00,283.4939,47.5,13.3
2025-04-20 08:00:00,286.46704,47.5,13.3
2025-04-20 09:00:00,288.94116,47.5,13.3
2025-04-20 10:00:00,290.33667,47.5,13.3
2025-04-20 11:00:00,291.70483,47.5,13.3
2025-04-20 12:00:00,292.54663,47.5,13.3
2025-04-20 13:00:00,293.21973,47.5,13.3
2025-04-20 14:00:00,293.2307,47.5,13.3
2025-04-20 15:00:00,292.479,47.5,13.3
2025-04-20 16:00:00,291.66626,47.5,13.3
2025-04-20 17:00:00,289.86914,47.5,13.3
2025-04-20 18:00:00,287.74048,47.5,13.3
2025-04-20 19:00:00,285.76074,47.5,13.3
2025-04-20 20:00:00,283.68408,47.5,13.3
2025-04-20 21:00:00,281.8203,47.5,13.3
2025-04-20 22:00:00,280.21045,47.5,13.3
2025-04-20 23:00:00,280.45044,47.5,13.3
2025-04-21 00:00:00,280.15234,47.5,13.3
2025-04-21 01:00:00,279.79492,47.5,13.3
2025-04-21 02:00:00,279.75366,47.5,13.3
2025-04-21 03:00:00,279.5703,47.5,13.3
2025-04-21 04:00:00,279.57275,47.5,13.3
2025-04-21 05:00:00,278.7871,47.5,13.3
2025-04-21 06:00:00,280.38208,47.5,13.3
2025-04-21 07:00:00,282.17188,47.5,13.3
2025-04-21 08:00:00,284.6599,47.5,13.3
2025-04-21 09:00:00,286.77124,47.5,13.3
2025-04-21 10:00:00,288.66724,47.5,13.3
2025-04-21 11:00:00,289.50122,47.5,13.3
2025-04-21 12:00:00,289.5603,47.5,13.3
2025-04-21 13:00:00,288.4148,47.5,13.3
2025-04-21 14:00:00,287.7837,47.5,13.3
2025-04-21 15:00:00,287.78027,47.5,13.3
2025-04-21 16:00:00,286.91772,47.5,13.3
2025-04-21 17:00:00,285.38208,47.5,13.3
2025-04-21 18:00:00,284.0432,47.5,13.3
2025-04-21 19:00:00,283.37866,47.5,13.3
2025-04-21 20:00:00,282.11182,47.5,13.3
2025-04-21 21:00:00,281.4624,47.5,13.3
2025-04-21 22:00:00,282.87354,47.5,13.3
2025-04-21 23:00:00,282.78418,47.5,13.3
2025-04-22 00:00:00,282.5354,47.5,13.3
2025-04-22 01:00:00,282.2356,47.5,13.3
2025-04-22 02:00:00,282.47705,47.5,13.3
2025-04-22 03:00:00,282.1455,47.5,13.3
2025-04-22 04:00:00,282.1223,47.5,13.3
2025-04-22 05:00:00,281.39697,47.5,13.3
2025-04-22 06:00:00,281.02368,47.5,13.3
2025-04-22 07:00:00,281.30933,47.5,13.3
2025-04-22 08:00:00,281.8921,47.5,13.3
2025-04-22 09:00:00,282.5559,47.5,13.3
2025-04-22 10:00:00,283.68506,47.5,13.3
2025-04-22 11:00:00,284.52197,47.5,13.3
2025-04-22 12:00:00,285.27124,47.5,13.3
2025-04-22 13:00:00,286.17065,47.5,13.3
2025-04-22 14:00:00,285.93726,47.5,13.3
2025-04-22 15:00:00,285.8911,47.5,13.3
2025-04-22 16:00:00,285.77515,47.5,13.3
2025-04-22 17:00:00,285.10132,47.5,13.3
2025-04-22 18:00:00,284.07495,47.5,13.3
2025-04-22 19:00:00,284.3081,47.5,13.3
2025-04-22 20:00:00,283.5542,47.5,13.3
2025-04-22 21:00:00,282.52783,47.5,13.3
2025-04-22 22:00:00,282.9917,47.5,13.3
2025-04-22 23:00:00,282.65796,47.5,13.3
2025-04-23 00:00:00,282.20996,47.5,13.3
2025-04-23 01:00:00,281.35034,47.5,13.3
2025-04-23 02:00:00,280.58252,47.5,13.3
2025-04-23 03:00:00,280.42065,47.5,13.3
2025-04-23 04:00:00,280.4431,47.5,13.3
2025-04-23 05:00:00,279.79785,47.5,13.3
2025-04-23 06:00:00,281.2019,47.5,13.3
2025-04-23 07:00:00,282.59473,47.5,13.3
2025-04-23 08:00:00,284.3423,47.5,13.3
2025-04-23 09:00:00,285.7173,47.5,13.3
2025-04-23 10:00:00,285.77295,47.5,13.3
2025-04-23 11:00:00,286.65747,47.5,13.3
2025-04-23 12:00:00,287.57104,47.5,13.3
2025-04-23 13:00:00,288.10645,47.5,13.3
2025-04-23 14:00:00,289.2693,47.5,13.3
2025-04-23 15:00:00,289.49976,47.5,13.3
2025-04-23 16:00:00,289.354,47.5,13.3
2025-04-23 17:00:00,288.07178,47.5,13.3
2025-04-23 18:00:00,286.6665,47.5,13.3
2025-04-23 19:00:00,285.19946,47.5,13.3
2025-04-23 20:00:00,283.8606,47.5,13.3
2025-04-23 21:00:00,283.1692,47.5,13.3
2025-04-23 22:00:00,282.7058,47.5,13.3
2025-04-23 23:00:00,282.02466,47.5,13.3
2025-04-24 00:00:00,279.99097,47.5,13.3
2025-04-24 01:00:00,280.25537,47.5,13.3
2025-04-24 02:00:00,279.88232,47.5,13.3
2025-04-24 03:00:00,279.96484,47.5,13.3
2025-04-24 04:00:00,279.8313,47.5,13.3
2025-04-24 05:00:00,279.52612,47.5,13.3
2025-04-24 06:00:00,279.0564,47.5,13.3
2025-04-24 07:00:00,278.47437,47.5,13.3
2025-04-24 08:00:00,278.3562,47.5,13.3
2025-04-24 09:00:00,278.26367,47.5,13.3
2025-04-24 10:00:00,278.58862,47.5,13.3
2025-04-24 11:00:00,278.3623,47.5,13.3
2025-04-24 12:00:00,279.1228,47.5,13.3
2025-04-24 13:00:00,280.02344,47.5,13.3
2025-04-24 14:00:00,279.76245,47.5,13.3
2025-04-24 15:00:00,279.54028,47.5,13.3
2025-04-24 16:00:00,279.61206,47.5,13.3
2025-04-24 17:00:00,279.40308,47.5,13.3
2025-04-24 18:00:00,279.0371,47.5,13.3
2025-04-24 19:00:00,279.20703,47.5,13.3
2025-04-24 20:00:00,278.4265,47.5,13.3
2025-04-24 21:00:00,277.96948,47.5,13.3
2025-04-24 22:00:00,278.4143,47.5,13.3
2025-04-24 23:00:00,278.10303,47.5,13.3
2025-04-25 00:00:00,277.60083,47.5,13.3
2025-04-25 01:00:00,277.29126,47.5,13.3
2025-04-25 02:00:00,277.23047,47.5,13.3
2025-04-25 03:00:00,277.1582,47.5,13.3
2025-04-25 04:00:00,276.89795,47.5,13.3
2025-04-25 05:00:00,276.72803,47.5,13.3
2025-04-25 06:00:00,276.698,47.5,13.3
2025-04-25 07:00:00,276.91406,47.5,13.3
2025-04-25 08:00:00,277.01465,47.5,13.3
2025-04-25 09:00:00,277.89453,47.5,13.3
2025-04-25 10:00:00,279.17578,47.5,13.3
2025-04-25 11:00:00,280.4038,47.5,13.3
2025-04-25 12:00:00,278.8601,47.5,13.3
2025-04-25 13:00:00,277.7119,47.5,13.3
2025-04-25 14:00:00,278.0066,47.5,13.3
2025-04-25 15:00:00,278.46924,47.5,13.3
2025-04-25 16:00:00,278.60132,47.5,13.3
2025-04-25 17:00:00,278.30835,47.5,13.3
2025-04-25 18:00:00,278.41162,47.5,13.3
2025-04-25 19:00:00,278.5476,47.5,13.3
2025-04-25 20:00:00,278.53662,47.5,13.3
2025-04-25 21:00:00,278.53955,47.5,13.3
2025-04-25 22:00:00,278.135,47.5,13.3
2025-04-25 23:00:00,278.23193,47.5,13.3
2025-04-26 00:00:00,278.07642,47.5,13.3
2025-04-26 01:00:00,278.14697,47.5,13.3
2025-04-26 02:00:00,278.0879,47.5,13.3
2025-04-26 03:00:00,278.12598,47.5,13.3
2025-04-26 04:00:00,278.13623,47.5,13.3
2025-04-26 05:00:00,278.0747,47.5,13.3
2025-04-26 06:00:00,278.18555,47.5,13.3
2025-04-26 07:00:00,278.7561,47.5,13.3
2025-04-26 08:00:00,278.99756,47.5,13.3
2025-04-26 09:00:00,279.23022,47.5,13.3
2025-04-26 10:00:00,281.3413,47.5,13.3
2025-04-26 11:00:00,282.16772,47.5,13.3
2025-04-26 12:00:00,282.77368,47.5,13.3
2025-04-26 13:00:00,283.1814,47.5,13.3
2025-04-26 14:00:00,283.3291,47.5,13.3
2025-04-26 15:00:00,283.5996,47.5,13.3
2025-04-26 16:00:00,283.37256,47.5,13.3
2025-04-26 17:00:00,282.91846,47.5,13.3
2025-04-26 18:00:00,281.72583,47.5,13.3
2025-04-26 19:00:00,280.30933,47.5,13.3
2025-04-26 20:00:00,279.25757,47.5,13.3
2025-04-26 21:00:00,278.63818,47.5,13.3
2025-04-26 22:00:00,278.37207,47.5,13.3
2025-04-26 23:00:00,277.9165,47.5,13.3
2025-04-27 00:00:00,277.42798,47.5,13.3
2025-04-27 01:00:00,276.9602,47.5,13.3
2025-04-27 02:00:00,276.56323,47.5,13.3
2025-04-27 03:00:00,275.67798,47.5,13.3
2025-04-27 04:00:00,275.33423,47.5,13.3
2025-04-27 05:00:00,276.2373,47.5,13.3
2025-04-27 06:00:00,278.5796,47.5,13.3
2025-04-27 07:00:00,281.6333,47.5,13.3
2025-04-27 08:00:00,284.64722,47.5,13.3
2025-04-27 09:00:00,286.79443,47.5,13.3
2025-04-27 10:00:00,288.02368,47.5,13.3
2025-04-27 11:00:00,288.81348,47.5,13.3
2025-04-27 12:00:00,289.3623,47.5,13.3
2025-04-27 13:00:00,289.85522,47.5,13.3
2025-04-27 14:00:00,290.0022,47.5,13.3
2025-04-27 15:00:00,289.66113,47.5,13.3
2025-04-27 16:00:00,288.81152,47.5,13.3
2025-04-27 17:00:00,287.76782,47.5,13.3
2025-04-27 18:00:00,286.09106,47.5,13.3
2025-04-27 19:00:00,284.30005,47.5,13.3
2025-04-27 20:00:00,283.05322,47.5,13.3
2025-04-27 21:00:00,281.52148,47.5,13.3
2025-04-27 22:00:00,280.64307,47.5,13.3
2025-04-27 23:00:00,280.18945,47.5,13.3
2025-04-28 00:00:00,279.40454,47.5,13.3
2025-04-28 01:00:00,278.2185,47.5,13.3
2025-04-28 02:00:00,277.34937,47.5,13.3
2025-04-28 03:00:00,276.67725,47.5,13.3
2025-04-28 04:00:00,276.53833,47.5,13.3
2025-04-28 05:00:00,277.03906,47.5,13.3
2025-04-28 06:00:00,279.43628,47.5,13.3
2025-04-28 07:00:00,282.37305,47.5,13.3
2025-04-28 08:00:00,286.10596,47.5,13.3
2025-04-28 09:00:00,287.9995,47.5,13.3
2025-04-28 10:00:00,289.13965,47.5,13.3
2025-04-28 11:00:00,290.2019,47.5,13.3
2025-04-28 12:00:00,290.95215,47.5,13.3
2025-04-28 13:00:00,291.9192,47.5,13.3
2025-04-28 14:00:00,291.7246,47.5,13.3
2025-04-28 15:00:00,290.33032,47.5,13.3
2025-04-28 16:00:00,288.22168,47.5,13.3
2025-04-28 17:00:00,287.33228,47.5,13.3
2025-04-28 18:00:00,285.5586,47.5,13.3
2025-04-28 19:00:00,284.51343,47.5,13.3
2025-04-28 20:00:00,282.35913,47.5,13.3
2025-04-28 21:00:00,280.82446,47.5,13.3
2025-04-28 22:00:00,281.29956,47.5,13.3
2025-04-28 23:00:00,280.02808,47.5,13.3
2025-04-29 00:00:00,278.96045,47.5,13.3
2025-04-29 01:00:00,278.27466,47.5,13.3
2025-04-29 02:00:00,277.792,47.5,13.3
2025-04-29 03:00:00,277.3694,47.5,13.3
2025-04-29 04:00:00,276.91357,47.5,13.3
2025-04-29 05:00:00,278.3047,47.5,13.3
2025-04-29 06:00:00,282.0918,47.5,13.3
2025-04-29 07:00:00,285.1936,47.5,13.3
2025-04-29 08:00:00,287.3357,47.5,13.3
2025-04-29 09:00:00,288.2146,47.5,13.3
2025-04-29 10:00:00,290.09277,47.5,13.3
2025-04-29 11:00:00,291.29297,47.5,13.3
2025-04-29 12:00:00,291.53516,47.5,13.3
2025-04-29 13:00:00,291.60083,47.5,13.3
2025-04-29 14:00:00,291.33667,47.5,13.3
2025-04-29 15:00:00,291.2876,47.5,13.3
2025-04-29 16:00:00,290.79248,47.5,13.3
2025-04-29 17:00:00,289.25098,47.5,13.3
2025-04-29 18:00:00,288.812,47.5,13.3
2025-04-29 19:00:00,286.9214,47.5,13.3
2025-04-29 20:00:00,284.5735,47.5,13.3
2025-04-29 21:00:00,280.97314,47.5,13.3
2025-04-29 22:00:00,282.61182,47.5,13.3
2025-04-29 23:00:00,281.51416,47.5,13.3
2025-04-30 00:00:00,280.13916,47.5,13.3
2025-04-30 01:00:00,279.2881,47.5,13.3
2025-04-30 02:00:00,278.40503,47.5,13.3
2025-04-30 03:00:00,277.2671,47.5,13.3
2025-04-30 04:00:00,276.3147,47.5,13.3
2025-04-30 05:00:00,277.68042,47.5,13.3
2025-04-30 06:00:00,281.28516,47.5,13.3
2025-04-30 07:00:00,285.02808,47.5,13.3
2025-04-30 08:00:00,287.2273,47.5,13.3
2025-04-30 09:00:00,289.16504,47.5,13.3
2025-04-30 10:00:00,290.43945,47.5,13.3
2025-04-30 11:00:00,291.4204,47.5,13.3
2025-04-30 12:00:00,292.70654,47.5,13.3
2025-04-30 13:00:00,292.875,47.5,13.3
2025-04-30 14:00:00,293.2141,47.5,13.3
2025-04-30 15:00:00,292.97827,47.5,13.3
2025-04-30 16:00:00,292.20605,47.5,13.3
2025-04-30 17:00:00,291.1206,47.5,13.3
2025-04-30 18:00:00,288.5669,47.5,13.3
2025-04-30 19:00:00,287.78955,47.5,13.3
2025-04-30 20:00:00,286.35962,47.5,13.3
2025-04-30 21:00:00,283.5708,47.5,13.3
2025-04-30 22:00:00,282.04346,47.5,13.3
2025-04-30 23:00:00,280.48608,47.5,13.3
2025-05-01 00:00:00,279.66382,47.5,13.3
2025-05-01 01:00:00,278.1853,47.5,13.3
2025-05-01 02:00:00,277.5923,47.5,13.3
2025-05-01 03:00:00,276.80542,47.5,13.3
2025-05-01 04:00:00,276.7544,47.5,13.3
2025-05-01 05:00:00,277.82202,47.5,13.3
2025-05-01 06:00:00,282.1421,47.5,13.3
2025-05-01 07:00:00,285.9585,47.5,13.3
2025-05-01 08:00:00,288.22363,47.5,13.3
2025-05-01 09:00:00,290.69092,47.5,13.3
2025-05-01 10:00:00,292.34033,47.5,13.3
2025-05-01 11:00:00,293.59985,47.5,13.3
2025-05-01 12:00:00,294.00024,47.5,13.3
2025-05-01 13:00:00,294.73804,47.5,13.3
2025-05-01 14:00:00,294.33252,47.5,13.3
2025-05-01 15:00:00,294.3479,47.5,13.3
2025-05-01 16:00:00,293.49072,47.5,13.3
2025-05-01 17:00:00,292.14868,47.5,13.3
2025-05-01 18:00:00,290.7478,47.5,13.3
2025-05-01 19:00:00,288.7124,47.5,13.3
2025-05-01 20:00:00,285.2024,47.5,13.3
2025-05-01 21:00:00,284.87524,47.5,13.3
2025-05-01 22:00:00,281.69727,47.5,13.3
2025-05-01 23:00:00,280.13428,47.5,13.3
2025-05-02 00:00:00,279.8274,47.5,13.3
2025-05-02 01:00:00,279.44727,47.5,13.3
2025-05-02 02:00:00,278.65527,47.5,13.3
2025-05-02 03:00:00,278.3589,47.5,13.3
2025-05-02 04:00:00,278.51953,47.5,13.3
2025-05-02 05:00:00,280.2151,47.5,13.3
2025-05-02 06:00:00,283.99976,47.5,13.3
2025-05-02 07:00:00,287.69287,47.5,13.3
2025-05-02 08:00:00,290.54663,47.5,13.3
2025-05-02 09:00:00,292.26074,47.5,13.3
2025-05-02 10:00:00,293.69067,47.5,13.3
2025-05-02 11:00:00,295.04858,47.5,13.3
2025-05-02 12:00:00,295.3252,47.5,13.3
2025-05-02 13:00:00,296.29614,47.5,13.3
2025-05-02 14:00:00,295.99463,47.5,13.3
2025-05-02 15:00:00,296.20508,47.5,13.3
2025-05-02 16:00:00,295.3667,47.5,13.3
2025-05-02 17:00:00,294.22656,47.5,13.3
2025-05-02 18:00:00,293.61182,47.5,13.3
2025-05-02 19:00:00,289.3645,47.5,13.3
2025-05-02 20:00:00,287.0786,47.5,13.3
2025-05-02 21:00:00,285.15747,47.5,13.3
2025-05-02 22:00:00,282.87793,47.5,13.3
2025-05-02 23:00:00,281.7483,47.5,13.3
2025-05-03 00:00:00,280.97388,47.5,13.3
2025-05-03 01:00:00,281.35742,47.5,13.3
2025-05-03 02:00:00,281.05786,47.5,13.3
2025-05-03 03:00:00,280.2588,47.5,13.3
2025-05-03 04:00:00,280.6084,47.5,13.3
2025-05-03 05:00:00,282.07275,47.5,13.3
2025-05-03 06:00:00,285.5896,47.5,13.3
2025-05-03 07:00:00,289.32935,47.5,13.3
2025-05-03 08:00:00,291.6416,47.5,13.3
2025-05-03 09:00:00,293.56763,47.5,13.3
2025-05-03 10:00:00,293.76587,47.5,13.3
2025-05-03 11:00:00,293.21777,47.5,13.3
2025-05-03 12:00:00,293.38623,47.5,13.3
2025-05-03 13:00:00,293.51318,47.5,13.3
2025-05-03 14:00:00,292.1045,47.5,13.3
2025-05-03 15:00:00,289.8921,47.5,13.3
2025-05-03 16:00:00,290.17505,47.5,13.3
2025-05-03 17:00:00,289.59692,47.5,13.3
2025-05-03 18:00:00,288.41846,47.5,13.3
2025-05-03 19:00:00,286.16138,47.5,13.3
2025-05-03 20:00:00,284.4768,47.5,13.3
2025-05-03 21:00:00,283.7771,47.5,13.3
2025-05-03 22:00:00,282.812,47.5,13.3
2025-05-03 23:00:00,282.15552,47.5,13.3
2025-05-04 00:00:00,281.43848,47.5,13.3
2025-05-04 01:00:00,281.5735,47.5,13.3
2025-05-04 02:00:00,281.35767,47.5,13.3
2025-05-04 03:00:00,280.22314,47.5,13.3
2025-05-04 04:00:00,280.1682,47.5,13.3
2025-05-04 05:00:00,281.32104,47.5,13.3
2025-05-04 06:00:00,282.53076,47.5,13.3
2025-05-04 07:00:00,284.28198,47.5,13.3
2025-05-04 08:00:00,285.00806,47.5,13.3
2025-05-04 09:00:00,286.07373,47.5,13.3
2025-05-04 10:00:00,287.0244,47.5,13.3
2025-05-04 11:00:00,287.29688,47.5,13.3
2025-05-04 12:00:00,286.97778,47.5,13.3
2025-05-04 13:00:00,284.95972,47.5,13.3
2025-05-04 14:00:00,284.93042,47.5,13.3
2025-05-04 15:00:00,283.33643,47.5,13.3
2025-05-04 16:00:00,283.00415,47.5,13.3
2025-05-04 17:00:00,282.09033,47.5,13.3
2025-05-04 18:00:00,281.75195,47.5,13.3
2025-05-04 19:00:00,281.58813,47.5,13.3
2025-05-04 20:00:00,281.3059,47.5,13.3
2025-05-04 21:00:00,281.29614,47.5,13.3
2025-05-04 22:00:00,280.9983,47.5,13.3
2025-05-04 23:00:00,280.6892,47.5,13.3
2025-05-05 00:00:00,280.47998,47.5,13.3
2025-05-05 01:00:00,280.1709,47.5,13.3
2025-05-05 02:00:00,279.97827,47.5,13.3
2025-05-05 03:00:00,279.83447,47.5,13.3
2025-05-05 04:00:00,279.59473,47.5,13.3
2025-05-05 05:00:00,279.35596,47.5,13.3
2025-05-05 06:00:00,279.13428,47.5,13.3
2025-05-05 07:00:00,279.52368,47.5,13.3
2025-05-05 08:00:00,279.36377,47.5,13.3
2025-05-05 09:00:00,279.25073,47.5,13.3
2025-05-05 10:00:00,279.427,47.5,13.3
2025-05-05 11:00:00,278.90967,47.5,13.3
2025-05-05 12:00:00,279.10986,47.5,13.3
2025-05-05 13:00:00,278.92163,47.5,13.3
2025-05-05 14:00:00,278.7688,47.5,13.3
2025-05-05 15:00:00,278.6853,47.5,13.3
2025-05-05 16:00:00,278.30566,47.5,13.3
2025-05-05 17:00:00,278.06763,47.5,13.3
2025-05-05 18:00:00,277.88452,47.5,13.3
2025-05-05 19:00:00,277.77002,47.5,13.3
2025-05-05 20:00:00,277.5498,47.5,13.3
2025-05-05 21:00:00,277.48145,47.5,13.3
2025-05-05 22:00:00,276.75146,47.5,13.3
2025-05-05 23:00:00,276.66992,47.5,13.3
2025-05-06 00:00:00,276.6062,47.5,13.3
2025-05-06 01:00:00,276.4348,47.5,13.3
2025-05-06 02:00:00,276.35815,47.5,13.3
2025-05-06 03:00:00,276.1355,47.5,13.3
2025-05-06 04:00:00,275.812,47.5,13.3
2025-05-06 05:00:00,275.59644,47.5,13.3
2025-05-06 06:00:00,275.8745,47.5,13.3
2025-05-06 07:00:00,276.36816,47.5,13.3
2025-05-06 08:00:00,276.89697,47.5,13.3
2025-05-06 09:00:00,276.94214,47.5,13.3
2025-05-06 10:00:00,278.7202,47.5,13.3
2025-05-06 11:00:00,278.91455,47.5,13.3
2025-05-06 12:00:00,279.46655,47.5,13.3
2025-05-06 13:00:00,279.5979,47.5,13.3
2025-05-06 14:00:00,278.36646,47.5,13.3
2025-05-06 15:00:00,278.41113,47.5,13.3
2025-05-06 16:00:00,278.46387,47.5,13.3
2025-05-06 17:00:00,277.81128,47.5,13.3
2025-05-06 18:00:00,277.48486,47.5,13.3
2025-05-06 19:00:00,277.16162,47.5,13.3
2025-05-06 20:00:00,277.04932,47.5,13.3
2025-05-06 21:00:00,276.84448,47.5,13.3
2025-05-06 22:00:00,276.2351,47.5,13.3
2025-05-06 23:00:00,275.989,47.5,13.3
2025-05-07 00:00:00,276.11865,47.5,13.3
2025-05-07 01:00:00,276.04565,47.5,13.3
2025-05-07 02:00:00,275.87866,47.5,13.3
2025-05-07 03:00:00,275.77734,47.5,13.3
2025-05-07 04:00:00,275.6892,47.5,13.3
2025-05-07 05:00:00,276.23462,47.5,13.3
2025-05-07 06:00:00,277.39844,47.5,13.3
2025-05-07 07:00:00,278.9292,47.5,13.3
2025-05-07 08:00:00,280.3789,47.5,13.3
2025-05-07 09:00:00,280.90063,47.5,13.3
2025-05-07 10:00:00,281.42407,47.5,13.3
2025-05-07 11:00:00,281.71484,47.5,13.3
2025-05-07 12:00:00,282.0276,47.5,13.3
2025-05-07 13:00:00,282.2295,47.5,13.3
2025-05-07 14:00:00,281.66968,47.5,13.3
2025-05-07 15:00:00,281.20776,47.5,13.3
2025-05-07 16:00:00,280.688,47.5,13.3
2025-05-07 17:00:00,280.28784,47.5,13.3
2025-05-07 18:00:00,279.7124,47.5,13.3
2025-05-07 19:00:00,279.3186,47.5,13.3
2025-05-07 20:00:00,279.14136,47.5,13.3
2025-05-07 21:00:00,278.8755,47.5,13.3
2025-05-07 22:00:00,278.5432,47.5,13.3
2025-05-07 23:00:00,278.26,47.5,13.3
2025-05-08 00:00:00,278.06787,47.5,13.3
2025-05-08 01:00:00,277.8806,47.5,13.3
2025-05-08 02:00:00,277.62744,47.5,13.3
2025-05-08 03:00:00,277.4685,47.5,13.3
2025-05-08 04:00:00,277.18237,47.5,13.3
2025-05-08 05:00:00,277.2544,47.5,13.3
2025-05-08 06:00:00,277.50854,47.5,13.3
2025-05-08 07:00:00,277.62134,47.5,13.3
2025-05-08 08:00:00,276.98828,47.5,13.3
2025-05-08 09:00:00,276.98682,47.5,13.3
2025-05-08 10:00:00,278.4026,47.5,13.3
2025-05-08 11:00:00,278.78052,47.5,13.3
2025-05-08 12:00:00,279.33936,47.5,13.3
2025-05-08 13:00:00,279.2473,47.5,13.3
2025-05-08 14:00:00,279.16724,47.5,13.3
2025-05-08 15:00:00,278.72778,47.5,13.3
2025-05-08 16:00:00,278.6245,47.5,13.3
2025-05-08 17:00:00,278.33472,47.5,13.3
2025-05-08 18:00:00,277.92578,47.5,13.3
2025-05-08 19:00:00,277.69482,47.5,13.3
2025-05-08 20:00:00,277.49,47.5,13.3
2025-05-08 21:00:00,277.42896,47.5,13.3
2025-05-08 22:00:00,277.27197,47.5,13.3
2025-05-08 23:00:00,277.16064,47.5,13.3
2025-05-09 00:00:00,277.07715,47.5,13.3
2025-05-09 01:00:00,276.95068,47.5,13.3
2025-05-09 02:00:00,276.81323,47.5,13.3
2025-05-09 03:00:00,276.75098,47.5,13.3
2025-05-09 04:00:00,276.78003,47.5,13.3
2025-05-09 05:00:00,276.95728,47.5,13.3
2025-05-09 06:00:00,277.29272,47.5,13.3
2025-05-09 07:00:00,278.3794,47.5,13.3
2025-05-09 08:00:00,278.43408,47.5,13.3
2025-05-09 09:00:00,278.7395,47.5,13.3
2025-05-09 10:00:00,278.2683,47.5,13.3
2025-05-09 11:00:00,278.78442,47.5,13.3
2025-05-09 12:00:00,279.64282,47.5,13.3
2025-05-09 13:00:00,280.20654,47.5,13.3
2025-05-09 14:00:00,279.89624,47.5,13.3
2025-05-09 15:00:00,279.8955,47.5,13.3
2025-05-09 16:00:00,279.42822,47.5,13.3
2025-05-09 17:00:00,279.1294,47.5,13.3
2025-05-09 18:00:00,278.69385,47.5,13.3
2025-05-09 19:00:00,278.51587,47.5,13.3
2025-05-09 20:00:00,278.05762,47.5,13.3
2025-05-09 21:00:00,277.4668,47.5,13.3
2025-05-09 22:00:00,276.29248,47.5,13.3
2025-05-09 23:00:00,275.84863,47.5,13.3
2025-05-10 00:00:00,275.28076,47.5,13.3
2025-05-10 01:00:00,274.81836,47.5,13.3
2025-05-10 02:00:00,273.9729,47.5,13.3
2025-05-10 03:00:00,273.85034,47.5,13.3
2025-05-10 04:00:00,273.57227,47.5,13.3
2025-05-10 05:00:00,275.00464,47.5,13.3
2025-05-10 06:00:00,277.56982,47.5,13.3
2025-05-10 07:00:00,279.62158,47.5,13.3
2025-05-10 08:00:00,281.7444,47.5,13.3
2025-05-10 09:00:00,283.44702,47.5,13.3
2025-05-10 10:00:00,284.82324,47.5,13.3
2025-05-10 11:00:00,285.0415,47.5,13.3
2025-05-10 12:00:00,286.21606,47.5,13.3
2025-05-10 13:00:00,286.45996,47.5,13.3
2025-05-10 14:00:00,287.45752,47.5,13.3
2025-05-10 15:00:00,287.61182,47.5,13.3
2025-05-10 16:00:00,287.0796,47.5,13.3
2025-05-10 17:00:00,286.00806,47.5,13.3
2025-05-10 18:00:00,284.031,47.5,13.3
2025-05-10 19:00:00,283.32568,47.5,13.3
2025-05-10 20:00:00,282.48413,47.5,13.3
2025-05-10 21:00:00,280.99805,47.5,13.3
2025-05-10 22:00:00,279.33472,47.5,13.3
2025-05-10 23:00:00,278.45972,47.5,13.3
2025-05-11 00:00:00,277.54565,47.5,13.3
2025-05-11 01:00:00,276.94238,47.5,13.3
2025-05-11 02:00:00,275.75342,47.5,13.3
2025-05-11 03:00:00,274.74512,47.5,13.3
2025-05-11 04:00:00,274.32935,47.5,13.3
2025-05-11 05:00:00,275.81738,47.5,13.3
2025-05-11 06:00:00,279.4829,47.5,13.3
2025-05-11 07:00:00,282.56836,47.5,13.3
2025-05-11 08:00:00,285.06836,47.5,13.3
2025-05-11 09:00:00,287.0249,47.5,13.3
2025-05-11 10:00:00,288.12598,47.5,13.3
2025-05-11 11:00:00,289.02344,47.5,13.3
2025-05-11 12:00:00,289.61865,47.5,13.3
2025-05-11 13:00:00,289.44458,47.5,13.3
2025-05-11 14:00:00,288.5896,47.5,13.3
2025-05-11 15:00:00,288.8601,47.5,13.3
2025-05-11 16:00:00,287.90894,47.5,13.3
2025-05-11 17:00:00,287.10205,47.5,13.3
2025-05-11 18:00:00,284.86694,47.5,13.3
2025-05-11 19:00:00,284.61694,47.5,13.3
2025-05-11 20:00:00,283.3152,47.5,13.3
2025-05-11 21:00:00,281.88574,47.5,13.3
2025-05-11 22:00:00,280.96997,47.5,13.3
2025-05-11 23:00:00,280.2339,47.5,13.3
2025-05-12 00:00:00,279.88672,47.5,13.3
2025-05-12 01:00:00,279.43213,47.5,13.3
2025-05-12 02:00:00,278.4121,47.5,13.3
2025-05-12 03:00:00,277.83008,47.5,13.3
2025-05-12 04:00:00,277.07056,47.5,13.3
2025-05-12 05:00:00,278.28955,47.5,13.3
2025-05-12 06:00:00,281.68896,47.5,13.3
2025-05-12 07:00:00,283.62134,47.5,13.3
2025-05-12 08:00:00,284.8484,47.5,13.3
2025-05-12 09:00:00,286.55542,47.5,13.3
2025-05-12 10:00:00,286.95532,47.5,13.3
2025-05-12 11:00:00,287.61914,47.5,13.3
2025-05-12 12:00:00,287.93237,47.5,13.3
2025-05-12 13:00:00,288.58008,47.5,13.3
2025-05-12 14:00:00,288.80542,47.5,13.3
2025-05-12 15:00:00,288.4087,47.5,13.3
2025-05-12 16:00:00,286.99268,47.5,13.3
2025-05-12 17:00:00,286.3291,47.5,13.3
2025-05-12 18:00:00,284.89233,47.5,13.3
2025-05-12 19:00:00,282.71167,47.5,13.3
2025-05-12 20:00:00,283.06348,47.5,13.3
2025-05-12 21:00:00,281.7068,47.5,13.3
2025-05-12 22:00:00,280.84424,47.5,13.3
2025-05-12 23:00:00,279.75415,47.5,13.3
2025-05-13 00:00:00,279.23657,47.5,13.3
2025-05-13 01:00:00,278.83228,47.5,13.3
2025-05-13 02:00:00,278.07056,47.5,13.3
2025-05-13 03:00:00,277.37305,47.5,13.3
2025-05-13 04:00:00,276.83887,47.5,13.3
2025-05-13 05:00:00,277.5808,47.5,13.3
2025-05-13 06:00:00,280.58887,47.5,13.3
2025-05-13 07:00:00,282.86743,47.5,13.3
2025-05-13 08:00:00,284.01245,47.5,13.3
2025-05-13 09:00:00,286.22314,47.5,13.3
2025-05-13 10:00:00,286.10278,47.5,13.3
2025-05-13 11:00:00,287.27783,47.5,13.3
2025-05-13 12:00:00,287.93237,47.5,13.3
2025-05-13 13:00:00,288.3894,47.5,13.3
2025-05-13 14:00:00,289.1997,47.5,13.3
2025-05-13 15:00:00,288.46948,47.5,13.3
2025-05-13 16:00:00,287.9043,47.5,13.3
2025-05-13 17:00:00,286.70044,47.5,13.3
2025-05-13 18:00:00,284.6648,47.5,13.3
2025-05-13 19:00:00,283.37378,47.5,13.3
2025-05-13 20:00:00,282.3562,47.5,13.3
2025-05-13 21:00:00,281.27832,47.5,13.3
2025-05-13 22:00:00,281.07812,47.5,13.3
2025-05-13 23:00:00,279.38086,47.5,13.3
2025-05-14 00:00:00,278.19092,47.5,13.3
2025-05-14 01:00:00,276.89038,47.5,13.3
2025-05-14 02:00:00,275.74292,47.5,13.3
2025-05-14 03:00:00,275.44946,47.5,13.3
2025-05-14 04:00:00,274.69897,47.5,13.3
2025-05-14 05:00:00,276.5642,47.5,13.3
2025-05-14 06:00:00,280.531,47.5,13.3
2025-05-14 07:00:00,283.27173,47.5,13.3
2025-05-14 08:00:00,285.28735,47.5,13.3
2025-05-14 09:00:00,287.1255,47.5,13.3
2025-05-14 10:00:00,288.19556,47.5,13.3
2025-05-14 11:00:00,289.00806,47.5,13.3
2025-05-14 12:00:00,289.60864,47.5,13.3
2025-05-14 13:00:00,290.14087,47.5,13.3
2025-05-14 14:00:00,290.52393,47.5,13.3
2025-05-14 15:00:00,290.37207,47.5,13.3
2025-05-14 16:00:00,289.41748,47.5,13.3
2025-05-14 17:00:00,288.2727,47.5,13.3
2025-05-14 18:00:00,287.4104,47.5,13.3
2025-05-14 19:00:00,284.50952,47.5,13.3
2025-05-14 20:00:00,282.14062,47.5,13.3
2025-05-14 21:00:00,281.3186,47.5,13.3
2025-05-14 22:00:00,279.40942,47.5,13.3
2025-05-14 23:00:00,278.87573,47.5,13.3
2025-05-15 00:00:00,278.28442,47.5,13.3
2025-05-15 01:00:00,278.0122,47.5,13.3
2025-05-15 02:00:00,277.12598,47.5,13.3
2025-05-15 03:00:00,277.7583,47.5,13.3
2025-05-15 04:00:00,277.30273,47.5,13.3
2025-05-15 05:00:00,278.72876,47.5,13.3
2025-05-15 06:00:00,281.9641,47.5,13.3
2025-05-15 07:00:00,284.4497,47.5,13.3
2025-05-15 08:00:00,284.7683,47.5,13.3
2025-05-15 09:00:00,285.20312,47.5,13.3
2025-05-15 10:00:00,284.51636,47.5,13.3
2025-05-15 11:00:00,284.0642,47.5,13.3
2025-05-15 12:00:00,282.886,47.5,13.3
2025-05-15 13:00:00,281.45215,47.5,13.3
2025-05-15 14:00:00,280.08276,47.5,13.3
2025-05-15 15:00:00,280.28027,47.5,13.3
2025-05-15 16:00:00,279.88184,47.5,13.3
2025-05-15 17:00:00,279.73486,47.5,13.3
2025-05-15 18:00:00,278.7815,47.5,13.3
2025-05-15 19:00:00,277.52783,47.5,13.3
2025-05-15 20:00:00,276.98218,47.5,13.3
2025-05-15 21:00:00,275.375,47.5,13.3
2025-05-15 22:00:00,275.8125,47.5,13.3
2025-05-15 23:00:00,275.12866,47.5,13.3
2025-05-16 00:00:00,274.4707,47.5,13.3
2025-05-16 01:00:00,274.12793,47.5,13.3
2025-05-16 02:00:00,274.51978,47.5,13.3
2025-05-16 03:00:00,274.1494,47.5,13.3
2025-05-16 04:00:00,273.9209,47.5,13.3
2025-05-16 05:00:00,274.60132,47.5,13.3
2025-05-16 06:00:00,275.8728,47.5,13.3
2025-05-16 07:00:00,277.5017,47.5,13.3
2025-05-16 08:00:00,278.26685,47.5,13.3
2025-05-16 09:00:00,279.0818,47.5,13.3
2025-05-16 10:00:00,279.59033,47.5,13.3
2025-05-16 11:00:00,280.27295,47.5,13.3
2025-05-16 12:00:00,280.4795,47.5,13.3
2025-05-16 13:00:00,281.1101,47.5,13.3
2025-05-16 14:00:00,281.26733,47.5,13.3
2025-05-16 15:00:00,280.06958,47.5,13.3
2025-05-16 16:00:00,277.79712,47.5,13.3
2025-05-16 17:00:00,276.47217,47.5,13.3
2025-05-16 18:00:00,275.91772,47.5,13.3
2025-05-16 19:00:00,275.615,47.5,13.3
2025-05-16 20:00:00,275.1765,47.5,13.3
2025-05-16 21:00:00,274.7881,47.5,13.3
2025-05-16 22:00:00,275.66187,47.5,13.3
2025-05-16 23:00:00,275.32153,47.5,13.3
2025-05-17 00:00:00,275.62402,47.5,13.3
2025-05-17 01:00:00,275.75098,47.5,13.3
2025-05-17 02:00:00,275.53955,47.5,13.3
2025-05-17 03:00:00,275.7871,47.5,13.3
2025-05-17 04:00:00,275.67603,47.5,13.3
2025-05-17 05:00:00,275.29248,47.5,13.3
2025-05-17 06:00:00,275.2793,47.5,13.3
2025-05-17 07:00:00,275.68335,47.5,13.3
2025-05-17 08:00:00,275.94287,47.5,13.3
2025-05-17 09:00:00,276.83545,47.5,13.3
2025-05-17 10:00:00,278.2395,47.5,13.3
2025-05-17 11:00:00,280.04688,47.5,13.3
2025-05-17 12:00:00,281.1101,47.5,13.3
2025-05-17 13:00:00,281.9524,47.5,13.3
2025-05-17 14:00:00,282.31177,47.5,13.3
2025-05-17 15:00:00,281.87378,47.5,13.3
2025-05-17 16:00:00,281.82275,47.5,13.3
2025-05-17 17:00:00,281.25293,47.5,13.3
2025-05-17 18:00:00,280.62744,47.5,13.3
2025-05-17 19:00:00,278.84814,47.5,13.3
2025-05-17 20:00:00,278.14624,47.5,13.3
2025-05-17 21:00:00,278.02905,47.5,13.3
2025-05-17 22:00:00,277.29443,47.5,13.3
2025-05-17 23:00:00,277.73413,47.5,13.3
2025-05-18 00:00:00,277.1245,47.5,13.3
2025-05-18 01:00:00,277.71143,47.5,13.3
2025-05-18 02:00:00,277.135,47.5,13.3
2025-05-18 03:00:00,277.5835,47.5,13.3
2025-05-18 04:00:00,277.2705,47.5,13.3
2025-05-18 05:00:00,277.43286,47.5,13.3
2025-05-18 06:00:00,277.9226,47.5,13.3
2025-05-18 07:00:00,278.79712,47.5,13.3
2025-05-18 08:00:00,280.06543,47.5,13.3
2025-05-18 09:00:00,281.198,47.5,13.3
2025-05-18 10:00:00,281.95728,47.5,13.3
2025-05-18 11:00:00,282.53516,47.5,13.3
2025-05-18 12:00:00,283.65747,47.5,13.3
2025-05-18 13:00:00,284.62402,47.5,13.3
2025-05-18 14:00:00,284.75537,47.5,13.3
2025-05-18 15:00:00,285.31274,47.5,13.3
2025-05-18 16:00:00,285.06958,47.5,13.3
2025-05-18 17:00:00,283.78223,47.5,13.3
2025-05-18 18:00:00,282.47095,47.5,13.3
2025-05-18 19:00:00,280.198,47.5,13.3
2025-05-18 20:00:00,279.67822,47.5,13.3
2025-05-18 21:00:00,279.0249,47.5,13.3
2025-05-18 22:00:00,280.1123,47.5,13.3
2025-05-18 23:00:00,279.40625,47.5,13.3
2025-05-19 00:00:00,278.34717,47.5,13.3
2025-05-19 01:00:00,277.5144,47.5,13.3
2025-05-19 02:00:00,277.2849,47.5,13.3
2025-05-19 03:00:00,277.24268,47.5,13.3
2025-05-19 04:00:00,277.20508,47.5,13.3
2025-05-19 05:00:00,278.19824,47.5,13.3
2025-05-19 06:00:00,280.79297,47.5,13.3
2025-05-19 07:00:00,282.87354,47.5,13.3
2025-05-19 08:00:00,284.06567,47.5,13.3
2025-05-19 09:00:00,285.52222,47.5,13.3
2025-05-19 10:00:00,286.96875,47.5,13.3
2025-05-19 11:00:00,287.76245,47.5,13.3
2025-05-19 12:00:00,288.36157,47.5,13.3
2025-05-19 13:00:00,288.94507,47.5,13.3
2025-05-19 14:00:00,289.12524,47.5,13.3
2025-05-19 15:00:00,289.25684,47.5,13.3
2025-05-19 16:00:00,288.88403,47.5,13.3
2025-05-19 17:00:00,287.9021,47.5,13.3
2025-05-19 18:00:00,285.75293,47.5,13.3
2025-05-19 19:00:00,285.50537,47.5,13.3
2025-05-19 20:00:00,284.19946,47.5,13.3
2025-05-19 21:00:00,282.37305,47.5,13.3
2025-05-19 22:00:00,280.25464,47.5,13.3
2025-05-19 23:00:00,279.5952,47.5,13.3
2025-05-20 00:00:00,279.062,47.5,13.3
2025-05-20 01:00:00,278.01782,47.5,13.3
2025-05-20 02:00:00,276.89136,47.5,13.3
2025-05-20 03:00:00,275.50854,47.5,13.3
2025-05-20 04:00:00,275.06348,47.5,13.3
2025-05-20 05:00:00,277.71216,47.5,13.3
2025-05-20 06:00:00,282.03027,47.5,13.3
2025-05-20 07:00:00,285.3064,47.5,13.3
2025-05-20 08:00:00,287.99512,47.5,13.3
2025-05-20 09:00:00,289.56396,47.5,13.3
2025-05-20 10:00:00,290.63013,47.5,13.3
2025-05-20 11:00:00,291.30225,47.5,13.3
2025-05-20 12:00:00,292.03296,47.5,13.3
2025-05-20 13:00:00,292.2229,47.5,13.3
2025-05-20 14:00:00,291.44165,47.5,13.3
2025-05-20 15:00:00,289.60132,47.5,13.3
2025-05-20 16:00:00,288.70093,47.5,13.3
2025-05-20 17:00:00,287.38965,47.5,13.3
2025-05-20 18:00:00,286.7063,47.5,13.3
2025-05-20 19:00:00,285.7046,47.5,13.3
2025-05-20 20:00:00,285.03857,47.5,13.3
2025-05-20 21:00:00,284.1704,47.5,13.3
2025-05-20 22:00:00,282.6814,47.5,13.3
2025-05-20 23:00:00,282.45825,47.5,13.3
2025-05-21 00:00:00,282.23877,47.5,13.3
2025-05-21 01:00:00,280.82007,47.5,13.3
2025-05-21 02:00:00,280.70776,47.5,13.3
2025-05-21 03:00:00,280.73267,47.5,13.3
2025-05-21 04:00:00,280.85278,47.5,13.3
2025-05-21 05:00:00,282.18286,47.5,13.3
2025-05-21 06:00:00,283.27197,47.5,13.3
2025-05-21 07:00:00,283.9912,47.5,13.3
2025-05-21 08:00:00,284.70117,47.5,13.3
2025-05-21 09:00:00,286.06348,47.5,13.3
2025-05-21 10:00:00,287.50952,47.5,13.3
2025-05-21 11:00:00,287.81592,47.5,13.3
2025-05-21 12:00:00,288.59448,47.5,13.3
2025-05-21 13:00:00,288.61865,47.5,13.3
2025-05-21 14:00:00,288.37842,47.5,13.3
2025-05-21 15:00:00,287.8225,47.5,13.3
2025-05-21 16:00:00,287.06958,47.5,13.3
2025-05-21 17:00:00,285.8628,47.5,13.3
2025-05-21 18:00:00,284.98486,47.5,13.3
2025-05-21 19:00:00,283.69897,47.5,13.3
2025-05-21 20:00:00,283.58008,47.5,13.3
2025-05-21 21:00:00,282.2727,47.5,13.3
2025-05-21 22:00:00,282.49365,47.5,13.3
2025-05-21 23:00:00,282.1057,47.5,13.3
2025-05-22 00:00:00,281.09424,47.5,13.3
2025-05-22 01:00:00,280.61768,47.5,13.3
2025-05-22 02:00:00,280.54688,47.5,13.3
2025-05-22 03:00:00,281.08032,47.5,13.3
2025-05-22 04:00:00,281.1277,47.5,13.3
2025-05-22 05:00:00,280.93677,47.5,13.3
2025-05-22 06:00:00,281.00513,47.5,13.3
2025-05-22 07:00:00,280.80127,47.5,13.3
2025-05-22 08:00:00,280.61426,47.5,13.3
2025-05-22 09:00:00,280.65234,47.5,13.3
2025-05-22 10:00:00,280.55762,47.5,13.3
2025-05-22 11:00:00,280.31958,47.5,13.3
2025-05-22 12:00:00,280.54907,47.5,13.3
2025-05-22 13:00:00,279.85156,47.5,13.3
2025-05-22 14:00:00,278.81934,47.5,13.3
2025-05-22 15:00:00,278.51685,47.5,13.3
2025-05-22 16:00:00,278.3872,47.5,13.3
2025-05-22 17:00:00,278.41772,47.5,13.3
2025-05-22 18:00:00,278.4314,47.5,13.3
2025-05-22 19:00:00,278.50024,47.5,13.3
2025-05-22 20:00:00,278.32812,47.5,13.3
2025-05-22 21:00:00,278.19556,47.5,13.3
2025-05-22 22:00:00,277.4995,47.5,13.3
2025-05-22 23:00:00,277.58496,47.5,13.3
2025-05-23 00:00:00,277.5818,47.5,13.3
2025-05-23 01:00:00,277.4585,47.5,13.3
2025-05-23 02:00:00,277.3496,47.5,13.3
2025-05-23 03:00:00,277.00928,47.5,13.3
2025-05-23 04:00:00,277.04565,47.5,13.3
2025-05-23 05:00:00,276.886,47.5,13.3
2025-05-23 06:00:00,277.2932,47.5,13.3
2025-05-23 07:00:00,278.65552,47.5,13.3
2025-05-23 08:00:00,279.39087,47.5,13.3
2025-05-23 09:00:00,280.34082,47.5,13.3
2025-05-23 10:00:00,280.96973,47.5,13.3
2025-05-23 11:00:00,281.6311,47.5,13.3
2025-05-23 12:00:00,281.34717,47.5,13.3
2025-05-23 13:00:00,281.17188,47.5,13.3
2025-05-23 14:00:00,280.8628,47.5,13.3
2025-05-23 15:00:00,280.36792,47.5,13.3
2025-05-23 16:00:00,279.60474,47.5,13.3
2025-05-23 17:00:00,278.67822,47.5,13.3
2025-05-23 18:00:00,277.91016,47.5,13.3
2025-05-23 19:00:00,277.354,47.5,13.3
2025-05-23 20:00:00,276.8374,47.5,13.3
2025-05-23 21:00:00,276.11963,47.5,13.3
2025-05-23 22:00:00,276.28638,47.5,13.3
2025-05-23 23:00:00,276.07446,47.5,13.3
2025-05-24 00:00:00,275.9192,47.5,13.3
2025-05-24 01:00:00,275.40112,47.5,13.3
2025-05-24 02:00:00,275.32642,47.5,13.3
2025-05-24 03:00:00,275.1582,47.5,13.3
2025-05-24 04:00:00,274.9021,47.5,13.3
2025-05-24 05:00:00,275.5078,47.5,13.3
2025-05-24 06:00:00,276.6814,47.5,13.3
2025-05-24 07:00:00,277.89844,47.5,13.3
2025-05-24 08:00:00,279.57422,47.5,13.3
2025-05-24 09:00:00,281.51514,47.5,13.3
2025-05-24 10:00:00,281.80884,47.5,13.3
2025-05-24 11:00:00,282.34302,47.5,13.3
2025-05-24 12:00:00,283.0122,47.5,13.3
2025-05-24 13:00:00,282.85498,47.5,13.3
2025-05-24 14:00:00,283.3667,47.5,13.3
2025-05-24 15:00:00,283.5979,47.5,13.3
2025-05-24 16:00:00,283.04395,47.5,13.3
2025-05-24 17:00:00,281.7627,47.5,13.3
2025-05-24 18:00:00,280.49805,47.5,13.3
2025-05-24 19:00:00,278.68164,47.5,13.3
2025-05-24 20:00:00,276.761,47.5,13.3
2025-05-24 21:00:00,276.10913,47.5,13.3
2025-05-24 22:00:00,276.10718,47.5,13.3
2025-05-24 23:00:00,275.61328,47.5,13.3
2025-05-25 00:00:00,275.36792,47.5,13.3
2025-05-25 01:00:00,274.70337,47.5,13.3
2025-05-25 02:00:00,274.64697,47.5,13.3
2025-05-25 03:00:00,275.27124,47.5,13.3
2025-05-25 04:00:00,275.74536,47.5,13.3
2025-05-25 05:00:00,276.41626,47.5,13.3
2025-05-25 06:00:00,277.7295,47.5,13.3
2025-05-25 07:00:00,278.71167,47.5,13.3
2025-05-25 08:00:00,279.01123,47.5,13.3
2025-05-25 09:00:00,279.67847,47.5,13.3
2025-05-25 10:00:00,279.94702,47.5,13.3
2025-05-25 11:00:00,280.23706,47.5,13.3
2025-05-25 12:00:00,280.69775,47.5,13.3
2025-05-25 13:00:00,281.20435,47.5,13.3
2025-05-25 14:00:00,281.60596,47.5,13.3
2025-05-25 15:00:00,282.2495,47.5,13.3
2025-05-25 16:00:00,282.46802,47.5,13.3
2025-05-25 17:00:00,282.5398,47.5,13.3
2025-05-25 18:00:00,282.22876,47.5,13.3
2025-05-25 19:00:00,281.45947,47.5,13.3
2025-05-25 20:00:00,281.35107,47.5,13.3
2025-05-25 21:00:00,280.99146,47.5,13.3
2025-05-25 22:00:00,279.5598,47.5,13.3
2025-05-25 23:00:00,279.68774,47.5,13.3
2025-05-26 00:00:00,279.8694,47.5,13.3
2025-05-26 01:00:00,279.9878,47.5,13.3
2025-05-26 02:00:00,279.91504,47.5,13.3
2025-05-26 03:00:00,280.41943,47.5,13.3
2025-05-26 04:00:00,280.44287,47.5,13.3
2025-05-26 05:00:00,280.7749,47.5,13.3
2025-05-26 06:00:00,281.35034,47.5,13.3
2025-05-26 07:00:00,282.74512,47.5,13.3
2025-05-26 08:00:00,283.77002,47.5,13.3
2025-05-26 09:00:00,284.52124,47.5,13.3
2025-05-26 10:00:00,284.75317,47.5,13.3
2025-05-26 11:00:00,284.82324,47.5,13.3
2025-05-26 12:00:00,286.07642,47.5,13.3
2025-05-26 13:00:00,286.3252,47.5,13.3
2025-05-26 14:00:00,285.59668,47.5,13.3
2025-05-26 15:00:00,284.6267,47.5,13.3
2025-05-26 16:00:00,283.93066,47.5,13.3
2025-05-26 17:00:00,283.47998,47.5,13.3
2025-05-26 18:00:00,282.63184,47.5,13.3
2025-05-26 19:00:00,280.20996,47.5,13.3
2025-05-26 20:00:00,280.51636,47.5,13.3
2025-05-26 21:00:00,280.6565,47.5,13.3
2025-05-26 22:00:00,280.78613,47.5,13.3
2025-05-26 23:00:00,280.43286,47.5,13.3
2025-05-27 00:00:00,279.88916,47.5,13.3
2025-05-27 01:00:00,279.66162,47.5,13.3
2025-05-27 02:00:00,279.08545,47.5,13.3
2025-05-27 03:00:00,279.2649,47.5,13.3
2025-05-27 04:00:00,279.36963,47.5,13.3
2025-05-27 05:00:00,279.79248,47.5,13.3
2025-05-27 06:00:00,280.65332,47.5,13.3
2025-05-27 07:00:00,281.53418,47.5,13.3
2025-05-27 08:00:00,283.00122,47.5,13.3
2025-05-27 09:00:00,283.76782,47.5,13.3
2025-05-27 10:00:00,284.11035,47.5,13.3
2025-05-27 11:00:00,284.55884,47.5,13.3
2025-05-27 12:00:00,284.29053,47.5,13.3
2025-05-27 13:00:00,284.60938,47.5,13.3
2025-05-27 14:00:00,284.6682,47.5,13.3
2025-05-27 15:00:00,285.28052,47.5,13.3
2025-05-27 16:00:00,284.56396,47.5,13.3
2025-05-27 17:00:00,284.0515,47.5,13.3
2025-05-27 18:00:00,283.38135,47.5,13.3
2025-05-27 19:00:00,282.2173,47.5,13.3
2025-05-27 20:00:00,281.85303,47.5,13.3
2025-05-27 21:00:00,281.77832,47.5,13.3
2025-05-27 22:00:00,281.31006,47.5,13.3
2025-05-27 23:00:00,280.89746,47.5,13.3
2025-05-28 00:00:00,280.45874,47.5,13.3
2025-05-28 01:00:00,279.64575,47.5,13.3
2025-05-28 02:00:00,279.06372,47.5,13.3
2025-05-28 03:00:00,279.2671,47.5,13.3
2025-05-28 04:00:00,279.50342,47.5,13.3
2025-05-28 05:00:00,280.71533,47.5,13.3
2025-05-28 06:00:00,282.1316,47.5,13.3
2025-05-28 07:00:00,282.45288,47.5,13.3
2025-05-28 08:00:00,283.68384,47.5,13.3
2025-05-28 09:00:00,284.65942,47.5,13.3
2025-05-28 10:00:00,284.24707,47.5,13.3
2025-05-28 11:00:00,285.1985,47.5,13.3
2025-05-28 12:00:00,286.34277,47.5,13.3
2025-05-28 13:00:00,285.58252,47.5,13.3
2025-05-28 14:00:00,284.80103,47.5,13.3
2025-05-28 15:00:00,284.1836,47.5,13.3
2025-05-28 16:00:00,284.50098,47.5,13.3
2025-05-28 17:00:00,284.29346,47.5,13.3
2025-05-28 18:00:00,283.48657,47.5,13.3
2025-05-28 19:00:00,282.91553,47.5,13.3
2025-05-28 20:00:00,282.4961,47.5,13.3
2025-05-28 21:00:00,281.66138,47.5,13.3
2025-05-28 22:00:00,282.06372,47.5,13.3
2025-05-28 23:00:00,281.72363,47.5,13.3
2025-05-29 00:00:00,281.07544,47.5,13.3
2025-05-29 01:00:00,281.12988,47.5,13.3
2025-05-29 02:00:00,280.92554,47.5,13.3
2025-05-29 03:00:00,280.88403,47.5,13.3
2025-05-29 04:00:00,280.84717,47.5,13.3
2025-05-29 05:00:00,280.67358,47.5,13.3
2025-05-29 06:00:00,280.74805,47.5,13.3
2025-05-29 07:00:00,281.21753,47.5,13.3
2025-05-29 08:00:00,281.98145,47.5,13.3
2025-05-29 09:00:00,282.594,47.5,13.3
2025-05-29 10:00:00,284.10522,47.5,13.3
2025-05-29 11:00:00,283.3606,47.5,13.3
2025-05-29 12:00:00,284.43066,47.5,13.3
2025-05-29 13:00:00,283.8452,47.5,13.3
2025-05-29 14:00:00,284.88232,47.5,13.3
2025-05-29 15:00:00,284.98486,47.5,13.3
2025-05-29 16:00:00,284.45557,47.5,13.3
2025-05-29 17:00:00,283.55908,47.5,13.3
2025-05-29 18:00:00,282.61353,47.5,13.3
2025-05-29 19:00:00,282.02124,47.5,13.3
2025-05-29 20:00:00,281.65137,47.5,13.3
2025-05-29 21:00:00,281.66357,47.5,13.3
2025-05-29 22:00:00,281.46118,47.5,13.3
2025-05-29 23:00:00,281.8806,47.5,13.3
2025-05-30 00:00:00,281.91187,47.5,13.3
2025-05-30 01:00:00,281.9624,47.5,13.3
2025-05-30 02:00:00,282.16797,47.5,13.3
2025-05-30 03:00:00,282.1953,47.5,13.3
2025-05-30 04:00:00,282.46924,47.5,13.3
2025-05-30 05:00:00,282.76147,47.5,13.3
2025-05-30 06:00:00,282.91797,47.5,13.3
2025-05-30 07:00:00,284.21143,47.5,13.3
2025-05-30 08:00:00,285.6599,47.5,13.3
2025-05-30 09:00:00,286.20923,47.5,13.3
2025-05-30 10:00:00,286.55957,47.5,13.3
2025-05-30 11:00:00,287.52637,47.5,13.3
2025-05-30 12:00:00,290.3208,47.5,13.3
2025-05-30 13:00:00,291.47974,47.5,13.3
2025-05-30 14:00:00,292.3955,47.5,13.3
2025-05-30 15:00:00,292.87134,47.5,13.3
2025-05-30 16:00:00,292.50952,47.5,13.3
2025-05-30 17:00:00,291.4712,47.5,13.3
2025-05-30 18:00:00,290.77637,47.5,13.3
2025-05-30 19:00:00,289.63916,47.5,13.3
2025-05-30 20:00:00,286.2517,47.5,13.3
2025-05-30 21:00:00,284.52612,47.5,13.3
2025-05-30 22:00:00,283.31763,47.5,13.3
2025-05-30 23:00:00,282.3645,47.5,13.3
2025-05-31 00:00:00,282.4126,47.5,13.3
2025-05-31 01:00:00,281.3999,47.5,13.3
2025-05-31 02:00:00,280.7727,47.5,13.3
2025-05-31 03:00:00,280.49976,47.5,13.3
2025-05-31 04:00:00,281.07568,47.5,13.3
2025-05-31 05:00:00,282.73413,47.5,13.3
2025-05-31 06:00:00,287.04443,47.5,13.3
2025-05-31 07:00:00,289.82593,47.5,13.3
2025-05-31 08:00:00,292.02637,47.5,13.3
2025-05-31 09:00:00,294.1194,47.5,13.3
2025-05-31 10:00:00,295.6985,47.5,13.3
2025-05-31 11:00:00,296.71924,47.5,13.3
2025-05-31 12:00:00,296.9082,47.5,13.3
2025-05-31 13:00:00,297.06543,47.5,13.3
2025-05-31 14:00:00,297.83838,47.5,13.3
2025-05-31 15:00:00,297.49585,47.5,13.3
2025-05-31 16:00:00,296.92212,47.5,13.3
2025-05-31 17:00:00,295.85864,47.5,13.3
2025-05-31 18:00:00,294.09717,47.5,13.3
2025-05-31 19:00:00,291.8484,47.5,13.3
2025-05-31 20:00:00,288.39795,47.5,13.3
2025-05-31 21:00:00,286.52563,47.5,13.3
2025-05-31 22:00:00,285.0381,47.5,13.3
2025-05-31 23:00:00,284.66772,47.5,13.3
2025-06-01 00:00:00,284.04224,47.5,13.3
2025-06-01 01:00:00,283.2732,47.5,13.3
2025-06-01 02:00:00,282.60132,47.5,13.3
2025-06-01 03:00:00,281.8506,47.5,13.3
2025-06-01 04:00:00,282.42505,47.5,13.3
2025-06-01 05:00:00,284.13135,47.5,13.3
2025-06-01 06:00:00,287.84595,47.5,13.3
2025-06-01 07:00:00,290.35547,47.5,13.3
2025-06-01 08:00:00,293.0044,47.5,13.3
2025-06-01 09:00:00,294.79102,47.5,13.3
2025-06-01 10:00:00,295.4436,47.5,13.3
2025-06-01 11:00:00,295.7207,47.5,13.3
2025-06-01 12:00:00,295.30664,47.5,13.3
2025-06-01 13:00:00,293.78052,47.5,13.3
2025-06-01 14:00:00,292.57422,47.5,13.3
2025-06-01 15:00:00,292.0232,47.5,13.3
2025-06-01 16:00:00,291.71753,47.5,13.3
2025-06-01 17:00:00,292.094,47.5,13.3
2025-06-01 18:00:00,290.6006,47.5,13.3
2025-06-01 19:00:00,287.7622,47.5,13.3
2025-06-01 20:00:00,286.80347,47.5,13.3
2025-06-01 21:00:00,286.64966,47.5,13.3
2025-06-01 22:00:00,286.54736,47.5,13.3
2025-06-01 23:00:00,285.50977,47.5,13.3
2025-06-02 00:00:00,285.5437,47.5,13.3
2025-06-02 01:00:00,284.98657,47.5,13.3
2025-06-02 02:00:00,284.1858,47.5,13.3
2025-06-02 03:00:00,283.74292,47.5,13.3
2025-06-02 04:00:00,283.9165,47.5,13.3
2025-06-02 05:00:00,284.87476,47.5,13.3
2025-06-02 06:00:00,287.39966,47.5,13.3
2025-06-02 07:00:00,289.77563,47.5,13.3
2025-06-02 08:00:00,291.844,47.5,13.3
2025-06-02 09:00:00,293.7002,47.5,13.3
2025-06-02 10:00:00,294.33325,47.5,13.3
2025-06-02 11:00:00,295.08008,47.5,13.3
2025-06-02 12:00:00,293.29248,47.5,13.3
2025-06-02 13:00:00,290.3069,47.5,13.3
2025-06-02 14:00:00,287.94067,47.5,13.3
2025-06-02 15:00:00,287.12524,47.5,13.3
2025-06-02 16:00:00,286.8181,47.5,13.3
2025-06-02 17:00:00,287.06152,47.5,13.3
2025-06-02 18:00:00,286.75806,47.5,13.3
2025-06-02 19:00:00,286.31348,47.5,13.3
2025-06-02 20:00:00,285.6753,47.5,13.3
2025-06-02 21:00:00,285.67017,47.5,13.3
2025-06-02 22:00:00,285.83203,47.5,13.3
2025-06-02 23:00:00,285.5608,47.5,13.3
2025-06-03 00:00:00,285.23804,47.5,13.3
2025-06-03 01:00:00,284.88696,47.5,13.3
2025-06-03 02:00:00,284.53735,47.5,13.3
2025-06-03 03:00:00,284.3706,47.5,13.3
2025-06-03 04:00:00,284.08105,47.5,13.3
2025-06-03 05:00:00,284.37866,47.5,13.3
2025-06-03 06:00:00,284.7776,47.5,13.3
2025-06-03 07:00:00,285.1714,47.5,13.3
2025-06-03 08:00:00,285.53613,47.5,13.3
2025-06-03 09:00:00,285.8086,47.5,13.3
2025-06-03 10:00:00,287.27686,47.5,13.3
2025-06-03 11:00:00,289.20093,47.5,13.3
2025-06-03 12:00:00,290.85864,47.5,13.3
2025-06-03 13:00:00,291.45532,47.5,13.3
2025-06-03 14:00:00,292.35767,47.5,13.3
2025-06-03 15:00:00,291.9187,47.5,13.3
2025-06-03 16:00:00,290.8789,47.5,13.3
2025-06-03 17:00:00,290.07715,47.5,13.3
2025-06-03 18:00:00,288.8269,47.5,13.3
2025-06-03 19:00:00,287.22925,47.5,13.3
2025-06-03 20:00:00,285.98804,47.5,13.3
2025-06-03 21:00:00,285.52832,47.5,13.3
2025-06-03 22:00:00,285.25757,47.5,13.3
2025-06-03 23:00:00,285.1394,47.5,13.3
2025-06-04 00:00:00,284.65356,47.5,13.3
2025-06-04 01:00:00,284.39844,47.5,13.3
2025-06-04 02:00:00,283.81274,47.5,13.3
2025-06-04 03:00:00,283.74805,47.5,13.3
2025-06-04 04:00:00,284.02197,47.5,13.3
2025-06-04 05:00:00,284.65186,47.5,13.3
2025-06-04 06:00:00,286.34937,47.5,13.3
2025-06-04 07:00:00,289.06152,47.5,13.3
2025-06-04 08:00:00,291.49414,47.5,13.3
2025-06-04 09:00:00,293.96313,47.5,13.3
2025-06-04 10:00:00,295.136,47.5,13.3
2025-06-04 11:00:00,296.22192,47.5,13.3
2025-06-04 12:00:00,296.87012,47.5,13.3
2025-06-04 13:00:00,297.0713,47.5,13.3
2025-06-04 14:00:00,296.87402,47.5,13.3
2025-06-04 15:00:00,296.48633,47.5,13.3
2025-06-04 16:00:00,295.6621,47.5,13.3
2025-06-04 17:00:00,294.41895,47.5,13.3
2025-06-04 18:00:00,293.01318,47.5,13.3
2025-06-04 19:00:00,292.03442,47.5,13.3
2025-06-04 20:00:00,290.5381,47.5,13.3
2025-06-04 21:00:00,288.94434,47.5,13.3
2025-06-04 22:00:00,287.45947,47.5,13.3
2025-06-04 23:00:00,286.0332,47.5,13.3
2025-06-05 00:00:00,286.03345,47.5,13.3
2025-06-05 01:00:00,285.95874,47.5,13.3
2025-06-05 02:00:00,285.60596,47.5,13.3
2025-06-05 03:00:00,285.04932,47.5,13.3
2025-06-05 04:00:00,284.93213,47.5,13.3
2025-06-05 05:00:00,285.4829,47.5,13.3
2025-06-05 06:00:00,286.57568,47.5,13.3
2025-06-05 07:00:00,288.43604,47.5,13.3
2025-06-05 08:00:00,289.44482,47.5,13.3
2025-06-05 09:00:00,289.73022,47.5,13.3
2025-06-05 10:00:00,292.07373,47.5,13.3
2025-06-05 11:00:00,292.75928,47.5,13.3
2025-06-05 12:00:00,291.49316,47.5,13.3
2025-06-05 13:00:00,291.62207,47.5,13.3
2025-06-05 14:00:00,291.01733,47.5,13.3
2025-06-05 15:00:00,289.99902,47.5,13.3
2025-06-05 16:00:00,289.36792,47.5,13.3
2025-06-05 17:00:00,288.458,47.5,13.3
2025-06-05 18:00:00,287.4768,47.5,13.3
2025-06-05 19:00:00,286.44507,47.5,13.3
2025-06-05 20:00:00,285.8098,47.5,13.3
2025-06-05 21:00:00,284.92554,47.5,13.3
2025-06-05 22:00:00,283.47412,47.5,13.3
2025-06-05 23:00:00,283.16943,47.5,13.3
2025-06-06 00:00:00,283.06445,47.5,13.3
2025-06-06 01:00:00,282.7915,47.5,13.3
2025-06-06 02:00:00,282.15918,47.5,13.3
2025-06-06 03:00:00,282.30396,47.5,13.3
2025-06-06 04:00:00,282.63745,47.5,13.3
2025-06-06 05:00:00,283.77734,47.5,13.3
2025-06-06 06:00:00,285.7705,47.5,13.3
2025-06-06 07:00:00,288.37915,47.5,13.3
2025-06-06 08:00:00,291.25952,47.5,13.3
2025-06-06 09:00:00,293.26245,47.5,13.3
2025-06-06 10:00:00,295.0996,47.5,13.3
2025-06-06 11:00:00,295.50073,47.5,13.3
2025-06-06 12:00:00,296.4253,47.5,13.3
2025-06-06 13:00:00,296.0835,47.5,13.3
2025-06-06 14:00:00,295.21973,47.5,13.3
2025-06-06 15:00:00,295.16846,47.5,13.3
2025-06-06 16:00:00,294.22046,47.5,13.3
2025-06-06 17:00:00,293.03784,47.5,13.3
2025-06-06 18:00:00,291.00342,47.5,13.3
2025-06-06 19:00:00,290.344,47.5,13.3
2025-06-06 20:00:00,289.35205,47.5,13.3
2025-06-06 21:00:00,288.0515,47.5,13.3
2025-06-06 22:00:00,288.239,47.5,13.3
2025-06-06 23:00:00,286.4209,47.5,13.3
2025-06-07 00:00:00,286.11963,47.5,13.3
2025-06-07 01:00:00,285.9624,47.5,13.3
2025-06-07 02:00:00,285.58594,47.5,13.3
2025-06-07 03:00:00,285.2915,47.5,13.3
2025-06-07 04:00:00,285.14038,47.5,13.3
2025-06-07 05:00:00,286.2334,47.5,13.3
2025-06-07 06:00:00,287.78345,47.5,13.3
2025-06-07 07:00:00,288.05273,47.5,13.3
2025-06-07 08:00:00,289.06592,47.5,13.3
2025-06-07 09:00:00,290.09497,47.5,13.3
2025-06-07 10:00:00,289.12183,47.5,13.3
2025-06-07 11:00:00,288.2351,47.5,13.3
2025-06-07 12:00:00,288.91724,47.5,13.3
2025-06-07 13:00:00,287.7412,47.5,13.3
2025-06-07 14:00:00,287.90454,47.5,13.3
2025-06-07 15:00:00,288.4182,47.5,13.3
2025-06-07 16:00:00,288.72925,47.5,13.3
2025-06-07 17:00:00,288.45825,47.5,13.3
2025-06-07 18:00:00,287.15723,47.5,13.3
2025-06-07 19:00:00,286.26562,47.5,13.3
2025-06-07 20:00:00,285.65918,47.5,13.3
2025-06-07 21:00:00,285.3125,47.5,13.3
2025-06-07 22:00:00,284.4043,47.5,13.3
2025-06-07 23:00:00,284.12012,47.5,13.3
2025-06-08 00:00:00,284.08716,47.5,13.3
2025-06-08 01:00:00,284.1372,47.5,13.3
2025-06-08 02:00:00,284.3623,47.5,13.3
2025-06-08 03:00:00,284.1128,47.5,13.3
2025-06-08 04:00:00,284.22827,47.5,13.3
2025-06-08 05:00:00,283.9895,47.5,13.3
2025-06-08 06:00:00,283.8838,47.5,13.3
2025-06-08 07:00:00,283.91895,47.5,13.3
2025-06-08 08:00:00,283.54102,47.5,13.3
2025-06-08 09:00:00,283.2234,47.5,13.3
2025-06-08 10:00:00,282.62524,47.5,13.3
2025-06-08 11:00:00,283.90503,47.5,13.3
2025-06-08 12:00:00,284.2583,47.5,13.3
2025-06-08 13:00:00,284.45312,47.5,13.3
2025-06-08 14:00:00,284.64087,47.5,13.3
2025-06-08 15:00:00,284.6858,47.5,13.3
2025-06-08 16:00:00,284.70288,47.5,13.3
2025-06-08 17:00:00,284.3169,47.5,13.3
2025-06-08 18:00:00,283.28247,47.5,13.3
2025-06-08 19:00:00,282.27393,47.5,13.3
2025-06-08 20:00:00,281.48804,47.5,13.3
2025-06-08 21:00:00,280.70483,47.5,13.3
2025-06-08 22:00:00,281.886,47.5,13.3
2025-06-08 23:00:00,281.3601,47.5,13.3
2025-06-09 00:00:00,280.99902,47.5,13.3
2025-06-09 01:00:00,280.81152,47.5,13.3
2025-06-09 02:00:00,280.41382,47.5,13.3
2025-06-09 03:00:00,279.93823,47.5,13.3
2025-06-09 04:00:00,279.70703,47.5,13.3
2025-06-09 05:00:00,280.38696,47.5,13.3
2025-06-09 06:00:00,281.875,47.5,13.3
2025-06-09 07:00:00,283.00366,47.5,13.3
2025-06-09 08:00:00,284.8335,47.5,13.3
2025-06-09 09:00:00,286.19775,47.5,13.3
2025-06-09 10:00:00,287.73145,47.5,13.3
2025-06-09 11:00:00,289.11035,47.5,13.3
2025-06-09 12:00:00,290.55835,47.5,13.3
2025-06-09 13:00:00,290.93628,47.5,13.3
2025-06-09 14:00:00,291.22266,47.5,13.3
2025-06-09 15:00:00,290.65308,47.5,13.3
2025-06-09 16:00:00,290.0979,47.5,13.3
2025-06-09 17:00:00,289.219,47.5,13.3
2025-06-09 18:00:00,287.75293,47.5,13.3
2025-06-09 19:00:00,286.50732,47.5,13.3
2025-06-09 20:00:00,285.6809,47.5,13.3
2025-06-09 21:00:00,284.12402,47.5,13.3
2025-06-09 22:00:00,283.2954,47.5,13.3
2025-06-09 23:00:00,281.6753,47.5,13.3
2025-06-10 00:00:00,280.72217,47.5,13.3
2025-06-10 01:00:00,279.89453,47.5,13.3
2025-06-10 02:00:00,279.73096,47.5,13.3
2025-06-10 03:00:00,279.70776,47.5,13.3
2025-06-10 04:00:00,279.72778,47.5,13.3
2025-06-10 05:00:00,281.42896,47.5,13.3
2025-06-10 06:00:00,284.219,47.5,13.3
2025-06-10 07:00:00,287.50537,47.5,13.3
2025-06-10 08:00:00,290.22485,47.5,13.3
2025-06-10 09:00:00,292.23682,47.5,13.3
2025-06-10 10:00:00,293.92676,47.5,13.3
2025-06-10 11:00:00,294.6123,47.5,13.3
2025-06-10 12:00:00,295.5586,47.5,13.3
2025-06-10 13:00:00,295.94067,47.5,13.3
2025-06-10 14:00:00,296.33862,47.5,13.3
2025-06-10 15:00:00,295.35498,47.5,13.3
2025-06-10 16:00:00,294.96167,47.5,13.3
2025-06-10 17:00:00,293.87402,47.5,13.3
2025-06-10 18:00:00,292.34863,47.5,13.3
2025-06-10 19:00:00,290.4878,47.5,13.3
2025-06-10 20:00:00,288.80933,47.5,13.3
2025-06-10 21:00:00,288.29492,47.5,13.3
2025-06-10 22:00:00,286.46387,47.5,13.3
2025-06-10 23:00:00,286.3899,47.5,13.3
2025-06-11 00:00:00,286.4275,47.5,13.3
2025-06-11 01:00:00,285.62402,47.5,13.3
2025-06-11 02:00:00,285.88208,47.5,13.3
2025-06-11 03:00:00,285.23926,47.5,13.3
2025-06-11 04:00:00,283.81885,47.5,13.3
2025-06-11 05:00:00,284.5298,47.5,13.3
2025-06-11 06:00:00,286.22852,47.5,13.3
2025-06-11 07:00:00,287.6277,47.5,13.3
2025-06-11 08:00:00,289.31885,47.5,13.3
2025-06-11 09:00:00,290.3452,47.5,13.3
2025-06-11 10:00:00,291.61206,47.5,13.3
2025-06-11 11:00:00,292.2898,47.5,13.3
2025-06-11 12:00:00,293.11743,47.5,13.3
2025-06-11 13:00:00,294.07373,47.5,13.3
2025-06-11 14:00:00,294.0327,47.5,13.3
2025-06-11 15:00:00,294.2583,47.5,13.3
2025-06-11 16:00:00,293.19336,47.5,13.3
2025-06-11 17:00:00,292.01343,47.5,13.3
2025-06-11 18:00:00,290.8318,47.5,13.3
2025-06-11 19:00:00,288.32617,47.5,13.3
2025-06-11 20:00:00,287.64966,47.5,13.3
2025-06-11 21:00:00,286.74463,47.5,13.3
2025-06-11 22:00:00,285.6106,47.5,13.3
2025-06-11 23:00:00,283.9431,47.5,13.3
2025-06-12 00:00:00,284.23364,47.5,13.3
2025-06-12 01:00:00,283.19556,47.5,13.3
2025-06-12 02:00:00,282.5371,47.5,13.3
2025-06-12 03:00:00,282.2849,47.5,13.3
2025-06-12 04:00:00,282.4895,47.5,13.3
2025-06-12 05:00:00,284.96875,47.5,13.3
2025-06-12 06:00:00,287.71802,47.5,13.3
2025-06-12 07:00:00,290.4309,47.5,13.3
2025-06-12 08:00:00,292.19287,47.5,13.3
2025-06-12 09:00:00,294.48315,47.5,13.3
2025-06-12 10:00:00,295.70752,47.5,13.3
2025-06-12 11:00:00,296.08813,47.5,13.3
2025-06-12 12:00:00,297.51147,47.5,13.3
2025-06-12 13:00:00,298.05884,47.5,13.3
2025-06-12 14:00:00,298.5525,47.5,13.3
2025-06-12 15:00:00,297.61865,47.5,13.3
2025-06-12 16:00:00,296.97998,47.5,13.3
2025-06-12 17:00:00,296.05273,47.5,13.3
2025-06-12 18:00:00,294.33765,47.5,13.3
2025-06-12 19:00:00,292.87915,47.5,13.3
2025-06-12 20:00:00,290.76318,47.5,13.3
2025-06-12 21:00:00,289.88647,47.5,13.3
2025-06-12 22:00:00,287.27002,47.5,13.3
2025-06-12 23:00:00,286.87158,47.5,13.3
2025-06-13 00:00:00,285.91504,47.5,13.3
2025-06-13 01:00:00,285.0171,47.5,13.3
2025-06-13 02:00:00,284.521,47.5,13.3
2025-06-13 03:00:00,283.719,47.5,13.3
2025-06-13 04:00:00,283.3047,47.5,13.3
2025-06-13 05:00:00,285.31152,47.5,13.3
2025-06-13 06:00:00,288.9663,47.5,13.3
2025-06-13 07:00:00,291.8999,47.5,13.3
2025-06-13 08:00:00,293.9165,47.5,13.3
2025-06-13 09:00:00,295.39844,47.5,13.3
2025-06-13 10:00:00,296.9851,47.5,13.3
2025-06-13 11:00:00,297.58398,47.5,13.3
2025-06-13 12:00:00,298.7173,47.5,13.3
2025-06-13 13:00:00,299.563,47.5,13.3
2025-06-13 14:00:00,299.52124,47.5,13.3
2025-06-13 15:00:00,299.40796,47.5,13.3
2025-06-13 16:00:00,298.74634,47.5,13.3
2025-06-13 17:00:00,297.78564,47.5,13.3
2025-06-13 18:00:00,295.73145,47.5,13.3
2025-06-13 19:00:00,294.69824,47.5,13.3
2025-06-13 20:00:00,292.44824,47.5,13.3
2025-06-13 21:00:00,289.65942,47.5,13.3
2025-06-13 22:00:00,288.46973,47.5,13.3
2025-06-13 23:00:00,286.844,47.5,13.3
2025-06-14 00:00:00,285.79883,47.5,13.3
2025-06-14 01:00:00,285.56128,47.5,13.3
2025-06-14 02:00:00,283.8711,47.5,13.3
2025-06-14 03:00:00,283.61426,47.5,13.3
2025-06-14 04:00:00,284.1765,47.5,13.3
2025-06-14 05:00:00,286.21118,47.5,13.3
2025-06-14 06:00:00,289.3252,47.5,13.3
2025-06-14 07:00:00,293.04102,47.5,13.3
2025-06-14 08:00:00,295.6975,47.5,13.3
2025-06-14 09:00:00,297.57837,47.5,13.3
2025-06-14 10:00:00,298.66724,47.5,13.3
2025-06-14 11:00:00,300.2771,47.5,13.3
2025-06-14 12:00:00,300.469,47.5,13.3
2025-06-14 13:00:00,301.03613,47.5,13.3
2025-06-14 14:00:00,301.21777,47.5,13.3
2025-06-14 15:00:00,300.8745,47.5,13.3
2025-06-14 16:00:00,300.05444,47.5,13.3
2025-06-14 17:00:00,298.64404,47.5,13.3
2025-06-14 18:00:00,296.9651,47.5,13.3
2025-06-14 19:00:00,294.4558,47.5,13.3
2025-06-14 20:00:00,292.44067,47.5,13.3
2025-06-14 21:00:00,292.42773,47.5,13.3
2025-06-14 22:00:00,289.0227,47.5,13.3
2025-06-14 23:00:00,288.5891,47.5,13.3
2025-06-15 00:00:00,287.8374,47.5,13.3
2025-06-15 01:00:00,287.375,47.5,13.3
2025-06-15 02:00:00,286.91748,47.5,13.3
2025-06-15 03:00:00,286.417,47.5,13.3
2025-06-15 04:00:00,286.79004,47.5,13.3
2025-06-15 05:00:00,288.56006,47.5,13.3
2025-06-15 06:00:00,291.88403,47.5,13.3
2025-06-15 07:00:00,294.43018,47.5,13.3
2025-06-15 08:00:00,296.19678,47.5,13.3
2025-06-15 09:00:00,297.94287,47.5,13.3
2025-06-15 10:00:00,299.0061,47.5,13.3
2025-06-15 11:00:00,300.0454,47.5,13.3
2025-06-15 12:00:00,301.12158,47.5,13.3
2025-06-15 13:00:00,302.52686,47.5,13.3
2025-06-15 14:00:00,300.19385,47.5,13.3
2025-06-15 15:00:00,298.02954,47.5,13.3
2025-06-15 16:00:00,296.73828,47.5,13.3
2025-06-15 17:00:00,294.77344,47.5,13.3
2025-06-15 18:00:00,292.4646,47.5,13.3
2025-06-15 19:00:00,290.0598,47.5,13.3
2025-06-15 20:00:00,289.24,47.5,13.3
2025-06-15 21:00:00,287.64282,47.5,13.3
2025-06-15 22:00:00,287.16138,47.5,13.3
2025-06-15 23:00:00,287.08765,47.5,13.3
2025-06-16 00:00:00,286.7932,47.5,13.3
2025-06-16 01:00:00,286.8462,47.5,13.3
2025-06-16 02:00:00,286.9214,47.5,13.3
2025-06-16 03:00:00,286.74927,47.5,13.3
2025-06-16 04:00:00,286.56934,47.5,13.3
2025-06-16 05:00:00,286.55737,47.5,13.3
2025-06-16 06:00:00,286.0869,47.5,13.3
2025-06-16 07:00:00,285.6526,47.5,13.3
2025-06-16 08:00:00,285.28882,47.5,13.3
2025-06-16 09:00:00,285.67578,47.5,13.3
2025-06-16 10:00:00,285.73047,47.5,13.3
2025-06-16 11:00:00,286.00977,47.5,13.3
2025-06-16 12:00:00,286.43115,47.5,13.3
2025-06-16 13:00:00,286.39185,47.5,13.3
2025-06-16 14:00:00,286.792,47.5,13.3
2025-06-16 15:00:00,286.71924,47.5,13.3
2025-06-16 16:00:00,286.56323,47.5,13.3
2025-06-16 17:00:00,285.7068,47.5,13.3
2025-06-16 18:00:00,285.114,47.5,13.3
2025-06-16 19:00:00,284.74097,47.5,13.3
2025-06-16 20:00:00,284.02344,47.5,13.3
2025-06-16 21:00:00,283.917,47.5,13.3
2025-06-16 22:00:00,283.91895,47.5,13.3
2025-06-16 23:00:00,283.17896,47.5,13.3
2025-06-17 00:00:00,282.42773,47.5,13.3
2025-06-17 01:00:00,282.5027,47.5,13.3
2025-06-17 02:00:00,282.56152,47.5,13.3
2025-06-17 03:00:00,282.74854,47.5,13.3
2025-06-17 04:00:00,282.78223,47.5,13.3
2025-06-17 05:00:00,283.32397,47.5,13.3
2025-06-17 06:00:00,284.81958,47.5,13.3
2025-06-17 07:00:00,286.09473,47.5,13.3
2025-06-17 08:00:00,287.03345,47.5,13.3
2025-06-17 09:00:00,288.81567,47.5,13.3
2025-06-17 10:00:00,289.12842,47.5,13.3
2025-06-17 11:00:00,290.19702,47.5,13.3
2025-06-17 12:00:00,291.1277,47.5,13.3
2025-06-17 13:00:00,292.17896,47.5,13.3
2025-06-17 14:00:00,292.1526,47.5,13.3
2025-06-17 15:00:00,292.62207,47.5,13.3
2025-06-17 16:00:00,291.74927,47.5,13.3
2025-06-17 17:00:00,290.8733,47.5,13.3
2025-06-17 18:00:00,289.8811,47.5,13.3
2025-06-17 19:00:00,288.9807,47.5,13.3
2025-06-17 20:00:00,287.50513,47.5,13.3
2025-06-17 21:00:00,286.32227,47.5,13.3
2025-06-17 22:00:00,284.15796,47.5,13.3
2025-06-17 23:00:00,282.69336,47.5,13.3
2025-06-18 00:00:00,282.2224,47.5,13.3
2025-06-18 01:00:00,281.68896,47.5,13.3
2025-06-18 02:00:00,281.30347,47.5,13.3
2025-06-18 03:00:00,280.57153,47.5,13.3
2025-06-18 04:00:00,281.0725,47.5,13.3
2025-06-18 05:00:00,282.6101,47.5,13.3
2025-06-18 06:00:00,285.94678,47.5,13.3
2025-06-18 07:00:00,288.62256,47.5,13.3
2025-06-18 08:00:00,290.53223,47.5,13.3
2025-06-18 09:00:00,292.4331,47.5,13.3
2025-06-18 10:00:00,294.37915,47.5,13.3
2025-06-18 11:00:00,296.18164,47.5,13.3
2025-06-18 12:00:00,296.31104,47.5,13.3
2025-06-18 13:00:00,296.69824,47.5,13.3
2025-06-18 14:00:00,296.82764,47.5,13.3
2025-06-18 15:00:00,296.6504,47.5,13.3
2025-06-18 16:00:00,296.01147,47.5,13.3
2025-06-18 17:00:00,294.7932,47.5,13.3
2025-06-18 18:00:00,292.84473,47.5,13.3
2025-06-18 19:00:00,290.3269,47.5,13.3
2025-06-18 20:00:00,288.6975,47.5,13.3
2025-06-18 21:00:00,288.38452,47.5,13.3
2025-06-18 22:00:00,288.05835,47.5,13.3
2025-06-18 23:00:00,285.68555,47.5,13.3
2025-06-19 00:00:00,284.67285,47.5,13.3
2025-06-19 01:00:00,284.167,47.5,13.3
2025-06-19 02:00:00,283.57446,47.5,13.3
2025-06-19 03:00:00,282.8916,47.5,13.3
2025-06-19 04:00:00,283.48657,47.5,13.3
2025-06-19 05:00:00,284.9812,47.5,13.3
2025-06-19 06:00:00,288.4209,47.5,13.3
2025-06-19 07:00:00,291.2578,47.5,13.3
2025-06-19 08:00:00,292.77905,47.5,13.3
2025-06-19 09:00:00,294.13257,47.5,13.3
2025-06-19 10:00:00,295.1294,47.5,13.3
2025-06-19 11:00:00,295.82495,47.5,13.3
2025-06-19 12:00:00,296.74023,47.5,13.3
2025-06-19 13:00:00,297.39258,47.5,13.3
2025-06-19 14:00:00,296.55176,47.5,13.3
2025-06-19 15:00:00,296.38232,47.5,13.3
2025-06-19 16:00:00,295.95288,47.5,13.3
2025-06-19 17:00:00,295.0547,47.5,13.3
2025-06-19 18:00:00,293.8357,47.5,13.3
2025-06-19 19:00:00,292.91553,47.5,13.3
2025-06-19 20:00:00,291.2776,47.5,13.3
2025-06-19 21:00:00,289.8994,47.5,13.3
2025-06-19 22:00:00,288.5083,47.5,13.3
2025-06-19 23:00:00,288.23975,47.5,13.3
2025-06-20 00:00:00,288.12793,47.5,13.3
2025-06-20 01:00:00,287.35205,47.5,13.3
2025-06-20 02:00:00,286.51294,47.5,13.3
2025-06-20 03:00:00,286.07617,47.5,13.3
2025-06-20 04:00:00,285.68237,47.5,13.3
2025-06-20 05:00:00,286.61597,47.5,13.3
2025-06-20 06:00:00,288.81494,47.5,13.3
2025-06-20 07:00:00,290.7041,47.5,13.3
2025-06-20 08:00:00,291.6709,47.5,13.3
2025-06-20 09:00:00,292.7046,47.5,13.3
2025-06-20 10:00:00,293.19385,47.5,13.3
2025-06-20 11:00:00,293.64868,47.5,13.3
2025-06-20 12:00:00,294.21973,47.5,13.3
2025-06-20 13:00:00,295.1687,47.5,13.3
2025-06-20 14:00:00,294.87988,47.5,13.3
2025-06-20 15:00:00,295.09375,47.5,13.3
2025-06-20 16:00:00,294.62427,47.5,13.3
2025-06-20 17:00:00,293.6941,47.5,13.3
2025-06-20 18:00:00,292.46167,47.5,13.3
2025-06-20 19:00:00,291.06152,47.5,13.3
2025-06-20 20:00:00,289.64014,47.5,13.3
2025-06-20 21:00:00,288.65332,47.5,13.3
2025-06-20 22:00:00,287.5337,47.5,13.3
2025-06-20 23:00:00,285.9944,47.5,13.3
2025-06-21 00:00:00,284.3484,47.5,13.3
2025-06-21 01:00:00,283.5498,47.5,13.3
2025-06-21 02:00:00,282.68115,47.5,13.3
2025-06-21 03:00:00,282.0813,47.5,13.3
2025-06-21 04:00:00,281.86377,47.5,13.3
2025-06-21 05:00:00,284.29663,47.5,13.3
2025-06-21 06:00:00,288.35278,47.5,13.3
2025-06-21 07:00:00,290.91455,47.5,13.3
2025-06-21 08:00:00,292.36475,47.5,13.3
2025-06-21 09:00:00,293.78125,47.5,13.3
2025-06-21 10:00:00,295.3828,47.5,13.3
2025-06-21 11:00:00,295.82178,47.5,13.3
2025-06-21 12:00:00,296.52612,47.5,13.3
2025-06-21 13:00:00,297.11377,47.5,13.3
2025-06-21 14:00:00,297.45972,47.5,13.3
2025-06-21 15:00:00,297.29468,47.5,13.3
2025-06-21 16:00:00,296.50195,47.5,13.3
2025-06-21 17:00:00,295.34546,47.5,13.3
2025-06-21 18:00:00,293.71167,47.5,13.3
2025-06-21 19:00:00,292.12183,47.5,13.3
2025-06-21 20:00:00,290.79712,47.5,13.3
2025-06-21 21:00:00,289.21118,47.5,13.3
2025-06-21 22:00:00,286.98413,47.5,13.3
2025-06-21 23:00:00,285.82202,47.5,13.3
2025-06-22 00:00:00,283.45898,47.5,13.3
2025-06-22 01:00:00,282.5481,47.5,13.3
2025-06-22 02:00:00,282.3142,47.5,13.3
2025-06-22 03:00:00,281.96338,47.5,13.3
2025-06-22 04:00:00,282.32104,47.5,13.3
2025-06-22 05:00:00,283.96558,47.5,13.3
2025-06-22 06:00:00,288.01904,47.5,13.3
2025-06-22 07:00:00,291.0293,47.5,13.3
2025-06-22 08:00:00,293.28052,47.5,13.3
2025-06-22 09:00:00,295.15283,47.5,13.3
2025-06-22 10:00:00,297.37036,47.5,13.3
2025-06-22 11:00:00,298.10547,47.5,13.3
2025-06-22 12:00:00,299.1018,47.5,13.3
2025-06-22 13:00:00,300.32397,47.5,13.3
2025-06-22 14:00:00,300.37842,47.5,13.3
2025-06-22 15:00:00,300.10083,47.5,13.3
2025-06-22 16:00:00,299.30444,47.5,13.3
2025-06-22 17:00:00,298.0061,47.5,13.3
2025-06-22 18:00:00,295.87866,47.5,13.3
2025-06-22 19:00:00,294.12646,47.5,13.3
2025-06-22 20:00:00,290.54688,47.5,13.3
2025-06-22 21:00:00,287.2224,47.5,13.3
2025-06-22 22:00:00,287.01367,47.5,13.3
2025-06-22 23:00:00,286.5647,47.5,13.3
2025-06-23 00:00:00,286.15283,47.5,13.3
2025-06-23 01:00:00,285.6045,47.5,13.3
2025-06-23 02:00:00,284.85278,47.5,13.3
2025-06-23 03:00:00,284.16968,47.5,13.3
2025-06-23 04:00:00,284.71094,47.5,13.3
2025-06-23 05:00:00,286.82227,47.5,13.3
2025-06-23 06:00:00,289.82227,47.5,13.3
2025-06-23 07:00:00,292.3999,47.5,13.3
2025-06-23 08:00:00,294.7578,47.5,13.3
2025-06-23 09:00:00,296.41943,47.5,13.3
2025-06-23 10:00:00,297.36792,47.5,13.3
2025-06-23 11:00:00,298.6377,47.5,13.3
2025-06-23 12:00:00,299.75513,47.5,13.3
2025-06-23 13:00:00,300.2666,47.5,13.3
2025-06-23 14:00:00,297.68237,47.5,13.3
2025-06-23 15:00:00,295.23755,47.5,13.3
2025-06-23 16:00:00,290.34863,47.5,13.3
2025-06-23 17:00:00,288.8098,47.5,13.3
2025-06-23 18:00:00,289.04297,47.5,13.3
2025-06-23 19:00:00,287.94385,47.5,13.3
2025-06-23 20:00:00,287.22852,47.5,13.3
2025-06-23 21:00:00,286.2671,47.5,13.3
2025-06-23 22:00:00,286.87183,47.5,13.3
2025-06-23 23:00:00,286.73193,47.5,13.3
2025-06-24 00:00:00,286.1714,47.5,13.3
2025-06-24 01:00:00,285.26465,47.5,13.3
2025-06-24 02:00:00,285.4253,47.5,13.3
2025-06-24 03:00:00,285.3296,47.5,13.3
2025-06-24 04:00:00,285.3142,47.5,13.3
2025-06-24 05:00:00,285.85083,47.5,13.3
2025-06-24 06:00:00,287.1233,47.5,13.3
2025-06-24 07:00:00,288.6648,47.5,13.3
2025-06-24 08:00:00,290.36597,47.5,13.3
2025-06-24 09:00:00,292.10913,47.5,13.3
2025-06-24 10:00:00,295.05786,47.5,13.3
2025-06-24 11:00:00,296.13916,47.5,13.3
2025-06-24 12:00:00,297.40234,47.5,13.3
2025-06-24 13:00:00,297.38184,47.5,13.3
2025-06-24 14:00:00,297.38867,47.5,13.3
2025-06-24 15:00:00,297.25146,47.5,13.3
2025-06-24 16:00:00,297.04346,47.5,13.3
2025-06-24 17:00:00,296.1953,47.5,13.3
2025-06-24 18:00:00,294.6892,47.5,13.3
2025-06-24 19:00:00,292.31152,47.5,13.3
2025-06-24 20:00:00,290.38086,47.5,13.3
2025-06-24 21:00:00,288.4961,47.5,13.3
2025-06-24 22:00:00,287.17432,47.5,13.3
2025-06-24 23:00:00,286.56958,47.5,13.3
2025-06-25 00:00:00,285.4021,47.5,13.3
2025-06-25 01:00:00,284.7893,47.5,13.3
2025-06-25 02:00:00,284.88696,47.5,13.3
2025-06-25 03:00:00,284.78857,47.5,13.3
2025-06-25 04:00:00,285.2959,47.5,13.3
2025-06-25 05:00:00,286.56885,47.5,13.3
2025-06-25 06:00:00,289.9746,47.5,13.3
2025-06-25 07:00:00,292.67676,47.5,13.3
2025-06-25 08:00:00,294.77148,47.5,13.3
2025-06-25 09:00:00,296.47314,47.5,13.3
2025-06-25 10:00:00,297.62524,47.5,13.3
2025-06-25 11:00:00,298.77832,47.5,13.3
2025-06-25 12:00:00,299.90186,47.5,13.3
2025-06-25 13:00:00,300.20605,47.5,13.3
2025-06-25 14:00:00,300.35596,47.5,13.3
2025-06-25 15:00:00,300.75293,47.5,13.3
2025-06-25 16:00:00,300.27295,47.5,13.3
2025-06-25 17:00:00,299.04443,47.5,13.3
2025-06-25 18:00:00,297.1233,47.5,13.3
2025-06-25 19:00:00,294.47168,47.5,13.3
2025-06-25 20:00:00,292.04956,47.5,13.3
2025-06-25 21:00:00,289.91968,47.5,13.3
2025-06-25 22:00:00,288.88647,47.5,13.3
2025-06-25 23:00:00,288.31958,47.5,13.3
2025-06-26 00:00:00,287.80908,47.5,13.3
2025-06-26 01:00:00,287.3999,47.5,13.3
2025-06-26 02:00:00,286.58765,47.5,13.3
2025-06-26 03:00:00,286.25854,47.5,13.3
2025-06-26 04:00:00,286.20508,47.5,13.3
2025-06-26 05:00:00,288.34326,47.5,13.3
2025-06-26 06:00:00,292.0464,47.5,13.3
2025-06-26 07:00:00,294.83423,47.5,13.3
2025-06-26 08:00:00,297.35352,47.5,13.3
2025-06-26 09:00:00,299.25293,47.5,13.3
2025-06-26 10:00:00,298.90503,47.5,13.3
2025-06-26 11:00:00,298.8711,47.5,13.3
2025-06-26 12:00:00,298.79028,47.5,13.3
2025-06-26 13:00:00,299.11035,47.5,13.3
2025-06-26 14:00:00,299.09106,47.5,13.3
2025-06-26 15:00:00,296.9165,47.5,13.3
2025-06-26 16:00:00,292.92944,47.5,13.3
2025-06-26 17:00:00,290.82568,47.5,13.3
2025-06-26 18:00:00,289.40088,47.5,13.3
2025-06-26 19:00:00,287.86816,47.5,13.3
2025-06-26 20:00:00,287.50317,47.5,13.3
2025-06-26 21:00:00,287.31616,47.5,13.3
2025-06-26 22:00:00,287.13794,47.5,13.3
2025-06-26 23:00:00,286.698,47.5,13.3
2025-06-27 00:00:00,286.44702,47.5,13.3
2025-06-27 01:00:00,286.65503,47.5,13.3
2025-06-27 02:00:00,286.3645,47.5,13.3
2025-06-27 03:00:00,285.86255,47.5,13.3
2025-06-27 04:00:00,286.38574,47.5,13.3
2025-06-27 05:00:00,286.76538,47.5,13.3
2025-06-27 06:00:00,287.55762,47.5,13.3
2025-06-27 07:00:00,288.31152,47.5,13.3
2025-06-27 08:00:00,288.65234,47.5,13.3
2025-06-27 09:00:00,289.6311,47.5,13.3
2025-06-27 10:00:00,289.24316,47.5,13.3
2025-06-27 11:00:00,291.34302,47.5,13.3
2025-06-27 12:00:00,292.07397,47.5,13.3
2025-06-27 13:00:00,292.23535,47.5,13.3
2025-06-27 14:00:00,292.69556,47.5,13.3
2025-06-27 15:00:00,292.90405,47.5,13.3
2025-06-27 16:00:00,291.17773,47.5,13.3
2025-06-27 17:00:00,289.6997,47.5,13.3
2025-06-27 18:00:00,289.12817,47.5,13.3
2025-06-27 19:00:00,288.59033,47.5,13.3
2025-06-27 20:00:00,288.29517,47.5,13.3
2025-06-27 21:00:00,288.34863,47.5,13.3
2025-06-27 22:00:00,288.33032,47.5,13.3
2025-06-27 23:00:00,288.06396,47.5,13.3
2025-06-28 00:00:00,288.06006,47.5,13.3
2025-06-28 01:00:00,288.44873,47.5,13.3
2025-06-28 02:00:00,288.46313,47.5,13.3
2025-06-28 03:00:00,288.3208,47.5,13.3
2025-06-28 04:00:00,288.0581,47.5,13.3
2025-06-28 05:00:00,287.7622,47.5,13.3
2025-06-28 06:00:00,288.36353,47.5,13.3
2025-06-28 07:00:00,289.1814,47.5,13.3
2025-06-28 08:00:00,290.40552,47.5,13.3
2025-06-28 09:00:00,291.1582,47.5,13.3
2025-06-28 10:00:00,291.82275,47.5,13.3
2025-06-28 11:00:00,293.20044,47.5,13.3
2025-06-28 12:00:00,294.6892,47.5,13.3
2025-06-28 13:00:00,294.55884,47.5,13.3
2025-06-28 14:00:00,295.22632,47.5,13.3
2025-06-28 15:00:00,295.57935,47.5,13.3
2025-06-28 16:00:00,295.00586,47.5,13.3
2025-06-28 17:00:00,294.32446,47.5,13.3
2025-06-28 18:00:00,293.3086,47.5,13.3
2025-06-28 19:00:00,291.40894,47.5,13.3
2025-06-28 20:00:00,290.01538,47.5,13.3
2025-06-28 21:00:00,289.08862,47.5,13.3
2025-06-28 22:00:00,288.35522,47.5,13.3
2025-06-28 23:00:00,287.49536,47.5,13.3
2025-06-29 00:00:00,287.50488,47.5,13.3
2025-06-29 01:00:00,287.15454,47.5,13.3
2025-06-29 02:00:00,286.56494,47.5,13.3
2025-06-29 03:00:00,286.17822,47.5,13.3
2025-06-29 04:00:00,286.865,47.5,13.3
2025-06-29 05:00:00,287.7224,47.5,13.3
2025-06-29 06:00:00,290.8308,47.5,13.3
2025-06-29 07:00:00,292.31152,47.5,13.3
2025-06-29 08:00:00,294.34473,47.5,13.3
2025-06-29 09:00:00,295.6787,47.5,13.3
2025-06-29 10:00:00,297.01636,47.5,13.3
2025-06-29 11:00:00,297.75537,47.5,13.3
2025-06-29 12:00:00,298.41064,47.5,13.3
2025-06-29 13:00:00,298.87378,47.5,13.3
2025-06-29 14:00:00,299.2954,47.5,13.3
2025-06-29 15:00:00,299.03247,47.5,13.3
2025-06-29 16:00:00,298.54468,47.5,13.3
2025-06-29 17:00:00,297.62476,47.5,13.3
2025-06-29 18:00:00,295.99976,47.5,13.3
2025-06-29 19:00:00,294.4248,47.5,13.3
2025-06-29 20:00:00,293.3562,47.5,13.3
2025-06-29 21:00:00,290.64185,47.5,13.3
2025-06-29 22:00:00,289.97803,47.5,13.3
2025-06-29 23:00:00,288.37695,47.5,13.3
2025-06-30 00:00:00,287.90845,47.5,13.3
2025-06-30 01:00:00,287.11133,47.5,13.3
2025-06-30 02:00:00,286.85352,47.5,13.3
2025-06-30 03:00:00,286.667,47.5,13.3
2025-06-30 04:00:00,286.66455,47.5,13.3
2025-06-30 05:00:00,288.21558,47.5,13.3
2025-06-30 06:00:00,291.90308,47.5,13.3
2025-06-30 07:00:00,294.2827,47.5,13.3
2025-06-30 08:00:00,296.0537,47.5,13.3
2025-06-30 09:00:00,297.25146,47.5,13.3
2025-06-30 10:00:00,298.365,47.5,13.3
2025-06-30 11:00:00,299.20288,47.5,13.3
2025-06-30 12:00:00,299.84448,47.5,13.3
2025-06-30 13:00:00,300.02246,47.5,13.3
2025-06-30 14:00:00,299.85522,47.5,13.3
2025-06-30 15:00:00,299.74,47.5,13.3
2025-06-30 16:00:00,298.3037,47.5,13.3
2025-06-30 17:00:00,296.61646,47.5,13.3
2025-06-30 18:00:00,295.4187,47.5,13.3
2025-06-30 19:00:00,293.886,47.5,13.3
2025-06-30 20:00:00,293.55566,47.5,13.3
2025-06-30 21:00:00,292.9812,47.5,13.3
2025-06-30 22:00:00,292.50757,47.5,13.3
2025-06-30 23:00:00,291.06567,47.5,13.3
2025-07-01 00:00:00,289.88232,47.5,13.3
2025-07-01 01:00:00,288.51636,47.5,13.3
2025-07-01 02:00:00,288.34106,47.5,13.3
2025-07-01 03:00:00,287.95752,47.5,13.3
2025-07-01 04:00:00,287.76367,47.5,13.3
2025-07-01 05:00:00,289.1853,47.5,13.3
2025-07-01 06:00:00,292.22925,47.5,13.3
2025-07-01 07:00:00,294.52222,47.5,13.3
2025-07-01 08:00:00,295.69092,47.5,13.3
2025-07-01 09:00:00,296.77783,47.5,13.3
2025-07-01 10:00:00,297.79346,47.5,13.3
2025-07-01 11:00:00,298.75635,47.5,13.3
2025-07-01 12:00:00,298.95142,47.5,13.3
2025-07-01 13:00:00,299.34814,47.5,13.3
2025-07-01 14:00:00,299.24146,47.5,13.3
2025-07-01 15:00:00,299.54346,47.5,13.3
2025-07-01 16:00:00,298.6172,47.5,13.3
2025-07-01 17:00:00,297.66504,47.5,13.3
2025-07-01 18:00:00,295.9204,47.5,13.3
2025-07-01 19:00:00,295.5359,47.5,13.3
2025-07-01 20:00:00,293.86963,47.5,13.3
2025-07-01 21:00:00,291.83032,47.5,13.3
2025-07-01 22:00:00,288.46338,47.5,13.3
2025-07-01 23:00:00,287.156,47.5,13.3
2025-07-02 00:00:00,286.88257,47.5,13.3
2025-07-02 01:00:00,286.5271,47.5,13.3
2025-07-02 02:00:00,285.9192,47.5,13.3
2025-07-02 03:00:00,285.51,47.5,13.3
2025-07-02 04:00:00,285.38745,47.5,13.3
2025-07-02 05:00:00,287.21973,47.5,13.3
2025-07-02 06:00:00,290.68848,47.5,13.3
2025-07-02 07:00:00,293.6233,47.5,13.3
2025-07-02 08:00:00,296.0459,47.5,13.3
2025-07-02 09:00:00,297.8728,47.5,13.3
2025-07-02 10:00:00,298.83032,47.5,13.3
2025-07-02 11:00:00,300.1765,47.5,13.3
2025-07-02 12:00:00,301.01172,47.5,13.3
2025-07-02 13:00:00,301.68018,47.5,13.3
2025-07-02 14:00:00,301.98608,47.5,13.3
2025-07-02 15:00:00,302.0039,47.5,13.3
2025-07-02 16:00:00,301.60962,47.5,13.3
2025-07-02 17:00:00,300.20386,47.5,13.3
2025-07-02 18:00:00,297.77686,47.5,13.3
2025-07-02 19:00:00,295.49048,47.5,13.3
2025-07-02 20:00:00,292.09277,47.5,13.3
2025-07-02 21:00:00,291.04126,47.5,13.3
2025-07-02 22:00:00,290.4873,47.5,13.3
2025-07-02 23:00:00,289.1604,47.5,13.3
2025-07-03 00:00:00,288.68677,47.5,13.3
2025-07-03 01:00:00,288.2102,47.5,13.3
2025-07-03 02:00:00,287.7881,47.5,13.3
2025-07-03 03:00:00,287.54834,47.5,13.3
2025-07-03 04:00:00,287.9895,47.5,13.3
2025-07-03 05:00:00,288.68726,47.5,13.3
2025-07-03 06:00:00,291.40552,47.5,13.3
2025-07-03 07:00:00,293.8523,47.5,13.3
2025-07-03 08:00:00,295.73242,47.5,13.3
2025-07-03 09:00:00,297.08325,47.5,13.3
2025-07-03 10:00:00,295.13916,47.5,13.3
2025-07-03 11:00:00,296.82056,47.5,13.3
2025-07-03 12:00:00,297.66626,47.5,13.3
2025-07-03 13:00:00,294.8252,47.5,13.3
2025-07-03 14:00:00,292.80542,47.5,13.3
2025-07-03 15:00:00,290.81616,47.5,13.3
2025-07-03 16:00:00,290.0559,47.5,13.3
2025-07-03 17:00:00,289.5144,47.5,13.3
2025-07-03 18:00:00,289.2583,47.5,13.3
2025-07-03 19:00:00,289.17358,47.5,13.3
2025-07-03 20:00:00,288.56885,47.5,13.3
2025-07-03 21:00:00,288.23804,47.5,13.3
2025-07-03 22:00:00,287.34155,47.5,13.3
2025-07-03 23:00:00,287.17627,47.5,13.3
2025-07-04 00:00:00,286.47607,47.5,13.3
2025-07-04 01:00:00,285.81152,47.5,13.3
2025-07-04 02:00:00,286.14453,47.5,13.3
2025-07-04 03:00:00,286.17773,47.5,13.3
2025-07-04 04:00:00,286.50928,47.5,13.3
2025-07-04 05:00:00,287.20166,47.5,13.3
2025-07-04 06:00:00,288.0537,47.5,13.3
2025-07-04 07:00:00,288.6023,47.5,13.3
2025-07-04 08:00:00,289.04736,47.5,13.3
2025-07-04 09:00:00,290.67505,47.5,13.3
2025-07-04 10:00:00,290.79077,47.5,13.3
2025-07-04 11:00:00,291.01123,47.5,13.3
2025-07-04 12:00:00,291.4143,47.5,13.3
2025-07-04 13:00:00,292.27686,47.5,13.3
2025-07-04 14:00:00,292.0542,47.5,13.3
2025-07-04 15:00:00,292.57275,47.5,13.3
2025-07-04 16:00:00,292.35815,47.5,13.3
2025-07-04 17:00:00,291.61743,47.5,13.3
2025-07-04 18:00:00,290.46997,47.5,13.3
2025-07-04 19:00:00,289.29663,47.5,13.3
2025-07-04 20:00:00,288.63354,47.5,13.3
2025-07-04 21:00:00,287.47046,47.5,13.3
2025-07-04 22:00:00,285.1648,47.5,13.3
2025-07-04 23:00:00,284.91162,47.5,13.3
2025-07-05 00:00:00,284.09058,47.5,13.3
2025-07-05 01:00:00,283.45972,47.5,13.3
2025-07-05 02:00:00,283.0774,47.5,13.3
2025-07-05 03:00:00,282.7378,47.5,13.3
2025-07-05 04:00:00,283.48486,47.5,13.3
2025-07-05 05:00:00,284.56323,47.5,13.3
2025-07-05 06:00:00,287.55127,47.5,13.3
2025-07-05 07:00:00,290.75415,47.5,13.3
2025-07-05 08:00:00,292.87378,47.5,13.3
2025-07-05 09:00:00,294.51685,47.5,13.3
2025-07-05 10:00:00,296.07324,47.5,13.3
2025-07-05 11:00:00,295.8811,47.5,13.3
2025-07-05 12:00:00,296.4331,47.5,13.3
2025-07-05 13:00:00,296.58105,47.5,13.3
2025-07-05 14:00:00,295.30615,47.5,13.3
2025-07-05 15:00:00,293.66675,47.5,13.3
2025-07-05 16:00:00,292.6145,47.5,13.3
2025-07-05 17:00:00,291.81226,47.5,13.3
2025-07-05 18:00:00,290.75244,47.5,13.3
2025-07-05 19:00:00,289.3777,47.5,13.3
2025-07-05 20:00:00,287.86768,47.5,13.3
2025-07-05 21:00:00,286.12988,47.5,13.3
2025-07-05 22:00:00,285.85376,47.5,13.3
2025-07-05 23:00:00,285.52173,47.5,13.3
2025-07-06 00:00:00,284.65283,47.5,13.3
2025-07-06 01:00:00,284.23853,47.5,13.3
2025-07-06 02:00:00,284.42212,47.5,13.3
2025-07-06 03:00:00,284.48682,47.5,13.3
2025-07-06 04:00:00,284.17993,47.5,13.3
2025-07-06 05:00:00,285.8152,47.5,13.3
2025-07-06 06:00:00,288.27954,47.5,13.3
2025-07-06 07:00:00,290.86646,47.5,13.3
2025-07-06 08:00:00,292.5337,47.5,13.3
2025-07-06 09:00:00,293.90454,47.5,13.3
2025-07-06 10:00:00,295.6919,47.5,13.3
2025-07-06 11:00:00,296.84912,47.5,13.3
2025-07-06 12:00:00,295.0791,47.5,13.3
2025-07-06 13:00:00,293.40112,47.5,13.3
2025-07-06 14:00:00,292.07422,47.5,13.3
2025-07-06 15:00:00,290.40088,47.5,13.3
2025-07-06 16:00:00,289.1223,47.5,13.3
2025-07-06 17:00:00,287.93896,47.5,13.3
2025-07-06 18:00:00,287.5232,47.5,13.3
2025-07-06 19:00:00,286.7163,47.5,13.3
2025-07-06 20:00:00,286.15527,47.5,13.3
2025-07-06 21:00:00,285.91846,47.5,13.3
2025-07-06 22:00:00,285.8899,47.5,13.3
2025-07-06 23:00:00,285.60522,47.5,13.3
2025-07-07 00:00:00,285.3462,47.5,13.3
2025-07-07 01:00:00,285.08594,47.5,13.3
2025-07-07 02:00:00,284.75903,47.5,13.3
2025-07-07 03:00:00,284.51196,47.5,13.3
2025-07-07 04:00:00,284.27124,47.5,13.3
2025-07-07 05:00:00,284.1001,47.5,13.3
2025-07-07 06:00:00,284.11548,47.5,13.3
2025-07-07 07:00:00,283.84033,47.5,13.3
2025-07-07 08:00:00,284.35742,47.5,13.3
2025-07-07 09:00:00,285.43457,47.5,13.3
2025-07-07 10:00:00,287.11206,47.5,13.3
2025-07-07 11:00:00,288.2544,47.5,13.3
2025-07-07 12:00:00,289.85352,47.5,13.3
2025-07-07 13:00:00,290.69678,47.5,13.3
2025-07-07 14:00:00,290.9673,47.5,13.3
2025-07-07 15:00:00,290.7881,47.5,13.3
2025-07-07 16:00:00,290.7373,47.5,13.3
2025-07-07 17:00:00,287.63257,47.5,13.3
2025-07-07 18:00:00,285.99927,47.5,13.3
2025-07-07 19:00:00,285.30786,47.5,13.3
2025-07-07 20:00:00,284.6792,47.5,13.3
2025-07-07 21:00:00,283.80566,47.5,13.3
2025-07-07 22:00:00,282.96777,47.5,13.3
2025-07-07 23:00:00,282.00146,47.5,13.3
2025-07-08 00:00:00,281.40503,47.5,13.3
2025-07-08 01:00:00,281.011,47.5,13.3
2025-07-08 02:00:00,280.6875,47.5,13.3
2025-07-08 03:00:00,280.41235,47.5,13.3
2025-07-08 04:00:00,280.3794,47.5,13.3
2025-07-08 05:00:00,280.48535,47.5,13.3
2025-07-08 06:00:00,280.78296,47.5,13.3
2025-07-08 07:00:00,281.02954,47.5,13.3
2025-07-08 08:00:00,281.56006,47.5,13.3
2025-07-08 09:00:00,281.88428,47.5,13.3
2025-07-08 10:00:00,282.00854,47.5,13.3
2025-07-08 11:00:00,281.80225,47.5,13.3
2025-07-08 12:00:00,282.83203,47.5,13.3
2025-07-08 13:00:00,282.8152,47.5,13.3
2025-07-08 14:00:00,282.84595,47.5,13.3
2025-07-08 15:00:00,281.7378,47.5,13.3
2025-07-08 16:00:00,281.50464,47.5,13.3
2025-07-08 17:00:00,280.9961,47.5,13.3
2025-07-08 18:00:00,280.4309,47.5,13.3
2025-07-08 19:00:00,280.03442,47.5,13.3
2025-07-08 20:00:00,280.0398,47.5,13.3
2025-07-08 21:00:00,279.93433,47.5,13.3
2025-07-08 22:00:00,280.1211,47.5,13.3
2025-07-08 23:00:00,280.17896,47.5,13.3
2025-07-09 00:00:00,280.1316,47.5,13.3
2025-07-09 01:00:00,279.7705,47.5,13.3
2025-07-09 02:00:00,279.6499,47.5,13.3
2025-07-09 03:00:00,279.61035,47.5,13.3
2025-07-09 04:00:00,279.72217,47.5,13.3
2025-07-09 05:00:00,279.61792,47.5,13.3
2025-07-09 06:00:00,279.83008,47.5,13.3
2025-07-09 07:00:00,280.93384,47.5,13.3
2025-07-09 08:00:00,282.115,47.5,13.3
2025-07-09 09:00:00,283.16846,47.5,13.3
2025-07-09 10:00:00,284.52393,47.5,13.3
2025-07-09 11:00:00,284.4099,47.5,13.3
2025-07-09 12:00:00,284.65894,47.5,13.3
2025-07-09 13:00:00,285.2317,47.5,13.3
2025-07-09 14:00:00,285.48608,47.5,13.3
2025-07-09 15:00:00,284.51587,47.5,13.3
2025-07-09 16:00:00,283.95483,47.5,13.3
2025-07-09 17:00:00,283.4978,47.5,13.3
2025-07-09 18:00:00,282.8069,47.5,13.3
2025-07-09 19:00:00,281.81885,47.5,13.3
2025-07-09 20:00:00,281.8164,47.5,13.3
2025-07-09 21:00:00,282.03345,47.5,13.3
2025-07-09 22:00:00,281.88354,47.5,13.3
2025-07-09 23:00:00,282.2434,47.5,13.3
2025-07-10 00:00:00,282.29932,47.5,13.3
2025-07-10 01:00:00,282.08643,47.5,13.3
2025-07-10 02:00:00,282.2827,47.5,13.3
2025-07-10 03:00:00,282.0735,47.5,13.3
2025-07-10 04:00:00,282.12134,47.5,13.3
2025-07-10 05:00:00,281.75366,47.5,13.3
2025-07-10 06:00:00,281.77295,47.5,13.3
2025-07-10 07:00:00,282.6167,47.5,13.3
2025-07-10 08:00:00,283.4004,47.5,13.3
2025-07-10 09:00:00,284.91016,47.5,13.3
2025-07-10 10:00:00,285.23755,47.5,13.3
2025-07-10 11:00:00,285.6936,47.5,13.3
2025-07-10 12:00:00,286.1145,47.5,13.3
2025-07-10 13:00:00,286.2107,47.5,13.3
2025-07-10 14:00:00,286.5603,47.5,13.3
2025-07-10 15:00:00,286.47852,47.5,13.3
2025-07-10 16:00:00,285.85645,47.5,13.3
2025-07-10 17:00:00,285.0957,47.5,13.3
2025-07-10 18:00:00,284.37524,47.5,13.3
2025-07-10 19:00:00,283.8352,47.5,13.3
2025-07-10 20:00:00,283.3501,47.5,13.3
2025-07-10 21:00:00,283.33813,47.5,13.3
2025-07-10 22:00:00,283.7444,47.5,13.3
2025-07-10 23:00:00,283.58032,47.5,13.3
2025-07-11 00:00:00,283.49463,47.5,13.3
2025-07-11 01:00:00,282.95532,47.5,13.3
2025-07-11 02:00:00,282.4668,47.5,13.3
2025-07-11 03:00:00,282.06396,47.5,13.3
2025-07-11 04:00:00,282.5796,47.5,13.3
2025-07-11 05:00:00,282.354,47.5,13.3
2025-07-11 06:00:00,282.9148,47.5,13.3
2025-07-11 07:00:00,283.44043,47.5,13.3
2025-07-11 08:00:00,284.04688,47.5,13.3
2025-07-11 09:00:00,285.5332,47.5,13.3
2025-07-11 10:00:00,284.37036,47.5,13.3
2025-07-11 11:00:00,283.74072,47.5,13.3
2025-07-11 12:00:00,284.75024,47.5,13.3
2025-07-11 13:00:00,285.5669,47.5,13.3
2025-07-11 14:00:00,286.1958,47.5,13.3
2025-07-11 15:00:00,287.60938,47.5,13.3
2025-07-11 16:00:00,286.167,47.5,13.3
2025-07-11 17:00:00,286.12817,47.5,13.3
2025-07-11 18:00:00,284.99805,47.5,13.3
2025-07-11 19:00:00,283.41016,47.5,13.3
2025-07-11 20:00:00,282.98853,47.5,13.3
2025-07-11 21:00:00,282.25928,47.5,13.3
2025-07-11 22:00:00,281.60693,47.5,13.3
2025-07-11 23:00:00,281.54785,47.5,13.3
2025-07-12 00:00:00,281.06274,47.5,13.3
2025-07-12 01:00:00,281.27295,47.5,13.3
2025-07-12 02:00:00,281.46387,47.5,13.3
2025-07-12 03:00:00,281.74365,47.5,13.3
2025-07-12 04:00:00,282.06128,47.5,13.3
2025-07-12 05:00:00,282.69897,47.5,13.3
2025-07-12 06:00:00,284.17773,47.5,13.3
2025-07-12 07:00:00,285.54688,47.5,13.3
2025-07-12 08:00:00,287.39282,47.5,13.3
2025-07-12 09:00:00,288.0586,47.5,13.3
2025-07-12 10:00:00,290.04883,47.5,13.3
2025-07-12 11:00:00,289.7422,47.5,13.3
2025-07-12 12:00:00,291.00464,47.5,13.3
2025-07-12 13:00:00,291.70312,47.5,13.3
2025-07-12 14:00:00,291.78735,47.5,13.3
2025-07-12 15:00:00,292.4441,47.5,13.3
2025-07-12 16:00:00,291.64526,47.5,13.3
2025-07-12 17:00:00,290.98267,47.5,13.3
2025-07-12 18:00:00,289.6084,47.5,13.3
2025-07-12 19:00:00,288.00366,47.5,13.3
2025-07-12 20:00:00,286.59888,47.5,13.3
2025-07-12 21:00:00,285.28442,47.5,13.3
2025-07-12 22:00:00,283.98486,47.5,13.3
2025-07-12 23:00:00,283.27734,47.5,13.3
2025-07-13 00:00:00,283.06543,47.5,13.3
2025-07-13 01:00:00,282.8225,47.5,13.3
2025-07-13 02:00:00,281.92334,47.5,13.3
2025-07-13 03:00:00,281.56885,47.5,13.3
2025-07-13 04:00:00,282.49268,47.5,13.3
2025-07-13 05:00:00,283.4353,47.5,13.3
2025-07-13 06:00:00,286.1211,47.5,13.3
2025-07-13 07:00:00,288.23218,47.5,13.3
2025-07-13 08:00:00,290.41187,47.5,13.3
2025-07-13 09:00:00,292.31592,47.5,13.3
2025-07-13 10:00:00,294.69092,47.5,13.3
2025-07-13 11:00:00,295.8579,47.5,13.3
2025-07-13 12:00:00,296.7351,47.5,13.3
2025-07-13 13:00:00,294.82886,47.5,13.3
2025-07-13 14:00:00,291.8435,47.5,13.3
2025-07-13 15:00:00,291.04395,47.5,13.3
2025-07-13 16:00:00,291.07227,47.5,13.3
2025-07-13 17:00:00,290.65796,47.5,13.3
2025-07-13 18:00:00,290.073,47.5,13.3
2025-07-13 19:00:00,288.5381,47.5,13.3
2025-07-13 20:00:00,287.05054,47.5,13.3
2025-07-13 21:00:00,285.2749,47.5,13.3
2025-07-13 22:00:00,284.96973,47.5,13.3
2025-07-13 23:00:00,284.30908,47.5,13.3
2025-07-14 00:00:00,284.4192,47.5,13.3
2025-07-14 01:00:00,283.8933,47.5,13.3
2025-07-14 02:00:00,283.59888,47.5,13.3
2025-07-14 03:00:00,282.83545,47.5,13.3
2025-07-14 04:00:00,282.97876,47.5,13.3
2025-07-14 05:00:00,284.4402,47.5,13.3
2025-07-14 06:00:00,287.09717,47.5,13.3
2025-07-14 07:00:00,289.8318,47.5,13.3
2025-07-14 08:00:00,290.91528,47.5,13.3
2025-07-14 09:00:00,292.56128,47.5,13.3
2025-07-14 10:00:00,292.38452,47.5,13.3
2025-07-14 11:00:00,291.97607,47.5,13.3
2025-07-14 12:00:00,290.55078,47.5,13.3
2025-07-14 13:00:00,289.34985,47.5,13.3
2025-07-14 14:00:00,288.4392,47.5,13.3
2025-07-14 15:00:00,287.65234,47.5,13.3
2025-07-14 16:00:00,287.6355,47.5,13.3
2025-07-14 17:00:00,287.84155,47.5,13.3
2025-07-14 18:00:00,287.32324,47.5,13.3
2025-07-14 19:00:00,285.65454,47.5,13.3
2025-07-14 20:00:00,284.39014,47.5,13.3
2025-07-14 21:00:00,284.1267,47.5,13.3
2025-07-14 22:00:00,285.59375,47.5,13.3
2025-07-14 23:00:00,285.09888,47.5,13.3
2025-07-15 00:00:00,284.78394,47.5,13.3
2025-07-15 01:00:00,284.71704,47.5,13.3
2025-07-15 02:00:00,284.27563,47.5,13.3
2025-07-15 03:00:00,283.85254,47.5,13.3
2025-07-15 04:00:00,283.5288,47.5,13.3
2025-07-15 05:00:00,284.739,47.5,13.3
2025-07-15 06:00:00,286.39746,47.5,13.3
2025-07-15 07:00:00,287.86475,47.5,13.3
2025-07-15 08:00:00,289.7058,47.5,13.3
2025-07-15 09:00:00,291.7229,47.5,13.3
2025-07-15 10:00:00,292.91357,47.5,13.3
2025-07-15 11:00:00,293.80493,47.5,13.3
2025-07-15 12:00:00,293.75098,47.5,13.3
2025-07-15 13:00:00,292.5686,47.5,13.3
2025-07-15 14:00:00,290.8767,47.5,13.3
2025-07-15 15:00:00,289.76,47.5,13.3
2025-07-15 16:00:00,288.35107,47.5,13.3
2025-07-15 17:00:00,287.79517,47.5,13.3
2025-07-15 18:00:00,287.37207,47.5,13.3
2025-07-15 19:00:00,286.7146,47.5,13.3
2025-07-15 20:00:00,286.47778,47.5,13.3
2025-07-15 21:00:00,286.11475,47.5,13.3
2025-07-15 22:00:00,285.20728,47.5,13.3
2025-07-15 23:00:00,285.26514,47.5,13.3
2025-07-16 00:00:00,284.937,47.5,13.3
2025-07-16 01:00:00,285.10132,47.5,13.3
2025-07-16 02:00:00,284.98657,47.5,13.3
2025-07-16 03:00:00,284.8645,47.5,13.3
2025-07-16 04:00:00,284.79272,47.5,13.3
2025-07-16 05:00:00,284.56226,47.5,13.3
2025-07-16 06:00:00,284.76758,47.5,13.3
2025-07-16 07:00:00,285.0398,47.5,13.3
2025-07-16 08:00:00,285.65576,47.5,13.3
2025-07-16 09:00:00,286.77515,47.5,13.3
2025-07-16 10:00:00,286.79932,47.5,13.3
2025-07-16 11:00:00,287.22144,47.5,13.3
2025-07-16 12:00:00,288.75317,47.5,13.3
2025-07-16 13:00:00,288.42407,47.5,13.3
2025-07-16 14:00:00,289.3213,47.5,13.3
2025-07-16 15:00:00,288.51,47.5,13.3
2025-07-16 16:00:00,287.54565,47.5,13.3
2025-07-16 17:00:00,286.9497,47.5,13.3
2025-07-16 18:00:00,286.18726,47.5,13.3
2025-07-16 19:00:00,285.4319,47.5,13.3
2025-07-16 20:00:00,284.56763,47.5,13.3
2025-07-16 21:00:00,284.2251,47.5,13.3
2025-07-16 22:00:00,284.09473,47.5,13.3
2025-07-16 23:00:00,283.36035,47.5,13.3
2025-07-17 00:00:00,282.82324,47.5,13.3
2025-07-17 01:00:00,282.4148,47.5,13.3
2025-07-17 02:00:00,282.156,47.5,13.3
2025-07-17 03:00:00,281.9602,47.5,13.3
2025-07-17 04:00:00,281.79077,47.5,13.3
2025-07-17 05:00:00,281.7666,47.5,13.3
2025-07-17 06:00:00,282.21606,47.5,13.3
2025-07-17 07:00:00,282.21973,47.5,13.3
2025-07-17 08:00:00,283.3689,47.5,13.3
2025-07-17 09:00:00,284.43774,47.5,13.3
2025-07-17 10:00:00,284.51758,47.5,13.3
2025-07-17 11:00:00,284.92822,47.5,13.3
2025-07-17 12:00:00,285.98022,47.5,13.3
2025-07-17 13:00:00,286.21387,47.5,13.3
2025-07-17 14:00:00,287.36206,47.5,13.3
2025-07-17 15:00:00,287.61523,47.5,13.3
2025-07-17 16:00:00,287.1089,47.5,13.3
2025-07-17 17:00:00,286.66016,47.5,13.3
2025-07-17 18:00:00,285.39478,47.5,13.3
2025-07-17 19:00:00,283.32397,47.5,13.3
2025-07-17 20:00:00,283.08545,47.5,13.3
2025-07-17 21:00:00,283.11743,47.5,13.3
2025-07-17 22:00:00,283.15137,47.5,13.3
2025-07-17 23:00:00,283.3203,47.5,13.3
2025-07-18 00:00:00,283.1526,47.5,13.3
2025-07-18 01:00:00,283.42065,47.5,13.3
2025-07-18 02:00:00,282.94116,47.5,13.3
2025-07-18 03:00:00,282.2881,47.5,13.3
2025-07-18 04:00:00,282.96777,47.5,13.3
2025-07-18 05:00:00,283.6577,47.5,13.3
2025-07-18 06:00:00,285.1621,47.5,13.3
2025-07-18 07:00:00,286.87915,47.5,13.3
2025-07-18 08:00:00,289.0127,47.5,13.3
2025-07-18 09:00:00,290.03857,47.5,13.3
2025-07-18 10:00:00,291.36523,47.5,13.3
2025-07-18 11:00:00,292.2622,47.5,13.3
2025-07-18 12:00:00,292.49072,47.5,13.3
2025-07-18 13:00:00,292.55347,47.5,13.3
2025-07-18 14:00:00,292.938,47.5,13.3
2025-07-18 15:00:00,293.26123,47.5,13.3
2025-07-18 16:00:00,292.88525,47.5,13.3
2025-07-18 17:00:00,292.16846,47.5,13.3
2025-07-18 18:00:00,290.8723,47.5,13.3
2025-07-18 19:00:00,288.81616,47.5,13.3
2025-07-18 20:00:00,287.156,47.5,13.3
2025-07-18 21:00:00,286.68506,47.5,13.3
2025-07-18 22:00:00,284.54517,47.5,13.3
2025-07-18 23:00:00,283.75586,47.5,13.3
2025-07-19 00:00:00,282.8838,47.5,13.3
2025-07-19 01:00:00,282.27417,47.5,13.3
2025-07-19 02:00:00,282.41528,47.5,13.3
2025-07-19 03:00:00,281.7505,47.5,13.3
2025-07-19 04:00:00,281.87842,47.5,13.3
2025-07-19 05:00:00,283.40332,47.5,13.3
2025-07-19 06:00:00,287.03003,47.5,13.3
2025-07-19 07:00:00,290.3213,47.5,13.3
2025-07-19 08:00:00,292.87646,47.5,13.3
2025-07-19 09:00:00,294.8308,47.5,13.3
2025-07-19 10:00:00,295.7849,47.5,13.3
2025-07-19 11:00:00,297.66504,47.5,13.3
2025-07-19 12:00:00,298.7063,47.5,13.3
2025-07-19 13:00:00,299.62793,47.5,13.3
2025-07-19 14:00:00,300.2527,47.5,13.3
2025-07-19 15:00:00,299.79175,47.5,13.3
2025-07-19 16:00:00,298.10742,47.5,13.3
2025-07-19 17:00:00,295.98706,47.5,13.3
2025-07-19 18:00:00,294.19604,47.5,13.3
2025-07-19 19:00:00,293.5852,47.5,13.3
2025-07-19 20:00:00,291.55176,47.5,13.3
2025-07-19 21:00:00,290.3982,47.5,13.3
2025-07-19 22:00:00,288.94287,47.5,13.3
2025-07-19 23:00:00,288.32666,47.5,13.3
2025-07-20 00:00:00,287.6963,47.5,13.3
2025-07-20 01:00:00,287.43384,47.5,13.3
2025-07-20 02:00:00,287.20288,47.5,13.3
2025-07-20 03:00:00,286.32178,47.5,13.3
2025-07-20 04:00:00,285.49707,47.5,13.3
2025-07-20 05:00:00,286.2522,47.5,13.3
2025-07-20 06:00:00,288.34204,47.5,13.3
2025-07-20 07:00:00,290.6145,47.5,13.3
2025-07-20 08:00:00,292.7268,47.5,13.3
2025-07-20 09:00:00,295.41382,47.5,13.3
2025-07-20 10:00:00,296.97534,47.5,13.3
2025-07-20 11:00:00,297.5044,47.5,13.3
2025-07-20 12:00:00,298.5786,47.5,13.3
2025-07-20 13:00:00,299.54224,47.5,13.3
2025-07-20 14:00:00,300.12866,47.5,13.3
2025-07-20 15:00:00,299.61572,47.5,13.3
2025-07-20 16:00:00,299.11768,47.5,13.3
2025-07-20 17:00:00,297.62085,47.5,13.3
2025-07-20 18:00:00,296.0359,47.5,13.3
2025-07-20 19:00:00,293.57764,47.5,13.3
2025-07-20 20:00:00,291.74707,47.5,13.3
2025-07-20 21:00:00,290.75903,47.5,13.3
2025-07-20 22:00:00,290.1062,47.5,13.3
2025-07-20 23:00:00,289.74414,47.5,13.3
2025-07-21 00:00:00,288.98755,47.5,13.3
2025-07-21 01:00:00,288.81055,47.5,13.3
2025-07-21 02:00:00,288.07275,47.5,13.3
2025-07-21 03:00:00,287.8247,47.5,13.3
2025-07-21 04:00:00,287.4182,47.5,13.3
2025-07-21 05:00:00,287.89233,47.5,13.3
2025-07-21 06:00:00,288.65723,47.5,13.3
2025-07-21 07:00:00,289.86475,47.5,13.3
2025-07-21 08:00:00,291.52002,47.5,13.3
2025-07-21 09:00:00,290.98975,47.5,13.3
2025-07-21 10:00:00,291.25,47.5,13.3
2025-07-21 11:00:00,289.29297,47.5,13.3
2025-07-21 12:00:00,287.70215,47.5,13.3
2025-07-21 13:00:00,286.2295,47.5,13.3
2025-07-21 14:00:00,284.9768,47.5,13.3
2025-07-21 15:00:00,284.43726,47.5,13.3
2025-07-21 16:00:00,284.48828,47.5,13.3
2025-07-21 17:00:00,284.7058,47.5,13.3
2025-07-21 18:00:00,284.92456,47.5,13.3
2025-07-21 19:00:00,284.31616,47.5,13.3
2025-07-21 20:00:00,284.35986,47.5,13.3
2025-07-21 21:00:00,283.6233,47.5,13.3
2025-07-21 22:00:00,281.64966,47.5,13.3
2025-07-21 23:00:00,281.34277,47.5,13.3
2025-07-22 00:00:00,281.594,47.5,13.3
2025-07-22 01:00:00,281.48242,47.5,13.3
2025-07-22 02:00:00,281.49414,47.5,13.3
2025-07-22 03:00:00,281.28027,47.5,13.3
2025-07-22 04:00:00,281.23755,47.5,13.3
2025-07-22 05:00:00,282.4712,47.5,13.3
2025-07-22 06:00:00,285.1277,47.5,13.3
2025-07-22 07:00:00,287.12744,47.5,13.3
2025-07-22 08:00:00,288.80005,47.5,13.3
2025-07-22 09:00:00,290.1233,47.5,13.3
2025-07-22 10:00:00,292.10938,47.5,13.3
2025-07-22 11:00:00,292.03833,47.5,13.3
2025-07-22 12:00:00,292.72852,47.5,13.3
2025-07-22 13:00:00,292.21533,47.5,13.3
2025-07-22 14:00:00,292.167,47.5,13.3
2025-07-22 15:00:00,290.72827,47.5,13.3
2025-07-22 16:00:00,289.42065,47.5,13.3
2025-07-22 17:00:00,288.9297,47.5,13.3
2025-07-22 18:00:00,287.9226,47.5,13.3
2025-07-22 19:00:00,286.26782,47.5,13.3
2025-07-22 20:00:00,284.6604,47.5,13.3
2025-07-22 21:00:00,284.7527,47.5,13.3
2025-07-22 22:00:00,286.74585,47.5,13.3
2025-07-22 23:00:00,286.3098,47.5,13.3
2025-07-23 00:00:00,285.7168,47.5,13.3
2025-07-23 01:00:00,285.44092,47.5,13.3
2025-07-23 02:00:00,284.48315,47.5,13.3
2025-07-23 03:00:00,284.04614,47.5,13.3
2025-07-23 04:00:00,283.7527,47.5,13.3
2025-07-23 05:00:00,284.49902,47.5,13.3
2025-07-23 06:00:00,286.47217,47.5,13.3
2025-07-23 07:00:00,289.04785,47.5,13.3
2025-07-23 08:00:00,290.7163,47.5,13.3
2025-07-23 09:00:00,291.98682,47.5,13.3
2025-07-23 10:00:00,292.58325,47.5,13.3
2025-07-23 11:00:00,294.03833,47.5,13.3
2025-07-23 12:00:00,294.08887,47.5,13.3
2025-07-23 13:00:00,294.34717,47.5,13.3
2025-07-23 14:00:00,293.02515,47.5,13.3
2025-07-23 15:00:00,292.0735,47.5,13.3
2025-07-23 16:00:00,291.26636,47.5,13.3
2025-07-23 17:00:00,289.72534,47.5,13.3
2025-07-23 18:00:00,289.18164,47.5,13.3
2025-07-23 19:00:00,288.28003,47.5,13.3
2025-07-23 20:00:00,287.85205,47.5,13.3
2025-07-23 21:00:00,287.28223,47.5,13.3
2025-07-23 22:00:00,285.8147,47.5,13.3
2025-07-23 23:00:00,285.20605,47.5,13.3
2025-07-24 00:00:00,285.43872,47.5,13.3
2025-07-24 01:00:00,285.1963,47.5,13.3
2025-07-24 02:00:00,284.95972,47.5,13.3
2025-07-24 03:00:00,285.10107,47.5,13.3
2025-07-24 04:00:00,284.979,47.5,13.3
2025-07-24 05:00:00,285.29346,47.5,13.3
2025-07-24 06:00:00,285.9248,47.5,13.3
2025-07-24 07:00:00,287.2959,47.5,13.3
2025-07-24 08:00:00,288.16675,47.5,13.3
2025-07-24 09:00:00,288.5537,47.5,13.3
2025-07-24 10:00:00,289.04468,47.5,13.3
2025-07-24 11:00:00,290.3501,47.5,13.3
2025-07-24 12:00:00,290.49072,47.5,13.3
2025-07-24 13:00:00,289.72925,47.5,13.3
2025-07-24 14:00:00,288.65698,47.5,13.3
2025-07-24 15:00:00,287.58838,47.5,13.3
2025-07-24 16:00:00,287.4922,47.5,13.3
2025-07-24 17:00:00,286.4602,47.5,13.3
2025-07-24 18:00:00,286.30933,47.5,13.3
2025-07-24 19:00:00,286.05542,47.5,13.3
2025-07-24 20:00:00,285.47046,47.5,13.3
2025-07-24 21:00:00,285.3401,47.5,13.3
2025-07-24 22:00:00,285.62915,47.5,13.3
2025-07-24 23:00:00,285.34302,47.5,13.3
2025-07-25 00:00:00,285.22192,47.5,13.3
2025-07-25 01:00:00,285.1953,47.5,13.3
2025-07-25 02:00:00,284.98267,47.5,13.3
2025-07-25 03:00:00,284.81055,47.5,13.3
2025-07-25 04:00:00,284.9038,47.5,13.3
2025-07-25 05:00:00,285.0769,47.5,13.3
2025-07-25 06:00:00,285.4502,47.5,13.3
2025-07-25 07:00:00,286.13477,47.5,13.3
2025-07-25 08:00:00,287.4121,47.5,13.3
2025-07-25 09:00:00,289.74634,47.5,13.3
2025-07-25 10:00:00,290.23682,47.5,13.3
2025-07-25 11:00:00,290.1338,47.5,13.3
2025-07-25 12:00:00,289.59082,47.5,13.3
2025-07-25 13:00:00,288.72998,47.5,13.3
2025-07-25 14:00:00,288.24634,47.5,13.3
2025-07-25 15:00:00,288.70044,47.5,13.3
2025-07-25 16:00:00,288.15918,47.5,13.3
2025-07-25 17:00:00,287.16235,47.5,13.3
2025-07-25 18:00:00,286.57202,47.5,13.3
2025-07-25 19:00:00,286.23535,47.5,13.3
2025-07-25 20:00:00,285.90967,47.5,13.3
2025-07-25 21:00:00,286.23413,47.5,13.3
2025-07-25 22:00:00,286.15112,47.5,13.3
2025-07-25 23:00:00,286.19287,47.5,13.3
2025-07-26 00:00:00,286.3015,47.5,13.3
2025-07-26 01:00:00,286.1963,47.5,13.3
2025-07-26 02:00:00,286.18237,47.5,13.3
2025-07-26 03:00:00,286.1067,47.5,13.3
2025-07-26 04:00:00,285.9082,47.5,13.3
2025-07-26 05:00:00,285.83545,47.5,13.3
2025-07-26 06:00:00,285.55078,47.5,13.3
2025-07-26 07:00:00,285.0703,47.5,13.3
2025-07-26 08:00:00,285.4248,47.5,13.3
2025-07-26 09:00:00,285.92407,47.5,13.3
2025-07-26 10:00:00,286.6714,47.5,13.3
2025-07-26 11:00:00,287.7439,47.5,13.3
2025-07-26 12:00:00,288.9026,47.5,13.3
2025-07-26 13:00:00,289.57886,47.5,13.3
2025-07-26 14:00:00,290.00024,47.5,13.3
2025-07-26 15:00:00,289.99243,47.5,13.3
2025-07-26 16:00:00,288.97876,47.5,13.3
2025-07-26 17:00:00,288.08154,47.5,13.3
2025-07-26 18:00:00,287.11108,47.5,13.3
2025-07-26 19:00:00,286.72778,47.5,13.3
2025-07-26 20:00:00,286.3545,47.5,13.3
2025-07-26 21:00:00,286.35645,47.5,13.3
2025-07-26 22:00:00,286.2356,47.5,13.3
2025-07-26 23:00:00,286.17163,47.5,13.3
2025-07-27 00:00:00,285.87036,47.5,13.3
2025-07-27 01:00:00,285.77588,47.5,13.3
2025-07-27 02:00:00,285.6438,47.5,13.3
2025-07-27 03:00:00,285.41602,47.5,13.3
2025-07-27 04:00:00,285.1963,47.5,13.3
2025-07-27 05:00:00,285.02148,47.5,13.3
2025-07-27 06:00:00,285.29907,47.5,13.3
2025-07-27 07:00:00,285.49927,47.5,13.3
2025-07-27 08:00:00,285.72217,47.5,13.3
2025-07-27 09:00:00,286.57983,47.5,13.3
2025-07-27 10:00:00,286.313,47.5,13.3
2025-07-27 11:00:00,287.8943,47.5,13.3
2025-07-27 12:00:00,288.50708,47.5,13.3
2025-07-27 13:00:00,288.51807,47.5,13.3
2025-07-27 14:00:00,289.25342,47.5,13.3
2025-07-27 15:00:00,289.17944,47.5,13.3
2025-07-27 16:00:00,288.94385,47.5,13.3
2025-07-27 17:00:00,287.21802,47.5,13.3
2025-07-27 18:00:00,285.81836,47.5,13.3
2025-07-27 19:00:00,284.65552,47.5,13.3
2025-07-27 20:00:00,284.21777,47.5,13.3
2025-07-27 21:00:00,284.0979,47.5,13.3
2025-07-27 22:00:00,284.48462,47.5,13.3
2025-07-27 23:00:00,284.23584,47.5,13.3
2025-07-28 00:00:00,284.02905,47.5,13.3
2025-07-28 01:00:00,283.87793,47.5,13.3
2025-07-28 02:00:00,283.98853,47.5,13.3
2025-07-28 03:00:00,283.80225,47.5,13.3
2025-07-28 04:00:00,283.86084,47.5,13.3
2025-07-28 05:00:00,283.7693,47.5,13.3
2025-07-28 06:00:00,283.9939,47.5,13.3
2025-07-28 07:00:00,284.4497,47.5,13.3
2025-07-28 08:00:00,284.7478,47.5,13.3
2025-07-28 09:00:00,285.21436,47.5,13.3
2025-07-28 10:00:00,285.96606,47.5,13.3
2025-07-28 11:00:00,285.95435,47.5,13.3
2025-07-28 12:00:00,286.62744,47.5,13.3
2025-07-28 13:00:00,286.30176,47.5,13.3
2025-07-28 14:00:00,285.89966,47.5,13.3
2025-07-28 15:00:00,286.29346,47.5,13.3
2025-07-28 16:00:00,285.1875,47.5,13.3
2025-07-28 17:00:00,284.33057,47.5,13.3
2025-07-28 18:00:00,284.08887,47.5,13.3
2025-07-28 19:00:00,284.09277,47.5,13.3
2025-07-28 20:00:00,283.86572,47.5,13.3
2025-07-28 21:00:00,283.78076,47.5,13.3
2025-07-28 22:00:00,283.48438,47.5,13.3
2025-07-28 23:00:00,283.36035,47.5,13.3
2025-07-29 00:00:00,283.2129,47.5,13.3
2025-07-29 01:00:00,283.1377,47.5,13.3
2025-07-29 02:00:00,283.09155,47.5,13.3
2025-07-29 03:00:00,283.0227,47.5,13.3
2025-07-29 04:00:00,282.93213,47.5,13.3
2025-07-29 05:00:00,282.93628,47.5,13.3
2025-07-29 06:00:00,283.15137,47.5,13.3
2025-07-29 07:00:00,283.51367,47.5,13.3
2025-07-29 08:00:00,284.1692,47.5,13.3
2025-07-29 09:00:00,284.29834,47.5,13.3
2025-07-29 10:00:00,284.83765,47.5,13.3
2025-07-29 11:00:00,285.1194,47.5,13.3
2025-07-29 12:00:00,284.88037,47.5,13.3
2025-07-29 13:00:00,285.2041,47.5,13.3
2025-07-29 14:00:00,284.58667,47.5,13.3
2025-07-29 15:00:00,284.60742,47.5,13.3
2025-07-29 16:00:00,284.34692,47.5,13.3
2025-07-29 17:00:00,284.32397,47.5,13.3
2025-07-29 18:00:00,283.31104,47.5,13.3
2025-07-29 19:00:00,281.94556,47.5,13.3
2025-07-29 20:00:00,281.4585,47.5,13.3
2025-07-29 21:00:00,280.65063,47.5,13.3
2025-07-29 22:00:00,280.56445,47.5,13.3
2025-07-29 23:00:00,279.52588,47.5,13.3
2025-07-30 00:00:00,278.97852,47.5,13.3
2025-07-30 01:00:00,278.26172,47.5,13.3
2025-07-30 02:00:00,277.8235,47.5,13.3
2025-07-30 03:00:00,277.82324,47.5,13.3
2025-07-30 04:00:00,277.82495,47.5,13.3
2025-07-30 05:00:00,279.0205,47.5,13.3
2025-07-30 06:00:00,281.17212,47.5,13.3
2025-07-30 07:00:00,283.59155,47.5,13.3
2025-07-30 08:00:00,285.792,47.5,13.3
2025-07-30 09:00:00,287.8042,47.5,13.3
2025-07-30 10:00:00,289.19385,47.5,13.3
2025-07-30 11:00:00,289.8291,47.5,13.3
2025-07-30 12:00:00,290.51147,47.5,13.3
2025-07-30 13:00:00,290.58813,47.5,13.3
2025-07-30 14:00:00,290.33765,47.5,13.3
2025-07-30 15:00:00,289.81714,47.5,13.3
2025-07-30 16:00:00,287.7815,47.5,13.3
2025-07-30 17:00:00,286.75537,47.5,13.3
2025-07-30 18:00:00,285.61377,47.5,13.3
2025-07-30 19:00:00,283.96582,47.5,13.3
2025-07-30 20:00:00,283.34863,47.5,13.3
2025-07-30 21:00:00,283.20703,47.5,13.3
2025-07-30 22:00:00,283.01904,47.5,13.3
2025-07-30 23:00:00,282.708,47.5,13.3
2025-07-31 00:00:00,282.3938,47.5,13.3
2025-07-31 01:00:00,282.69922,47.5,13.3
2025-07-31 02:00:00,282.1416,47.5,13.3
2025-07-31 03:00:00,282.302,47.5,13.3
2025-07-31 04:00:00,281.6748,47.5,13.3
2025-07-31 05:00:00,281.76343,47.5,13.3
2025-07-31 06:00:00,282.97363,47.5,13.3
2025-07-31 07:00:00,284.69922,47.5,13.3
2025-07-31 08:00:00,286.47876,47.5,13.3
2025-07-31 09:00:00,288.5625,47.5,13.3
2025-07-31 10:00:00,289.14673,47.5,13.3
2025-07-31 11:00:00,289.281,47.5,13.3
2025-07-31 12:00:00,289.93384,47.5,13.3
2025-07-31 13:00:00,289.33594,47.5,13.3
2025-07-31 14:00:00,289.53833,47.5,13.3
2025-07-31 15:00:00,289.06323,47.5,13.3
2025-07-31 16:00:00,288.8872,47.5,13.3
2025-07-31 17:00:00,287.1311,47.5,13.3
2025-07-31 18:00:00,286.10645,47.5,13.3
2025-07-31 19:00:00,285.07056,47.5,13.3
2025-07-31 20:00:00,284.61475,47.5,13.3
2025-07-31 21:00:00,284.35767,47.5,13.3
2025-07-31 22:00:00,283.08618,47.5,13.3
2025-07-31 23:00:00,282.02417,47.5,13.3
2025-08-01 00:00:00,281.85864,47.5,13.3
2025-08-01 01:00:00,281.8672,47.5,13.3
2025-08-01 02:00:00,281.9895,47.5,13.3
2025-08-01 03:00:00,281.54907,47.5,13.3
2025-08-01 04:00:00,280.89038,47.5,13.3
2025-08-01 05:00:00,282.1809,47.5,13.3
2025-08-01 06:00:00,284.3142,47.5,13.3
2025-08-01 07:00:00,285.9358,47.5,13.3
2025-08-01 08:00:00,287.61865,47.5,13.3
2025-08-01 09:00:00,288.57642,47.5,13.3
2025-08-01 10:00:00,288.72314,47.5,13.3
2025-08-01 11:00:00,288.0918,47.5,13.3
2025-08-01 12:00:00,286.66577,47.5,13.3
2025-08-01 13:00:00,287.0996,47.5,13.3
2025-08-01 14:00:00,287.29028,47.5,13.3
2025-08-01 15:00:00,287.46118,47.5,13.3
2025-08-01 16:00:00,288.2063,47.5,13.3
2025-08-01 17:00:00,288.19043,47.5,13.3
2025-08-01 18:00:00,287.40234,47.5,13.3
2025-08-01 19:00:00,286.71973,47.5,13.3
2025-08-01 20:00:00,285.84277,47.5,13.3
2025-08-01 21:00:00,285.09766,47.5,13.3
2025-08-01 22:00:00,282.3235,47.5,13.3
2025-08-01 23:00:00,281.66577,47.5,13.3
2025-08-02 00:00:00,281.5896,47.5,13.3
2025-08-02 01:00:00,281.19873,47.5,13.3
2025-08-02 02:00:00,280.74902,47.5,13.3
2025-08-02 03:00:00,280.41724,47.5,13.3
2025-08-02 04:00:00,280.50146,47.5,13.3
2025-08-02 05:00:00,281.354,47.5,13.3
2025-08-02 06:00:00,282.58984,47.5,13.3
2025-08-02 07:00:00,284.239,47.5,13.3
2025-08-02 08:00:00,285.11597,47.5,13.3
2025-08-02 09:00:00,285.44824,47.5,13.3
2025-08-02 10:00:00,286.23218,47.5,13.3
2025-08-02 11:00:00,285.9441,47.5,13.3
2025-08-02 12:00:00,284.55225,47.5,13.3
2025-08-02 13:00:00,284.28906,47.5,13.3
2025-08-02 14:00:00,284.2295,47.5,13.3
2025-08-02 15:00:00,283.7876,47.5,13.3
2025-08-02 16:00:00,283.57324,47.5,13.3
2025-08-02 17:00:00,283.38354,47.5,13.3
2025-08-02 18:00:00,282.9839,47.5,13.3
2025-08-02 19:00:00,282.74683,47.5,13.3
2025-08-02 20:00:00,282.5232,47.5,13.3
2025-08-02 21:00:00,282.364,47.5,13.3
2025-08-02 22:00:00,282.6167,47.5,13.3
2025-08-02 23:00:00,282.6079,47.5,13.3
2025-08-03 00:00:00,282.61694,47.5,13.3
2025-08-03 01:00:00,282.6748,47.5,13.3
2025-08-03 02:00:00,282.56152,47.5,13.3
2025-08-03 03:00:00,282.49146,47.5,13.3
2025-08-03 04:00:00,282.55103,47.5,13.3
2025-08-03 05:00:00,282.20874,47.5,13.3
2025-08-03 06:00:00,282.06226,47.5,13.3
2025-08-03 07:00:00,282.1167,47.5,13.3
2025-08-03 08:00:00,282.46387,47.5,13.3
2025-08-03 09:00:00,283.57373,47.5,13.3
2025-08-03 10:00:00,285.20435,47.5,13.3
2025-08-03 11:00:00,285.78247,47.5,13.3
2025-08-03 12:00:00,285.87305,47.5,13.3
2025-08-03 13:00:00,286.33716,47.5,13.3
2025-08-03 14:00:00,286.38257,47.5,13.3
2025-08-03 15:00:00,285.93994,47.5,13.3
2025-08-03 16:00:00,285.5459,47.5,13.3
2025-08-03 17:00:00,284.386,47.5,13.3
2025-08-03 18:00:00,283.52075,47.5,13.3
2025-08-03 19:00:00,283.1372,47.5,13.3
2025-08-03 20:00:00,282.00952,47.5,13.3
2025-08-03 21:00:00,281.98462,47.5,13.3
2025-08-03 22:00:00,282.26416,47.5,13.3
2025-08-03 23:00:00,282.4358,47.5,13.3
2025-08-04 00:00:00,282.68384,47.5,13.3
2025-08-04 01:00:00,282.90332,47.5,13.3
2025-08-04 02:00:00,282.44922,47.5,13.3
2025-08-04 03:00:00,282.57568,47.5,13.3
2025-08-04 04:00:00,282.5481,47.5,13.3
2025-08-04 05:00:00,282.3623,47.5,13.3
2025-08-04 06:00:00,282.93848,47.5,13.3
2025-08-04 07:00:00,283.80225,47.5,13.3
2025-08-04 08:00:00,285.04395,47.5,13.3
2025-08-04 09:00:00,286.13013,47.5,13.3
2025-08-04 10:00:00,287.34497,47.5,13.3
2025-08-04 11:00:00,286.27295,47.5,13.3
2025-08-04 12:00:00,285.07373,47.5,13.3
2025-08-04 13:00:00,284.76343,47.5,13.3
2025-08-04 14:00:00,284.53052,47.5,13.3
2025-08-04 15:00:00,284.35303,47.5,13.3
2025-08-04 16:00:00,284.43457,47.5,13.3
2025-08-04 17:00:00,284.47314,47.5,13.3
2025-08-04 18:00:00,284.47217,47.5,13.3
2025-08-04 19:00:00,284.16187,47.5,13.3
2025-08-04 20:00:00,283.78882,47.5,13.3
2025-08-04 21:00:00,283.78418,47.5,13.3
2025-08-04 22:00:00,283.56885,47.5,13.3
2025-08-04 23:00:00,283.10522,47.5,13.3
2025-08-05 00:00:00,283.3225,47.5,13.3
2025-08-05 01:00:00,282.7373,47.5,13.3
2025-08-05 02:00:00,282.85962,47.5,13.3
2025-08-05 03:00:00,282.7478,47.5,13.3
2025-08-05 04:00:00,282.85474,47.5,13.3
2025-08-05 05:00:00,282.5923,47.5,13.3
2025-08-05 06:00:00,284.67188,47.5,13.3
2025-08-05 07:00:00,286.95728,47.5,13.3
2025-08-05 08:00:00,289.07617,47.5,13.3
2025-08-05 09:00:00,291.59717,47.5,13.3
2025-08-05 10:00:00,293.29077,47.5,13.3
2025-08-05 11:00:00,294.33716,47.5,13.3
2025-08-05 12:00:00,295.6902,47.5,13.3
2025-08-05 13:00:00,296.49365,47.5,13.3
2025-08-05 14:00:00,296.27783,47.5,13.3
2025-08-05 15:00:00,295.35425,47.5,13.3
2025-08-05 16:00:00,294.74487,47.5,13.3
2025-08-05 17:00:00,293.79224,47.5,13.3
2025-08-05 18:00:00,291.8789,47.5,13.3
2025-08-05 19:00:00,288.66553,47.5,13.3
2025-08-05 20:00:00,287.95532,47.5,13.3
2025-08-05 21:00:00,287.9109,47.5,13.3
2025-08-05 22:00:00,287.58398,47.5,13.3
2025-08-05 23:00:00,287.39844,47.5,13.3
2025-08-06 00:00:00,287.04468,47.5,13.3
2025-08-06 01:00:00,286.05176,47.5,13.3
2025-08-06 02:00:00,285.46875,47.5,13.3
2025-08-06 03:00:00,285.0327,47.5,13.3
2025-08-06 04:00:00,284.22803,47.5,13.3
2025-08-06 05:00:00,283.89502,47.5,13.3
2025-08-06 06:00:00,284.3545,47.5,13.3
2025-08-06 07:00:00,285.33813,47.5,13.3
2025-08-06 08:00:00,286.625,47.5,13.3
2025-08-06 09:00:00,287.71948,47.5,13.3
2025-08-06 10:00:00,289.3003,47.5,13.3
2025-08-06 11:00:00,290.57593,47.5,13.3
2025-08-06 12:00:00,291.71948,47.5,13.3
2025-08-06 13:00:00,292.4807,47.5,13.3
2025-08-06 14:00:00,292.60742,47.5,13.3
2025-08-06 15:00:00,292.22607,47.5,13.3
2025-08-06 16:00:00,291.6765,47.5,13.3
2025-08-06 17:00:00,290.62427,47.5,13.3
2025-08-06 18:00:00,288.78735,47.5,13.3
2025-08-06 19:00:00,288.04443,47.5,13.3
2025-08-06 20:00:00,286.68262,47.5,13.3
2025-08-06 21:00:00,285.65503,47.5,13.3
2025-08-06 22:00:00,284.45654,47.5,13.3
2025-08-06 23:00:00,283.63208,47.5,13.3
2025-08-07 00:00:00,283.20776,47.5,13.3
2025-08-07 01:00:00,283.3374,47.5,13.3
2025-08-07 02:00:00,282.83057,47.5,13.3
2025-08-07 03:00:00,282.94946,47.5,13.3
2025-08-07 04:00:00,282.761,47.5,13.3
2025-08-07 05:00:00,282.95776,47.5,13.3
2025-08-07 06:00:00,285.22974,47.5,13.3
2025-08-07 07:00:00,287.72485,47.5,13.3
2025-08-07 08:00:00,290.97388,47.5,13.3
2025-08-07 09:00:00,292.77686,47.5,13.3
2025-08-07 10:00:00,295.6206,47.5,13.3
2025-08-07 11:00:00,296.47168,47.5,13.3
2025-08-07 12:00:00,297.0642,47.5,13.3
2025-08-07 13:00:00,296.38184,47.5,13.3
2025-08-07 14:00:00,297.04858,47.5,13.3
2025-08-07 15:00:00,296.63916,47.5,13.3
2025-08-07 16:00:00,295.58008,47.5,13.3
2025-08-07 17:00:00,293.8789,47.5,13.3
2025-08-07 18:00:00,292.28784,47.5,13.3
2025-08-07 19:00:00,290.62646,47.5,13.3
2025-08-07 20:00:00,288.93848,47.5,13.3
2025-08-07 21:00:00,286.98975,47.5,13.3
2025-08-07 22:00:00,285.81665,47.5,13.3
2025-08-07 23:00:00,285.77856,47.5,13.3
2025-08-08 00:00:00,285.41064,47.5,13.3
2025-08-08 01:00:00,285.17383,47.5,13.3
2025-08-08 02:00:00,285.20435,47.5,13.3
2025-08-08 03:00:00,285.12817,47.5,13.3
2025-08-08 04:00:00,284.54688,47.5,13.3
2025-08-08 05:00:00,285.4458,47.5,13.3
2025-08-08 06:00:00,288.15625,47.5,13.3
2025-08-08 07:00:00,291.16992,47.5,13.3
2025-08-08 08:00:00,293.65698,47.5,13.3
2025-08-08 09:00:00,296.17676,47.5,13.3
2025-08-08 10:00:00,296.9585,47.5,13.3
2025-08-08 11:00:00,298.83203,47.5,13.3
2025-08-08 12:00:00,299.08716,47.5,13.3
2025-08-08 13:00:00,300.45483,47.5,13.3
2025-08-08 14:00:00,300.86133,47.5,13.3
2025-08-08 15:00:00,300.115,47.5,13.3
2025-08-08 16:00:00,299.1897,47.5,13.3
2025-08-08 17:00:00,297.39526,47.5,13.3
2025-08-08 18:00:00,294.8816,47.5,13.3
2025-08-08 19:00:00,291.56885,47.5,13.3
2025-08-08 20:00:00,290.6023,47.5,13.3
2025-08-08 21:00:00,289.8772,47.5,13.3
2025-08-08 22:00:00,288.45703,47.5,13.3
2025-08-08 23:00:00,288.0608,47.5,13.3
2025-08-09 00:00:00,287.78247,47.5,13.3
2025-08-09 01:00:00,287.19995,47.5,13.3
2025-08-09 02:00:00,286.6709,47.5,13.3
2025-08-09 03:00:00,286.8186,47.5,13.3
2025-08-09 04:00:00,286.5481,47.5,13.3
2025-08-09 05:00:00,287.1277,47.5,13.3
2025-08-09 06:00:00,289.75024,47.5,13.3
2025-08-09 07:00:00,292.79126,47.5,13.3
2025-08-09 08:00:00,295.45142,47.5,13.3
2025-08-09 09:00:00,297.5166,47.5,13.3
2025-08-09 10:00:00,299.24487,47.5,13.3
2025-08-09 11:00:00,300.34863,47.5,13.3
2025-08-09 12:00:00,301.03394,47.5,13.3
2025-08-09 13:00:00,301.2566,47.5,13.3
2025-08-09 14:00:00,301.18555,47.5,13.3
2025-08-09 15:00:00,300.6538,47.5,13.3
2025-08-09 16:00:00,299.69775,47.5,13.3
2025-08-09 17:00:00,297.90674,47.5,13.3
2025-08-09 18:00:00,295.07983,47.5,13.3
2025-08-09 19:00:00,293.60718,47.5,13.3
2025-08-09 20:00:00,290.82397,47.5,13.3
2025-08-09 21:00:00,288.52295,47.5,13.3
2025-08-09 22:00:00,288.80444,47.5,13.3
2025-08-09 23:00:00,288.41724,47.5,13.3
2025-08-10 00:00:00,288.19995,47.5,13.3
2025-08-10 01:00:00,287.89697,47.5,13.3
2025-08-10 02:00:00,287.64355,47.5,13.3
2025-08-10 03:00:00,287.35107,47.5,13.3
2025-08-10 04:00:00,287.40723,47.5,13.3
2025-08-10 05:00:00,288.28833,47.5,13.3
2025-08-10 06:00:00,290.00928,47.5,13.3
2025-08-10 07:00:00,293.57422,47.5,13.3
2025-08-10 08:00:00,296.34204,47.5,13.3
2025-08-10 09:00:00,297.198,47.5,13.3
2025-08-10 10:00:00,298.64185,47.5,13.3
2025-08-10 11:00:00,299.11743,47.5,13.3
2025-08-10 12:00:00,299.30713,47.5,13.3
2025-08-10 13:00:00,298.59106,47.5,13.3
2025-08-10 14:00:00,298.9148,47.5,13.3
2025-08-10 15:00:00,298.13477,47.5,13.3
2025-08-10 16:00:00,297.12598,47.5,13.3
2025-08-10 17:00:00,295.8711,47.5,13.3
2025-08-10 18:00:00,294.22412,47.5,13.3
2025-08-10 19:00:00,293.19897,47.5,13.3
2025-08-10 20:00:00,292.96582,47.5,13.3
2025-08-10 21:00:00,292.3059,47.5,13.3
2025-08-10 22:00:00,291.5686,47.5,13.3
2025-08-10 23:00:00,290.0381,47.5,13.3
2025-08-11 00:00:00,289.38574,47.5,13.3
2025-08-11 01:00:00,288.42407,47.5,13.3
2025-08-11 02:00:00,287.90747,47.5,13.3
2025-08-11 03:00:00,287.45776,47.5,13.3
2025-08-11 04:00:00,286.41138,47.5,13.3
2025-08-11 05:00:00,286.8098,47.5,13.3
2025-08-11 06:00:00,289.23267,47.5,13.3
2025-08-11 07:00:00,292.24585,47.5,13.3
2025-08-11 08:00:00,294.36108,47.5,13.3
2025-08-11 09:00:00,295.55396,47.5,13.3
2025-08-11 10:00:00,297.54346,47.5,13.3
2025-08-11 11:00:00,297.6648,47.5,13.3
2025-08-11 12:00:00,297.67236,47.5,13.3
2025-08-11 13:00:00,298.87036,47.5,13.3
2025-08-11 14:00:00,299.37036,47.5,13.3
2025-08-11 15:00:00,298.7832,47.5,13.3
2025-08-11 16:00:00,297.70215,47.5,13.3
2025-08-11 17:00:00,296.36987,47.5,13.3
2025-08-11 18:00:00,294.32788,47.5,13.3
2025-08-11 19:00:00,292.66187,47.5,13.3
2025-08-11 20:00:00,291.9602,47.5,13.3
2025-08-11 21:00:00,290.42847,47.5,13.3
2025-08-11 22:00:00,289.04614,47.5,13.3
2025-08-11 23:00:00,288.73047,47.5,13.3
2025-08-12 00:00:00,287.82495,47.5,13.3
2025-08-12 01:00:00,287.07104,47.5,13.3
2025-08-12 02:00:00,286.73486,47.5,13.3
2025-08-12 03:00:00,285.979,47.5,13.3
2025-08-12 04:00:00,286.01514,47.5,13.3
2025-08-12 05:00:00,286.58936,47.5,13.3
2025-08-12 06:00:00,288.7942,47.5,13.3
2025-08-12 07:00:00,291.72534,47.5,13.3
2025-08-12 08:00:00,294.99634,47.5,13.3
2025-08-12 09:00:00,297.41528,47.5,13.3
2025-08-12 10:00:00,298.47656,47.5,13.3
2025-08-12 11:00:00,299.79053,47.5,13.3
2025-08-12 12:00:00,301.1006,47.5,13.3
2025-08-12 13:00:00,301.6277,47.5,13.3
2025-08-12 14:00:00,300.7412,47.5,13.3
2025-08-12 15:00:00,300.7893,47.5,13.3
2025-08-12 16:00:00,299.6665,47.5,13.3
2025-08-12 17:00:00,298.1858,47.5,13.3
2025-08-12 18:00:00,296.97656,47.5,13.3
2025-08-12 19:00:00,294.96118,47.5,13.3
2025-08-12 20:00:00,293.18164,47.5,13.3
2025-08-12 21:00:00,290.6792,47.5,13.3
2025-08-12 22:00:00,289.60767,47.5,13.3
2025-08-12 23:00:00,288.93384,47.5,13.3
2025-08-13 00:00:00,288.9497,47.5,13.3
2025-08-13 01:00:00,288.53247,47.5,13.3
2025-08-13 02:00:00,287.85205,47.5,13.3
2025-08-13 03:00:00,287.7749,47.5,13.3
2025-08-13 04:00:00,287.27173,47.5,13.3
2025-08-13 05:00:00,287.61426,47.5,13.3
2025-08-13 06:00:00,289.95728,47.5,13.3
2025-08-13 07:00:00,293.10742,47.5,13.3
2025-08-13 08:00:00,296.22363,47.5,13.3
2025-08-13 09:00:00,298.208,47.5,13.3
2025-08-13 10:00:00,299.7915,47.5,13.3
2025-08-13 11:00:00,300.75464,47.5,13.3
2025-08-13 12:00:00,300.92896,47.5,13.3
2025-08-13 13:00:00,302.20825,47.5,13.3
2025-08-13 14:00:00,301.68506,47.5,13.3
2025-08-13 15:00:00,301.48413,47.5,13.3
2025-08-13 16:00:00,300.59888,47.5,13.3
2025-08-13 17:00:00,298.3911,47.5,13.3
2025-08-13 18:00:00,296.4602,47.5,13.3
2025-08-13 19:00:00,294.68677,47.5,13.3
2025-08-13 20:00:00,293.93726,47.5,13.3
2025-08-13 21:00:00,290.60425,47.5,13.3
2025-08-13 22:00:00,290.7058,47.5,13.3
2025-08-13 23:00:00,289.45728,47.5,13.3
2025-08-14 00:00:00,288.72632,47.5,13.3
2025-08-14 01:00:00,288.22827,47.5,13.3
2025-08-14 02:00:00,287.646,47.5,13.3
2025-08-14 03:00:00,287.06592,47.5,13.3
2025-08-14 04:00:00,286.5962,47.5,13.3
2025-08-14 05:00:00,287.63428,47.5,13.3
2025-08-14 06:00:00,289.95508,47.5,13.3
2025-08-14 07:00:00,293.26294,47.5,13.3
2025-08-14 08:00:00,295.4839,47.5,13.3
2025-08-14 09:00:00,297.93652,47.5,13.3
2025-08-14 10:00:00,298.83667,47.5,13.3
2025-08-14 11:00:00,299.83594,47.5,13.3
2025-08-14 12:00:00,300.6477,47.5,13.3
2025-08-14 13:00:00,300.82715,47.5,13.3
2025-08-14 14:00:00,299.97192,47.5,13.3
2025-08-14 15:00:00,298.56152,47.5,13.3
2025-08-14 16:00:00,297.937,47.5,13.3
2025-08-14 17:00:00,296.1101,47.5,13.3
2025-08-14 18:00:00,294.1665,47.5,13.3
2025-08-14 19:00:00,291.68726,47.5,13.3
2025-08-14 20:00:00,290.57178,47.5,13.3
2025-08-14 21:00:00,290.39038,47.5,13.3
2025-08-14 22:00:00,289.88135,47.5,13.3
2025-08-14 23:00:00,289.2041,47.5,13.3
2025-08-15 00:00:00,288.7478,47.5,13.3
2025-08-15 01:00:00,288.34766,47.5,13.3
2025-08-15 02:00:00,287.87646,47.5,13.3
2025-08-15 03:00:00,287.39893,47.5,13.3
2025-08-15 04:00:00,287.3164,47.5,13.3
2025-08-15 05:00:00,287.86426,47.5,13.3
2025-08-15 06:00:00,289.33862,47.5,13.3
2025-08-15 07:00:00,292.56836,47.5,13.3
2025-08-15 08:00:00,295.06885,47.5,13.3
2025-08-15 09:00:00,296.20312,47.5,13.3
2025-08-15 10:00:00,298.1167,47.5,13.3
2025-08-15 11:00:00,298.41675,47.5,13.3
2025-08-15 12:00:00,298.95703,47.5,13.3
2025-08-15 13:00:00,299.44214,47.5,13.3
2025-08-15 14:00:00,299.04834,47.5,13.3
2025-08-15 15:00:00,298.16943,47.5,13.3
2025-08-15 16:00:00,297.10327,47.5,13.3
2025-08-15 17:00:00,295.3777,47.5,13.3
2025-08-15 18:00:00,293.87915,47.5,13.3
2025-08-15 19:00:00,292.05054,47.5,13.3
2025-08-15 20:00:00,290.23218,47.5,13.3
2025-08-15 21:00:00,289.5183,47.5,13.3
2025-08-15 22:00:00,289.47412,47.5,13.3
2025-08-15 23:00:00,288.44165,47.5,13.3
2025-08-16 00:00:00,288.19067,47.5,13.3
2025-08-16 01:00:00,287.5398,47.5,13.3
2025-08-16 02:00:00,287.94287,47.5,13.3
2025-08-16 03:00:00,287.82153,47.5,13.3
2025-08-16 04:00:00,287.41895,47.5,13.3
2025-08-16 05:00:00,286.90552,47.5,13.3
2025-08-16 06:00:00,288.54175,47.5,13.3
2025-08-16 07:00:00,290.65332,47.5,13.3
2025-08-16 08:00:00,293.02246,47.5,13.3
2025-08-16 09:00:00,293.8601,47.5,13.3
2025-08-16 10:00:00,296.61963,47.5,13.3
2025-08-16 11:00:00,294.84497,47.5,13.3
2025-08-16 12:00:00,294.43677,47.5,13.3
2025-08-16 13:00:00,294.24658,47.5,13.3
2025-08-16 14:00:00,295.19775,47.5,13.3
2025-08-16 15:00:00,295.29956,47.5,13.3
2025-08-16 16:00:00,293.82422,47.5,13.3
2025-08-16 17:00:00,292.0774,47.5,13.3
2025-08-16 18:00:00,290.29785,47.5,13.3
2025-08-16 19:00:00,289.0171,47.5,13.3
2025-08-16 20:00:00,288.69507,47.5,13.3
2025-08-16 21:00:00,287.99707,47.5,13.3
2025-08-16 22:00:00,287.5547,47.5,13.3
2025-08-16 23:00:00,287.38135,47.5,13.3
2025-08-17 00:00:00,287.15576,47.5,13.3
2025-08-17 01:00:00,286.66602,47.5,13.3
2025-08-17 02:00:00,286.64136,47.5,13.3
2025-08-17 03:00:00,286.42456,47.5,13.3
2025-08-17 04:00:00,286.5061,47.5,13.3
2025-08-17 05:00:00,286.50708,47.5,13.3
2025-08-17 06:00:00,287.02173,47.5,13.3
2025-08-17 07:00:00,287.3911,47.5,13.3
2025-08-17 08:00:00,288.62378,47.5,13.3
2025-08-17 09:00:00,289.00806,47.5,13.3
2025-08-17 10:00:00,290.94604,47.5,13.3
2025-08-17 11:00:00,290.56763,47.5,13.3
2025-08-17 12:00:00,291.36255,47.5,13.3
2025-08-17 13:00:00,292.71606,47.5,13.3
2025-08-17 14:00:00,291.60425,47.5,13.3
2025-08-17 15:00:00,291.5818,47.5,13.3
2025-08-17 16:00:00,289.70264,47.5,13.3
2025-08-17 17:00:00,288.80054,47.5,13.3
2025-08-17 18:00:00,288.06885,47.5,13.3
2025-08-17 19:00:00,286.45386,47.5,13.3
2025-08-17 20:00:00,285.64355,47.5,13.3
2025-08-17 21:00:00,286.11108,47.5,13.3
2025-08-17 22:00:00,285.7339,47.5,13.3
2025-08-17 23:00:00,285.84595,47.5,13.3
2025-08-18 00:00:00,285.1836,47.5,13.3
2025-08-18 01:00:00,284.92212,47.5,13.3
2025-08-18 02:00:00,285.10962,47.5,13.3
2025-08-18 03:00:00,284.78638,47.5,13.3
2025-08-18 04:00:00,284.25293,47.5,13.3
2025-08-18 05:00:00,284.17236,47.5,13.3
2025-08-18 06:00:00,285.44995,47.5,13.3
2025-08-18 07:00:00,286.93994,47.5,13.3
2025-08-18 08:00:00,288.82446,47.5,13.3
2025-08-18 09:00:00,290.32056,47.5,13.3
2025-08-18 10:00:00,292.07983,47.5,13.3
2025-08-18 11:00:00,293.01953,47.5,13.3
2025-08-18 12:00:00,294.81616,47.5,13.3
2025-08-18 13:00:00,294.78687,47.5,13.3
2025-08-18 14:00:00,295.05322,47.5,13.3
2025-08-18 15:00:00,294.62573,47.5,13.3
2025-08-18 16:00:00,293.5952,47.5,13.3
2025-08-18 17:00:00,292.31348,47.5,13.3
2025-08-18 18:00:00,290.5327,47.5,13.3
2025-08-18 19:00:00,288.66113,47.5,13.3
2025-08-18 20:00:00,288.35498,47.5,13.3
2025-08-18 21:00:00,287.52637,47.5,13.3
2025-08-18 22:00:00,285.906,47.5,13.3
2025-08-18 23:00:00,284.93677,47.5,13.3
2025-08-19 00:00:00,283.98877,47.5,13.3
2025-08-19 01:00:00,283.01392,47.5,13.3
2025-08-19 02:00:00,282.8772,47.5,13.3
2025-08-19 03:00:00,282.48315,47.5,13.3
2025-08-19 04:00:00,282.3374,47.5,13.3
2025-08-19 05:00:00,282.6306,47.5,13.3
2025-08-19 06:00:00,285.55835,47.5,13.3
2025-08-19 07:00:00,289.14258,47.5,13.3
2025-08-19 08:00:00,291.5293,47.5,13.3
2025-08-19 09:00:00,293.83447,47.5,13.3
2025-08-19 10:00:00,294.60596,47.5,13.3
2025-08-19 11:00:00,295.52734,47.5,13.3
2025-08-19 12:00:00,296.73584,47.5,13.3
2025-08-19 13:00:00,297.42603,47.5,13.3
2025-08-19 14:00:00,296.9751,47.5,13.3
2025-08-19 15:00:00,297.10156,47.5,13.3
2025-08-19 16:00:00,296.115,47.5,13.3
2025-08-19 17:00:00,294.70068,47.5,13.3
2025-08-19 18:00:00,293.22412,47.5,13.3
2025-08-19 19:00:00,291.28784,47.5,13.3
2025-08-19 20:00:00,289.56055,47.5,13.3
2025-08-19 21:00:00,288.385,47.5,13.3
2025-08-19 22:00:00,286.99658,47.5,13.3
2025-08-19 23:00:00,286.7439,47.5,13.3
2025-08-20 00:00:00,285.7893,47.5,13.3
2025-08-20 01:00:00,284.7334,47.5,13.3
2025-08-20 02:00:00,284.25977,47.5,13.3
2025-08-20 03:00:00,283.61792,47.5,13.3
2025-08-20 04:00:00,283.45093,47.5,13.3
2025-08-20 05:00:00,284.43945,47.5,13.3
2025-08-20 06:00:00,286.96948,47.5,13.3
2025-08-20 07:00:00,289.39917,47.5,13.3
2025-08-20 08:00:00,291.37256,47.5,13.3
2025-08-20 09:00:00,292.61816,47.5,13.3
2025-08-20 10:00:00,294.5249,47.5,13.3
2025-08-20 11:00:00,294.9944,47.5,13.3
2025-08-20 12:00:00,295.5083,47.5,13.3
2025-08-20 13:00:00,293.43774,47.5,13.3
2025-08-20 14:00:00,291.22583,47.5,13.3
2025-08-20 15:00:00,290.09546,47.5,13.3
2025-08-20 16:00:00,289.43677,47.5,13.3
2025-08-20 17:00:00,288.85352,47.5,13.3
2025-08-20 18:00:00,288.39307,47.5,13.3
2025-08-20 19:00:00,287.7517,47.5,13.3
2025-08-20 20:00:00,287.4287,47.5,13.3
2025-08-20 21:00:00,287.07202,47.5,13.3
2025-08-20 22:00:00,286.1604,47.5,13.3
2025-08-20 23:00:00,286.03906,47.5,13.3
2025-08-21 00:00:00,285.85327,47.5,13.3
2025-08-21 01:00:00,285.563,47.5,13.3
2025-08-21 02:00:00,285.44116,47.5,13.3
2025-08-21 03:00:00,285.36816,47.5,13.3
2025-08-21 04:00:00,285.56396,47.5,13.3
2025-08-21 05:00:00,285.47363,47.5,13.3
2025-08-21 06:00:00,286.42114,47.5,13.3
2025-08-21 07:00:00,287.82324,47.5,13.3
2025-08-21 08:00:00,288.51196,47.5,13.3
2025-08-21 09:00:00,288.8667,47.5,13.3
2025-08-21 10:00:00,289.38428,47.5,13.3
2025-08-21 11:00:00,289.81274,47.5,13.3
2025-08-21 12:00:00,288.55713,47.5,13.3
2025-08-21 13:00:00,287.81714,47.5,13.3
2025-08-21 14:00:00,287.71094,47.5,13.3
2025-08-21 15:00:00,286.98535,47.5,13.3
2025-08-21 16:00:00,287.06494,47.5,13.3
2025-08-21 17:00:00,286.4265,47.5,13.3
2025-08-21 18:00:00,286.05078,47.5,13.3
2025-08-21 19:00:00,285.59937,47.5,13.3
2025-08-21 20:00:00,285.2351,47.5,13.3
2025-08-21 21:00:00,285.35938,47.5,13.3
2025-08-21 22:00:00,285.40308,47.5,13.3
2025-08-21 23:00:00,285.13452,47.5,13.3
2025-08-22 00:00:00,285.12988,47.5,13.3
2025-08-22 01:00:00,285.14404,47.5,13.3
2025-08-22 02:00:00,285.17896,47.5,13.3
2025-08-22 03:00:00,285.05566,47.5,13.3
2025-08-22 04:00:00,285.14844,47.5,13.3
2025-08-22 05:00:00,284.8086,47.5,13.3
2025-08-22 06:00:00,284.365,47.5,13.3
2025-08-22 07:00:00,284.5005,47.5,13.3
2025-08-22 08:00:00,285.417,47.5,13.3
2025-08-22 09:00:00,287.2937,47.5,13.3
2025-08-22 10:00:00,286.83838,47.5,13.3
2025-08-22 11:00:00,288.2251,47.5,13.3
2025-08-22 12:00:00,287.98267,47.5,13.3
2025-08-22 13:00:00,288.6953,47.5,13.3
2025-08-22 14:00:00,288.52808,47.5,13.3
2025-08-22 15:00:00,288.00635,47.5,13.3
2025-08-22 16:00:00,287.3733,47.5,13.3
2025-08-22 17:00:00,286.0183,47.5,13.3
2025-08-22 18:00:00,285.35303,47.5,13.3
2025-08-22 19:00:00,284.79395,47.5,13.3
2025-08-22 20:00:00,284.7102,47.5,13.3
2025-08-22 21:00:00,284.48462,47.5,13.3
2025-08-22 22:00:00,283.521,47.5,13.3
2025-08-22 23:00:00,283.14453,47.5,13.3
2025-08-23 00:00:00,282.8672,47.5,13.3
2025-08-23 01:00:00,282.68213,47.5,13.3
2025-08-23 02:00:00,282.6709,47.5,13.3
2025-08-23 03:00:00,282.4485,47.5,13.3
2025-08-23 04:00:00,282.32056,47.5,13.3
2025-08-23 05:00:00,282.31665,47.5,13.3
2025-08-23 06:00:00,282.25977,47.5,13.3
2025-08-23 07:00:00,282.71387,47.5,13.3
2025-08-23 08:00:00,282.77026,47.5,13.3
2025-08-23 09:00:00,283.88843,47.5,13.3
2025-08-23 10:00:00,284.479,47.5,13.3
2025-08-23 11:00:00,284.75854,47.5,13.3
2025-08-23 12:00:00,285.5254,47.5,13.3
2025-08-23 13:00:00,285.20337,47.5,13.3
2025-08-23 14:00:00,285.27344,47.5,13.3
2025-08-23 15:00:00,284.99854,47.5,13.3
2025-08-23 16:00:00,284.58838,47.5,13.3
2025-08-23 17:00:00,284.36987,47.5,13.3
2025-08-23 18:00:00,283.86133,47.5,13.3
2025-08-23 19:00:00,283.36987,47.5,13.3
2025-08-23 20:00:00,282.38647,47.5,13.3
2025-08-23 21:00:00,282.11963,47.5,13.3
2025-08-23 22:00:00,282.02856,47.5,13.3
2025-08-23 23:00:00,281.76514,47.5,13.3
2025-08-24 00:00:00,281.0791,47.5,13.3
2025-08-24 01:00:00,281.09473,47.5,13.3
2025-08-24 02:00:00,280.98682,47.5,13.3
2025-08-24 03:00:00,280.6494,47.5,13.3
2025-08-24 04:00:00,279.82886,47.5,13.3
2025-08-24 05:00:00,279.5686,47.5,13.3
2025-08-24 06:00:00,280.85962,47.5,13.3
2025-08-24 07:00:00,282.95044,47.5,13.3
2025-08-24 08:00:00,285.2234,47.5,13.3
2025-08-24 09:00:00,286.5598,47.5,13.3
2025-08-24 10:00:00,287.3484,47.5,13.3
2025-08-24 11:00:00,288.60547,47.5,13.3
2025-08-24 12:00:00,289.01782,47.5,13.3
2025-08-24 13:00:00,289.52808,47.5,13.3
2025-08-24 14:00:00,289.6455,47.5,13.3
2025-08-24 15:00:00,289.29688,47.5,13.3
2025-08-24 16:00:00,288.36963,47.5,13.3
2025-08-24 17:00:00,287.13965,47.5,13.3
2025-08-24 18:00:00,285.44092,47.5,13.3
2025-08-24 19:00:00,284.05273,47.5,13.3
2025-08-24 20:00:00,283.32837,47.5,13.3
2025-08-24 21:00:00,282.6599,47.5,13.3
2025-08-24 22:00:00,281.99805,47.5,13.3
2025-08-24 23:00:00,282.2234,47.5,13.3
2025-08-25 00:00:00,282.76245,47.5,13.3
2025-08-25 01:00:00,282.1477,47.5,13.3
2025-08-25 02:00:00,281.54565,47.5,13.3
2025-08-25 03:00:00,280.4541,47.5,13.3
2025-08-25 04:00:00,280.27002,47.5,13.3
2025-08-25 05:00:00,279.8684,47.5,13.3
2025-08-25 06:00:00,281.7495,47.5,13.3
2025-08-25 07:00:00,283.98657,47.5,13.3
2025-08-25 08:00:00,286.36523,47.5,13.3
2025-08-25 09:00:00,287.92212,47.5,13.3
2025-08-25 10:00:00,289.50415,47.5,13.3
2025-08-25 11:00:00,290.5276,47.5,13.3
2025-08-25 12:00:00,291.40723,47.5,13.3
2025-08-25 13:00:00,292.52954,47.5,13.3
2025-08-25 14:00:00,292.1604,47.5,13.3
2025-08-25 15:00:00,292.2483,47.5,13.3
2025-08-25 16:00:00,291.16284,47.5,13.3
2025-08-25 17:00:00,289.46655,47.5,13.3
2025-08-25 18:00:00,286.98535,47.5,13.3
2025-08-25 19:00:00,285.94263,47.5,13.3
2025-08-25 20:00:00,284.8379,47.5,13.3
2025-08-25 21:00:00,283.20215,47.5,13.3
2025-08-25 22:00:00,281.27197,47.5,13.3
2025-08-25 23:00:00,280.2644,47.5,13.3
2025-08-26 00:00:00,279.82056,47.5,13.3
2025-08-26 01:00:00,279.07373,47.5,13.3
2025-08-26 02:00:00,279.16577,47.5,13.3
2025-08-26 03:00:00,279.10132,47.5,13.3
2025-08-26 04:00:00,279.22803,47.5,13.3
2025-08-26 05:00:00,280.11426,47.5,13.3
2025-08-26 06:00:00,282.04907,47.5,13.3
2025-08-26 07:00:00,286.031,47.5,13.3
2025-08-26 08:00:00,288.2893,47.5,13.3
2025-08-26 09:00:00,290.89014,47.5,13.3
2025-08-26 10:00:00,292.31128,47.5,13.3
2025-08-26 11:00:00,293.72754,47.5,13.3
2025-08-26 12:00:00,295.25,47.5,13.3
2025-08-26 13:00:00,295.92407,47.5,13.3
2025-08-26 14:00:00,296.23242,47.5,13.3
2025-08-26 15:00:00,295.68506,47.5,13.3
2025-08-26 16:00:00,294.8794,47.5,13.3
2025-08-26 17:00:00,292.82568,47.5,13.3
2025-08-26 18:00:00,291.1892,47.5,13.3
2025-08-26 19:00:00,288.42432,47.5,13.3
2025-08-26 20:00:00,285.46875,47.5,13.3
2025-08-26 21:00:00,284.64087,47.5,13.3
2025-08-26 22:00:00,284.46216,47.5,13.3
2025-08-26 23:00:00,284.76245,47.5,13.3
2025-08-27 00:00:00,284.12183,47.5,13.3
2025-08-27 01:00:00,283.80957,47.5,13.3
2025-08-27 02:00:00,283.35254,47.5,13.3
2025-08-27 03:00:00,283.5381,47.5,13.3
2025-08-27 04:00:00,283.59058,47.5,13.3
2025-08-27 05:00:00,283.46094,47.5,13.3
2025-08-27 06:00:00,284.90234,47.5,13.3
2025-08-27 07:00:00,287.47192,47.5,13.3
2025-08-27 08:00:00,289.97534,47.5,13.3
2025-08-27 09:00:00,291.40063,47.5,13.3
2025-08-27 10:00:00,294.34766,47.5,13.3
2025-08-27 11:00:00,296.27075,47.5,13.3
2025-08-27 12:00:00,296.23608,47.5,13.3
2025-08-27 13:00:00,297.25854,47.5,13.3
2025-08-27 14:00:00,296.61133,47.5,13.3
2025-08-27 15:00:00,295.85815,47.5,13.3
2025-08-27 16:00:00,295.1997,47.5,13.3
2025-08-27 17:00:00,293.37183,47.5,13.3
2025-08-27 18:00:00,292.50903,47.5,13.3
2025-08-27 19:00:00,290.68896,47.5,13.3
2025-08-27 20:00:00,288.7998,47.5,13.3
2025-08-27 21:00:00,287.89795,47.5,13.3
2025-08-27 22:00:00,287.38208,47.5,13.3
2025-08-27 23:00:00,287.26172,47.5,13.3
2025-08-28 00:00:00,286.854,47.5,13.3
2025-08-28 01:00:00,286.65527,47.5,13.3
2025-08-28 02:00:00,286.60522,47.5,13.3
2025-08-28 03:00:00,286.8589,47.5,13.3
2025-08-28 04:00:00,286.69775,47.5,13.3
2025-08-28 05:00:00,286.88696,47.5,13.3
2025-08-28 06:00:00,288.33057,47.5,13.3
2025-08-28 07:00:00,290.13184,47.5,13.3
2025-08-28 08:00:00,292.0952,47.5,13.3
2025-08-28 09:00:00,294.12866,47.5,13.3
2025-08-28 10:00:00,295.2307,47.5,13.3
2025-08-28 11:00:00,295.5166,47.5,13.3
2025-08-28 12:00:00,295.27417,47.5,13.3
2025-08-28 13:00:00,294.87695,47.5,13.3
2025-08-28 14:00:00,294.55664,47.5,13.3
2025-08-28 15:00:00,293.57983,47.5,13.3
2025-08-28 16:00:00,292.6599,47.5,13.3
2025-08-28 17:00:00,291.6067,47.5,13.3
2025-08-28 18:00:00,290.17505,47.5,13.3
2025-08-28 19:00:00,289.30835,47.5,13.3
2025-08-28 20:00:00,288.25122,47.5,13.3
2025-08-28 21:00:00,287.63818,47.5,13.3
2025-08-28 22:00:00,287.22437,47.5,13.3
2025-08-28 23:00:00,287.02368,47.5,13.3
2025-08-29 00:00:00,286.80957,47.5,13.3
2025-08-29 01:00:00,286.7815,47.5,13.3
2025-08-29 02:00:00,286.75,47.5,13.3
2025-08-29 03:00:00,286.4558,47.5,13.3
2025-08-29 04:00:00,286.42017,47.5,13.3
2025-08-29 05:00:00,286.59717,47.5,13.3
2025-08-29 06:00:00,286.9563,47.5,13.3
2025-08-29 07:00:00,288.073,47.5,13.3
2025-08-29 08:00:00,289.10767,47.5,13.3
2025-08-29 09:00:00,290.0735,47.5,13.3
2025-08-29 10:00:00,288.74072,47.5,13.3
2025-08-29 11:00:00,289.011,47.5,13.3
2025-08-29 12:00:00,291.10474,47.5,13.3
2025-08-29 13:00:00,292.0298,47.5,13.3
2025-08-29 14:00:00,291.8186,47.5,13.3
2025-08-29 15:00:00,292.29126,47.5,13.3
2025-08-29 16:00:00,290.85132,47.5,13.3
2025-08-29 17:00:00,289.67603,47.5,13.3
2025-08-29 18:00:00,288.24414,47.5,13.3
2025-08-29 19:00:00,287.42993,47.5,13.3
2025-08-29 20:00:00,287.04492,47.5,13.3
2025-08-29 21:00:00,286.08643,47.5,13.3
2025-08-29 22:00:00,284.40356,47.5,13.3
2025-08-29 23:00:00,284.15186,47.5,13.3
2025-08-30 00:00:00,283.99194,47.5,13.3
2025-08-30 01:00:00,283.85376,47.5,13.3
2025-08-30 02:00:00,282.94434,47.5,13.3
2025-08-30 03:00:00,282.40894,47.5,13.3
2025-08-30 04:00:00,282.97485,47.5,13.3
2025-08-30 05:00:00,283.33398,47.5,13.3
2025-08-30 06:00:00,283.73877,47.5,13.3
2025-08-30 07:00:00,284.2119,47.5,13.3
2025-08-30 08:00:00,284.65356,47.5,13.3
2025-08-30 09:00:00,284.6399,47.5,13.3
2025-08-30 10:00:00,285.6726,47.5,13.3
2025-08-30 11:00:00,286.458,47.5,13.3
2025-08-30 12:00:00,285.9397,47.5,13.3
2025-08-30 13:00:00,285.927,47.5,13.3
2025-08-30 14:00:00,286.0171,47.5,13.3
2025-08-30 15:00:00,285.59253,47.5,13.3
2025-08-30 16:00:00,285.2207,47.5,13.3
2025-08-30 17:00:00,284.5962,47.5,13.3
2025-08-30 18:00:00,283.7893,47.5,13.3
2025-08-30 19:00:00,282.76953,47.5,13.3
2025-08-30 20:00:00,282.49268,47.5,13.3
2025-08-30 21:00:00,282.46973,47.5,13.3
2025-08-30 22:00:00,283.09375,47.5,13.3
2025-08-30 23:00:00,282.6631,47.5,13.3
2025-08-31 00:00:00,282.02588,47.5,13.3
2025-08-31 01:00:00,281.42627,47.5,13.3
2025-08-31 02:00:00,280.6621,47.5,13.3
2025-08-31 03:00:00,280.15308,47.5,13.3
2025-08-31 04:00:00,280.02222,47.5,13.3
2025-08-31 05:00:00,279.89038,47.5,13.3
2025-08-31 06:00:00,281.33862,47.5,13.3
2025-08-31 07:00:00,284.2058,47.5,13.3
2025-08-31 08:00:00,286.21777,47.5,13.3
2025-08-31 09:00:00,288.58203,47.5,13.3
2025-08-31 10:00:00,289.99365,47.5,13.3
2025-08-31 11:00:00,290.37158,47.5,13.3
2025-08-31 12:00:00,292.1438,47.5,13.3
2025-08-31 13:00:00,292.24268,47.5,13.3
2025-08-31 14:00:00,293.12622,47.5,13.3
2025-08-31 15:00:00,292.68042,47.5,13.3
2025-08-31 16:00:00,291.86743,47.5,13.3
2025-08-31 17:00:00,290.14087,47.5,13.3
2025-08-31 18:00:00,288.87622,47.5,13.3
2025-08-31 19:00:00,287.1902,47.5,13.3
2025-08-31 20:00:00,284.2937,47.5,13.3
2025-08-31 21:00:00,282.8833,47.5,13.3
2025-08-31 22:00:00,282.28174,47.5,13.3
2025-08-31 23:00:00,282.0066,47.5,13.3
2025-09-01 00:00:00,281.53442,47.5,13.3
2025-09-01 01:00:00,281.33472,47.5,13.3
2025-09-01 02:00:00,281.80444,47.5,13.3
2025-09-01 03:00:00,281.61328,47.5,13.3
2025-09-01 04:00:00,281.75732,47.5,13.3
2025-09-01 05:00:00,281.8396,47.5,13.3
2025-09-01 06:00:00,283.6538,47.5,13.3
2025-09-01 07:00:00,286.2544,47.5,13.3
2025-09-01 08:00:00,289.75586,47.5,13.3
2025-09-01 09:00:00,291.87378,47.5,13.3
2025-09-01 10:00:00,294.73462,47.5,13.3
2025-09-01 11:00:00,295.44482,47.5,13.3
2025-09-01 12:00:00,296.74683,47.5,13.3
2025-09-01 13:00:00,295.88696,47.5,13.3
2025-09-01 14:00:00,295.06665,47.5,13.3
2025-09-01 15:00:00,294.0432,47.5,13.3
2025-09-01 16:00:00,293.0913,47.5,13.3
2025-09-01 17:00:00,292.03394,47.5,13.3
2025-09-01 18:00:00,290.49634,47.5,13.3
2025-09-01 19:00:00,290.09863,47.5,13.3
2025-09-01 20:00:00,289.24634,47.5,13.3
2025-09-01 21:00:00,287.73755,47.5,13.3
2025-09-01 22:00:00,285.49976,47.5,13.3
2025-09-01 23:00:00,285.32104,47.5,13.3
2025-09-02 00:00:00,285.12134,47.5,13.3
2025-09-02 01:00:00,284.438,47.5,13.3
2025-09-02 02:00:00,283.6443,47.5,13.3
2025-09-02 03:00:00,283.48242,47.5,13.3
2025-09-02 04:00:00,283.39844,47.5,13.3
2025-09-02 05:00:00,283.70264,47.5,13.3
2025-09-02 06:00:00,284.17358,47.5,13.3
2025-09-02 07:00:00,284.56372,47.5,13.3
2025-09-02 08:00:00,284.6438,47.5,13.3
2025-09-02 09:00:00,284.77368,47.5,13.3
2025-09-02 10:00:00,284.66113,47.5,13.3
2025-09-02 11:00:00,284.79297,47.5,13.3
2025-09-02 12:00:00,284.79102,47.5,13.3
2025-09-02 13:00:00,285.02368,47.5,13.3
2025-09-02 14:00:00,285.12646,47.5,13.3
2025-09-02 15:00:00,285.0901,47.5,13.3
2025-09-02 16:00:00,285.0122,47.5,13.3
2025-09-02 17:00:00,284.46484,47.5,13.3
2025-09-02 18:00:00,284.31104,47.5,13.3
2025-09-02 19:00:00,283.97095,47.5,13.3
2025-09-02 20:00:00,283.7339,47.5,13.3
2025-09-02 21:00:00,283.63525,47.5,13.3
2025-09-02 22:00:00,284.60498,47.5,13.3
2025-09-02 23:00:00,284.4126,47.5,13.3
2025-09-03 00:00:00,284.13574,47.5,13.3
2025-09-03 01:00:00,283.86206,47.5,13.3
2025-09-03 02:00:00,283.55737,47.5,13.3
2025-09-03 03:00:00,283.7434,47.5,13.3
2025-09-03 04:00:00,282.61035,47.5,13.3
2025-09-03 05:00:00,281.69702,47.5,13.3
2025-09-03 06:00:00,283.44287,47.5,13.3
2025-09-03 07:00:00,284.5952,47.5,13.3
2025-09-03 08:00:00,286.31787,47.5,13.3
2025-09-03 09:00:00,288.42993,47.5,13.3
2025-09-03 10:00:00,290.58984,47.5,13.3
2025-09-03 11:00:00,291.28027,47.5,13.3
2025-09-03 12:00:00,292.8662,47.5,13.3
2025-09-03 13:00:00,293.04663,47.5,13.3
2025-09-03 14:00:00,293.89038,47.5,13.3
2025-09-03 15:00:00,293.61792,47.5,13.3
2025-09-03 16:00:00,292.42212,47.5,13.3
2025-09-03 17:00:00,290.55786,47.5,13.3
2025-09-03 18:00:00,289.7351,47.5,13.3
2025-09-03 19:00:00,288.00903,47.5,13.3
2025-09-03 20:00:00,284.95117,47.5,13.3
2025-09-03 21:00:00,283.91724,47.5,13.3
2025-09-03 22:00:00,283.03735,47.5,13.3
2025-09-03 23:00:00,283.27783,47.5,13.3
2025-09-04 00:00:00,283.2339,47.5,13.3
2025-09-04 01:00:00,283.55664,47.5,13.3
2025-09-04 02:00:00,283.0044,47.5,13.3
2025-09-04 03:00:00,282.74072,47.5,13.3
2025-09-04 04:00:00,282.36987,47.5,13.3
2025-09-04 05:00:00,282.28687,47.5,13.3
2025-09-04 06:00:00,284.18433,47.5,13.3
2025-09-04 07:00:00,287.55737,47.5,13.3
2025-09-04 08:00:00,290.30493,47.5,13.3
2025-09-04 09:00:00,292.68286,47.5,13.3
2025-09-04 10:00:00,293.3794,47.5,13.3
2025-09-04 11:00:00,294.8567,47.5,13.3
2025-09-04 12:00:00,295.8391,47.5,13.3
2025-09-04 13:00:00,296.91284,47.5,13.3
2025-09-04 14:00:00,297.05347,47.5,13.3
2025-09-04 15:00:00,296.45337,47.5,13.3
2025-09-04 16:00:00,295.4375,47.5,13.3
2025-09-04 17:00:00,293.98096,47.5,13.3
2025-09-04 18:00:00,292.1172,47.5,13.3
2025-09-04 19:00:00,290.35962,47.5,13.3
2025-09-04 20:00:00,288.11377,47.5,13.3
2025-09-04 21:00:00,287.29028,47.5,13.3
2025-09-04 22:00:00,286.30298,47.5,13.3
2025-09-04 23:00:00,285.386,47.5,13.3
2025-09-05 00:00:00,285.0254,47.5,13.3
2025-09-05 01:00:00,284.84766,47.5,13.3
2025-09-05 02:00:00,284.47437,47.5,13.3
2025-09-05 03:00:00,284.5459,47.5,13.3
2025-09-05 04:00:00,285.3938,47.5,13.3
2025-09-05 05:00:00,285.48853,47.5,13.3
2025-09-05 06:00:00,285.25342,47.5,13.3
2025-09-05 07:00:00,284.72827,47.5,13.3
2025-09-05 08:00:00,285.01,47.5,13.3
2025-09-05 09:00:00,285.43774,47.5,13.3
2025-09-05 10:00:00,286.3938,47.5,13.3
2025-09-05 11:00:00,286.24756,47.5,13.3
2025-09-05 12:00:00,286.06396,47.5,13.3
2025-09-05 13:00:00,285.24805,47.5,13.3
2025-09-05 14:00:00,283.76855,47.5,13.3
2025-09-05 15:00:00,282.9121,47.5,13.3
2025-09-05 16:00:00,281.62183,47.5,13.3
2025-09-05 17:00:00,281.0979,47.5,13.3
2025-09-05 18:00:00,280.32593,47.5,13.3
2025-09-05 19:00:00,280.031,47.5,13.3
2025-09-05 20:00:00,279.67603,47.5,13.3
2025-09-05 21:00:00,278.9912,47.5,13.3
2025-09-05 22:00:00,279.30396,47.5,13.3
2025-09-05 23:00:00,279.67603,47.5,13.3
2025-09-06 00:00:00,278.09985,47.5,13.3
2025-09-06 01:00:00,277.9712,47.5,13.3
2025-09-06 02:00:00,277.68628,47.5,13.3
2025-09-06 03:00:00,277.80225,47.5,13.3
2025-09-06 04:00:00,277.1128,47.5,13.3
2025-09-06 05:00:00,277.04248,47.5,13.3
2025-09-06 06:00:00,278.83667,47.5,13.3
2025-09-06 07:00:00,281.08862,47.5,13.3
2025-09-06 08:00:00,282.86816,47.5,13.3
2025-09-06 09:00:00,285.40503,47.5,13.3
2025-09-06 10:00:00,287.52734,47.5,13.3
2025-09-06 11:00:00,288.5901,47.5,13.3
2025-09-06 12:00:00,289.79883,47.5,13.3
2025-09-06 13:00:00,290.91284,47.5,13.3
2025-09-06 14:00:00,290.9602,47.5,13.3
2025-09-06 15:00:00,290.72607,47.5,13.3
2025-09-06 16:00:00,289.38184,47.5,13.3
2025-09-06 17:00:00,287.64624,47.5,13.3
2025-09-06 18:00:00,286.40308,47.5,13.3
2025-09-06 19:00:00,284.93677,47.5,13.3
2025-09-06 20:00:00,283.04224,47.5,13.3
2025-09-06 21:00:00,281.97266,47.5,13.3
2025-09-06 22:00:00,280.70752,47.5,13.3
2025-09-06 23:00:00,280.5039,47.5,13.3
2025-09-07 00:00:00,280.42432,47.5,13.3
2025-09-07 01:00:00,280.27197,47.5,13.3
2025-09-07 02:00:00,279.84424,47.5,13.3
2025-09-07 03:00:00,279.77466,47.5,13.3
2025-09-07 04:00:00,279.52148,47.5,13.3
2025-09-07 05:00:00,279.45117,47.5,13.3
2025-09-07 06:00:00,280.92236,47.5,13.3
2025-09-07 07:00:00,283.0647,47.5,13.3
2025-09-07 08:00:00,285.55444,47.5,13.3
2025-09-07 09:00:00,288.03125,47.5,13.3
2025-09-07 10:00:00,289.60254,47.5,13.3
2025-09-07 11:00:00,291.5559,47.5,13.3
2025-09-07 12:00:00,292.29248,47.5,13.3
2025-09-07 13:00:00,292.09937,47.5,13.3
2025-09-07 14:00:00,292.0979,47.5,13.3
2025-09-07 15:00:00,291.36768,47.5,13.3
2025-09-07 16:00:00,290.24268,47.5,13.3
2025-09-07 17:00:00,289.28564,47.5,13.3
2025-09-07 18:00:00,288.25366,47.5,13.3
2025-09-07 19:00:00,286.54346,47.5,13.3
2025-09-07 20:00:00,284.7168,47.5,13.3
2025-09-07 21:00:00,283.11743,47.5,13.3
2025-09-07 22:00:00,282.16943,47.5,13.3
2025-09-07 23:00:00,281.37793,47.5,13.3
2025-09-08 00:00:00,281.01294,47.5,13.3
2025-09-08 01:00:00,280.39795,47.5,13.3
2025-09-08 02:00:00,279.98657,47.5,13.3
2025-09-08 03:00:00,279.42773,47.5,13.3
2025-09-08 04:00:00,279.25732,47.5,13.3
2025-09-08 05:00:00,279.63818,47.5,13.3
2025-09-08 06:00:00,281.27368,47.5,13.3
2025-09-08 07:00:00,284.60205,47.5,13.3
2025-09-08 08:00:00,288.09644,47.5,13.3
2025-09-08 09:00:00,290.59692,47.5,13.3
2025-09-08 10:00:00,291.98096,47.5,13.3
2025-09-08 11:00:00,292.51855,47.5,13.3
2025-09-08 12:00:00,293.96973,47.5,13.3
2025-09-08 13:00:00,294.57153,47.5,13.3
2025-09-08 14:00:00,293.74292,47.5,13.3
2025-09-08 15:00:00,293.09033,47.5,13.3
2025-09-08 16:00:00,291.4651,47.5,13.3
2025-09-08 17:00:00,290.0193,47.5,13.3
2025-09-08 18:00:00,288.24023,47.5,13.3
2025-09-08 19:00:00,287.6516,47.5,13.3
2025-09-08 20:00:00,287.84424,47.5,13.3
2025-09-08 21:00:00,287.21558,47.5,13.3
2025-09-08 22:00:00,284.59766,47.5,13.3
2025-09-08 23:00:00,284.0005,47.5,13.3
2025-09-09 00:00:00,284.24365,47.5,13.3
2025-09-09 01:00:00,283.97656,47.5,13.3
2025-09-09 02:00:00,284.0005,47.5,13.3
2025-09-09 03:00:00,283.57104,47.5,13.3
2025-09-09 04:00:00,283.01147,47.5,13.3
2025-09-09 05:00:00,282.781,47.5,13.3
2025-09-09 06:00:00,283.49512,47.5,13.3
2025-09-09 07:00:00,285.25635,47.5,13.3
2025-09-09 08:00:00,287.7251,47.5,13.3
2025-09-09 09:00:00,290.11426,47.5,13.3
2025-09-09 10:00:00,291.92407,47.5,13.3
2025-09-09 11:00:00,292.74072,47.5,13.3
2025-09-09 12:00:00,292.3728,47.5,13.3
2025-09-09 13:00:00,290.09888,47.5,13.3
2025-09-09 14:00:00,289.16187,47.5,13.3
2025-09-09 15:00:00,287.78955,47.5,13.3
2025-09-09 16:00:00,286.66187,47.5,13.3
2025-09-09 17:00:00,286.2141,47.5,13.3
2025-09-09 18:00:00,285.6184,47.5,13.3
2025-09-09 19:00:00,284.6709,47.5,13.3
2025-09-09 20:00:00,284.27075,47.5,13.3
2025-09-09 21:00:00,283.67236,47.5,13.3
2025-09-09 22:00:00,284.05786,47.5,13.3
2025-09-09 23:00:00,283.38818,47.5,13.3
2025-09-10 00:00:00,283.17188,47.5,13.3
2025-09-10 01:00:00,282.69897,47.5,13.3
2025-09-10 02:00:00,282.40894,47.5,13.3
2025-09-10 03:00:00,282.3098,47.5,13.3
2025-09-10 04:00:00,282.07446,47.5,13.3
2025-09-10 05:00:00,282.4685,47.5,13.3
2025-09-10 06:00:00,283.2422,47.5,13.3
2025-09-10 07:00:00,284.6958,47.5,13.3
2025-09-10 08:00:00,285.85205,47.5,13.3
2025-09-10 09:00:00,286.29492,47.5,13.3
2025-09-10 10:00:00,285.24756,47.5,13.3
2025-09-10 11:00:00,285.4065,47.5,13.3
2025-09-10 12:00:00,285.69067,47.5,13.3
2025-09-10 13:00:00,285.5957,47.5,13.3
2025-09-10 14:00:00,285.2417,47.5,13.3
2025-09-10 15:00:00,285.02417,47.5,13.3
2025-09-10 16:00:00,284.81982,47.5,13.3
2025-09-10 17:00:00,284.59326,47.5,13.3
2025-09-10 18:00:00,284.24292,47.5,13.3
2025-09-10 19:00:00,284.2754,47.5,13.3
2025-09-10 20:00:00,284.29053,47.5,13.3
2025-09-10 21:00:00,284.08545,47.5,13.3
2025-09-10 22:00:00,284.24268,47.5,13.3
2025-09-10 23:00:00,284.17554,47.5,13.3
2025-09-11 00:00:00,283.67065,47.5,13.3
2025-09-11 01:00:00,283.06323,47.5,13.3
2025-09-11 02:00:00,282.46338,47.5,13.3
2025-09-11 03:00:00,282.75195,47.5,13.3
2025-09-11 04:00:00,282.25635,47.5,13.3
2025-09-11 05:00:00,281.8423,47.5,13.3
2025-09-11 06:00:00,282.4856,47.5,13.3
2025-09-11 07:00:00,284.2976,47.5,13.3
2025-09-11 08:00:00,286.6057,47.5,13.3
2025-09-11 09:00:00,288.19116,47.5,13.3
2025-09-11 10:00:00,289.5005,47.5,13.3
2025-09-11 11:00:00,290.72876,47.5,13.3
2025-09-11 12:00:00,291.41162,47.5,13.3
2025-09-11 13:00:00,291.76465,47.5,13.3
2025-09-11 14:00:00,290.98755,47.5,13.3
2025-09-11 15:00:00,290.36475,47.5,13.3
2025-09-11 16:00:00,289.35962,47.5,13.3
2025-09-11 17:00:00,288.1189,47.5,13.3
2025-09-11 18:00:00,286.61377,47.5,13.3
2025-09-11 19:00:00,285.6223,47.5,13.3
2025-09-11 20:00:00,285.09766,47.5,13.3
2025-09-11 21:00:00,284.65356,47.5,13.3
2025-09-11 22:00:00,284.1416,47.5,13.3
2025-09-11 23:00:00,283.85522,47.5,13.3
2025-09-12 00:00:00,283.25952,47.5,13.3
2025-09-12 01:00:00,283.04932,47.5,13.3
2025-09-12 02:00:00,283.09546,47.5,13.3
2025-09-12 03:00:00,282.95264,47.5,13.3
2025-09-12 04:00:00,282.82495,47.5,13.3
2025-09-12 05:00:00,282.47314,47.5,13.3
2025-09-12 06:00:00,283.16577,47.5,13.3
2025-09-12 07:00:00,284.53784,47.5,13.3
2025-09-12 08:00:00,285.88867,47.5,13.3
2025-09-12 09:00:00,287.6306,47.5,13.3
2025-09-12 10:00:00,289.1665,47.5,13.3
2025-09-12 11:00:00,288.11157,47.5,13.3
2025-09-12 12:00:00,287.6311,47.5,13.3
2025-09-12 13:00:00,286.55444,47.5,13.3
2025-09-12 14:00:00,286.13672,47.5,13.3
2025-09-12 15:00:00,285.93652,47.5,13.3
2025-09-12 16:00:00,285.46704,47.5,13.3
2025-09-12 17:00:00,284.8816,47.5,13.3
2025-09-12 18:00:00,284.49146,47.5,13.3
2025-09-12 19:00:00,284.24414,47.5,13.3
2025-09-12 20:00:00,284.16992,47.5,13.3
2025-09-12 21:00:00,284.1006,47.5,13.3
2025-09-12 22:00:00,284.13843,47.5,13.3
2025-09-12 23:00:00,284.02246,47.5,13.3
2025-09-13 00:00:00,283.85376,47.5,13.3
2025-09-13 01:00:00,283.76855,47.5,13.3
2025-09-13 02:00:00,283.62305,47.5,13.3
2025-09-13 03:00:00,283.7234,47.5,13.3
2025-09-13 04:00:00,283.3391,47.5,13.3
2025-09-13 05:00:00,282.97632,47.5,13.3
2025-09-13 06:00:00,283.67505,47.5,13.3
2025-09-13 07:00:00,285.4983,47.5,13.3
2025-09-13 08:00:00,287.3152,47.5,13.3
2025-09-13 09:00:00,289.31323,47.5,13.3
2025-09-13 10:00:00,289.78223,47.5,13.3
2025-09-13 11:00:00,290.84692,47.5,13.3
2025-09-13 12:00:00,291.23462,47.5,13.3
2025-09-13 13:00:00,291.58643,47.5,13.3
2025-09-13 14:00:00,290.06274,47.5,13.3
2025-09-13 15:00:00,288.7129,47.5,13.3
2025-09-13 16:00:00,287.6372,47.5,13.3
2025-09-13 17:00:00,286.94995,47.5,13.3
2025-09-13 18:00:00,285.61182,47.5,13.3
2025-09-13 19:00:00,285.2329,47.5,13.3
2025-09-13 20:00:00,284.78857,47.5,13.3
2025-09-13 21:00:00,284.39624,47.5,13.3
2025-09-13 22:00:00,284.7954,47.5,13.3
2025-09-13 23:00:00,284.04858,47.5,13.3
2025-09-14 00:00:00,283.58594,47.5,13.3
2025-09-14 01:00:00,283.3418,47.5,13.3
2025-09-14 02:00:00,283.10693,47.5,13.3
2025-09-14 03:00:00,282.91357,47.5,13.3
2025-09-14 04:00:00,282.7329,47.5,13.3
2025-09-14 05:00:00,283.36157,47.5,13.3
2025-09-14 06:00:00,283.1936,47.5,13.3
2025-09-14 07:00:00,283.6521,47.5,13.3
2025-09-14 08:00:00,283.90625,47.5,13.3
2025-09-14 09:00:00,283.8518,47.5,13.3
2025-09-14 10:00:00,283.85864,47.5,13.3
2025-09-14 11:00:00,284.2561,47.5,13.3
2025-09-14 12:00:00,284.74927,47.5,13.3
2025-09-14 13:00:00,285.3894,47.5,13.3
2025-09-14 14:00:00,285.6814,47.5,13.3
2025-09-14 15:00:00,285.08447,47.5,13.3
2025-09-14 16:00:00,284.6328,47.5,13.3
2025-09-14 17:00:00,283.60376,47.5,13.3
2025-09-14 18:00:00,281.86377,47.5,13.3
2025-09-14 19:00:00,281.15918,47.5,13.3
2025-09-14 20:00:00,279.91504,47.5,13.3
2025-09-14 21:00:00,280.052,47.5,13.3
2025-09-14 22:00:00,280.6123,47.5,13.3
2025-09-14 23:00:00,280.40918,47.5,13.3
2025-09-15 00:00:00,281.51855,47.5,13.3
2025-09-15 01:00:00,282.18042,47.5,13.3
2025-09-15 02:00:00,281.93872,47.5,13.3
2025-09-15 03:00:00,282.29785,47.5,13.3
2025-09-15 04:00:00,281.84692,47.5,13.3
2025-09-15 05:00:00,282.01587,47.5,13.3
2025-09-15 06:00:00,283.09326,47.5,13.3
2025-09-15 07:00:00,285.53442,47.5,13.3
2025-09-15 08:00:00,288.87524,47.5,13.3
2025-09-15 09:00:00,291.46997,47.5,13.3
2025-09-15 10:00:00,293.07544,47.5,13.3
2025-09-15 11:00:00,294.88135,47.5,13.3
2025-09-15 12:00:00,296.0432,47.5,13.3
2025-09-15 13:00:00,297.08813,47.5,13.3
2025-09-15 14:00:00,297.05713,47.5,13.3
2025-09-15 15:00:00,295.7444,47.5,13.3
2025-09-15 16:00:00,293.38916,47.5,13.3
2025-09-15 17:00:00,291.32153,47.5,13.3
2025-09-15 18:00:00,290.61475,47.5,13.3
2025-09-15 19:00:00,289.99976,47.5,13.3
2025-09-15 20:00:00,288.84497,47.5,13.3
2025-09-15 21:00:00,287.34546,47.5,13.3
2025-09-15 22:00:00,286.29272,47.5,13.3
2025-09-15 23:00:00,286.6797,47.5,13.3
2025-09-16 00:00:00,285.7307,47.5,13.3
2025-09-16 01:00:00,285.45947,47.5,13.3
2025-09-16 02:00:00,285.4253,47.5,13.3
2025-09-16 03:00:00,284.8584,47.5,13.3
2025-09-16 04:00:00,284.15942,47.5,13.3
2025-09-16 05:00:00,283.45508,47.5,13.3
2025-09-16 06:00:00,283.08398,47.5,13.3
2025-09-16 07:00:00,282.67432,47.5,13.3
2025-09-16 08:00:00,282.53638,47.5,13.3
2025-09-16 09:00:00,283.02368,47.5,13.3
2025-09-16 10:00:00,283.95996,47.5,13.3
2025-09-16 11:00:00,284.4934,47.5,13.3
2025-09-16 12:00:00,285.33154,47.5,13.3
2025-09-16 13:00:00,285.43994,47.5,13.3
2025-09-16 14:00:00,285.67847,47.5,13.3
2025-09-16 15:00:00,285.69238,47.5,13.3
2025-09-16 16:00:00,284.83008,47.5,13.3
2025-09-16 17:00:00,283.4475,47.5,13.3
2025-09-16 18:00:00,282.4912,47.5,13.3
2025-09-16 19:00:00,281.0725,47.5,13.3
2025-09-16 20:00:00,280.68945,47.5,13.3
2025-09-16 21:00:00,280.5376,47.5,13.3
2025-09-16 22:00:00,280.44775,47.5,13.3
2025-09-16 23:00:00,280.56006,47.5,13.3
2025-09-17 00:00:00,280.1433,47.5,13.3
2025-09-17 01:00:00,279.8723,47.5,13.3
2025-09-17 02:00:00,279.53906,47.5,13.3
2025-09-17 03:00:00,279.1311,47.5,13.3
2025-09-17 04:00:00,278.9065,47.5,13.3
2025-09-17 05:00:00,278.8335,47.5,13.3
2025-09-17 06:00:00,279.6504,47.5,13.3
2025-09-17 07:00:00,281.50464,47.5,13.3
2025-09-17 08:00:00,282.78687,47.5,13.3
2025-09-17 09:00:00,283.78613,47.5,13.3
2025-09-17 10:00:00,285.47974,47.5,13.3
2025-09-17 11:00:00,286.0537,47.5,13.3
2025-09-17 12:00:00,286.64478,47.5,13.3
2025-09-17 13:00:00,287.0122,47.5,13.3
2025-09-17 14:00:00,286.6953,47.5,13.3
2025-09-17 15:00:00,286.74268,47.5,13.3
2025-09-17 16:00:00,285.7473,47.5,13.3
2025-09-17 17:00:00,284.73267,47.5,13.3
2025-09-17 18:00:00,284.04028,47.5,13.3
2025-09-17 19:00:00,283.49048,47.5,13.3
2025-09-17 20:00:00,283.33154,47.5,13.3
2025-09-17 21:00:00,283.47925,47.5,13.3
2025-09-17 22:00:00,282.77002,47.5,13.3
2025-09-17 23:00:00,282.87427,47.5,13.3
2025-09-18 00:00:00,283.05273,47.5,13.3
2025-09-18 01:00:00,283.70752,47.5,13.3
2025-09-18 02:00:00,283.80103,47.5,13.3
2025-09-18 03:00:00,283.92847,47.5,13.3
2025-09-18 04:00:00,283.79736,47.5,13.3
2025-09-18 05:00:00,283.21948,47.5,13.3
2025-09-18 06:00:00,283.9961,47.5,13.3
2025-09-18 07:00:00,285.7854,47.5,13.3
2025-09-18 08:00:00,288.25415,47.5,13.3
2025-09-18 09:00:00,290.90698,47.5,13.3
2025-09-18 10:00:00,291.85547,47.5,13.3
2025-09-18 11:00:00,293.2954,47.5,13.3
2025-09-18 12:00:00,294.50464,47.5,13.3
2025-09-18 13:00:00,295.08276,47.5,13.3
2025-09-18 14:00:00,295.15576,47.5,13.3
2025-09-18 15:00:00,294.47095,47.5,13.3
2025-09-18 16:00:00,292.6106,47.5,13.3
2025-09-18 17:00:00,289.65942,47.5,13.3
2025-09-18 18:00:00,288.81323,47.5,13.3
2025-09-18 19:00:00,286.9519,47.5,13.3
2025-09-18 20:00:00,285.82373,47.5,13.3
2025-09-18 21:00:00,284.35425,47.5,13.3
2025-09-18 22:00:00,283.8252,47.5,13.3
2025-09-18 23:00:00,282.93774,47.5,13.3
2025-09-19 00:00:00,282.5713,47.5,13.3
2025-09-19 01:00:00,282.68335,47.5,13.3
2025-09-19 02:00:00,282.6079,47.5,13.3
2025-09-19 03:00:00,282.4746,47.5,13.3
2025-09-19 04:00:00,281.7378,47.5,13.3
2025-09-19 05:00:00,281.44043,47.5,13.3
2025-09-19 06:00:00,283.00586,47.5,13.3
2025-09-19 07:00:00,285.7964,47.5,13.3
2025-09-19 08:00:00,289.4441,47.5,13.3
2025-09-19 09:00:00,292.3894,47.5,13.3
2025-09-19 10:00:00,294.21362,47.5,13.3
2025-09-19 11:00:00,296.35303,47.5,13.3
2025-09-19 12:00:00,297.06396,47.5,13.3
2025-09-19 13:00:00,297.90698,47.5,13.3
2025-09-19 14:00:00,298.18384,47.5,13.3
2025-09-19 15:00:00,297.2776,47.5,13.3
2025-09-19 16:00:00,293.9297,47.5,13.3
2025-09-19 17:00:00,290.9607,47.5,13.3
2025-09-19 18:00:00,287.89526,47.5,13.3
2025-09-19 19:00:00,286.70898,47.5,13.3
2025-09-19 20:00:00,285.99268,47.5,13.3
2025-09-19 21:00:00,284.59058,47.5,13.3
2025-09-19 22:00:00,284.96143,47.5,13.3
2025-09-19 23:00:00,284.8413,47.5,13.3
2025-09-20 00:00:00,284.05298,47.5,13.3
2025-09-20 01:00:00,283.85547,47.5,13.3
2025-09-20 02:00:00,283.4131,47.5,13.3
2025-09-20 03:00:00,282.6714,47.5,13.3
2025-09-20 04:00:00,282.3423,47.5,13.3
2025-09-20 05:00:00,280.9314,47.5,13.3
2025-09-20 06:00:00,282.88818,47.5,13.3
2025-09-20 07:00:00,286.7671,47.5,13.3
2025-09-20 08:00:00,290.59497,47.5,13.3
2025-09-20 09:00:00,293.6709,47.5,13.3
2025-09-20 10:00:00,296.6538,47.5,13.3
2025-09-20 11:00:00,297.93066,47.5,13.3
2025-09-20 12:00:00,298.78296,47.5,13.3
2025-09-20 13:00:00,299.67822,47.5,13.3
2025-09-20 14:00:00,300.17505,47.5,13.3
2025-09-20 15:00:00,299.24683,47.5,13.3
2025-09-20 16:00:00,296.87964,47.5,13.3
2025-09-20 17:00:00,294.82837,47.5,13.3
2025-09-20 18:00:00,290.24902,47.5,13.3
2025-09-20 19:00:00,288.3794,47.5,13.3
2025-09-20 20:00:00,287.9651,47.5,13.3
2025-09-20 21:00:00,286.77856,47.5,13.3
2025-09-20 22:00:00,286.1709,47.5,13.3
2025-09-20 23:00:00,285.62793,47.5,13.3
2025-09-21 00:00:00,285.23218,47.5,13.3
2025-09-21 01:00:00,284.9619,47.5,13.3
2025-09-21 02:00:00,284.10596,47.5,13.3
2025-09-21 03:00:00,283.8047,47.5,13.3
2025-09-21 04:00:00,283.6599,47.5,13.3
2025-09-21 05:00:00,282.66455,47.5,13.3
2025-09-21 06:00:00,283.22095,47.5,13.3
2025-09-21 07:00:00,286.32617,47.5,13.3
2025-09-21 08:00:00,290.03687,47.5,13.3
2025-09-21 09:00:00,293.38892,47.5,13.3
2025-09-21 10:00:00,295.6648,47.5,13.3
2025-09-21 11:00:00,297.4685,47.5,13.3
2025-09-21 12:00:00,298.43896,47.5,13.3
2025-09-21 13:00:00,298.62354,47.5,13.3
2025-09-21 14:00:00,298.7212,47.5,13.3
2025-09-21 15:00:00,297.67554,47.5,13.3
2025-09-21 16:00:00,295.97266,47.5,13.3
2025-09-21 17:00:00,294.0586,47.5,13.3
2025-09-21 18:00:00,291.32568,47.5,13.3
2025-09-21 19:00:00,288.46338,47.5,13.3
2025-09-21 20:00:00,288.04785,47.5,13.3
2025-09-21 21:00:00,286.97827,47.5,13.3
2025-09-21 22:00:00,286.51416,47.5,13.3
2025-09-21 23:00:00,285.83374,47.5,13.3
2025-09-22 00:00:00,286.22583,47.5,13.3
2025-09-22 01:00:00,286.2085,47.5,13.3
2025-09-22 02:00:00,285.73682,47.5,13.3
2025-09-22 03:00:00,285.30273,47.5,13.3
2025-09-22 04:00:00,284.52026,47.5,13.3
2025-09-22 05:00:00,283.84326,47.5,13.3
2025-09-22 06:00:00,284.62573,47.5,13.3
2025-09-22 07:00:00,286.66138,47.5,13.3
2025-09-22 08:00:00,289.1189,47.5,13.3
2025-09-22 09:00:00,291.02905,47.5,13.3
2025-09-22 10:00:00,292.0923,47.5,13.3
2025-09-22 11:00:00,291.8999,47.5,13.3
2025-09-22 12:00:00,291.58105,47.5,13.3
2025-09-22 13:00:00,290.64233,47.5,13.3
2025-09-22 14:00:00,290.47803,47.5,13.3
2025-09-22 15:00:00,289.98682,47.5,13.3
2025-09-22 16:00:00,289.4568,47.5,13.3
2025-09-22 17:00:00,289.26562,47.5,13.3
2025-09-22 18:00:00,288.54297,47.5,13.3
2025-09-22 19:00:00,287.4724,47.5,13.3
2025-09-22 20:00:00,286.39795,47.5,13.3
2025-09-22 21:00:00,285.64453,47.5,13.3
2025-09-22 22:00:00,284.8318,47.5,13.3
2025-09-22 23:00:00,284.50537,47.5,13.3
2025-09-23 00:00:00,284.19702,47.5,13.3
2025-09-23 01:00:00,283.81934,47.5,13.3
2025-09-23 02:00:00,283.04346,47.5,13.3
2025-09-23 03:00:00,282.70508,47.5,13.3
2025-09-23 04:00:00,282.3125,47.5,13.3
2025-09-23 05:00:00,282.03003,47.5,13.3
2025-09-23 06:00:00,282.15894,47.5,13.3
2025-09-23 07:00:00,283.2876,47.5,13.3
2025-09-23 08:00:00,284.69873,47.5,13.3
2025-09-23 09:00:00,285.77612,47.5,13.3
2025-09-23 10:00:00,286.2578,47.5,13.3
2025-09-23 11:00:00,287.25488,47.5,13.3
2025-09-23 12:00:00,287.62817,47.5,13.3
2025-09-23 13:00:00,287.55786,47.5,13.3
2025-09-23 14:00:00,287.27417,47.5,13.3
2025-09-23 15:00:00,286.5,47.5,13.3
2025-09-23 16:00:00,285.83765,47.5,13.3
2025-09-23 17:00:00,285.04102,47.5,13.3
2025-09-23 18:00:00,283.6548,47.5,13.3
2025-09-23 19:00:00,283.78003,47.5,13.3
2025-09-23 20:00:00,283.85547,47.5,13.3
2025-09-23 21:00:00,283.91382,47.5,13.3
2025-09-23 22:00:00,283.41113,47.5,13.3
2025-09-23 23:00:00,283.02124,47.5,13.3
2025-09-24 00:00:00,282.85474,47.5,13.3
2025-09-24 01:00:00,282.6809,47.5,13.3
2025-09-24 02:00:00,282.6848,47.5,13.3
2025-09-24 03:00:00,282.53003,47.5,13.3
2025-09-24 04:00:00,282.52612,47.5,13.3
2025-09-24 05:00:00,282.4536,47.5,13.3
2025-09-24 06:00:00,282.59448,47.5,13.3
2025-09-24 07:00:00,283.1416,47.5,13.3
2025-09-24 08:00:00,283.77612,47.5,13.3
2025-09-24 09:00:00,284.5359,47.5,13.3
2025-09-24 10:00:00,285.15967,47.5,13.3
2025-09-24 11:00:00,285.63452,47.5,13.3
2025-09-24 12:00:00,285.94287,47.5,13.3
2025-09-24 13:00:00,286.22192,47.5,13.3
2025-09-24 14:00:00,286.24048,47.5,13.3
2025-09-24 15:00:00,285.59497,47.5,13.3
2025-09-24 16:00:00,284.80737,47.5,13.3
2025-09-24 17:00:00,284.2588,47.5,13.3
2025-09-24 18:00:00,284.03613,47.5,13.3
2025-09-24 19:00:00,283.85132,47.5,13.3
2025-09-24 20:00:00,283.30396,47.5,13.3
2025-09-24 21:00:00,283.17188,47.5,13.3
2025-09-24 22:00:00,282.4375,47.5,13.3
2025-09-24 23:00:00,281.28833,47.5,13.3
2025-09-25 00:00:00,281.63892,47.5,13.3
2025-09-25 01:00:00,281.47217,47.5,13.3
2025-09-25 02:00:00,281.1101,47.5,13.3
2025-09-25 03:00:00,280.55908,47.5,13.3
2025-09-25 04:00:00,279.76807,47.5,13.3
2025-09-25 05:00:00,278.94287,47.5,13.3
2025-09-25 06:00:00,279.0227,47.5,13.3
2025-09-25 07:00:00,280.30103,47.5,13.3
2025-09-25 08:00:00,281.1128,47.5,13.3
2025-09-25 09:00:00,281.82397,47.5,13.3
2025-09-25 10:00:00,284.5769,47.5,13.3
2025-09-25 11:00:00,285.62573,47.5,13.3
2025-09-25 12:00:00,284.5337,47.5,13.3
2025-09-25 13:00:00,284.18677,47.5,13.3
2025-09-25 14:00:00,284.18994,47.5,13.3
2025-09-25 15:00:00,283.71216,47.5,13.3
2025-09-25 16:00:00,282.6936,47.5,13.3
2025-09-25 17:00:00,281.89795,47.5,13.3
2025-09-25 18:00:00,281.59497,47.5,13.3
2025-09-25 19:00:00,280.59204,47.5,13.3
2025-09-25 20:00:00,280.1797,47.5,13.3
2025-09-25 21:00:00,280.15625,47.5,13.3
2025-09-25 22:00:00,280.16724,47.5,13.3
2025-09-25 23:00:00,279.89038,47.5,13.3
2025-09-26 00:00:00,280.31445,47.5,13.3
2025-09-26 01:00:00,280.21338,47.5,13.3
2025-09-26 02:00:00,279.84204,47.5,13.3
2025-09-26 03:00:00,279.50488,47.5,13.3
2025-09-26 04:00:00,279.27808,47.5,13.3
2025-09-26 05:00:00,279.3208,47.5,13.3
2025-09-26 06:00:00,280.16382,47.5,13.3
2025-09-26 07:00:00,281.33643,47.5,13.3
2025-09-26 08:00:00,282.7185,47.5,13.3
2025-09-26 09:00:00,284.0122,47.5,13.3
2025-09-26 10:00:00,284.76196,47.5,13.3
2025-09-26 11:00:00,286.0774,47.5,13.3
2025-09-26 12:00:00,286.70312,47.5,13.3
2025-09-26 13:00:00,287.27124,47.5,13.3
2025-09-26 14:00:00,287.6931,47.5,13.3
2025-09-26 15:00:00,287.0681,47.5,13.3
2025-09-26 16:00:00,286.20093,47.5,13.3
2025-09-26 17:00:00,284.63477,47.5,13.3
2025-09-26 18:00:00,283.62305,47.5,13.3
2025-09-26 19:00:00,282.91772,47.5,13.3
2025-09-26 20:00:00,282.99976,47.5,13.3
2025-09-26 21:00:00,282.47803,47.5,13.3
2025-09-26 22:00:00,282.68628,47.5,13.3
2025-09-26 23:00:00,282.3435,47.5,13.3
2025-09-27 00:00:00,282.19507,47.5,13.3
2025-09-27 01:00:00,281.97217,47.5,13.3
2025-09-27 02:00:00,281.4563,47.5,13.3
2025-09-27 03:00:00,281.35376,47.5,13.3
2025-09-27 04:00:00,280.92847,47.5,13.3
2025-09-27 05:00:00,280.75854,47.5,13.3
2025-09-27 06:00:00,281.46924,47.5,13.3
2025-09-27 07:00:00,282.9192,47.5,13.3
2025-09-27 08:00:00,284.23022,47.5,13.3
2025-09-27 09:00:00,285.83154,47.5,13.3
2025-09-27 10:00:00,286.07422,47.5,13.3
2025-09-27 11:00:00,287.3999,47.5,13.3
2025-09-27 12:00:00,287.3191,47.5,13.3
2025-09-27 13:00:00,287.2141,47.5,13.3
2025-09-27 14:00:00,287.01294,47.5,13.3
2025-09-27 15:00:00,286.28418,47.5,13.3
2025-09-27 16:00:00,285.5957,47.5,13.3
2025-09-27 17:00:00,284.7837,47.5,13.3
2025-09-27 18:00:00,283.3274,47.5,13.3
2025-09-27 19:00:00,282.7041,47.5,13.3
2025-09-27 20:00:00,282.4558,47.5,13.3
2025-09-27 21:00:00,281.8203,47.5,13.3
2025-09-27 22:00:00,280.43506,47.5,13.3
2025-09-27 23:00:00,280.1814,47.5,13.3
2025-09-28 00:00:00,280.00146,47.5,13.3
2025-09-28 01:00:00,280.23755,47.5,13.3
2025-09-28 02:00:00,280.14258,47.5,13.3
2025-09-28 03:00:00,280.21216,47.5,13.3
2025-09-28 04:00:00,280.28687,47.5,13.3
2025-09-28 05:00:00,280.98828,47.5,13.3
2025-09-28 06:00:00,280.97925,47.5,13.3
2025-09-28 07:00:00,281.03833,47.5,13.3
2025-09-28 08:00:00,282.0249,47.5,13.3
2025-09-28 09:00:00,283.3269,47.5,13.3
2025-09-28 10:00:00,283.8623,47.5,13.3
2025-09-28 11:00:00,284.5271,47.5,13.3
2025-09-28 12:00:00,285.30615,47.5,13.3
2025-09-28 13:00:00,285.2522,47.5,13.3
2025-09-28 14:00:00,285.7212,47.5,13.3
2025-09-28 15:00:00,285.41357,47.5,13.3
2025-09-28 16:00:00,284.38428,47.5,13.3
2025-09-28 17:00:00,282.73853,47.5,13.3
2025-09-28 18:00:00,281.3711,47.5,13.3
2025-09-28 19:00:00,280.63672,47.5,13.3
2025-09-28 20:00:00,280.27686,47.5,13.3
2025-09-28 21:00:00,280.31763,47.5,13.3
2025-09-28 22:00:00,279.875,47.5,13.3
2025-09-28 23:00:00,279.8899,47.5,13.3
2025-09-29 00:00:00,280.21875,47.5,13.3
2025-09-29 01:00:00,279.8943,47.5,13.3
2025-09-29 02:00:00,279.8335,47.5,13.3
2025-09-29 03:00:00,280.16187,47.5,13.3
2025-09-29 04:00:00,280.44922,47.5,13.3
2025-09-29 05:00:00,280.5,47.5,13.3
2025-09-29 06:00:00,280.33887,47.5,13.3
2025-09-29 07:00:00,280.52783,47.5,13.3
2025-09-29 08:00:00,281.18066,47.5,13.3
2025-09-29 09:00:00,281.40503,47.5,13.3
2025-09-29 10:00:00,282.13232,47.5,13.3
2025-09-29 11:00:00,282.53662,47.5,13.3
2025-09-29 12:00:00,283.45752,47.5,13.3
2025-09-29 13:00:00,283.22217,47.5,13.3
2025-09-29 14:00:00,283.02588,47.5,13.3
2025-09-29 15:00:00,282.65234,47.5,13.3
2025-09-29 16:00:00,282.011,47.5,13.3
2025-09-29 17:00:00,281.35962,47.5,13.3
2025-09-29 18:00:00,280.59082,47.5,13.3
2025-09-29 19:00:00,280.1897,47.5,13.3
2025-09-29 20:00:00,280.05176,47.5,13.3
2025-09-29 21:00:00,279.71997,47.5,13.3
2025-09-29 22:00:00,279.37183,47.5,13.3
2025-09-29 23:00:00,278.83057,47.5,13.3
2025-09-30 00:00:00,279.0984,47.5,13.3
2025-09-30 01:00:00,279.1975,47.5,13.3
2025-09-30 02:00:00,279.18433,47.5,13.3
2025-09-30 03:00:00,278.7788,47.5,13.3
2025-09-30 04:00:00,279.01538,47.5,13.3
2025-09-30 05:00:00,279.1167,47.5,13.3
2025-09-30 06:00:00,278.8457,47.5,13.3
2025-09-30 07:00:00,278.9048,47.5,13.3
2025-09-30 08:00:00,279.5515,47.5,13.3
2025-09-30 09:00:00,280.45044,47.5,13.3
2025-09-30 10:00:00,280.07178,47.5,13.3
2025-09-30 11:00:00,281.1245,47.5,13.3
2025-09-30 12:00:00,281.61035,47.5,13.3
2025-09-30 13:00:00,281.78882,47.5,13.3
2025-09-30 14:00:00,280.53394,47.5,13.3
2025-09-30 15:00:00,279.9922,47.5,13.3
2025-09-30 16:00:00,279.239,47.5,13.3
2025-09-30 17:00:00,279.09082,47.5,13.3
2025-09-30 18:00:00,278.93213,47.5,13.3
2025-09-30 19:00:00,278.63306,47.5,13.3
2025-09-30 20:00:00,278.76196,47.5,13.3
2025-09-30 21:00:00,278.55078,47.5,13.3
2025-09-30 22:00:00,278.3833,47.5,13.3
2025-09-30 23:00:00,278.36157,47.5,13.3
2025-10-01 00:00:00,278.0083,47.5,13.3
2025-10-01 01:00:00,277.80762,47.5,13.3
2025-10-01 02:00:00,277.3745,47.5,13.3
2025-10-01 03:00:00,276.9685,47.5,13.3
2025-10-01 04:00:00,276.77856,47.5,13.3
2025-10-01 05:00:00,276.0398,47.5,13.3
2025-10-01 06:00:00,275.67285,47.5,13.3
2025-10-01 07:00:00,276.40576,47.5,13.3
2025-10-01 08:00:00,277.60645,47.5,13.3
2025-10-01 09:00:00,278.5271,47.5,13.3
2025-10-01 10:00:00,280.01294,47.5,13.3
2025-10-01 11:00:00,279.9524,47.5,13.3
2025-10-01 12:00:00,280.25757,47.5,13.3
2025-10-01 13:00:00,279.6853,47.5,13.3
2025-10-01 14:00:00,279.2832,47.5,13.3
2025-10-01 15:00:00,278.7539,47.5,13.3
2025-10-01 16:00:00,277.8755,47.5,13.3
2025-10-01 17:00:00,277.25,47.5,13.3
2025-10-01 18:00:00,276.9702,47.5,13.3
2025-10-01 19:00:00,276.28662,47.5,13.3
2025-10-01 20:00:00,276.10376,47.5,13.3
2025-10-01 21:00:00,275.49316,47.5,13.3
2025-10-01 22:00:00,275.13184,47.5,13.3
2025-10-01 23:00:00,274.79907,47.5,13.3
2025-10-02 00:00:00,274.84692,47.5,13.3
2025-10-02 01:00:00,274.47266,47.5,13.3
2025-10-02 02:00:00,274.65234,47.5,13.3
2025-10-02 03:00:00,274.18872,47.5,13.3
2025-10-02 04:00:00,274.5454,47.5,13.3
2025-10-02 05:00:00,274.4441,47.5,13.3
2025-10-02 06:00:00,273.87793,47.5,13.3
2025-10-02 07:00:00,274.34644,47.5,13.3
2025-10-02 08:00:00,275.75122,47.5,13.3
2025-10-02 09:00:00,277.15796,47.5,13.3
2025-10-02 10:00:00,277.96338,47.5,13.3
2025-10-02 11:00:00,278.72974,47.5,13.3
2025-10-02 12:00:00,278.73145,47.5,13.3
2025-10-02 13:00:00,278.67285,47.5,13.3
2025-10-02 14:00:00,278.4641,47.5,13.3
2025-10-02 15:00:00,278.08716,47.5,13.3
2025-10-02 16:00:00,277.28247,47.5,13.3
2025-10-02 17:00:00,276.4331,47.5,13.3
2025-10-02 18:00:00,275.81836,47.5,13.3
2025-10-02 19:00:00,275.28784,47.5,13.3
2025-10-02 20:00:00,274.96558,47.5,13.3
2025-10-02 21:00:00,274.39233,47.5,13.3
2025-10-02 22:00:00,274.74878,47.5,13.3
2025-10-02 23:00:00,274.5681,47.5,13.3
2025-10-03 00:00:00,274.437,47.5,13.3
2025-10-03 01:00:00,274.09082,47.5,13.3
2025-10-03 02:00:00,272.94653,47.5,13.3
2025-10-03 03:00:00,272.1897,47.5,13.3
2025-10-03 04:00:00,272.04126,47.5,13.3
2025-10-03 05:00:00,271.80933,47.5,13.3
2025-10-03 06:00:00,271.67993,47.5,13.3
2025-10-03 07:00:00,274.063,47.5,13.3
2025-10-03 08:00:00,275.99976,47.5,13.3
2025-10-03 09:00:00,278.32227,47.5,13.3
2025-10-03 10:00:00,280.3772,47.5,13.3
2025-10-03 11:00:00,281.24487,47.5,13.3
2025-10-03 12:00:00,282.16406,47.5,13.3
2025-10-03 13:00:00,282.7229,47.5,13.3
2025-10-03 14:00:00,282.58496,47.5,13.3
2025-10-03 15:00:00,282.00952,47.5,13.3
2025-10-03 16:00:00,280.06714,47.5,13.3
2025-10-03 17:00:00,279.1294,47.5,13.3
2025-10-03 18:00:00,277.78394,47.5,13.3
2025-10-03 19:00:00,276.07788,47.5,13.3
2025-10-03 20:00:00,274.47485,47.5,13.3
2025-10-03 21:00:00,272.83105,47.5,13.3
2025-10-03 22:00:00,272.71558,47.5,13.3
2025-10-03 23:00:00,272.02954,47.5,13.3
2025-10-04 00:00:00,271.8496,47.5,13.3
2025-10-04 01:00:00,271.42456,47.5,13.3
2025-10-04 02:00:00,271.71484,47.5,13.3
2025-10-04 03:00:00,272.43237,47.5,13.3
2025-10-04 04:00:00,273.0183,47.5,13.3
2025-10-04 05:00:00,273.70117,47.5,13.3
2025-10-04 06:00:00,274.15112,47.5,13.3
2025-10-04 07:00:00,275.97144,47.5,13.3
2025-10-04 08:00:00,276.76514,47.5,13.3
2025-10-04 09:00:00,277.48877,47.5,13.3
2025-10-04 10:00:00,278.87207,47.5,13.3
2025-10-04 11:00:00,279.52563,47.5,13.3
2025-10-04 12:00:00,280.7661,47.5,13.3
2025-10-04 13:00:00,281.6985,47.5,13.3
2025-10-04 14:00:00,283.91016,47.5,13.3
2025-10-04 15:00:00,284.469,47.5,13.3
2025-10-04 16:00:00,283.49072,47.5,13.3
2025-10-04 17:00:00,281.5713,47.5,13.3
2025-10-04 18:00:00,280.58154,47.5,13.3
2025-10-04 19:00:00,280.49634,47.5,13.3
2025-10-04 20:00:00,279.98047,47.5,13.3
2025-10-04 21:00:00,279.03174,47.5,13.3
2025-10-04 22:00:00,278.15332,47.5,13.3
2025-10-04 23:00:00,277.4358,47.5,13.3
2025-10-05 00:00:00,276.98633,47.5,13.3
2025-10-05 01:00:00,276.72803,47.5,13.3
2025-10-05 02:00:00,276.1914,47.5,13.3
2025-10-05 03:00:00,276.18164,47.5,13.3
2025-10-05 04:00:00,276.32544,47.5,13.3
2025-10-05 05:00:00,276.2644,47.5,13.3
2025-10-05 06:00:00,276.17725,47.5,13.3
2025-10-05 07:00:00,276.4204,47.5,13.3
2025-10-05 08:00:00,276.55518,47.5,13.3
2025-10-05 09:00:00,276.73022,47.5,13.3
2025-10-05 10:00:00,276.90015,47.5,13.3
2025-10-05 11:00:00,277.19067,47.5,13.3
2025-10-05 12:00:00,277.91284,47.5,13.3
2025-10-05 13:00:00,278.4673,47.5,13.3
2025-10-05 14:00:00,278.12988,47.5,13.3
2025-10-05 15:00:00,277.66577,47.5,13.3
2025-10-05 16:00:00,277.2749,47.5,13.3
2025-10-05 17:00:00,276.5393,47.5,13.3
2025-10-05 18:00:00,276.20166,47.5,13.3
2025-10-05 19:00:00,276.05762,47.5,13.3
2025-10-05 20:00:00,275.86035,47.5,13.3
2025-10-05 21:00:00,275.86963,47.5,13.3
2025-10-05 22:00:00,276.5232,47.5,13.3
2025-10-05 23:00:00,276.45264,47.5,13.3
2025-10-06 00:00:00,276.16455,47.5,13.3
2025-10-06 01:00:00,275.59106,47.5,13.3
2025-10-06 02:00:00,275.22778,47.5,13.3
2025-10-06 03:00:00,275.33325,47.5,13.3
2025-10-06 04:00:00,275.40845,47.5,13.3
2025-10-06 05:00:00,275.1499,47.5,13.3
2025-10-06 06:00:00,275.10718,47.5,13.3
2025-10-06 07:00:00,275.292,47.5,13.3
2025-10-06 08:00:00,275.3694,47.5,13.3
2025-10-06 09:00:00,275.406,47.5,13.3
2025-10-06 10:00:00,275.8733,47.5,13.3
2025-10-06 11:00:00,276.19824,47.5,13.3
2025-10-06 12:00:00,278.03857,47.5,13.3
2025-10-06 13:00:00,277.59448,47.5,13.3
2025-10-06 14:00:00,276.98682,47.5,13.3
2025-10-06 15:00:00,276.5105,47.5,13.3
2025-10-06 16:00:00,276.51758,47.5,13.3
2025-10-06 17:00:00,276.09766,47.5,13.3
2025-10-06 18:00:00,275.99487,47.5,13.3
2025-10-06 19:00:00,275.9048,47.5,13.3
2025-10-06 20:00:00,275.70605,47.5,13.3
2025-10-06 21:00:00,275.64575,47.5,13.3
2025-10-06 22:00:00,275.19775,47.5,13.3
2025-10-06 23:00:00,275.063,47.5,13.3
2025-10-07 00:00:00,275.1228,47.5,13.3
2025-10-07 01:00:00,275.17456,47.5,13.3
2025-10-07 02:00:00,275.3694,47.5,13.3
2025-10-07 03:00:00,275.71802,47.5,13.3
2025-10-07 04:00:00,275.91016,47.5,13.3
2025-10-07 05:00:00,276.04443,47.5,13.3
2025-10-07 06:00:00,276.3147,47.5,13.3
2025-10-07 07:00:00,276.56934,47.5,13.3
2025-10-07 08:00:00,277.27588,47.5,13.3
2025-10-07 09:00:00,278.11035,47.5,13.3
2025-10-07 10:00:00,279.08936,47.5,13.3
2025-10-07 11:00:00,279.479,47.5,13.3
2025-10-07 12:00:00,279.8672,47.5,13.3
2025-10-07 13:00:00,280.36328,47.5,13.3
2025-10-07 14:00:00,280.49756,47.5,13.3
2025-10-07 15:00:00,280.4209,47.5,13.3
2025-10-07 16:00:00,280.46045,47.5,13.3
2025-10-07 17:00:00,280.08545,47.5,13.3
2025-10-07 18:00:00,279.83545,47.5,13.3
2025-10-07 19:00:00,279.6692,47.5,13.3
2025-10-07 20:00:00,279.6875,47.5,13.3
2025-10-07 21:00:00,279.63867,47.5,13.3
2025-10-07 22:00:00,279.65698,47.5,13.3
2025-10-07 23:00:00,279.9187,47.5,13.3
2025-10-08 00:00:00,279.75024,47.5,13.3
2025-10-08 01:00:00,279.93945,47.5,13.3
2025-10-08 02:00:00,279.70435,47.5,13.3
2025-10-08 03:00:00,279.1914,47.5,13.3
2025-10-08 04:00:00,279.19556,47.5,13.3
2025-10-08 05:00:00,278.81152,47.5,13.3
2025-10-08 06:00:00,279.47876,47.5,13.3
2025-10-08 07:00:00,280.57178,47.5,13.3
2025-10-08 08:00:00,281.78223,47.5,13.3
2025-10-08 09:00:00,283.2705,47.5,13.3
2025-10-08 10:00:00,284.9297,47.5,13.3
2025-10-08 11:00:00,286.2915,47.5,13.3
2025-10-08 12:00:00,287.08325,47.5,13.3
2025-10-08 13:00:00,287.36646,47.5,13.3
2025-10-08 14:00:00,287.03174,47.5,13.3
2025-10-08 15:00:00,286.29932,47.5,13.3
2025-10-08 16:00:00,285.4292,47.5,13.3
2025-10-08 17:00:00,285.05078,47.5,13.3
2025-10-08 18:00:00,283.99072,47.5,13.3
2025-10-08 19:00:00,282.08984,47.5,13.3
2025-10-08 20:00:00,281.42212,47.5,13.3
2025-10-08 21:00:00,280.91553,47.5,13.3
2025-10-08 22:00:00,280.85522,47.5,13.3
2025-10-08 23:00:00,280.90063,47.5,13.3
2025-10-09 00:00:00,281.14453,47.5,13.3
2025-10-09 01:00:00,281.34033,47.5,13.3
2025-10-09 02:00:00,280.96704,47.5,13.3
2025-10-09 03:00:00,280.98193,47.5,13.3
2025-10-09 04:00:00,280.9558,47.5,13.3
2025-10-09 05:00:00,281.16113,47.5,13.3
2025-10-09 06:00:00,281.38965,47.5,13.3
2025-10-09 07:00:00,281.77832,47.5,13.3
2025-10-09 08:00:00,281.99316,47.5,13.3
2025-10-09 09:00:00,282.3357,47.5,13.3
2025-10-09 10:00:00,283.14307,47.5,13.3
2025-10-09 11:00:00,283.43408,47.5,13.3
2025-10-09 12:00:00,283.6162,47.5,13.3
2025-10-09 13:00:00,282.84155,47.5,13.3
2025-10-09 14:00:00,283.02026,47.5,13.3
2025-10-09 15:00:00,282.8921,47.5,13.3
2025-10-09 16:00:00,282.62524,47.5,13.3
2025-10-09 17:00:00,282.3186,47.5,13.3
2025-10-09 18:00:00,281.90747,47.5,13.3
2025-10-09 19:00:00,281.90308,47.5,13.3
2025-10-09 20:00:00,281.8557,47.5,13.3
2025-10-09 21:00:00,281.52466,47.5,13.3
2025-10-09 22:00:00,281.6626,47.5,13.3
2025-10-09 23:00:00,281.53198,47.5,13.3
2025-10-10 00:00:00,281.4048,47.5,13.3
2025-10-10 01:00:00,281.05835,47.5,13.3
2025-10-10 02:00:00,281.01782,47.5,13.3
2025-10-10 03:00:00,280.68286,47.5,13.3
2025-10-10 04:00:00,280.59204,47.5,13.3
2025-10-10 05:00:00,280.46265,47.5,13.3
2025-10-10 06:00:00,280.6277,47.5,13.3
2025-10-10 07:00:00,280.7434,47.5,13.3
2025-10-10 08:00:00,281.3806,47.5,13.3
2025-10-10 09:00:00,282.62012,47.5,13.3
2025-10-10 10:00:00,283.86572,47.5,13.3
2025-10-10 11:00:00,284.5652,47.5,13.3
2025-10-10 12:00:00,285.18262,47.5,13.3
2025-10-10 13:00:00,285.4585,47.5,13.3
2025-10-10 14:00:00,285.11865,47.5,13.3
2025-10-10 15:00:00,284.09546,47.5,13.3
2025-10-10 16:00:00,283.02148,47.5,13.3
2025-10-10 17:00:00,281.89966,47.5,13.3
2025-10-10 18:00:00,281.0703,47.5,13.3
2025-10-10 19:00:00,281.23682,47.5,13.3
2025-10-10 20:00:00,281.05493,47.5,13.3
2025-10-10 21:00:00,280.45142,47.5,13.3
2025-10-10 22:00:00,280.6599,47.5,13.3
2025-10-10 23:00:00,280.49292,47.5,13.3
2025-10-11 00:00:00,280.4331,47.5,13.3
2025-10-11 01:00:00,280.19922,47.5,13.3
2025-10-11 02:00:00,280.187,47.5,13.3
2025-10-11 03:00:00,280.1023,47.5,13.3
2025-10-11 04:00:00,280.0896,47.5,13.3
2025-10-11 05:00:00,279.77515,47.5,13.3
2025-10-11 06:00:00,279.75928,47.5,13.3
2025-10-11 07:00:00,279.83276,47.5,13.3
2025-10-11 08:00:00,280.34277,47.5,13.3
2025-10-11 09:00:00,282.04614,47.5,13.3
2025-10-11 10:00:00,283.79517,47.5,13.3
2025-10-11 11:00:00,285.13232,47.5,13.3
2025-10-11 12:00:00,286.0044,47.5,13.3
2025-10-11 13:00:00,286.34106,47.5,13.3
2025-10-11 14:00:00,285.90308,47.5,13.3
2025-10-11 15:00:00,284.84302,47.5,13.3
2025-10-11 16:00:00,283.26147,47.5,13.3
2025-10-11 17:00:00,281.07007,47.5,13.3
2025-10-11 18:00:00,280.66895,47.5,13.3
2025-10-11 19:00:00,280.90503,47.5,13.3
2025-10-11 20:00:00,280.92065,47.5,13.3
2025-10-11 21:00:00,280.7744,47.5,13.3
2025-10-11 22:00:00,279.9546,47.5,13.3
2025-10-11 23:00:00,278.937,47.5,13.3
2025-10-12 00:00:00,278.1172,47.5,13.3
2025-10-12 01:00:00,277.16138,47.5,13.3
2025-10-12 02:00:00,277.7776,47.5,13.3
2025-10-12 03:00:00,277.7063,47.5,13.3
2025-10-12 04:00:00,277.35522,47.5,13.3
2025-10-12 05:00:00,277.54346,47.5,13.3
2025-10-12 06:00:00,277.1582,47.5,13.3
2025-10-12 07:00:00,277.89478,47.5,13.3
2025-10-12 08:00:00,279.83154,47.5,13.3
2025-10-12 09:00:00,282.43433,47.5,13.3
2025-10-12 10:00:00,283.88086,47.5,13.3
2025-10-12 11:00:00,284.7251,47.5,13.3
2025-10-12 12:00:00,285.38672,47.5,13.3
2025-10-12 13:00:00,285.49463,47.5,13.3
2025-10-12 14:00:00,285.167,47.5,13.3
2025-10-12 15:00:00,283.83032,47.5,13.3
2025-10-12 16:00:00,281.97925,47.5,13.3
2025-10-12 17:00:00,279.9673,47.5,13.3
2025-10-12 18:00:00,280.13452,47.5,13.3
2025-10-12 19:00:00,279.65796,47.5,13.3
2025-10-12 20:00:00,279.6997,47.5,13.3
2025-10-12 21:00:00,279.78394,47.5,13.3
2025-10-12 22:00:00,279.30273,47.5,13.3
2025-10-12 23:00:00,279.39282,47.5,13.3
2025-10-13 00:00:00,279.2981,47.5,13.3
2025-10-13 01:00:00,279.2832,47.5,13.3
2025-10-13 02:00:00,278.60547,47.5,13.3
2025-10-13 03:00:00,278.91357,47.5,13.3
2025-10-13 04:00:00,279.13135,47.5,13.3
2025-10-13 05:00:00,278.92188,47.5,13.3
2025-10-13 06:00:00,278.75293,47.5,13.3
2025-10-13 07:00:00,279.22388,47.5,13.3
2025-10-13 08:00:00,280.2754,47.5,13.3
2025-10-13 09:00:00,281.76953,47.5,13.3
2025-10-13 10:00:00,282.77832,47.5,13.3
2025-10-13 11:00:00,283.5835,47.5,13.3
2025-10-13 12:00:00,283.98315,47.5,13.3
2025-10-13 13:00:00,284.3401,47.5,13.3
2025-10-13 14:00:00,283.7373,47.5,13.3
2025-10-13 15:00:00,282.99976,47.5,13.3
2025-10-13 16:00:00,281.85498,47.5,13.3
2025-10-13 17:00:00,279.93726,47.5,13.3
2025-10-13 18:00:00,279.76196,47.5,13.3
2025-10-13 19:00:00,279.30884,47.5,13.3
2025-10-13 20:00:00,278.91602,47.5,13.3
2025-10-13 21:00:00,278.71582,47.5,13.3
2025-10-13 22:00:00,277.69507,47.5,13.3
2025-10-13 23:00:00,276.90625,47.5,13.3
2025-10-14 00:00:00,276.95923,47.5,13.3
2025-10-14 01:00:00,276.85645,47.5,13.3
2025-10-14 02:00:00,276.58203,47.5,13.3
2025-10-14 03:00:00,276.78125,47.5,13.3
2025-10-14 04:00:00,276.6858,47.5,13.3
2025-10-14 05:00:00,276.70093,47.5,13.3
2025-10-14 06:00:00,276.57666,47.5,13.3
2025-10-14 07:00:00,277.26416,47.5,13.3
2025-10-14 08:00:00,279.21216,47.5,13.3
2025-10-14 09:00:00,280.78662,47.5,13.3
2025-10-14 10:00:00,282.3203,47.5,13.3
2025-10-14 11:00:00,283.95605,47.5,13.3
2025-10-14 12:00:00,284.34863,47.5,13.3
2025-10-14 13:00:00,284.8286,47.5,13.3
2025-10-14 14:00:00,284.39526,47.5,13.3
2025-10-14 15:00:00,283.32642,47.5,13.3
2025-10-14 16:00:00,281.4973,47.5,13.3
2025-10-14 17:00:00,278.64502,47.5,13.3
2025-10-14 18:00:00,278.6919,47.5,13.3
2025-10-14 19:00:00,278.69653,47.5,13.3
2025-10-14 20:00:00,278.31396,47.5,13.3
2025-10-14 21:00:00,278.26538,47.5,13.3
2025-10-14 22:00:00,277.21948,47.5,13.3
2025-10-14 23:00:00,277.64014,47.5,13.3
2025-10-15 00:00:00,277.20483,47.5,13.3
2025-10-15 01:00:00,277.0703,47.5,13.3
2025-10-15 02:00:00,276.93872,47.5,13.3
2025-10-15 03:00:00,276.83105,47.5,13.3
2025-10-15 04:00:00,276.78784,47.5,13.3
2025-10-15 05:00:00,276.6477,47.5,13.3
2025-10-15 06:00:00,277.1294,47.5,13.3
2025-10-15 07:00:00,278.7102,47.5,13.3
2025-10-15 08:00:00,279.32495,47.5,13.3
2025-10-15 09:00:00,280.7583,47.5,13.3
2025-10-15 10:00:00,282.52856,47.5,13.3
2025-10-15 11:00:00,283.4004,47.5,13.3
2025-10-15 12:00:00,284.2627,47.5,13.3
2025-10-15 13:00:00,283.88135,47.5,13.3
2025-10-15 14:00:00,283.7058,47.5,13.3
2025-10-15 15:00:00,283.11865,47.5,13.3
2025-10-15 16:00:00,281.8235,47.5,13.3
2025-10-15 17:00:00,280.12695,47.5,13.3
2025-10-15 18:00:00,280.17896,47.5,13.3
2025-10-15 19:00:00,280.1001,47.5,13.3
2025-10-15 20:00:00,279.70923,47.5,13.3
2025-10-15 21:00:00,279.01123,47.5,13.3
2025-10-15 22:00:00,278.92407,47.5,13.3
2025-10-15 23:00:00,278.3318,47.5,13.3
2025-10-16 00:00:00,278.36987,47.5,13.3
2025-10-16 01:00:00,278.03247,47.5,13.3
2025-10-16 02:00:00,278.01782,47.5,13.3
2025-10-16 03:00:00,277.9231,47.5,13.3
2025-10-16 04:00:00,277.81738,47.5,13.3
2025-10-16 05:00:00,277.5022,47.5,13.3
2025-10-16 06:00:00,277.39014,47.5,13.3
2025-10-16 07:00:00,278.93018,47.5,13.3
2025-10-16 08:00:00,280.1433,47.5,13.3
2025-10-16 09:00:00,281.5996,47.5,13.3
2025-10-16 10:00:00,282.68286,47.5,13.3
2025-10-16 11:00:00,283.27344,47.5,13.3
2025-10-16 12:00:00,283.66675,47.5,13.3
2025-10-16 13:00:00,283.72388,47.5,13.3
2025-10-16 14:00:00,283.58203,47.5,13.3
2025-10-16 15:00:00,282.7732,47.5,13.3
2025-10-16 16:00:00,280.21948,47.5,13.3
2025-10-16 17:00:00,277.87354,47.5,13.3
2025-10-16 18:00:00,277.8308,47.5,13.3
2025-10-16 19:00:00,277.63794,47.5,13.3
2025-10-16 20:00:00,277.61865,47.5,13.3
2025-10-16 21:00:00,277.6184,47.5,13.3
2025-10-16 22:00:00,277.49,47.5,13.3
2025-10-16 23:00:00,276.6936,47.5,13.3
2025-10-17 00:00:00,276.44385,47.5,13.3
2025-10-17 01:00:00,276.3689,47.5,13.3
2025-10-17 02:00:00,276.34204,47.5,13.3
2025-10-17 03:00:00,276.3291,47.5,13.3
2025-10-17 04:00:00,276.54053,47.5,13.3
2025-10-17 05:00:00,276.73926,47.5,13.3
2025-10-17 06:00:00,276.97705,47.5,13.3
2025-10-17 07:00:00,276.9121,47.5,13.3
2025-10-17 08:00:00,277.47827,47.5,13.3
2025-10-17 09:00:00,278.02246,47.5,13.3
2025-10-17 10:00:00,279.28955,47.5,13.3
2025-10-17 11:00:00,280.31006,47.5,13.3
2025-10-17 12:00:00,280.7705,47.5,13.3
2025-10-17 13:00:00,281.15918,47.5,13.3
2025-10-17 14:00:00,281.21338,47.5,13.3
2025-10-17 15:00:00,280.70288,47.5,13.3
2025-10-17 16:00:00,279.9431,47.5,13.3
2025-10-17 17:00:00,278.0686,47.5,13.3
2025-10-17 18:00:00,277.90918,47.5,13.3
2025-10-17 19:00:00,277.69873,47.5,13.3
2025-10-17 20:00:00,277.7251,47.5,13.3
2025-10-17 21:00:00,277.28882,47.5,13.3
2025-10-17 22:00:00,277.36865,47.5,13.3
2025-10-17 23:00:00,276.9961,47.5,13.3
2025-10-18 00:00:00,276.59863,47.5,13.3
2025-10-18 01:00:00,276.27954,47.5,13.3
2025-10-18 02:00:00,276.50244,47.5,13.3
2025-10-18 03:00:00,276.2937,47.5,13.3
2025-10-18 04:00:00,276.29956,47.5,13.3
2025-10-18 05:00:00,275.896,47.5,13.3
2025-10-18 06:00:00,276.0735,47.5,13.3
2025-10-18 07:00:00,276.36523,47.5,13.3
2025-10-18 08:00:00,277.25977,47.5,13.3
2025-10-18 09:00:00,278.82837,47.5,13.3
2025-10-18 10:00:00,279.78442,47.5,13.3
2025-10-18 11:00:00,280.8518,47.5,13.3
2025-10-18 12:00:00,281.15137,47.5,13.3
2025-10-18 13:00:00,281.14966,47.5,13.3
2025-10-18 14:00:00,280.94946,47.5,13.3
2025-10-18 15:00:00,280.30103,47.5,13.3
2025-10-18 16:00:00,278.76782,47.5,13.3
2025-10-18 17:00:00,276.88696,47.5,13.3
2025-10-18 18:00:00,276.66577,47.5,13.3
2025-10-18 19:00:00,276.32983,47.5,13.3
2025-10-18 20:00:00,274.7754,47.5,13.3
2025-10-18 21:00:00,274.3794,47.5,13.3
2025-10-18 22:00:00,273.4807,47.5,13.3
2025-10-18 23:00:00,272.79785,47.5,13.3
2025-10-19 00:00:00,272.1609,47.5,13.3
2025-10-19 01:00:00,271.83032,47.5,13.3
2025-10-19 02:00:00,271.71558,47.5,13.3
2025-10-19 03:00:00,271.875,47.5,13.3
2025-10-19 04:00:00,272.22144,47.5,13.3
2025-10-19 05:00:00,272.20068,47.5,13.3
2025-10-19 06:00:00,272.36963,47.5,13.3
2025-10-19 07:00:00,274.03857,47.5,13.3
2025-10-19 08:00:00,277.03857,47.5,13.3
2025-10-19 09:00:00,279.8806,47.5,13.3
2025-10-19 10:00:00,281.73218,47.5,13.3
2025-10-19 11:00:00,282.40967,47.5,13.3
2025-10-19 12:00:00,283.44263,47.5,13.3
2025-10-19 13:00:00,283.78296,47.5,13.3
2025-10-19 14:00:00,283.52783,47.5,13.3
2025-10-19 15:00:00,282.2964,47.5,13.3
2025-10-19 16:00:00,281.30273,47.5,13.3
2025-10-19 17:00:00,279.78345,47.5,13.3
2025-10-19 18:00:00,278.52075,47.5,13.3
2025-10-19 19:00:00,277.4839,47.5,13.3
2025-10-19 20:00:00,277.36182,47.5,13.3
2025-10-19 21:00:00,277.18164,47.5,13.3
2025-10-19 22:00:00,276.48804,47.5,13.3
2025-10-19 23:00:00,276.19702,47.5,13.3
2025-10-20 00:00:00,276.0254,47.5,13.3
2025-10-20 01:00:00,275.72388,47.5,13.3
2025-10-20 02:00:00,275.4712,47.5,13.3
2025-10-20 03:00:00,275.1145,47.5,13.3
2025-10-20 04:00:00,274.0559,47.5,13.3
2025-10-20 05:00:00,273.7151,47.5,13.3
2025-10-20 06:00:00,273.32642,47.5,13.3
2025-10-20 07:00:00,275.08228,47.5,13.3
2025-10-20 08:00:00,278.4939,47.5,13.3
2025-10-20 09:00:00,281.65576,47.5,13.3
2025-10-20 10:00:00,283.84253,47.5,13.3
2025-10-20 11:00:00,284.9182,47.5,13.3
2025-10-20 12:00:00,285.979,47.5,13.3
2025-10-20 13:00:00,286.0586,47.5,13.3
2025-10-20 14:00:00,285.6223,47.5,13.3
2025-10-20 15:00:00,284.54053,47.5,13.3
2025-10-20 16:00:00,282.0161,47.5,13.3
2025-10-20 17:00:00,280.4292,47.5,13.3
2025-10-20 18:00:00,279.8999,47.5,13.3
2025-10-20 19:00:00,279.7793,47.5,13.3
2025-10-20 20:00:00,279.58008,47.5,13.3
2025-10-20 21:00:00,279.19434,47.5,13.3
2025-10-20 22:00:00,278.94775,47.5,13.3
2025-10-20 23:00:00,278.85107,47.5,13.3
2025-10-21 00:00:00,279.02466,47.5,13.3
2025-10-21 01:00:00,278.69287,47.5,13.3
2025-10-21 02:00:00,278.60718,47.5,13.3
2025-10-21 03:00:00,278.24268,47.5,13.3
2025-10-21 04:00:00,277.82886,47.5,13.3
2025-10-21 05:00:00,277.15674,47.5,13.3
2025-10-21 06:00:00,277.04175,47.5,13.3
2025-10-21 07:00:00,278.67212,47.5,13.3
2025-10-21 08:00:00,280.37817,47.5,13.3
2025-10-21 09:00:00,282.85986,47.5,13.3
2025-10-21 10:00:00,283.99756,47.5,13.3
2025-10-21 11:00:00,285.33765,47.5,13.3
2025-10-21 12:00:00,286.4048,47.5,13.3
2025-10-21 13:00:00,287.3379,47.5,13.3
2025-10-21 14:00:00,286.61475,47.5,13.3
2025-10-21 15:00:00,286.0686,47.5,13.3
2025-10-21 16:00:00,285.23755,47.5,13.3
2025-10-21 17:00:00,282.86475,47.5,13.3
2025-10-21 18:00:00,281.52588,47.5,13.3
2025-10-21 19:00:00,281.01733,47.5,13.3
2025-10-21 20:00:00,279.39795,47.5,13.3
2025-10-21 21:00:00,278.74023,47.5,13.3
2025-10-21 22:00:00,278.94482,47.5,13.3
2025-10-21 23:00:00,278.87524,47.5,13.3
2025-10-22 00:00:00,278.62695,47.5,13.3
2025-10-22 01:00:00,278.59814,47.5,13.3
2025-10-22 02:00:00,278.61035,47.5,13.3
2025-10-22 03:00:00,278.79907,47.5,13.3
2025-10-22 04:00:00,278.91675,47.5,13.3
2025-10-22 05:00:00,279.0962,47.5,13.3
2025-10-22 06:00:00,279.1521,47.5,13.3
2025-10-22 07:00:00,280.0022,47.5,13.3
2025-10-22 08:00:00,281.09888,47.5,13.3
2025-10-22 09:00:00,282.5166,47.5,13.3
2025-10-22 10:00:00,284.33228,47.5,13.3
2025-10-22 11:00:00,285.1731,47.5,13.3
2025-10-22 12:00:00,285.90674,47.5,13.3
2025-10-22 13:00:00,286.33618,47.5,13.3
2025-10-22 14:00:00,286.19873,47.5,13.3
2025-10-22 15:00:00,285.2849,47.5,13.3
2025-10-22 16:00:00,285.0735,47.5,13.3
2025-10-22 17:00:00,282.44482,47.5,13.3
2025-10-22 18:00:00,280.54004,47.5,13.3
2025-10-22 19:00:00,280.3423,47.5,13.3
2025-10-22 20:00:00,279.3706,47.5,13.3
2025-10-22 21:00:00,279.38184,47.5,13.3
2025-10-22 22:00:00,279.53857,47.5,13.3
2025-10-22 23:00:00,279.32812,47.5,13.3
2025-10-23 00:00:00,278.6399,47.5,13.3
2025-10-23 01:00:00,278.9192,47.5,13.3
2025-10-23 02:00:00,279.03882,47.5,13.3
2025-10-23 03:00:00,279.25952,47.5,13.3
2025-10-23 04:00:00,279.0564,47.5,13.3
2025-10-23 05:00:00,279.40942,47.5,13.3
2025-10-23 06:00:00,279.52344,47.5,13.3
2025-10-23 07:00:00,280.41235,47.5,13.3
2025-10-23 08:00:00,282.56934,47.5,13.3
2025-10-23 09:00:00,283.9292,47.5,13.3
2025-10-23 10:00:00,285.44385,47.5,13.3
2025-10-23 11:00:00,285.812,47.5,13.3
2025-10-23 12:00:00,285.7744,47.5,13.3
2025-10-23 13:00:00,284.74536,47.5,13.3
2025-10-23 14:00:00,283.24854,47.5,13.3
2025-10-23 15:00:00,281.11768,47.5,13.3
2025-10-23 16:00:00,279.1577,47.5,13.3
2025-10-23 17:00:00,276.70142,47.5,13.3
2025-10-23 18:00:00,275.30396,47.5,13.3
2025-10-23 19:00:00,274.62915,47.5,13.3
2025-10-23 20:00:00,274.89014,47.5,13.3
2025-10-23 21:00:00,275.37134,47.5,13.3
2025-10-23 22:00:00,275.33057,47.5,13.3
2025-10-23 23:00:00,275.62573,47.5,13.3
2025-10-24 00:00:00,275.87207,47.5,13.3
2025-10-24 01:00:00,275.7395,47.5,13.3
2025-10-24 02:00:00,275.72803,47.5,13.3
2025-10-24 03:00:00,275.7058,47.5,13.3
2025-10-24 04:00:00,274.9048,47.5,13.3
2025-10-24 05:00:00,274.33032,47.5,13.3
2025-10-24 06:00:00,274.33032,47.5,13.3
2025-10-24 07:00:00,274.71436,47.5,13.3
2025-10-24 08:00:00,275.95532,47.5,13.3
2025-10-24 09:00:00,276.92065,47.5,13.3
2025-10-24 10:00:00,277.99365,47.5,13.3
2025-10-24 11:00:00,278.2539,47.5,13.3
2025-10-24 12:00:00,277.83398,47.5,13.3
2025-10-24 13:00:00,276.6372,47.5,13.3
2025-10-24 14:00:00,276.98535,47.5,13.3
2025-10-24 15:00:00,275.58374,47.5,13.3
2025-10-24 16:00:00,274.07788,47.5,13.3
2025-10-24 17:00:00,273.88696,47.5,13.3
2025-10-24 18:00:00,272.2959,47.5,13.3
2025-10-24 19:00:00,271.5725,47.5,13.3
2025-10-24 20:00:00,270.55566,47.5,13.3
2025-10-24 21:00:00,270.53516,47.5,13.3
2025-10-24 22:00:00,270.0442,47.5,13.3
2025-10-24 23:00:00,271.01587,47.5,13.3
2025-10-25 00:00:00,270.92676,47.5,13.3
2025-10-25 01:00:00,271.46484,47.5,13.3
2025-10-25 02:00:00,271.76196,47.5,13.3
2025-10-25 03:00:00,272.34644,47.5,13.3
2025-10-25 04:00:00,272.03613,47.5,13.3
2025-10-25 05:00:00,273.05347,47.5,13.3
2025-10-25 06:00:00,272.73096,47.5,13.3
2025-10-25 07:00:00,273.56006,47.5,13.3
2025-10-25 08:00:00,275.07935,47.5,13.3
2025-10-25 09:00:00,277.29932,47.5,13.3
2025-10-25 10:00:00,279.68115,47.5,13.3
2025-10-25 11:00:00,281.47656,47.5,13.3
2025-10-25 12:00:00,282.6455,47.5,13.3
2025-10-25 13:00:00,281.91064,47.5,13.3
2025-10-25 14:00:00,280.74634,47.5,13.3
2025-10-25 15:00:00,279.5017,47.5,13.3
2025-10-25 16:00:00,277.98267,47.5,13.3
2025-10-25 17:00:00,277.48706,47.5,13.3
2025-10-25 18:00:00,277.0564,47.5,13.3
2025-10-25 19:00:00,275.30566,47.5,13.3
2025-10-25 20:00:00,274.83228,47.5,13.3
2025-10-25 21:00:00,273.90747,47.5,13.3
2025-10-25 22:00:00,273.40918,47.5,13.3
2025-10-25 23:00:00,273.8291,47.5,13.3
2025-10-26 00:00:00,273.75586,47.5,13.3
2025-10-26 01:00:00,273.31763,47.5,13.3
2025-10-26 02:00:00,273.6084,47.5,13.3
2025-10-26 03:00:00,273.6018,47.5,13.3
2025-10-26 04:00:00,273.4724,47.5,13.3
2025-10-26 05:00:00,272.9768,47.5,13.3
2025-10-26 06:00:00,274.5056,47.5,13.3
2025-10-26 07:00:00,275.26343,47.5,13.3
2025-10-26 08:00:00,277.42773,47.5,13.3
2025-10-26 09:00:00,278.57324,47.5,13.3
2025-10-26 10:00:00,278.32642,47.5,13.3
2025-10-26 11:00:00,277.7351,47.5,13.3
2025-10-26 12:00:00,277.40186,47.5,13.3
2025-10-26 13:00:00,276.73584,47.5,13.3
2025-10-26 14:00:00,276.16553,47.5,13.3
2025-10-26 15:00:00,275.4358,47.5,13.3
2025-10-26 16:00:00,273.70117,47.5,13.3
2025-10-26 17:00:00,272.84253,47.5,13.3
2025-10-26 18:00:00,272.45483,47.5,13.3
2025-10-26 19:00:00,272.07812,47.5,13.3
2025-10-26 20:00:00,272.3181,47.5,13.3
2025-10-26 21:00:00,272.9829,47.5,13.3
2025-10-26 22:00:00,272.69287,47.5,13.3
2025-10-26 23:00:00,272.4956,47.5,13.3
2025-10-27 00:00:00,272.56055,47.5,13.3
2025-10-27 01:00:00,272.2041,47.5,13.3
2025-10-27 02:00:00,272.5703,47.5,13.3
2025-10-27 03:00:00,272.30347,47.5,13.3
2025-10-27 04:00:00,272.35425,47.5,13.3
2025-10-27 05:00:00,272.59644,47.5,13.3
2025-10-27 06:00:00,272.29395,47.5,13.3
2025-10-27 07:00:00,273.2749,47.5,13.3
2025-10-27 08:00:00,274.34424,47.5,13.3
2025-10-27 09:00:00,275.0205,47.5,13.3
2025-10-27 10:00:00,274.64355,47.5,13.3
2025-10-27 11:00:00,275.46973,47.5,13.3
2025-10-27 12:00:00,274.71802,47.5,13.3
2025-10-27 13:00:00,275.15552,47.5,13.3
2025-10-27 14:00:00,274.78613,47.5,13.3
2025-10-27 15:00:00,274.71704,47.5,13.3
2025-10-27 16:00:00,274.4685,47.5,13.3
2025-10-27 17:00:00,274.06616,47.5,13.3
2025-10-27 18:00:00,274.26562,47.5,13.3
2025-10-27 19:00:00,273.91992,47.5,13.3
2025-10-27 20:00:00,274.37256,47.5,13.3
2025-10-27 21:00:00,274.14502,47.5,13.3
2025-10-27 22:00:00,274.67847,47.5,13.3
2025-10-27 23:00:00,274.71436,47.5,13.3
2025-10-28 00:00:00,274.7295,47.5,13.3
2025-10-28 01:00:00,274.92505,47.5,13.3
2025-10-28 02:00:00,274.31567,47.5,13.3
2025-10-28 03:00:00,273.86865,47.5,13.3
2025-10-28 04:00:00,273.62427,47.5,13.3
2025-10-28 05:00:00,273.09863,47.5,13.3
2025-10-28 06:00:00,272.89502,47.5,13.3
2025-10-28 07:00:00,274.0647,47.5,13.3
2025-10-28 08:00:00,275.24512,47.5,13.3
2025-10-28 09:00:00,276.46875,47.5,13.3
2025-10-28 10:00:00,279.06836,47.5,13.3
2025-10-28 11:00:00,280.677,47.5,13.3
2025-10-28 12:00:00,281.07642,47.5,13.3
2025-10-28 13:00:00,281.5879,47.5,13.3
2025-10-28 14:00:00,282.22363,47.5,13.3
2025-10-28 15:00:00,281.60815,47.5,13.3
2025-10-28 16:00:00,280.2434,47.5,13.3
2025-10-28 17:00:00,278.45117,47.5,13.3
2025-10-28 18:00:00,276.63745,47.5,13.3
2025-10-28 19:00:00,275.8816,47.5,13.3
2025-10-28 20:00:00,275.51147,47.5,13.3
2025-10-28 21:00:00,274.11084,47.5,13.3
2025-10-28 22:00:00,274.41895,47.5,13.3
2025-10-28 23:00:00,273.02954,47.5,13.3
2025-10-29 00:00:00,271.71777,47.5,13.3
2025-10-29 01:00:00,271.00073,47.5,13.3
2025-10-29 02:00:00,270.69946,47.5,13.3
2025-10-29 03:00:00,270.54297,47.5,13.3
2025-10-29 04:00:00,270.41797,47.5,13.3
2025-10-29 05:00:00,270.23633,47.5,13.3
2025-10-29 06:00:00,270.05786,47.5,13.3
2025-10-29 07:00:00,271.52124,47.5,13.3
2025-10-29 08:00:00,275.23657,47.5,13.3
2025-10-29 09:00:00,277.67236,47.5,13.3
2025-10-29 10:00:00,281.73755,47.5,13.3
2025-10-29 11:00:00,283.60815,47.5,13.3
2025-10-29 12:00:00,284.7268,47.5,13.3
2025-10-29 13:00:00,285.29102,47.5,13.3
2025-10-29 14:00:00,284.43604,47.5,13.3
2025-10-29 15:00:00,283.13257,47.5,13.3
2025-10-29 16:00:00,281.02246,47.5,13.3
2025-10-29 17:00:00,279.66968,47.5,13.3
2025-10-29 18:00:00,279.00024,47.5,13.3
2025-10-29 19:00:00,278.7444,47.5,13.3
2025-10-29 20:00:00,278.83472,47.5,13.3
2025-10-29 21:00:00,278.85547,47.5,13.3
2025-10-29 22:00:00,279.08936,47.5,13.3
2025-10-29 23:00:00,279.14258,47.5,13.3
2025-10-30 00:00:00,279.01758,47.5,13.3
2025-10-30 01:00:00,278.96362,47.5,13.3
2025-10-30 02:00:00,278.86182,47.5,13.3
2025-10-30 03:00:00,278.25342,47.5,13.3
2025-10-30 04:00:00,277.9702,47.5,13.3
2025-10-30 05:00:00,278.45044,47.5,13.3
2025-10-30 06:00:00,278.52002,47.5,13.3
2025-10-30 07:00:00,279.20874,47.5,13.3
2025-10-30 08:00:00,280.86108,47.5,13.3
2025-10-30 09:00:00,282.73462,47.5,13.3
2025-10-30 10:00:00,282.78223,47.5,13.3
2025-10-30 11:00:00,283.43628,47.5,13.3
2025-10-30 12:00:00,283.76782,47.5,13.3
2025-10-30 13:00:00,283.6814,47.5,13.3
2025-10-30 14:00:00,283.13696,47.5,13.3
2025-10-30 15:00:00,282.61255,47.5,13.3
2025-10-30 16:00:00,282.01782,47.5,13.3
2025-10-30 17:00:00,280.75854,47.5,13.3
2025-10-30 18:00:00,279.2849,47.5,13.3
2025-10-30 19:00:00,278.22363,47.5,13.3
2025-10-30 20:00:00,276.30176,47.5,13.3
2025-10-30 21:00:00,275.55566,47.5,13.3
2025-10-30 22:00:00,276.09204,47.5,13.3
2025-10-30 23:00:00,276.27026,47.5,13.3
2025-10-31 00:00:00,276.25586,47.5,13.3
2025-10-31 01:00:00,276.36768,47.5,13.3
2025-10-31 02:00:00,276.76343,47.5,13.3
2025-10-31 03:00:00,277.05908,47.5,13.3
2025-10-31 04:00:00,276.95288,47.5,13.3
2025-10-31 05:00:00,277.1648,47.5,13.3
2025-10-31 06:00:00,277.24658,47.5,13.3
2025-10-31 07:00:00,278.4563,47.5,13.3
2025-10-31 08:00:00,280.46094,47.5,13.3
2025-10-31 09:00:00,282.52856,47.5,13.3
2025-10-31 10:00:00,284.1787,47.5,13.3
2025-10-31 11:00:00,286.614,47.5,13.3
2025-10-31 12:00:00,287.85913,47.5,13.3
2025-10-31 13:00:00,288.1101,47.5,13.3
2025-10-31 14:00:00,288.2754,47.5,13.3
2025-10-31 15:00:00,287.21558,47.5,13.3
2025-10-31 16:00:00,285.59912,47.5,13.3
2025-10-31 17:00:00,283.44165,47.5,13.3
2025-10-31 18:00:00,281.21826,47.5,13.3
2025-10-31 19:00:00,280.3152,47.5,13.3
2025-10-31 20:00:00,279.9026,47.5,13.3
2025-10-31 21:00:00,279.81982,47.5,13.3
2025-10-31 22:00:00,279.58105,47.5,13.3
2025-10-31 23:00:00,279.6089,47.5,13.3
2025-11-01 00:00:00,279.5752,47.5,13.3
2025-11-01 01:00:00,279.84912,47.5,13.3
2025-11-01 02:00:00,279.52515,47.5,13.3
2025-11-01 03:00:00,279.14038,47.5,13.3
2025-11-01 04:00:00,278.8103,47.5,13.3
2025-11-01 05:00:00,278.95923,47.5,13.3
2025-11-01 06:00:00,278.97168,47.5,13.3
2025-11-01 07:00:00,279.34033,47.5,13.3
2025-11-01 08:00:00,280.91138,47.5,13.3
2025-11-01 09:00:00,283.0149,47.5,13.3
2025-11-01 10:00:00,285.66382,47.5,13.3
2025-11-01 11:00:00,287.5647,47.5,13.3
2025-11-01 12:00:00,288.938,47.5,13.3
2025-11-01 13:00:00,289.14966,47.5,13.3
2025-11-01 14:00:00,288.44824,47.5,13.3
2025-11-01 15:00:00,286.90552,47.5,13.3
2025-11-01 16:00:00,286.20142,47.5,13.3
2025-11-01 17:00:00,284.5359,47.5,13.3
2025-11-01 18:00:00,282.21582,47.5,13.3
2025-11-01 19:00:00,281.67065,47.5,13.3
2025-11-01 20:00:00,281.3247,47.5,13.3
2025-11-01 21:00:00,280.91504,47.5,13.3
2025-11-01 22:00:00,280.0061,47.5,13.3
2025-11-01 23:00:00,279.19873,47.5,13.3
2025-11-02 00:00:00,278.91748,47.5,13.3
2025-11-02 01:00:00,279.02515,47.5,13.3
2025-11-02 02:00:00,278.88574,47.5,13.3
2025-11-02 03:00:00,279.05737,47.5,13.3
2025-11-02 04:00:00,278.70947,47.5,13.3
2025-11-02 05:00:00,278.792,47.5,13.3
2025-11-02 06:00:00,279.0808,47.5,13.3
2025-11-02 07:00:00,279.67285,47.5,13.3
2025-11-02 08:00:00,281.0432,47.5,13.3
2025-11-02 09:00:00,282.45508,47.5,13.3
2025-11-02 10:00:00,282.9502,47.5,13.3
2025-11-02 11:00:00,283.57056,47.5,13.3
2025-11-02 12:00:00,283.3401,47.5,13.3
2025-11-02 13:00:00,283.03003,47.5,13.3
2025-11-02 14:00:00,282.52686,47.5,13.3
2025-11-02 15:00:00,281.96436,47.5,13.3
2025-11-02 16:00:00,281.3689,47.5,13.3
2025-11-02 17:00:00,280.91382,47.5,13.3
2025-11-02 18:00:00,280.0879,47.5,13.3
2025-11-02 19:00:00,278.65894,47.5,13.3
2025-11-02 20:00:00,276.97412,47.5,13.3
2025-11-02 21:00:00,276.39307,47.5,13.3
2025-11-02 22:00:00,276.20752,47.5,13.3
2025-11-02 23:00:00,275.7754,47.5,13.3
2025-11-03 00:00:00,275.88403,47.5,13.3
2025-11-03 01:00:00,275.56763,47.5,13.3
2025-11-03 02:00:00,275.39648,47.5,13.3
2025-11-03 03:00:00,275.46265,47.5,13.3
2025-11-03 04:00:00,275.7329,47.5,13.3
2025-11-03 05:00:00,275.6709,47.5,13.3
2025-11-03 06:00:00,275.7434,47.5,13.3
2025-11-03 07:00:00,275.49902,47.5,13.3
2025-11-03 08:00:00,275.9392,47.5,13.3
2025-11-03 09:00:00,276.79932,47.5,13.3
2025-11-03 10:00:00,277.61914,47.5,13.3
2025-11-03 11:00:00,278.3164,47.5,13.3
2025-11-03 12:00:00,278.36304,47.5,13.3
2025-11-03 13:00:00,278.5984,47.5,13.3
2025-11-03 14:00:00,278.1084,47.5,13.3
2025-11-03 15:00:00,277.7246,47.5,13.3
2025-11-03 16:00:00,276.17017,47.5,13.3
2025-11-03 17:00:00,275.00317,47.5,13.3
2025-11-03 18:00:00,274.42383,47.5,13.3
2025-11-03 19:00:00,273.43384,47.5,13.3
2025-11-03 20:00:00,272.60718,47.5,13.3
2025-11-03 21:00:00,271.76978,47.5,13.3
2025-11-03 22:00:00,271.09375,47.5,13.3
2025-11-03 23:00:00,270.98828,47.5,13.3
2025-11-04 00:00:00,270.7915,47.5,13.3
2025-11-04 01:00:00,271.0398,47.5,13.3
2025-11-04 02:00:00,270.8601,47.5,13.3
2025-11-04 03:00:00,270.32886,47.5,13.3
2025-11-04 04:00:00,270.32153,47.5,13.3
2025-11-04 05:00:00,270.13452,47.5,13.3
2025-11-04 06:00:00,270.46802,47.5,13.3
2025-11-04 07:00:00,272.45044,47.5,13.3
2025-11-04 08:00:00,275.0984,47.5,13.3
2025-11-04 09:00:00,278.1128,47.5,13.3
2025-11-04 10:00:00,280.94897,47.5,13.3
2025-11-04 11:00:00,283.59668,47.5,13.3
2025-11-04 12:00:00,284.7527,47.5,13.3
2025-11-04 13:00:00,285.09888,47.5,13.3
2025-11-04 14:00:00,283.7483,47.5,13.3
2025-11-04 15:00:00,282.7124,47.5,13.3
2025-11-04 16:00:00,279.60156,47.5,13.3
2025-11-04 17:00:00,278.32812,47.5,13.3
2025-11-04 18:00:00,275.29395,47.5,13.3
2025-11-04 19:00:00,274.64453,47.5,13.3
2025-11-04 20:00:00,273.71338,47.5,13.3
2025-11-04 21:00:00,273.21436,47.5,13.3
2025-11-04 22:00:00,273.46313,47.5,13.3
2025-11-04 23:00:00,273.42603,47.5,13.3
2025-11-05 00:00:00,273.22705,47.5,13.3
2025-11-05 01:00:00,273.04834,47.5,13.3
2025-11-05 02:00:00,272.8352,47.5,13.3
2025-11-05 03:00:00,272.07593,47.5,13.3
2025-11-05 04:00:00,272.354,47.5,13.3
2025-11-05 05:00:00,272.07056,47.5,13.3
2025-11-05 06:00:00,272.0232,47.5,13.3
2025-11-05 07:00:00,272.84985,47.5,13.3
2025-11-05 08:00:00,275.36743,47.5,13.3
2025-11-05 09:00:00,278.83008,47.5,13.3
2025-11-05 10:00:00,281.18823,47.5,13.3
2025-11-05 11:00:00,283.73218,47.5,13.3
2025-11-05 12:00:00,285.1953,47.5,13.3
2025-11-05 13:00:00,285.26318,47.5,13.3
2025-11-05 14:00:00,284.50024,47.5,13.3
2025-11-05 15:00:00,283.32617,47.5,13.3
2025-11-05 16:00:00,280.78564,47.5,13.3
2025-11-05 17:00:00,278.25586,47.5,13.3
2025-11-05 18:00:00,275.5603,47.5,13.3
2025-11-05 19:00:00,274.60327,47.5,13.3
2025-11-05 20:00:00,273.74902,47.5,13.3
2025-11-05 21:00:00,273.81885,47.5,13.3
2025-11-05 22:00:00,273.7666,47.5,13.3
2025-11-05 23:00:00,273.11206,47.5,13.3
2025-11-06 00:00:00,273.08765,47.5,13.3
2025-11-06 01:00:00,272.83105,47.5,13.3
2025-11-06 02:00:00,272.6897,47.5,13.3
2025-11-06 03:00:00,272.77417,47.5,13.3
2025-11-06 04:00:00,272.67896,47.5,13.3
2025-11-06 05:00:00,272.77734,47.5,13.3
2025-11-06 06:00:00,272.69263,47.5,13.3
2025-11-06 07:00:00,272.9419,47.5,13.3
2025-11-06 08:00:00,274.95142,47.5,13.3
2025-11-06 09:00:00,277.36914,47.5,13.3
2025-11-06 10:00:00,280.10596,47.5,13.3
2025-11-06 11:00:00,282.79077,47.5,13.3
2025-11-06 12:00:00,284.02515,47.5,13.3
2025-11-06 13:00:00,284.21167,47.5,13.3
2025-11-06 14:00:00,283.03613,47.5,13.3
2025-11-06 15:00:00,282.44678,47.5,13.3
2025-11-06 16:00:00,279.26025,47.5,13.3
2025-11-06 17:00:00,277.75928,47.5,13.3
2025-11-06 18:00:00,276.84595,47.5,13.3
2025-11-06 19:00:00,274.61768,47.5,13.3
2025-11-06 20:00:00,273.42554,47.5,13.3
2025-11-06 21:00:00,273.08667,47.5,13.3
2025-11-06 22:00:00,273.25122,47.5,13.3
2025-11-06 23:00:00,273.12207,47.5,13.3
2025-11-07 00:00:00,273.25586,47.5,13.3
2025-11-07 01:00:00,273.1958,47.5,13.3
2025-11-07 02:00:00,273.2527,47.5,13.3
2025-11-07 03:00:00,273.33325,47.5,13.3
2025-11-07 04:00:00,273.27222,47.5,13.3
2025-11-07 05:00:00,273.20605,47.5,13.3
2025-11-07 06:00:00,273.03247,47.5,13.3
2025-11-07 07:00:00,273.33618,47.5,13.3
2025-11-07 08:00:00,274.43555,47.5,13.3
2025-11-07 09:00:00,276.7058,47.5,13.3
2025-11-07 10:00:00,278.26758,47.5,13.3
2025-11-07 11:00:00,279.8872,47.5,13.3
2025-11-07 12:00:00,280.77417,47.5,13.3
2025-11-07 13:00:00,281.1079,47.5,13.3
2025-11-07 14:00:00,280.44824,47.5,13.3
2025-11-07 15:00:00,279.51074,47.5,13.3
2025-11-07 16:00:00,277.6416,47.5,13.3
2025-11-07 17:00:00,276.62354,47.5,13.3
2025-11-07 18:00:00,275.97583,47.5,13.3
2025-11-07 19:00:00,275.67163,47.5,13.3
2025-11-07 20:00:00,274.56226,47.5,13.3
2025-11-07 21:00:00,273.55933,47.5,13.3
2025-11-07 22:00:00,273.95508,47.5,13.3
2025-11-07 23:00:00,273.51392,47.5,13.3
2025-11-08 00:00:00,273.38867,47.5,13.3
2025-11-08 01:00:00,273.55566,47.5,13.3
2025-11-08 02:00:00,273.1245,47.5,13.3
2025-11-08 03:00:00,273.03027,47.5,13.3
2025-11-08 04:00:00,272.69092,47.5,13.3
2025-11-08 05:00:00,272.25317,47.5,13.3
2025-11-08 06:00:00,272.5691,47.5,13.3
2025-11-08 07:00:00,273.0437,47.5,13.3
2025-11-08 08:00:00,274.271,47.5,13.3
2025-11-08 09:00:00,276.17993,47.5,13.3
2025-11-08 10:00:00,277.99194,47.5,13.3
2025-11-08 11:00:00,279.03003,47.5,13.3
2025-11-08 12:00:00,279.01636,47.5,13.3
2025-11-08 13:00:00,278.7395,47.5,13.3
2025-11-08 14:00:00,278.35986,47.5,13.3
2025-11-08 15:00:00,276.79688,47.5,13.3
2025-11-08 16:00:00,276.17212,47.5,13.3
2025-11-08 17:00:00,275.94482,47.5,13.3
2025-11-08 18:00:00,275.78906,47.5,13.3
2025-11-08 19:00:00,275.49243,47.5,13.3
2025-11-08 20:00:00,275.12817,47.5,13.3
2025-11-08 21:00:00,274.8379,47.5,13.3
2025-11-08 22:00:00,273.9922,47.5,13.3
2025-11-08 23:00:00,273.72412,47.5,13.3
2025-11-09 00:00:00,273.9651,47.5,13.3
2025-11-09 01:00:00,274.7671,47.5,13.3
2025-11-09 02:00:00,274.52466,47.5,13.3
2025-11-09 03:00:00,274.9419,47.5,13.3
2025-11-09 04:00:00,275.1726,47.5,13.3
2025-11-09 05:00:00,275.17407,47.5,13.3
2025-11-09 06:00:00,275.24243,47.5,13.3
2025-11-09 07:00:00,274.99927,47.5,13.3
2025-11-09 08:00:00,274.99854,47.5,13.3
2025-11-09 09:00:00,275.42993,47.5,13.3
2025-11-09 10:00:00,276.73608,47.5,13.3
2025-11-09 11:00:00,277.74805,47.5,13.3
2025-11-09 12:00:00,278.29834,47.5,13.3
2025-11-09 13:00:00,278.47656,47.5,13.3
2025-11-09 14:00:00,278.31396,47.5,13.3
2025-11-09 15:00:00,277.21094,47.5,13.3
2025-11-09 16:00:00,276.66895,47.5,13.3
2025-11-09 17:00:00,275.96436,47.5,13.3
2025-11-09 18:00:00,274.88037,47.5,13.3
2025-11-09 19:00:00,274.97998,47.5,13.3
2025-11-09 20:00:00,275.469,47.5,13.3
2025-11-09 21:00:00,275.20825,47.5,13.3
2025-11-09 22:00:00,275.50952,47.5,13.3
2025-11-09 23:00:00,275.8977,47.5,13.3
2025-11-10 00:00:00,276.06104,47.5,13.3
2025-11-10 01:00:00,276.1245,47.5,13.3
2025-11-10 02:00:00,276.1328,47.5,13.3
2025-11-10 03:00:00,276.4414,47.5,13.3
2025-11-10 04:00:00,276.5193,47.5,13.3
2025-11-10 05:00:00,276.65356,47.5,13.3
2025-11-10 06:00:00,276.62817,47.5,13.3
2025-11-10 07:00:00,276.4961,47.5,13.3
2025-11-10 08:00:00,276.90796,47.5,13.3
2025-11-10 09:00:00,277.71606,47.5,13.3
2025-11-10 10:00:00,278.51733,47.5,13.3
2025-11-10 11:00:00,279.406,47.5,13.3
2025-11-10 12:00:00,280.6582,47.5,13.3
2025-11-10 13:00:00,281.1233,47.5,13.3
2025-11-10 14:00:00,280.91772,47.5,13.3
2025-11-10 15:00:00,279.33423,47.5,13.3
2025-11-10 16:00:00,278.74585,47.5,13.3
2025-11-10 17:00:00,277.46753,47.5,13.3
2025-11-10 18:00:00,275.95117,47.5,13.3
2025-11-10 19:00:00,275.48706,47.5,13.3
2025-11-10 20:00:00,275.2473,47.5,13.3
2025-11-10 21:00:00,274.35986,47.5,13.3
2025-11-10 22:00:00,273.63184,47.5,13.3
2025-11-10 23:00:00,273.02417,47.5,13.3
2025-11-11 00:00:00,272.6902,47.5,13.3
2025-11-11 01:00:00,272.94556,47.5,13.3
2025-11-11 02:00:00,272.9663,47.5,13.3
2025-11-11 03:00:00,273.15723,47.5,13.3
2025-11-11 04:00:00,273.27002,47.5,13.3
2025-11-11 05:00:00,273.43262,47.5,13.3
2025-11-11 06:00:00,273.61865,47.5,13.3
2025-11-11 07:00:00,274.26025,47.5,13.3
2025-11-11 08:00:00,276.1245,47.5,13.3
2025-11-11 09:00:00,278.61963,47.5,13.3
2025-11-11 10:00:00,279.5725,47.5,13.3
2025-11-11 11:00:00,281.10034,47.5,13.3
2025-11-11 12:00:00,282.0415,47.5,13.3
2025-11-11 13:00:00,282.13745,47.5,13.3
2025-11-11 14:00:00,281.5891,47.5,13.3
2025-11-11 15:00:00,280.2129,47.5,13.3
2025-11-11 16:00:00,279.1438,47.5,13.3
2025-11-11 17:00:00,278.11304,47.5,13.3
2025-11-11 18:00:00,277.14893,47.5,13.3
2025-11-11 19:00:00,275.22217,47.5,13.3
2025-11-11 20:00:00,274.3352,47.5,13.3
2025-11-11 21:00:00,274.15186,47.5,13.3
2025-11-11 22:00:00,273.34595,47.5,13.3
2025-11-11 23:00:00,273.3806,47.5,13.3
2025-11-12 00:00:00,273.56104,47.5,13.3
2025-11-12 01:00:00,273.38257,47.5,13.3
2025-11-12 02:00:00,273.55664,47.5,13.3
2025-11-12 03:00:00,273.3938,47.5,13.3
2025-11-12 04:00:00,273.1836,47.5,13.3
2025-11-12 05:00:00,273.21997,47.5,13.3
2025-11-12 06:00:00,272.96265,47.5,13.3
2025-11-12 07:00:00,272.89966,47.5,13.3
2025-11-12 08:00:00,275.32812,47.5,13.3
2025-11-12 09:00:00,278.55347,47.5,13.3
2025-11-12 10:00:00,281.89453,47.5,13.3
2025-11-12 11:00:00,283.8855,47.5,13.3
2025-11-12 12:00:00,285.03467,47.5,13.3
2025-11-12 13:00:00,285.14233,47.5,13.3
2025-11-12 14:00:00,284.1836,47.5,13.3
2025-11-12 15:00:00,282.40845,47.5,13.3
2025-11-12 16:00:00,278.41187,47.5,13.3
2025-11-12 17:00:00,277.35815,47.5,13.3
2025-11-12 18:00:00,276.41455,47.5,13.3
2025-11-12 19:00:00,276.0056,47.5,13.3
2025-11-12 20:00:00,275.5271,47.5,13.3
2025-11-12 21:00:00,274.9287,47.5,13.3
2025-11-12 22:00:00,275.1604,47.5,13.3
2025-11-12 23:00:00,275.06958,47.5,13.3
2025-11-13 00:00:00,275.1648,47.5,13.3
2025-11-13 01:00:00,274.92847,47.5,13.3
2025-11-13 02:00:00,274.34595,47.5,13.3
2025-11-13 03:00:00,274.19824,47.5,13.3
2025-11-13 04:00:00,274.1306,47.5,13.3
2025-11-13 05:00:00,274.09155,47.5,13.3
2025-11-13 06:00:00,274.0,47.5,13.3
2025-11-13 07:00:00,273.93042,47.5,13.3
2025-11-13 08:00:00,276.44434,47.5,13.3
2025-11-13 09:00:00,280.15088,47.5,13.3
2025-11-13 10:00:00,284.31128,47.5,13.3
2025-11-13 11:00:00,286.719,47.5,13.3
2025-11-13 12:00:00,288.15674,47.5,13.3
2025-11-13 13:00:00,287.72363,47.5,13.3
2025-11-13 14:00:00,286.5249,47.5,13.3
2025-11-13 15:00:00,284.63843,47.5,13.3
2025-11-13 16:00:00,281.27344,47.5,13.3
2025-11-13 17:00:00,279.802,47.5,13.3
2025-11-13 18:00:00,278.489,47.5,13.3
2025-11-13 19:00:00,276.93042,47.5,13.3
2025-11-13 20:00:00,276.43896,47.5,13.3
2025-11-13 21:00:00,276.073,47.5,13.3
2025-11-13 22:00:00,276.56006,47.5,13.3
2025-11-13 23:00:00,275.6765,47.5,13.3
2025-11-14 00:00:00,274.81567,47.5,13.3
2025-11-14 01:00:00,274.5796,47.5,13.3
2025-11-14 02:00:00,273.76074,47.5,13.3
2025-11-14 03:00:00,273.63135,47.5,13.3
2025-11-14 04:00:00,273.98682,47.5,13.3
2025-11-14 05:00:00,273.72388,47.5,13.3
2025-11-14 06:00:00,273.44092,47.5,13.3
2025-11-14 07:00:00,273.47754,47.5,13.3
2025-11-14 08:00:00,275.66846,47.5,13.3
2025-11-14 09:00:00,279.15674,47.5,13.3
2025-11-14 10:00:00,282.29688,47.5,13.3
2025-11-14 11:00:00,285.05322,47.5,13.3
2025-11-14 12:00:00,285.88623,47.5,13.3
2025-11-14 13:00:00,285.83472,47.5,13.3
2025-11-14 14:00:00,284.58594,47.5,13.3
2025-11-14 15:00:00,281.8147,47.5,13.3
2025-11-14 16:00:00,279.28003,47.5,13.3
2025-11-14 17:00:00,278.43066,47.5,13.3
2025-11-14 18:00:00,278.03784,47.5,13.3
2025-11-14 19:00:00,277.16284,47.5,13.3
2025-11-14 20:00:00,276.64258,47.5,13.3
2025-11-14 21:00:00,275.8733,47.5,13.3
2025-11-14 22:00:00,275.375,47.5,13.3
2025-11-14 23:00:00,274.8711,47.5,13.3
2025-11-15 00:00:00,274.75732,47.5,13.3
2025-11-15 01:00:00,274.78198,47.5,13.3
2025-11-15 02:00:00,275.26196,47.5,13.3
2025-11-15 03:00:00,275.2163,47.5,13.3
2025-11-15 04:00:00,275.55103,47.5,13.3
2025-11-15 05:00:00,275.7234,47.5,13.3
2025-11-15 06:00:00,275.792,47.5,13.3
2025-11-15 07:00:00,276.1089,47.5,13.3
2025-11-15 08:00:00,277.1089,47.5,13.3
2025-11-15 09:00:00,278.41504,47.5,13.3
2025-11-15 10:00:00,280.18652,47.5,13.3
2025-11-15 11:00:00,282.18726,47.5,13.3
2025-11-15 12:00:00,283.86108,47.5,13.3
2025-11-15 13:00:00,284.5537,47.5,13.3
2025-11-15 14:00:00,284.00098,47.5,13.3
2025-11-15 15:00:00,283.7666,47.5,13.3
2025-11-15 16:00:00,282.07446,47.5,13.3
2025-11-15 17:00:00,278.78125,47.5,13.3
2025-11-15 18:00:00,277.7085,47.5,13.3
2025-11-15 19:00:00,277.70044,47.5,13.3
2025-11-15 20:00:00,277.68506,47.5,13.3
2025-11-15 21:00:00,277.30908,47.5,13.3
2025-11-15 22:00:00,276.49756,47.5,13.3
2025-11-15 23:00:00,276.11108,47.5,13.3
2025-11-16 00:00:00,276.04004,47.5,13.3
2025-11-16 01:00:00,275.60767,47.5,13.3
2025-11-16 02:00:00,275.2932,47.5,13.3
2025-11-16 03:00:00,275.84448,47.5,13.3
2025-11-16 04:00:00,276.0935,47.5,13.3
2025-11-16 05:00:00,276.24268,47.5,13.3
2025-11-16 06:00:00,275.9297,47.5,13.3
2025-11-16 07:00:00,276.46338,47.5,13.3
2025-11-16 08:00:00,277.28076,47.5,13.3
2025-11-16 09:00:00,278.8235,47.5,13.3
2025-11-16 10:00:00,280.92065,47.5,13.3
2025-11-16 11:00:00,282.6123,47.5,13.3
2025-11-16 12:00:00,283.688,47.5,13.3
2025-11-16 13:00:00,283.46387,47.5,13.3
2025-11-16 14:00:00,282.8899,47.5,13.3
2025-11-16 15:00:00,282.00366,47.5,13.3
2025-11-16 16:00:00,281.20508,47.5,13.3
2025-11-16 17:00:00,280.21265,47.5,13.3
2025-11-16 18:00:00,279.86035,47.5,13.3
2025-11-16 19:00:00,279.2898,47.5,13.3
2025-11-16 20:00:00,279.1897,47.5,13.3
2025-11-16 21:00:00,278.69653,47.5,13.3
2025-11-16 22:00:00,278.45557,47.5,13.3
2025-11-16 23:00:00,277.98096,47.5,13.3
2025-11-17 00:00:00,278.2837,47.5,13.3
2025-11-17 01:00:00,278.05176,47.5,13.3
2025-11-17 02:00:00,278.15503,47.5,13.3
2025-11-17 03:00:00,277.8733,47.5,13.3
2025-11-17 04:00:00,277.85645,47.5,13.3
2025-11-17 05:00:00,277.59326,47.5,13.3
2025-11-17 06:00:00,277.65112,47.5,13.3
2025-11-17 07:00:00,277.6565,47.5,13.3
2025-11-17 08:00:00,277.54395,47.5,13.3
2025-11-17 09:00:00,277.59863,47.5,13.3
2025-11-17 10:00:00,277.45874,47.5,13.3
2025-11-17 11:00:00,277.6836,47.5,13.3
2025-11-17 12:00:00,277.67407,47.5,13.3
2025-11-17 13:00:00,276.97534,47.5,13.3
2025-11-17 14:00:00,275.29492,47.5,13.3
2025-11-17 15:00:00,274.5515,47.5,13.3
2025-11-17 16:00:00,273.80566,47.5,13.3
2025-11-17 17:00:00,272.97363,47.5,13.3
2025-11-17 18:00:00,272.28418,47.5,13.3
2025-11-17 19:00:00,272.0664,47.5,13.3
2025-11-17 20:00:00,271.9795,47.5,13.3
2025-11-17 21:00:00,271.85693,47.5,13.3
2025-11-17 22:00:00,271.71118,47.5,13.3
2025-11-17 23:00:00,271.21704,47.5,13.3
2025-11-18 00:00:00,270.8777,47.5,13.3
2025-11-18 01:00:00,270.7942,47.5,13.3
2025-11-18 02:00:00,271.0056,47.5,13.3
2025-11-18 03:00:00,270.73267,47.5,13.3
2025-11-18 04:00:00,270.52563,47.5,13.3
2025-11-18 05:00:00,270.11816,47.5,13.3
2025-11-18 06:00:00,270.13452,47.5,13.3
2025-11-18 07:00:00,269.6018,47.5,13.3
2025-11-18 08:00:00,270.0432,47.5,13.3
2025-11-18 09:00:00,271.11865,47.5,13.3
2025-11-18 10:00:00,272.4099,47.5,13.3
2025-11-18 11:00:00,272.76343,47.5,13.3
2025-11-18 12:00:00,273.70142,47.5,13.3
2025-11-18 13:00:00,273.26074,47.5,13.3
2025-11-18 14:00:00,273.05542,47.5,13.3
2025-11-18 15:00:00,271.76562,47.5,13.3
2025-11-18 16:00:00,270.45288,47.5,13.3
2025-11-18 17:00:00,270.35547,47.5,13.3
2025-11-18 18:00:00,269.49927,47.5,13.3
2025-11-18 19:00:00,269.73535,47.5,13.3
2025-11-18 20:00:00,269.04517,47.5,13.3
2025-11-18 21:00:00,268.21167,47.5,13.3
2025-11-18 22:00:00,268.28613,47.5,13.3
2025-11-18 23:00:00,268.4751,47.5,13.3
2025-11-19 00:00:00,268.6692,47.5,13.3
2025-11-19 01:00:00,268.32153,47.5,13.3
2025-11-19 02:00:00,268.3042,47.5,13.3
2025-11-19 03:00:00,268.13843,47.5,13.3
2025-11-19 04:00:00,268.47168,47.5,13.3
2025-11-19 05:00:00,268.5254,47.5,13.3
2025-11-19 06:00:00,268.43628,47.5,13.3
2025-11-19 07:00:00,268.42456,47.5,13.3
2025-11-19 08:00:00,269.8335,47.5,13.3
2025-11-19 09:00:00,271.63452,47.5,13.3
2025-11-19 10:00:00,272.80786,47.5,13.3
2025-11-19 11:00:00,273.9978,47.5,13.3
2025-11-19 12:00:00,275.01562,47.5,13.3
2025-11-19 13:00:00,275.13623,47.5,13.3
2025-11-19 14:00:00,274.39795,47.5,13.3
2025-11-19 15:00:00,274.4912,47.5,13.3
2025-11-19 16:00:00,273.17456,47.5,13.3
2025-11-19 17:00:00,271.9641,47.5,13.3
2025-11-19 18:00:00,270.8672,47.5,13.3
2025-11-19 19:00:00,270.51367,47.5,13.3
2025-11-19 20:00:00,270.062,47.5,13.3
2025-11-19 21:00:00,270.05957,47.5,13.3
2025-11-19 22:00:00,269.49536,47.5,13.3
2025-11-19 23:00:00,269.5476,47.5,13.3
2025-11-20 00:00:00,269.48877,47.5,13.3
2025-11-20 01:00:00,269.32764,47.5,13.3
2025-11-20 02:00:00,269.1714,47.5,13.3
2025-11-20 03:00:00,268.86108,47.5,13.3
2025-11-20 04:00:00,269.68506,47.5,13.3
2025-11-20 05:00:00,269.47974,47.5,13.3
2025-11-20 06:00:00,269.91455,47.5,13.3
2025-11-20 07:00:00,269.51,47.5,13.3
2025-11-20 08:00:00,269.80322,47.5,13.3
2025-11-20 09:00:00,270.03125,47.5,13.3
2025-11-20 10:00:00,270.5996,47.5,13.3
2025-11-20 11:00:00,270.81567,47.5,13.3
2025-11-20 12:00:00,271.23657,47.5,13.3
2025-11-20 13:00:00,271.57886,47.5,13.3
2025-11-20 14:00:00,271.4895,47.5,13.3
2025-11-20 15:00:00,271.33716,47.5,13.3
2025-11-20 16:00:00,270.97485,47.5,13.3
2025-11-20 17:00:00,270.62158,47.5,13.3
2025-11-20 18:00:00,270.80908,47.5,13.3
2025-11-20 19:00:00,271.20483,47.5,13.3
2025-11-20 20:00:00,270.1609,47.5,13.3
2025-11-20 21:00:00,269.6045,47.5,13.3
2025-11-20 22:00:00,269.00537,47.5,13.3
2025-11-20 23:00:00,269.18164,47.5,13.3
2025-11-21 00:00:00,269.31836,47.5,13.3
2025-11-21 01:00:00,269.44043,47.5,13.3
2025-11-21 02:00:00,269.7273,47.5,13.3
2025-11-21 03:00:00,268.8999,47.5,13.3
2025-11-21 04:00:00,269.0432,47.5,13.3
2025-11-21 05:00:00,269.3142,47.5,13.3
2025-11-21 06:00:00,269.29663,47.5,13.3
2025-11-21 07:00:00,269.11816,47.5,13.3
2025-11-21 08:00:00,269.24194,47.5,13.3
2025-11-21 09:00:00,269.40234,47.5,13.3
2025-11-21 10:00:00,269.7937,47.5,13.3
2025-11-21 11:00:00,269.9253,47.5,13.3
2025-11-21 12:00:00,269.7583,47.5,13.3
2025-11-21 13:00:00,269.54126,47.5,13.3
2025-11-21 14:00:00,269.2473,47.5,13.3
2025-11-21 15:00:00,268.8579,47.5,13.3
2025-11-21 16:00:00,268.60327,47.5,13.3
2025-11-21 17:00:00,268.27124,47.5,13.3
2025-11-21 18:00:00,267.96777,47.5,13.3
2025-11-21 19:00:00,267.4248,47.5,13.3
2025-11-21 20:00:00,267.20117,47.5,13.3
2025-11-21 21:00:00,266.37622,47.5,13.3
2025-11-21 22:00:00,267.21606,47.5,13.3
2025-11-21 23:00:00,266.60156,47.5,13.3
2025-11-22 00:00:00,266.32788,47.5,13.3
2025-11-22 01:00:00,266.6665,47.5,13.3
2025-11-22 02:00:00,266.26538,47.5,13.3
2025-11-22 03:00:00,266.42163,47.5,13.3
2025-11-22 04:00:00,265.989,47.5,13.3
2025-11-22 05:00:00,265.7351,47.5,13.3
2025-11-22 06:00:00,265.2788,47.5,13.3
2025-11-22 07:00:00,264.75708,47.5,13.3
2025-11-22 08:00:00,264.98242,47.5,13.3
2025-11-22 09:00:00,266.1233,47.5,13.3
2025-11-22 10:00:00,267.45483,47.5,13.3
2025-11-22 11:00:00,267.95703,47.5,13.3
2025-11-22 12:00:00,267.91113,47.5,13.3
2025-11-22 13:00:00,267.79956,47.5,13.3
2025-11-22 14:00:00,266.5122,47.5,13.3
2025-11-22 15:00:00,266.74048,47.5,13.3
2025-11-22 16:00:00,266.59863,47.5,13.3
2025-11-22 17:00:00,265.83447,47.5,13.3
2025-11-22 18:00:00,265.71533,47.5,13.3
2025-11-22 19:00:00,265.6233,47.5,13.3
2025-11-22 20:00:00,265.3794,47.5,13.3
2025-11-22 21:00:00,264.8711,47.5,13.3
2025-11-22 22:00:00,265.10156,47.5,13.3
2025-11-22 23:00:00,265.13013,47.5,13.3
2025-11-23 00:00:00,265.0232,47.5,13.3
2025-11-23 01:00:00,264.6438,47.5,13.3
2025-11-23 02:00:00,264.3484,47.5,13.3
2025-11-23 03:00:00,264.08325,47.5,13.3
2025-11-23 04:00:00,263.7212,47.5,13.3
2025-11-23 05:00:00,263.43286,47.5,13.3
2025-11-23 06:00:00,263.17236,47.5,13.3
2025-11-23 07:00:00,263.38477,47.5,13.3
2025-11-23 08:00:00,264.64307,47.5,13.3
2025-11-23 09:00:00,266.87744,47.5,13.3
2025-11-23 10:00:00,267.9453,47.5,13.3
2025-11-23 11:00:00,269.46338,47.5,13.3
2025-11-23 12:00:00,270.93457,47.5,13.3
2025-11-23 13:00:00,271.188,47.5,13.3
2025-11-23 14:00:00,271.1294,47.5,13.3
2025-11-23 15:00:00,270.63477,47.5,13.3
2025-11-23 16:00:00,269.0349,47.5,13.3
2025-11-23 17:00:00,266.8047,47.5,13.3
2025-11-23 18:00:00,265.33838,47.5,13.3
2025-11-23 19:00:00,264.34692,47.5,13.3
2025-11-23 20:00:00,264.3579,47.5,13.3
2025-11-23 21:00:00,265.62842,47.5,13.3
2025-11-23 22:00:00,268.70483,47.5,13.3
2025-11-23 23:00:00,267.01,47.5,13.3
2025-11-24 00:00:00,267.40894,47.5,13.3
2025-11-24 01:00:00,268.45996,47.5,13.3
2025-11-24 02:00:00,268.94702,47.5,13.3
2025-11-24 03:00:00,269.39062,47.5,13.3
2025-11-24 04:00:00,269.5315,47.5,13.3
2025-11-24 05:00:00,269.54565,47.5,13.3
2025-11-24 06:00:00,269.61475,47.5,13.3
2025-11-24 07:00:00,269.56982,47.5,13.3
2025-11-24 08:00:00,270.0127,47.5,13.3
2025-11-24 09:00:00,271.29712,47.5,13.3
2025-11-24 10:00:00,272.35693,47.5,13.3
2025-11-24 11:00:00,273.57544,47.5,13.3
2025-11-24 12:00:00,274.23364,47.5,13.3
2025-11-24 13:00:00,276.09644,47.5,13.3
2025-11-24 14:00:00,276.49512,47.5,13.3
2025-11-24 15:00:00,274.7107,47.5,13.3
2025-11-24 16:00:00,273.22534,47.5,13.3
2025-11-24 17:00:00,273.427,47.5,13.3
2025-11-24 18:00:00,273.97266,47.5,13.3
2025-11-24 19:00:00,273.49976,47.5,13.3
2025-11-24 20:00:00,272.78784,47.5,13.3
2025-11-24 21:00:00,272.50806,47.5,13.3
2025-11-24 22:00:00,273.0564,47.5,13.3
2025-11-24 23:00:00,272.70898,47.5,13.3
2025-11-25 00:00:00,272.5088,47.5,13.3
2025-11-25 01:00:00,272.29053,47.5,13.3
2025-11-25 02:00:00,272.16357,47.5,13.3
2025-11-25 03:00:00,272.2456,47.5,13.3
2025-11-25 04:00:00,272.04053,47.5,13.3
2025-11-25 05:00:00,271.91895,47.5,13.3
2025-11-25 06:00:00,271.9817,47.5,13.3
2025-11-25 07:00:00,271.7754,47.5,13.3
2025-11-25 08:00:00,271.99878,47.5,13.3
2025-11-25 09:00:00,272.22656,47.5,13.3
2025-11-25 10:00:00,272.26953,47.5,13.3
2025-11-25 11:00:00,272.49268,47.5,13.3
2025-11-25 12:00:00,272.80908,47.5,13.3
2025-11-25 13:00:00,273.0349,47.5,13.3
2025-11-25 14:00:00,273.0298,47.5,13.3
2025-11-25 15:00:00,272.78052,47.5,13.3
2025-11-25 16:00:00,272.29126,47.5,13.3
2025-11-25 17:00:00,272.0923,47.5,13.3
2025-11-25 18:00:00,271.70508,47.5,13.3
2025-11-25 19:00:00,272.27466,47.5,13.3
2025-11-25 20:00:00,272.47388,47.5,13.3
2025-11-25 21:00:00,272.7976,47.5,13.3
2025-11-25 22:00:00,272.7268,47.5,13.3
2025-11-25 23:00:00,272.41528,47.5,13.3
2025-11-26 00:00:00,272.32153,47.5,13.3
2025-11-26 01:00:00,272.68604,47.5,13.3
2025-11-26 02:00:00,272.56372,47.5,13.3
2025-11-26 03:00:00,272.96094,47.5,13.3
2025-11-26 04:00:00,272.9265,47.5,13.3
2025-11-26 05:00:00,272.81226,47.5,13.3
2025-11-26 06:00:00,272.66235,47.5,13.3
2025-11-26 07:00:00,272.42554,47.5,13.3
2025-11-26 08:00:00,272.46338,47.5,13.3
2025-11-26 09:00:00,272.3938,47.5,13.3
2025-11-26 10:00:00,272.2483,47.5,13.3
2025-11-26 11:00:00,272.20312,47.5,13.3
2025-11-26 12:00:00,272.49072,47.5,13.3
2025-11-26 13:00:00,272.56616,47.5,13.3
2025-11-26 14:00:00,272.13623,47.5,13.3
2025-11-26 15:00:00,271.44824,47.5,13.3
2025-11-26 16:00:00,270.68506,47.5,13.3
2025-11-26 17:00:00,271.1189,47.5,13.3
2025-11-26 18:00:00,271.10693,47.5,13.3
2025-11-26 19:00:00,271.0879,47.5,13.3
2025-11-26 20:00:00,271.08057,47.5,13.3
2025-11-26 21:00:00,271.02124,47.5,13.3
2025-11-26 22:00:00,271.13452,47.5,13.3
2025-11-26 23:00:00,271.00317,47.5,13.3
2025-11-27 00:00:00,271.1333,47.5,13.3
2025-11-27 01:00:00,270.77295,47.5,13.3
2025-11-27 02:00:00,270.58984,47.5,13.3
2025-11-27 03:00:00,270.64844,47.5,13.3
2025-11-27 04:00:00,270.60205,47.5,13.3
2025-11-27 05:00:00,270.77344,47.5,13.3
2025-11-27 06:00:00,270.68945,47.5,13.3
2025-11-27 07:00:00,270.30615,47.5,13.3
2025-11-27 08:00:00,270.15063,47.5,13.3
2025-11-27 09:00:00,270.19873,47.5,13.3
2025-11-27 10:00:00,269.92212,47.5,13.3
2025-11-27 11:00:00,270.4348,47.5,13.3
2025-11-27 12:00:00,270.8015,47.5,13.3
2025-11-27 13:00:00,271.0703,47.5,13.3
2025-11-27 14:00:00,271.0359,47.5,13.3
2025-11-27 15:00:00,271.1267,47.5,13.3
2025-11-27 16:00:00,269.9751,47.5,13.3
2025-11-27 17:00:00,269.03198,47.5,13.3
2025-11-27 18:00:00,267.448,47.5,13.3
2025-11-27 19:00:00,265.8435,47.5,13.3
2025-11-27 20:00:00,263.5769,47.5,13.3
2025-11-27 21:00:00,260.64282,47.5,13.3
2025-11-27 22:00:00,261.0923,47.5,13.3
2025-11-27 23:00:00,259.4712,47.5,13.3
2025-11-28 00:00:00,258.5166,47.5,13.3
2025-11-28 01:00:00,258.00317,47.5,13.3
2025-11-28 02:00:00,256.32153,47.5,13.3
2025-11-28 03:00:00,255.51228,47.5,13.3
2025-11-28 04:00:00,254.37186,47.5,13.3
2025-11-28 05:00:00,253.69415,47.5,13.3
2025-11-28 06:00:00,253.25218,47.5,13.3
2025-11-28 07:00:00,253.0077,47.5,13.3
2025-11-28 08:00:00,255.01083,47.5,13.3
2025-11-28 09:00:00,261.229,47.5,13.3
2025-11-28 10:00:00,269.56104,47.5,13.3
2025-11-28 11:00:00,271.98877,47.5,13.3
2025-11-28 12:00:00,273.41724,47.5,13.3
2025-11-28 13:00:00,273.88647,47.5,13.3
2025-11-28 14:00:00,273.77124,47.5,13.3
2025-11-28 15:00:00,272.84082,47.5,13.3
2025-11-28 16:00:00,271.41333,47.5,13.3
2025-11-28 17:00:00,269.04736,47.5,13.3
2025-11-28 18:00:00,266.03955,47.5,13.3
2025-11-28 19:00:00,262.406,47.5,13.3
2025-11-28 20:00:00,260.65308,47.5,13.3
2025-11-28 21:00:00,259.35596,47.5,13.3
2025-11-28 22:00:00,257.3518,47.5,13.3
2025-11-28 23:00:00,256.56982,47.5,13.3
2025-11-29 00:00:00,256.04468,47.5,13.3
2025-11-29 01:00:00,255.15395,47.5,13.3
2025-11-29 02:00:00,254.93835,47.5,13.3
2025-11-29 03:00:00,255.22404,47.5,13.3
2025-11-29 04:00:00,255.57831,47.5,13.3
2025-11-29 05:00:00,255.92073,47.5,13.3
2025-11-29 06:00:00,257.15845,47.5,13.3
2025-11-29 07:00:00,258.23022,47.5,13.3
2025-11-29 08:00:00,261.86987,47.5,13.3
2025-11-29 09:00:00,267.5498,47.5,13.3
2025-11-29 10:00:00,272.17188,47.5,13.3
2025-11-29 11:00:00,273.43872,47.5,13.3
2025-11-29 12:00:00,275.14746,47.5,13.3
2025-11-29 13:00:00,275.61377,47.5,13.3
2025-11-29 14:00:00,275.96313,47.5,13.3
2025-11-29 15:00:00,275.8938,47.5,13.3
2025-11-29 16:00:00,274.11694,47.5,13.3
2025-11-29 17:00:00,274.1958,47.5,13.3
2025-11-29 18:00:00,274.15723,47.5,13.3
2025-11-29 19:00:00,273.85376,47.5,13.3
2025-11-29 20:00:00,272.67822,47.5,13.3
2025-11-29 21:00:00,272.94775,47.5,13.3
2025-11-29 22:00:00,270.0376,47.5,13.3
2025-11-29 23:00:00,269.20093,47.5,13.3
2025-11-30 00:00:00,267.98193,47.5,13.3
2025-11-30 01:00:00,267.19653,47.5,13.3
2025-11-30 02:00:00,266.27588,47.5,13.3
2025-11-30 03:00:00,266.36377,47.5,13.3
2025-11-30 04:00:00,265.90527,47.5,13.3
2025-11-30 05:00:00,265.17236,47.5,13.3
2025-11-30 06:00:00,265.00635,47.5,13.3
2025-11-30 07:00:00,264.67383,47.5,13.3
2025-11-30 08:00:00,265.94385,47.5,13.3
2025-11-30 09:00:00,269.26294,47.5,13.3
2025-11-30 10:00:00,273.6648,47.5,13.3
2025-11-30 11:00:00,277.3064,47.5,13.3
2025-11-30 12:00:00,278.51392,47.5,13.3
2025-11-30 13:00:00,278.40527,47.5,13.3
2025-11-30 14:00:00,278.17383,47.5,13.3
2025-11-30 15:00:00,276.417,47.5,13.3
2025-11-30 16:00:00,275.70923,47.5,13.3
2025-11-30 17:00:00,275.45068,47.5,13.3
2025-11-30 18:00:00,275.04126,47.5,13.3
2025-11-30 19:00:00,274.02295,47.5,13.3
2025-11-30 20:00:00,273.1765,47.5,13.3
2025-11-30 21:00:00,272.4668,47.5,13.3
2025-11-30 22:00:00,273.54785,47.5,13.3
2025-11-30 23:00:00,273.64355,47.5,13.3
2025-12-01 00:00:00,273.51758,47.5,13.3
2025-12-01 01:00:00,273.31738,47.5,13.3
2025-12-01 02:00:00,273.36084,47.5,13.3
2025-12-01 03:00:00,273.3694,47.5,13.3
2025-12-01 04:00:00,273.4109,47.5,13.3
2025-12-01 05:00:00,273.3606,47.5,13.3
2025-12-01 06:00:00,273.42847,47.5,13.3
2025-12-01 07:00:00,273.1538,47.5,13.3
2025-12-01 08:00:00,273.56323,47.5,13.3
2025-12-01 09:00:00,273.34863,47.5,13.3
2025-12-01 10:00:00,275.1985,47.5,13.3
2025-12-01 11:00:00,276.09888,47.5,13.3
2025-12-01 12:00:00,276.44775,47.5,13.3
2025-12-01 13:00:00,276.59937,47.5,13.3
2025-12-01 14:00:00,276.41016,47.5,13.3
2025-12-01 15:00:00,274.85645,47.5,13.3
2025-12-01 16:00:00,274.14966,47.5,13.3
2025-12-01 17:00:00,273.14648,47.5,13.3
2025-12-01 18:00:00,272.4751,47.5,13.3
2025-12-01 19:00:00,271.3357,47.5,13.3
2025-12-01 20:00:00,271.1206,47.5,13.3
2025-12-01 21:00:00,271.39307,47.5,13.3
2025-12-01 22:00:00,271.75,47.5,13.3
2025-12-01 23:00:00,272.12402,47.5,13.3
2025-12-02 00:00:00,272.07422,47.5,13.3
2025-12-02 01:00:00,272.21997,47.5,13.3
2025-12-02 02:00:00,272.1997,47.5,13.3
2025-12-02 03:00:00,272.28442,47.5,13.3
2025-12-02 04:00:00,272.19897,47.5,13.3
2025-12-02 05:00:00,271.9016,47.5,13.3
2025-12-02 06:00:00,271.89844,47.5,13.3
2025-12-02 07:00:00,272.0735,47.5,13.3
2025-12-02 08:00:00,272.4756,47.5,13.3
2025-12-02 09:00:00,273.7473,47.5,13.3
2025-12-02 10:00:00,275.20874,47.5,13.3
2025-12-02 11:00:00,276.5027,47.5,13.3
2025-12-02 12:00:00,277.56445,47.5,13.3
2025-12-02 13:00:00,277.5266,47.5,13.3
2025-12-02 14:00:00,276.62183,47.5,13.3
2025-12-02 15:00:00,276.3623,47.5,13.3
2025-12-02 16:00:00,274.3694,47.5,13.3
2025-12-02 17:00:00,272.3152,47.5,13.3
2025-12-02 18:00:00,270.75684,47.5,13.3
2025-12-02 19:00:00,270.41235,47.5,13.3
2025-12-02 20:00:00,270.19043,47.5,13.3
2025-12-02 21:00:00,270.94653,47.5,13.3
2025-12-02 22:00:00,270.00146,47.5,13.3
2025-12-02 23:00:00,269.61182,47.5,13.3
2025-12-03 00:00:00,269.78125,47.5,13.3
2025-12-03 01:00:00,269.46533,47.5,13.3
2025-12-03 02:00:00,270.3235,47.5,13.3
2025-12-03 03:00:00,270.5276,47.5,13.3
2025-12-03 04:00:00,270.7119,47.5,13.3
2025-12-03 05:00:00,271.31104,47.5,13.3
2025-12-03 06:00:00,269.97754,47.5,13.3
2025-12-03 07:00:00,269.82886,47.5,13.3
2025-12-03 08:00:00,270.74463,47.5,13.3
2025-12-03 09:00:00,272.94287,47.5,13.3
2025-12-03 10:00:00,274.0808,47.5,13.3
2025-12-03 11:00:00,275.5957,47.5,13.3
2025-12-03 12:00:00,276.07007,47.5,13.3
2025-12-03 13:00:00,275.76343,47.5,13.3
2025-12-03 14:00:00,275.18896,47.5,13.3
2025-12-03 15:00:00,274.9087,47.5,13.3
2025-12-03 16:00:00,273.75488,47.5,13.3
2025-12-03 17:00:00,272.72144,47.5,13.3
2025-12-03 18:00:00,272.20532,47.5,13.3
2025-12-03 19:00:00,270.93726,47.5,13.3
2025-12-03 20:00:00,271.44458,47.5,13.3
2025-12-03 21:00:00,271.16064,47.5,13.3
2025-12-03 22:00:00,270.35742,47.5,13.3
2025-12-03 23:00:00,270.59058,47.5,13.3
2025-12-04 00:00:00,270.4751,47.5,13.3
2025-12-04 01:00:00,269.94336,47.5,13.3
2025-12-04 02:00:00,269.3523,47.5,13.3
2025-12-04 03:00:00,269.88086,47.5,13.3
2025-12-04 04:00:00,270.0232,47.5,13.3
2025-12-04 05:00:00,270.57178,47.5,13.3
2025-12-04 06:00:00,270.66895,47.5,13.3
2025-12-04 07:00:00,270.58496,47.5,13.3
2025-12-04 08:00:00,271.75732,47.5,13.3
2025-12-04 09:00:00,272.80103,47.5,13.3
2025-12-04 10:00:00,273.87598,47.5,13.3
2025-12-04 11:00:00,275.03076,47.5,13.3
2025-12-04 12:00:00,275.6089,47.5,13.3
2025-12-04 13:00:00,275.5437,47.5,13.3
2025-12-04 14:00:00,274.6985,47.5,13.3
2025-12-04 15:00:00,273.34937,47.5,13.3
2025-12-04 16:00:00,273.31348,47.5,13.3
2025-12-04 17:00:00,273.58203,47.5,13.3
2025-12-04 18:00:00,273.48267,47.5,13.3
2025-12-04 19:00:00,273.19946,47.5,13.3
2025-12-04 20:00:00,273.06177,47.5,13.3
2025-12-04 21:00:00,272.88916,47.5,13.3
2025-12-04 22:00:00,272.39062,47.5,13.3
2025-12-04 23:00:00,272.47437,47.5,13.3
2025-12-05 00:00:00,272.54565,47.5,13.3
2025-12-05 01:00:00,272.6394,47.5,13.3
2025-12-05 02:00:00,272.60425,47.5,13.3
2025-12-05 03:00:00,272.28076,47.5,13.3
2025-12-05 04:00:00,272.21802,47.5,13.3
2025-12-05 05:00:00,272.28638,47.5,13.3
2025-12-05 06:00:00,272.1294,47.5,13.3
2025-12-05 07:00:00,272.5586,47.5,13.3
2025-12-05 08:00:00,272.60913,47.5,13.3
2025-12-05 09:00:00,272.70972,47.5,13.3
2025-12-05 10:00:00,273.01245,47.5,13.3
2025-12-05 11:00:00,273.41895,47.5,13.3
2025-12-05 12:00:00,273.5122,47.5,13.3
2025-12-05 13:00:00,273.35864,47.5,13.3
2025-12-05 14:00:00,273.19043,47.5,13.3
2025-12-05 15:00:00,273.07788,47.5,13.3
2025-12-05 16:00:00,273.68896,47.5,13.3
2025-12-05 17:00:00,273.864,47.5,13.3
2025-12-05 18:00:00,274.05493,47.5,13.3
2025-12-05 19:00:00,273.9165,47.5,13.3
2025-12-05 20:00:00,273.85132,47.5,13.3
2025-12-05 21:00:00,273.76978,47.5,13.3
2025-12-05 22:00:00,272.88257,47.5,13.3
2025-12-05 23:00:00,272.2544,47.5,13.3
2025-12-06 00:00:00,271.08618,47.5,13.3
2025-12-06 01:00:00,270.74146,47.5,13.3
2025-12-06 02:00:00,270.60986,47.5,13.3
2025-12-06 03:00:00,270.31348,47.5,13.3
2025-12-06 04:00:00,270.16406,47.5,13.3
2025-12-06 05:00:00,269.54175,47.5,13.3
2025-12-06 06:00:00,268.5598,47.5,13.3
2025-12-06 07:00:00,267.9209,47.5,13.3
2025-12-06 08:00:00,268.6704,47.5,13.3
2025-12-06 09:00:00,271.61523,47.5,13.3
2025-12-06 10:00:00,274.90137,47.5,13.3
2025-12-06 11:00:00,275.80298,47.5,13.3
2025-12-06 12:00:00,276.26196,47.5,13.3
2025-12-06 13:00:00,276.2207,47.5,13.3
2025-12-06 14:00:00,275.89502,47.5,13.3
2025-12-06 15:00:00,275.76953,47.5,13.3
2025-12-06 16:00:00,274.9917,47.5,13.3
2025-12-06 17:00:00,273.8318,47.5,13.3
2025-12-06 18:00:00,272.67725,47.5,13.3
2025-12-06 19:00:00,273.45605,47.5,13.3
2025-12-06 20:00:00,273.12622,47.5,13.3
2025-12-06 21:00:00,272.49048,47.5,13.3
2025-12-06 22:00:00,274.1206,47.5,13.3
2025-12-06 23:00:00,273.364,47.5,13.3
2025-12-07 00:00:00,272.27515,47.5,13.3
2025-12-07 01:00:00,271.68994,47.5,13.3
2025-12-07 02:00:00,271.13257,47.5,13.3
2025-12-07 03:00:00,270.77612,47.5,13.3
2025-12-07 04:00:00,270.58618,47.5,13.3
2025-12-07 05:00:00,270.84985,47.5,13.3
2025-12-07 06:00:00,271.385,47.5,13.3
2025-12-07 07:00:00,271.20117,47.5,13.3
2025-12-07 08:00:00,271.93677,47.5,13.3
2025-12-07 09:00:00,273.97437,47.5,13.3
2025-12-07 10:00:00,276.14062,47.5,13.3
2025-12-07 11:00:00,276.7942,47.5,13.3
2025-12-07 12:00:00,277.34204,47.5,13.3
2025-12-07 13:00:00,277.3706,47.5,13.3
2025-12-07 14:00:00,277.0005,47.5,13.3
2025-12-07 15:00:00,276.9751,47.5,13.3
2025-12-07 16:00:00,275.9834,47.5,13.3
2025-12-07 17:00:00,275.25366,47.5,13.3
2025-12-07 18:00:00,274.98926,47.5,13.3
2025-12-07 19:00:00,275.0188,47.5,13.3
2025-12-07 20:00:00,274.90356,47.5,13.3
2025-12-07 21:00:00,274.99854,47.5,13.3
2025-12-07 22:00:00,275.16968,47.5,13.3
2025-12-07 23:00:00,275.28076,47.5,13.3
2025-12-08 00:00:00,275.29053,47.5,13.3
2025-12-08 01:00:00,275.2146,47.5,13.3
2025-12-08 02:00:00,275.33496,47.5,13.3
2025-12-08 03:00:00,275.56958,47.5,13.3
2025-12-08 04:00:00,275.58594,47.5,13.3
2025-12-08 05:00:00,275.6819,47.5,13.3
2025-12-08 06:00:00,275.87695,47.5,13.3
2025-12-08 07:00:00,275.8462,47.5,13.3
2025-12-08 08:00:00,276.08374,47.5,13.3
2025-12-08 09:00:00,276.40674,47.5,13.3
2025-12-08 10:00:00,278.0896,47.5,13.3
2025-12-08 11:00:00,278.313,47.5,13.3
2025-12-08 12:00:00,278.85767,47.5,13.3
2025-12-08 13:00:00,279.19287,47.5,13.3
2025-12-08 14:00:00,278.69897,47.5,13.3
2025-12-08 15:00:00,277.6709,47.5,13.3
2025-12-08 16:00:00,276.67603,47.5,13.3
2025-12-08 17:00:00,276.0681,47.5,13.3
2025-12-08 18:00:00,275.4265,47.5,13.3
2025-12-08 19:00:00,275.38428,47.5,13.3
2025-12-08 20:00:00,275.14893,47.5,13.3
2025-12-08 21:00:00,274.37036,47.5,13.3
2025-12-08 22:00:00,275.77148,47.5,13.3
2025-12-08 23:00:00,274.85083,47.5,13.3
2025-12-09 00:00:00,274.53345,47.5,13.3
2025-12-09 01:00:00,274.1809,47.5,13.3
2025-12-09 02:00:00,274.1665,47.5,13.3
2025-12-09 03:00:00,273.8694,47.5,13.3
2025-12-09 04:00:00,273.7556,47.5,13.3
2025-12-09 05:00:00,273.71118,47.5,13.3
2025-12-09 06:00:00,273.21484,47.5,13.3
2025-12-09 07:00:00,272.80835,47.5,13.3
2025-12-09 08:00:00,274.30176,47.5,13.3
2025-12-09 09:00:00,276.48926,47.5,13.3
2025-12-09 10:00:00,277.8379,47.5,13.3
2025-12-09 11:00:00,280.04785,47.5,13.3
2025-12-09 12:00:00,281.18506,47.5,13.3
2025-12-09 13:00:00,281.4143,47.5,13.3
2025-12-09 14:00:00,280.32935,47.5,13.3
2025-12-09 15:00:00,277.13672,47.5,13.3
2025-12-09 16:00:00,275.78027,47.5,13.3
2025-12-09 17:00:00,275.5017,47.5,13.3
2025-12-09 18:00:00,275.60693,47.5,13.3
2025-12-09 19:00:00,274.47314,47.5,13.3
2025-12-09 20:00:00,273.74365,47.5,13.3
2025-12-09 21:00:00,273.7661,47.5,13.3
2025-12-09 22:00:00,273.8037,47.5,13.3
2025-12-09 23:00:00,273.5459,47.5,13.3
2025-12-10 00:00:00,273.45874,47.5,13.3
2025-12-10 01:00:00,273.44653,47.5,13.3
2025-12-10 02:00:00,273.25464,47.5,13.3
2025-12-10 03:00:00,272.65186,47.5,13.3
2025-12-10 04:00:00,272.5171,47.5,13.3
2025-12-10 05:00:00,272.5056,47.5,13.3
2025-12-10 06:00:00,271.69775,47.5,13.3
2025-12-10 07:00:00,272.33813,47.5,13.3
2025-12-10 08:00:00,273.81982,47.5,13.3
2025-12-10 09:00:00,275.95874,47.5,13.3
2025-12-10 10:00:00,279.073,47.5,13.3
2025-12-10 11:00:00,280.1787,47.5,13.3
2025-12-10 12:00:00,281.19507,47.5,13.3
2025-12-10 13:00:00,280.97607,47.5,13.3
2025-12-10 14:00:00,280.521,47.5,13.3
2025-12-10 15:00:00,279.3894,47.5,13.3
2025-12-10 16:00:00,278.78784,47.5,13.3
2025-12-10 17:00:00,276.43335,47.5,13.3
2025-12-10 18:00:00,274.75977,47.5,13.3
2025-12-10 19:00:00,273.65747,47.5,13.3
2025-12-10 20:00:00,273.3789,47.5,13.3
2025-12-10 21:00:00,273.02832,47.5,13.3
2025-12-10 22:00:00,274.3181,47.5,13.3
2025-12-10 23:00:00,274.11523,47.5,13.3
2025-12-11 00:00:00,274.10327,47.5,13.3
2025-12-11 01:00:00,273.61206,47.5,13.3
2025-12-11 02:00:00,273.4807,47.5,13.3
2025-12-11 03:00:00,273.2954,47.5,13.3
2025-12-11 04:00:00,273.42676,47.5,13.3
2025-12-11 05:00:00,273.7229,47.5,13.3
2025-12-11 06:00:00,273.10498,47.5,13.3
2025-12-11 07:00:00,273.021,47.5,13.3
2025-12-11 08:00:00,274.21533,47.5,13.3
2025-12-11 09:00:00,275.50244,47.5,13.3
2025-12-11 10:00:00,276.8938,47.5,13.3
2025-12-11 11:00:00,277.29834,47.5,13.3
2025-12-11 12:00:00,277.69116,47.5,13.3
2025-12-11 13:00:00,277.72607,47.5,13.3
2025-12-11 14:00:00,277.47827,47.5,13.3
2025-12-11 15:00:00,277.55103,47.5,13.3
2025-12-11 16:00:00,276.33057,47.5,13.3
2025-12-11 17:00:00,275.69214,47.5,13.3
2025-12-11 18:00:00,274.44287,47.5,13.3
2025-12-11 19:00:00,273.64624,47.5,13.3
2025-12-11 20:00:00,272.96704,47.5,13.3
2025-12-11 21:00:00,272.68018,47.5,13.3
2025-12-11 22:00:00,272.73486,47.5,13.3
2025-12-11 23:00:00,272.50537,47.5,13.3
2025-12-12 00:00:00,272.31885,47.5,13.3
2025-12-12 01:00:00,272.35596,47.5,13.3
2025-12-12 02:00:00,272.38867,47.5,13.3
2025-12-12 03:00:00,272.0188,47.5,13.3
2025-12-12 04:00:00,272.04297,47.5,13.3
2025-12-12 05:00:00,271.92285,47.5,13.3
2025-12-12 06:00:00,271.9431,47.5,13.3
2025-12-12 07:00:00,271.86328,47.5,13.3
2025-12-12 08:00:00,272.78882,47.5,13.3
2025-12-12 09:00:00,274.5415,47.5,13.3
2025-12-12 10:00:00,276.07788,47.5,13.3
2025-12-12 11:00:00,277.3994,47.5,13.3
2025-12-12 12:00:00,278.0022,47.5,13.3
2025-12-12 13:00:00,278.02368,47.5,13.3
2025-12-12 14:00:00,277.72754,47.5,13.3
2025-12-12 15:00:00,276.3318,47.5,13.3
2025-12-12 16:00:00,275.33643,47.5,13.3
2025-12-12 17:00:00,274.4485,47.5,13.3
2025-12-12 18:00:00,273.24292,47.5,13.3
2025-12-12 19:00:00,272.64893,47.5,13.3
2025-12-12 20:00:00,272.6809,47.5,13.3
2025-12-12 21:00:00,272.85352,47.5,13.3
2025-12-12 22:00:00,273.40137,47.5,13.3
2025-12-12 23:00:00,273.27466,47.5,13.3
2025-12-13 00:00:00,273.03735,47.5,13.3
2025-12-13 01:00:00,272.9944,47.5,13.3
2025-12-13 02:00:00,272.802,47.5,13.3
2025-12-13 03:00:00,272.51025,47.5,13.3
2025-12-13 04:00:00,272.3921,47.5,13.3
2025-12-13 05:00:00,272.14185,47.5,13.3
2025-12-13 06:00:00,272.13477,47.5,13.3
2025-12-13 07:00:00,272.0818,47.5,13.3
2025-12-13 08:00:00,272.42432,47.5,13.3
2025-12-13 09:00:00,274.64502,47.5,13.3
2025-12-13 10:00:00,275.93115,47.5,13.3
