"Datum","Bundesland","Mean(temp_max_month)","Mean(temp_min_month)","Mean(snow_height_final)","Mean(sun_hours_final)","Mean(temp_final)","Mean(rr_final)"
"1974-01-01","Burgenland",10,-3.6,,30.099999999999998,2.0967741935483875,68
"1974-01-01","Kärnten",11.2,-7.8999999999999995,,93.47500000000004,-0.36451612903225794,-12.266666666666667
"1974-01-01","Niederösterreich",9.100000000000001,-6.733333333333333,,42.599999999999994,1.2107078853046593,91.76666666666665
"1974-01-01","Oberösterreich",9.55,-7.300000000000001,,29.400000000000002,0.8403225806451612,39.900000000000006
"1974-01-01","Salzburg",5.866666666666667,-11.566666666666666,,106.06666666666668,-3.4913978494623663,100.03333333333333
"1974-01-01","Steiermark",12.066666666666666,-4.966666666666668,,54.83333333333334,1.1526881720430107,19.466666666666665
"1974-01-01","Tirol",11.4,-7.166666666666667,,71.8,0.8139784946236559,61.63333333333332
"1974-01-01","Vorarlberg",14.2,-4.3,,67.4,2.624126344086019,105.00000000000001
"1974-01-01","Wien",10.066666666666666,-4.1000000000000005,,33.6,2.119758064516129,71.88888888888887
"1974-02-01","Burgenland",14.6,-3.6,,70.5,4.9678571428571425,5.299999999999999
"1974-02-01","Kärnten",10.333333333333332,-6.2333333333333325,,80.70000000000002,1.0154761904761904,9.966666666666669
"1974-02-01","Niederösterreich",14.433333333333334,-5,,61.00000000000001,3.3037202380952393,13.566666666666668
"1974-02-01","Oberösterreich",12.65,-4.95,,65,2.698214285714286,23.049999999999997
"1974-02-01","Salzburg",5.4,-12.766666666666667,,86.73333333333333,-4.4785714285714295,51.56666666666667
"1974-02-01","Steiermark",15.566666666666666,-3.5999999999999996,,80.4,4.279761904761905,3.3666666666666663
"1974-02-01","Tirol",13.133333333333333,-4.166666666666668,,104.49999999999999,3.6714285714285713,25.299999999999997
"1974-02-01","Vorarlberg",16.65,-4.8,,62.000000000000014,3.359374999999999,87.14999999999999
"1974-02-01","Wien",12.866666666666665,-3.9333333333333327,,66,4.539484126984128,4.9
"1974-03-01","Burgenland",24.5,-2.5,,147.50000000000006,8.819354838709678,-9.7
"1974-03-01","Kärnten",18.033333333333335,-6.666666666666666,,122.74999999999999,3.395698924731183,63.66666666666667
"1974-03-01","Niederösterreich",23.200000000000003,-5.3,,138,6.666084229390681,9.366666666666665
"1974-03-01","Oberösterreich",21.4,-5.35,,156.10000000000002,6.525806451612903,2.299999999999999
"1974-03-01","Salzburg",10.333333333333334,-12.033333333333333,,142.66666666666669,-1.8505376344086009,43.3
"1974-03-01","Steiermark",22.933333333333334,-2.4333333333333336,,123.03333333333335,6.848387096774194,58.83333333333332
"1974-03-01","Tirol",22.833333333333332,-3.666666666666667,,140.59999999999997,6.961290322580645,34.800000000000004
"1974-03-01","Vorarlberg",25.4,-4.35,,161.20000000000005,7.496505376344087,35.9
"1974-03-01","Wien",23.533333333333335,-3.033333333333333,,136.10000000000002,7.803539426523298,-2.4333333333333362
"1974-04-01","Burgenland",23,0,,218.5000000000002,10.510000000000002,-19.8
"1974-04-01","Kärnten",16.233333333333334,-4.066666666666666,,149.46250000000003,5.136666666666667,19.999999999999996
"1974-04-01","Niederösterreich",22,-4.666666666666667,,205.4,8.183723896062487,5.300000000000001
"1974-04-01","Oberösterreich",20.15,-2.9000000000000004,,187.89999999999998,7.906666666666666,20.9
"1974-04-01","Salzburg",7.266666666666666,-10.299999999999999,,141.36666666666665,-1.3400000000000003,80.53333333333333
"1974-04-01","Steiermark",20.666666666666664,-1.9333333333333331,,166.86666666666662,8.259999999999998,2.6999999999999997
"1974-04-01","Tirol",21.066666666666666,-1.9666666666666666,,171.41249999999994,8.639999999999997,41.300000000000004
"1974-04-01","Vorarlberg",20.65,-1.7999999999999998,,193.50000000000006,8.62977044476327,56.3
"1974-04-01","Wien",22.766666666666666,0.33333333333333315,,196.73999999999992,9.762361443222273,-1.0111111111111135
"1974-05-01","Burgenland",29,4.8,,182.80000000000027,14.454838709677423,17.5
"1974-05-01","Kärnten",21.066666666666663,0.7666666666666666,,188.29999999999995,10.149462365591399,44.00000000000001
"1974-05-01","Niederösterreich",26.133333333333333,1.1333333333333333,,149.99999999999997,11.718772401433686,78.30000000000001
"1974-05-01","Oberösterreich",22.55,1.7000000000000002,,173.40000000000003,11.306451612903228,126.94999999999999
"1974-05-01","Salzburg",12.166666666666668,-5.1,,137.76666666666665,2.316129032258064,93.23333333333333
"1974-05-01","Steiermark",27.03333333333333,2,,176.93333333333334,13.033333333333333,40.43333333333333
"1974-05-01","Tirol",24.266666666666673,2.6666666666666665,,189.24999999999991,12.604301075268815,54.233333333333334
"1974-05-01","Vorarlberg",25.65,1.8000000000000003,,188.60000000000002,12.115725806451607,158.1
"1974-05-01","Wien",28.466666666666665,3.966666666666667,,174.3000000000001,13.358557347670255,39.76666666666668
"1974-06-01","Burgenland",28.6,6.5,,192.6999999999999,16.816666666666663,53.300000000000004
"1974-06-01","Kärnten",24.633333333333333,0.9,,177.5999999999999,12.37,165.13333333333333
"1974-06-01","Niederösterreich",28.099999999999998,2.666666666666667,,167.2,14.384768518518518,105.13333333333334
"1974-06-01","Oberösterreich",25.700000000000003,3.15,,175.70000000000007,13.923333333333334,139.35
"1974-06-01","Salzburg",15.633333333333333,-4.066666666666666,,117.03333333333327,4.614444444444445,196.83333333333331
"1974-06-01","Steiermark",27.233333333333334,4,,174.0666666666667,15.617777777777777,84.80000000000001
"1974-06-01","Tirol",27.26666666666667,3.8666666666666663,,177.99999999999997,14.856666666666667,115.5
"1974-06-01","Vorarlberg",26.45,6.35,,184.29999999999995,14.900277777777777,189.20000000000002
"1974-06-01","Wien",29.066666666666663,6.699999999999999,,178.8,15.717870370370369,81.32222222222224
"1974-07-01","Burgenland",32.5,8.4,,196.39999999999995,19.29677419354839,57.199999999999996
"1974-07-01","Kärnten",25.666666666666664,5.5,,262.95,15.47204301075269,127.09999999999998
"1974-07-01","Niederösterreich",29.566666666666666,5.8,,201.2999999999999,16.777732974910393,92.96666666666668
"1974-07-01","Oberösterreich",27.4,6.85,,190.09999999999994,16.274193548387096,118.44999999999999
"1974-07-01","Salzburg",18.533333333333335,-1.7000000000000002,,158.53333333333336,7.81720430107527,185.3
"1974-07-01","Steiermark",31.166666666666664,8.033333333333333,,213.40000000000003,18.402150537634412,76.39999999999998
"1974-07-01","Tirol",29.866666666666667,7.533333333333333,,243,17.582795698924727,130.20000000000002
"1974-07-01","Vorarlberg",29.2,9.05,,227.2,17.41182795698927,209.25
"1974-07-01","Wien",31.26666666666667,8.766666666666666,,199.40000000000003,18.529525089605738,50.02222222222224
"1974-08-01","Burgenland",34.6,10,,241.4,21.806451612903224,47.89999999999999
"1974-08-01","Kärnten",28.666666666666668,5.8999999999999995,,228.8249999999999,17.087096774193547,138.56666666666666
"1974-08-01","Niederösterreich",33.96666666666667,7.6,,206.27999999999997,19.08357518182134,50.43333333333333
"1974-08-01","Oberösterreich",32.900000000000006,8.2,,215.6999999999999,18.5258064516129,60.099999999999994
"1974-08-01","Salzburg",21.4,-0.8666666666666665,,206.33333333333334,10.446236559139784,142.96666666666664
"1974-08-01","Steiermark",32.63333333333333,7.466666666666666,,214.70000000000002,20.047311827956985,97.43333333333334
"1974-08-01","Tirol",33.3,7.833333333333333,,240.275,19.109677419354835,97.43333333333332
"1974-08-01","Vorarlberg",31.3,6.95,,223.2333333333333,18.48280166435507,138.45
"1974-08-01","Wien",36.6,9.733333333333333,,229.10000000000002,20.84059027933126,15.177777777777777
"1974-09-01","Burgenland",28.2,4.4,,158.8,16.186666666666667,35.10000000000001
"1974-09-01","Kärnten",22.3,0.6333333333333333,,170.04999999999995,11.820000000000002,112.56666666666666
"1974-09-01","Niederösterreich",27.166666666666664,0.9333333333333332,,157.90000000000003,13.985324074074073,10.166666666666666
"1974-09-01","Oberösterreich",26.65,0.8,,178.3,13.794999999999995,27.5
"1974-09-01","Salzburg",17.133333333333336,-3.9666666666666663,,159.03333333333327,6.455555555555557,139.96666666666664
"1974-09-01","Steiermark",27.5,2.5,,137.89999999999998,14.776666666666667,70.80000000000001
"1974-09-01","Tirol",27.5,2.6666666666666665,,189.04999999999993,14.678888888888887,97.5
"1974-09-01","Vorarlberg",27.8,3.95,,183.60000000000002,14.098888888888881,117.55000000000001
"1974-09-01","Wien",27.866666666666664,3.2333333333333334,,147,15.296527777777776,0.6111111111111109
"1974-10-01","Burgenland",15,0,,77.40000000000003,7.645161290322579,135.5
"1974-10-01","Kärnten",10.533333333333333,-5.366666666666668,,100.6,2.6860215053763445,68.43333333333334
"1974-10-01","Niederösterreich",15.733333333333334,-3.666666666666667,,89,5.526702508960571,58.66666666666667
"1974-10-01","Oberösterreich",13.75,-2.25,,58.400000000000006,5.0129032258064505,64.05
"1974-10-01","Salzburg",3.4333333333333336,-10.933333333333334,,67.69999999999999,-3.9086021505376367,153.86666666666667
"1974-10-01","Steiermark",14.433333333333332,-3.6333333333333333,,82.03333333333335,6.077419354838709,69.4
"1974-10-01","Tirol",13.733333333333334,-3,,104.25,5.495698924731182,61.1
"1974-10-01","Vorarlberg",14.600000000000001,-0.9999999999999999,,54.10000000000001,5.147177419354836,240.64999999999998
"1974-10-01","Wien",15.066666666666666,-0.9,,89.29999999999998,6.708422939068101,99.18888888888887
"1974-11-01","Burgenland",19.3,-1.8,,87.90000000000002,5.593333333333334,12.600000000000001
"1974-11-01","Kärnten",11.9,-5.466666666666667,,109.6,1.74,9.866666666666667
"1974-11-01","Niederösterreich",14.866666666666667,-5.199999999999999,,65.10000000000001,3.1310648148148137,39.33333333333332
"1974-11-01","Oberösterreich",12.7,-5.3,,41.599999999999994,2.645,49.3
"1974-11-01","Salzburg",7.133333333333334,-11.433333333333334,,111.43333333333332,-3.1722222222222225,101.76666666666667
"1974-11-01","Steiermark",17.56666666666667,-4.2,,101.76666666666665,4.446666666666667,17.6
"1974-11-01","Tirol",16.5,-4.1,,90.34999999999998,3.897777777777778,49.83333333333333
"1974-11-01","Vorarlberg",20.25,-2.25,,75.60000000000001,5.28659722222222,112.95
"1974-11-01","Wien",11.966666666666665,-4.166666666666666,,70.9,4.285601851851851,35.344444444444456
"1974-12-01","Burgenland",17.4,-4.6,,39.9,4.667741935483872,105.39999999999998
"1974-12-01","Kärnten",9.8,-9.3,,113.16249999999994,0.2526881720430106,-12.6
"1974-12-01","Niederösterreich",14.3,-8.833333333333334,,62.16,3.704200160072381,125.86666666666666
"1974-12-01","Oberösterreich",13.666666666666666,-10.2,,46.699999999999996,3.110508308895405,94.23333333333332
"1974-12-01","Salzburg",3.5666666666666664,-16.233333333333334,,58.733333333333334,-4.731182795698924,191.10000000000002
"1974-12-01","Steiermark",15.066666666666666,-7.9333333333333345,,81.2333333333333,2.641935483870968,20.03333333333333
"1974-12-01","Tirol",14.233333333333333,-10.8,,34.525000000000006,0.9322580645161289,100.63333333333334
"1974-12-01","Vorarlberg",15.85,-5.35,,70.86666666666669,3.699934007426958,157
"1974-12-01","Wien",15.2,-3.3333333333333335,,57.72000000000001,4.815162632544406,81.71111111111108
"1975-01-01","Burgenland",16.6,-3.2,,98.30000000000001,3.8806451612903223,3.6999999999999975
"1975-01-01","Kärnten",10.033333333333335,-7.6,,125.44999999999996,0.7591397849462365,-9.399999999999999
"1975-01-01","Niederösterreich",11.700000000000001,-7.400000000000001,,71.50000000000003,2.0991935483870976,31.299999999999997
"1975-01-01","Oberösterreich",9.166666666666666,-5.766666666666667,,50.1,1.8602150537634403,37.233333333333334
"1975-01-01","Salzburg",7.366666666666667,-13.833333333333336,,101.93333333333331,-3.668817204301075,114.56666666666666
"1975-01-01","Steiermark",13.733333333333333,-7.566666666666666,,88.80000000000004,2.169892473118279,-6.866666666666665
"1975-01-01","Tirol",11.966666666666667,-7.300000000000001,,67.74999999999999,1.7956989247311825,48.39999999999999
"1975-01-01","Vorarlberg",16,-4.05,,95.50000000000001,4.235147849462365,74.35
"1975-01-01","Wien",13.233333333333334,-3.8666666666666667,,75.6,3.3424731182795724,14.499999999999996
"1975-02-01","Burgenland",12,-8.8,,151.39999999999998,1.4964285714285712,-17.6
"1975-02-01","Kärnten",10.7,-11.933333333333334,,177.64999999999998,-0.7869047619047623,-1.9333333333333336
"1975-02-01","Niederösterreich",11.766666666666667,-13.133333333333335,,140.6,0.16299603174603194,-7.233333333333333
"1975-02-01","Oberösterreich",9.833333333333332,-8.399999999999999,,155.7,0.838095238095238,-4.6
"1975-02-01","Salzburg",4.066666666666666,-15.133333333333333,,172.20000000000002,-5.683333333333333,15.966666666666669
"1975-02-01","Steiermark",12.733333333333333,-9.3,,162.26666666666665,1.325,-13.799999999999999
"1975-02-01","Tirol",13.7,-7.133333333333334,,181.60000000000002,2.085714285714286,-12.333333333333334
"1975-02-01","Vorarlberg",11.95,-5.1,,139.79999999999995,1.4022321428571431,4.3999999999999995
"1975-02-01","Wien",11.466666666666667,-9.533333333333333,,132.6,0.9774305555555558,-9.988888888888889
"1975-03-01","Burgenland",19,-4,,116.10000000000004,7.080645161290323,38.4
"1975-03-01","Kärnten",11.133333333333335,-8.7,,105.45000000000002,1.7301075268817199,171.3
"1975-03-01","Niederösterreich",16.4,-7.066666666666666,,106.99999999999999,4.384274193548386,35.43333333333333
"1975-03-01","Oberösterreich",14.466666666666665,-4.766666666666667,,100.19999999999999,4.650537634408603,34.4
"1975-03-01","Salzburg",6.300000000000001,-13.566666666666666,,99.19999999999997,-4.203225806451613,204.9
"1975-03-01","Steiermark",16.133333333333333,-5.366666666666666,,114.50000000000004,5.301075268817203,126.9
"1975-03-01","Tirol",16.9,-4.766666666666667,,110.59999999999998,4.7182795698924735,167.56666666666666
"1975-03-01","Vorarlberg",18.15,-5.2,,116.99999999999997,4.70228494623656,47
"1975-03-01","Wien",17.833333333333336,-4.8,,96.89999999999998,5.923790322580644,40.28888888888889
"1975-04-01","Burgenland",23.5,0,,173.60000000000002,10.103333333333335,32.8
"1975-04-01","Kärnten",18.666666666666668,-3,,171.68749999999997,5.621111111111111,51.86666666666667
"1975-04-01","Niederösterreich",22.566666666666666,-3.3000000000000003,,155.77999999999994,7.706176736277167,31.666666666666668
"1975-04-01","Oberösterreich",21.766666666666666,-2.2333333333333334,,154,7.63777777777778,35.266666666666666
"1975-04-01","Salzburg",9.133333333333335,-11.166666666666666,,120.93333333333335,-1.9266666666666665,183.13333333333335
"1975-04-01","Steiermark",22.466666666666665,-1.5,,168.36666666666667,8.716666666666667,8.533333333333333
"1975-04-01","Tirol",22.933333333333334,-1.2999999999999998,,177.2875,8.019999999999998,115.16666666666666
"1975-04-01","Vorarlberg",21.8,-0.7,,157.5333333333333,7.70688665710187,107.4
"1975-04-01","Wien",23.6,-1.7999999999999998,,144.28000000000003,9.210044635740472,30.433333333333337
"1975-05-01","Burgenland",28.3,7.2,,242.99999999999994,16.745161290322585,55.400000000000006
"1975-05-01","Kärnten",23.799999999999997,1.4666666666666668,,181.95000000000002,11.737634408602151,93.40000000000002
"1975-05-01","Niederösterreich",26.833333333333336,1.4666666666666668,,184.20000000000005,13.918234767025089,41.33333333333333
"1975-05-01","Oberösterreich",26.5,2.433333333333333,,200,14.223655913978495,47.599999999999994
"1975-05-01","Salzburg",14.8,-5.7,,171.79999999999998,4.3354838709677415,137.23333333333332
"1975-05-01","Steiermark",27.766666666666666,2.6333333333333337,,176.9666666666667,15.14516129032258,67.3
"1975-05-01","Tirol",28.666666666666668,1.8,,186.54999999999995,14.039784946236557,94.26666666666665
"1975-05-01","Vorarlberg",25.5,2.7,,188.10000000000002,13.002486559139784,117.05
"1975-05-01","Wien",27.46666666666667,5.7,,213.29999999999998,15.710259856630827,50.67777777777777
"1975-06-01","Burgenland",31.8,5,,216.09999999999997,17.866666666666667,136.6
"1975-06-01","Kärnten",24.6,1.3,,151.0875,12.79111111111111,232.16666666666669
"1975-06-01","Niederösterreich",28.8,1.8666666666666667,,173,14.95444444444445,123.66666666666666
"1975-06-01","Oberösterreich",28.26666666666667,2.8333333333333335,,168.49999999999997,15.08222222222222,144.43333333333334
"1975-06-01","Salzburg",16.733333333333338,-4.699999999999999,,112.56666666666663,5.468888888888889,190.2
"1975-06-01","Steiermark",29.8,3.2,,155.3,15.97,185.76666666666665
"1975-06-01","Tirol",28.866666666666667,3,,151.15,14.975555555555559,162.1
"1975-06-01","Vorarlberg",27.35,3.8,,179.00000000000006,14.744722222222213,210.99999999999997
"1975-06-01","Wien",30.400000000000002,5.766666666666667,,187.8,16.784490740740736,145.95555555555552
"1975-07-01","Burgenland",32,11.2,,253.60000000000002,20.929032258064513,106.59999999999998
"1975-07-01","Kärnten",27.63333333333333,4.866666666666667,,253.94999999999987,16.33225806451613,148.5666666666667
"1975-07-01","Niederösterreich",28.733333333333334,7.933333333333335,,236.99999999999994,17.85425627240142,137.76666666666668
"1975-07-01","Oberösterreich",27.533333333333335,8.499999999999998,,237.70000000000005,17.9247311827957,170.46666666666667
"1975-07-01","Salzburg",19.433333333333334,-1.9999999999999996,,189.39999999999998,8.84193548387097,177.16666666666669
"1975-07-01","Steiermark",30.23333333333333,7.8,,226.83333333333346,19.06236559139785,150.63333333333333
"1975-07-01","Tirol",30.466666666666665,6.4333333333333345,,247.29999999999984,18.19784946236559,139.40000000000003
"1975-07-01","Vorarlberg",29.9,6.45,,251.40000000000006,17.957392473118283,122.85
"1975-07-01","Wien",30.066666666666666,10.566666666666666,,235.30000000000007,19.779121863799286,143.6888888888889
"1975-08-01","Burgenland",30,10,,220.20000000000007,20.280645161290323,124.99999999999994
"1975-08-01","Kärnten",23.833333333333332,7.033333333333333,,189.67499999999993,15.683870967741935,96.56666666666668
"1975-08-01","Niederösterreich",27.333333333333332,7.366666666666666,,218.84,17.589823472974114,96.79999999999998
"1975-08-01","Oberösterreich",27.366666666666667,8.499999999999998,,217.74,17.81612903225806,77.96666666666667
"1975-08-01","Salzburg",17.233333333333334,1.0666666666666664,,150.83333333333334,8.902150537634409,145.5
"1975-08-01","Steiermark",27.766666666666666,10.066666666666666,,190.26666666666662,18.599999999999998,98.26666666666667
"1975-08-01","Tirol",29.200000000000003,8.666666666666666,,200.3749999999999,17.83225806451613,108.3
"1975-08-01","Vorarlberg",28.9,9.3,,202.49999999999997,17.852289606729,255.79999999999995
"1975-08-01","Wien",29.6,9.366666666666667,,206.5,19.238103689121555,44.422222222222224
"1975-09-01","Burgenland",29,7,,214.10000000000002,18.89666666666667,28.099999999999994
"1975-09-01","Kärnten",26.633333333333336,3.433333333333333,,196.3,14.787777777777777,23.300000000000004
"1975-09-01","Niederösterreich",28.666666666666668,3.666666666666667,,186.8,16.622546296296303,-11.600000000000001
"1975-09-01","Oberösterreich",27.8,4.866666666666666,,183.4,16.587777777777777,2.2000000000000006
"1975-09-01","Salzburg",20.933333333333334,-1.5666666666666667,,174.73333333333332,9.23,42.03333333333334
"1975-09-01","Steiermark",28.5,4.6000000000000005,,184.3333333333334,17.283333333333335,6.199999999999998
"1975-09-01","Tirol",29.066666666666666,5.8,,194.25000000000003,17.081111111111113,29.06666666666667
"1975-09-01","Vorarlberg",33.5,8.7,,186.2,17.257708333333344,57.9
"1975-09-01","Wien",28.833333333333336,7.133333333333334,,210.10000000000002,17.72356481481481,-4.888888888888891
"1975-10-01","Burgenland",25.5,0,,113,10.532258064516126,21.500000000000007
"1975-10-01","Kärnten",20.366666666666667,-2.4,,147.3,7.255913978494623,38.80000000000001
"1975-10-01","Niederösterreich",23.333333333333332,-2.2666666666666666,,99.10000000000001,8.04762544802867,30.100000000000005
"1975-10-01","Oberösterreich",22.333333333333332,-1.1666666666666667,,73.50000000000003,8.251612903225807,22.8
"1975-10-01","Salzburg",14.433333333333332,-7.266666666666667,,148.30000000000004,1.8279569892473129,25
"1975-10-01","Steiermark",24.1,-0.4666666666666667,,133.46666666666667,9.47741935483871,46.000000000000014
"1975-10-01","Tirol",23.53333333333333,-1.6333333333333333,,175.84999999999997,8.63440860215054,25.03333333333333
"1975-10-01","Vorarlberg",21.799999999999997,-0.29999999999999993,,116.90000000000002,7.773252688172046,51.599999999999994
"1975-10-01","Wien",23.53333333333333,-0.30000000000000004,,107.70000000000003,9.365277777777779,39.966666666666676
"1975-11-01","Burgenland",11.8,-10.6,,48.100000000000016,3.8066666666666658,22.8
"1975-11-01","Kärnten",11.533333333333333,-12.433333333333334,,86.05,0.5099999999999999,60.53333333333334
"1975-11-01","Niederösterreich",11.033333333333335,-15.733333333333334,,42.99999999999999,2.2357870370370354,22.833333333333332
"1975-11-01","Oberösterreich",11.266666666666666,-13.033333333333335,,72.4,2.5688888888888894,15.4
"1975-11-01","Salzburg",9.333333333333336,-18.799999999999997,,98.66666666666669,-3.0933333333333337,121.89999999999998
"1975-11-01","Steiermark",10,-11.100000000000001,,62.03333333333333,2.583333333333334,27.56666666666667
"1975-11-01","Tirol",15.566666666666665,-16.033333333333335,,69.80000000000001,1.934444444444444,115
"1975-11-01","Vorarlberg",13.95,-10.25,,76.59999999999998,4.153263888888883,138.5
"1975-11-01","Wien",10.8,-9.233333333333333,,45.3,3.2840277777777773,22.344444444444445
"1975-12-01","Burgenland",11,-12.4,,68.00000000000003,1.4903225806451612,3.3000000000000007
"1975-12-01","Kärnten",9.466666666666665,-12.766666666666667,,104.00000000000001,-1.0537634408602148,4.099999999999998
"1975-12-01","Niederösterreich",9.099999999999998,-19.633333333333333,,68,-0.7571100472760351,15.600000000000001
"1975-12-01","Oberösterreich",6.4,-17,,39.4,-1.0763440860215054,1.9
"1975-12-01","Salzburg",6.2333333333333325,-14.999999999999998,,139.80000000000007,-4.65268817204301,21.466666666666665
"1975-12-01","Steiermark",10.6,-11.5,,88.66666666666667,-0.20430107526881722,8.1
"1975-12-01","Tirol",6.966666666666666,-12.833333333333334,,58.80000000000001,-3.156989247311828,-8.033333333333331
"1975-12-01","Vorarlberg",9.65,-10.1,,75.80000000000001,-0.971636615811373,-11
"1975-12-01","Wien",8.233333333333334,-13.366666666666667,,49.800000000000004,1.0151134177441732,26.83333333333333
"1976-01-01","Burgenland",15,-10.8,,74.60000000000002,1.9709677419354836,94.49999999999999
"1976-01-01","Kärnten",13.4,-13.733333333333333,,134.05,-1.5707437275985665,-14.900000000000002
"1976-01-01","Niederösterreich",11.433333333333334,-13.833333333333332,,46.99999999999999,1.0594534050179218,97.79999999999998
"1976-01-01","Oberösterreich",10.4,-11.600000000000001,,40.19999999999999,1.0655913978494622,132.26666666666668
"1976-01-01","Salzburg",0.8500000000000001,-22.6,,81.02499999999999,-9.882258064516126,310.15
"1976-01-01","Steiermark",13.6,-13.6,,86.83333333333334,0.4677419354838712,33.5
"1976-01-01","Tirol",12.233333333333334,-14.366666666666667,,68.65000000000002,-0.22580645161290333,56.79999999999999
"1976-01-01","Vorarlberg",12,-15.65,,61.3,1.0962544802867393,108.04999999999998
"1976-01-01","Wien",12.7,-8.433333333333334,,56.5,1.998163082437277,92.27777777777776
"1976-02-01","Burgenland",14.5,-8.8,,66,0.34482758620689663,-9.8
"1976-02-01","Kärnten",11.566666666666666,-11.7,,95.6,-1.1055076628352485,18.93333333333333
"1976-02-01","Niederösterreich",14.733333333333333,-10.333333333333334,,67.2,0.2675766283524904,-5.300000000000001
"1976-02-01","Oberösterreich",11.566666666666666,-9.366666666666667,,79.10000000000001,0.5551724137931033,-11.866666666666667
"1976-02-01","Salzburg",5.45,-16.3,,175.6125,-6.234482758620689,15.599999999999998
"1976-02-01","Steiermark",14.350000000000001,-9.3,,71.60000000000001,0.5448275862068965,17.200000000000003
"1976-02-01","Tirol",13.966666666666667,-9.2,,147.75,1.011494252873563,1.1666666666666656
"1976-02-01","Vorarlberg",12.85,-10.2,,80,1.0466235632183907,3.35
"1976-02-01","Wien",15.266666666666667,-7.366666666666666,,59.100000000000016,0.3816091954022991,8.466666666666669
"1976-03-01","Burgenland",20.6,-7.6,,185.1999999999999,3.267741935483871,-10.9
"1976-03-01","Kärnten",15.4,-15.633333333333336,,190.19999999999993,-0.0015232974910391467,0.8666666666666674
"1976-03-01","Niederösterreich",18.033333333333335,-12.5,,163,1.4509408602150538,-0.8499999999999991
"1976-03-01","Oberösterreich",16.166666666666664,-9.266666666666667,,177.20000000000002,1.7505376344086025,-7.966666666666666
"1976-03-01","Salzburg",2.2,-20.45,,179.9,-9.208064516129033,37.349999999999994
"1976-03-01","Steiermark",19.8,-10.65,,190.23333333333338,2.354838709677419,-11.350000000000001
"1976-03-01","Tirol",20.6,-9.533333333333333,,199.19999999999993,3.3408602150537634,-4.933333333333334
"1976-03-01","Vorarlberg",18.549999999999997,-6.550000000000001,,189.39999999999998,4.112298387096774,22.15
"1976-03-01","Wien",19.8,-8.866666666666667,,161.89999999999998,2.687544802867383,-5.28888888888889
"1976-04-01","Burgenland",25,-0.6,,196.80000000000004,11.316666666666666,11.2
"1976-04-01","Kärnten",18.03333333333333,-4.6,,182.825,6.770941070195018,69.56666666666666
"1976-04-01","Niederösterreich",23.333333333333332,-5.166666666666667,,181.32,8.356215526861146,27.5
"1976-04-01","Oberösterreich",21.9,-3,,202.82,8.616666666666667,14.466666666666669
"1976-04-01","Salzburg",4.5,-15.45,,183.575,-4.251666666666667,82.69999999999999
"1976-04-01","Steiermark",22.75,-3.4,,173.86666666666667,8.870000000000001,56.449999999999996
"1976-04-01","Tirol",22.56666666666667,-3,,195.02500000000003,8.762222222222222,50.766666666666666
"1976-04-01","Vorarlberg",23,-1.75,,202.86666666666667,8.465638450502158,56.7
"1976-04-01","Wien",24.366666666666667,-2.466666666666667,,183.25999999999993,9.98876667198045,22.48888888888889
"1976-05-01","Burgenland",26.5,-1,,232.99999999999986,15.312903225806448,42.000000000000014
"1976-05-01","Kärnten",22.433333333333334,-3.1333333333333333,,259,11.942069892473116,98.36666666666666
"1976-05-01","Niederösterreich",24.866666666666667,-3.4000000000000004,,231.59999999999994,12.847849462365593,70.5
"1976-05-01","Oberösterreich",25.833333333333332,-0.6666666666666666,,255.19999999999993,13.416129032258064,64.69999999999999
"1976-05-01","Salzburg",10.5,-9.3,,209.35000000000005,1.0370967741935484,153.9
"1976-05-01","Steiermark",25.049999999999997,-1.5499999999999998,,234.6,13.825806451612904,47.05
"1976-05-01","Tirol",27.7,-1.0333333333333334,,243.34999999999997,13.887096774193548,89.53333333333333
"1976-05-01","Vorarlberg",26.9,1.1,,232.2,14.05181451612904,122.6
"1976-05-01","Wien",25.666666666666668,-0.6666666666666667,,241.89999999999995,14.413933691756268,70
"1976-06-01","Burgenland",32.4,7.5,,290,18.77,39.000000000000014
"1976-06-01","Kärnten",25.6,1.1,,265.85,15.679212962962952,24.26666666666667
"1976-06-01","Niederösterreich",29.366666666666667,2.3,,,16.721527777777776,26.900000000000006
"1976-06-01","Oberösterreich",29.4,4.433333333333333,,274,17.04,20.6
"1976-06-01","Salzburg",13.15,-6.8,,217.8,4.463333333333333,81.35000000000001
"1976-06-01","Steiermark",29.65,4.15,,273.40000000000003,17.314999999999998,13.649999999999999
"1976-06-01","Tirol",30.433333333333334,3.566666666666667,,278.5,17.60222222222222,42
"1976-06-01","Vorarlberg",30.85,5.6,,309.5,18.545833333333345,74.8
"1976-06-01","Wien",31.499999999999996,7,,302.1,18.33634259259259,40.97777777777778
"1976-07-01","Burgenland",34,10.5,,289.10000000000025,21.429032258064513,30.800000000000004
"1976-07-01","Kärnten",29.200000000000003,6.3,,230.07500000000002,17.717293906810035,135.3
"1976-07-01","Niederösterreich",32.166666666666664,5.866666666666668,,,18.813530465949814,123.25
"1976-07-01","Oberösterreich",31.9,8.133333333333333,,257,19.303225806451614,139.16666666666669
"1976-07-01","Salzburg",20.9,-0.6333333333333329,,194.625,9.6,184.36666666666665
"1976-07-01","Steiermark",32.95,9.25,,238.5,19.835483870967742,123.65000000000002
"1976-07-01","Tirol",32.4,8.433333333333334,,215.74999999999997,19.140860215053763,139.2
"1976-07-01","Vorarlberg",31.35,9,,204.3,19.163844086021516,260.84999999999997
"1976-07-01","Wien",34.53333333333333,9.633333333333333,,268.2,20.452553763440868,22.644444444444446
"1976-08-01","Burgenland",28.2,8,,206.80000000000004,18.003225806451617,23.799999999999997
"1976-08-01","Kärnten",21.23333333333333,3.8666666666666667,,156.37499999999991,13.530352109525305,29.53333333333333
"1976-08-01","Niederösterreich",25.766666666666666,3.733333333333333,,,15.022025860140483,51.50000000000001
"1976-08-01","Oberösterreich",25.633333333333336,6.2,,177.61999999999998,15.369892473118279,97.30000000000001
"1976-08-01","Salzburg",13.7,-2.5,,125.30000000000004,5.800000000000001,154.93333333333334
"1976-08-01","Steiermark",24.700000000000003,6.1,,179.52857142857144,15.980645161290319,49.75
"1976-08-01","Tirol",26.700000000000003,5.866666666666666,,172.74999999999994,15.636559139784948,99.4
"1976-08-01","Vorarlberg",26.5,7.950000000000001,,181.26666666666665,15.765048543689314,71.65
"1976-08-01","Wien",27.5,7.366666666666666,,194.17999999999995,16.65909156438439,31.46666666666667
"1976-09-01","Burgenland",26.5,6.4,,112.3,15.013333333333335,69.10000000000004
"1976-09-01","Kärnten",21.266666666666662,1.3333333333333333,,155.79999999999998,11.369444444444445,93.73333333333332
"1976-09-01","Niederösterreich",24.2,2.6666666666666665,,,12.483564814814814,45.3
"1976-09-01","Oberösterreich",23.2,4.2,,112.5,12.611111111111112,42.7
"1976-09-01","Salzburg",15.133333333333333,-4.466666666666667,,132.16666666666663,4.247777777777778,145.43333333333334
"1976-09-01","Steiermark",25.200000000000003,4.25,,140.82857142857142,13.566666666666665,66.89999999999999
"1976-09-01","Tirol",24.9,2.7666666666666666,,155.64999999999998,13.022222222222224,115.36666666666667
"1976-09-01","Vorarlberg",24.35,3.75,,155.29999999999998,13.377152777777777,146.85000000000002
"1976-09-01","Wien",27.3,5.933333333333334,,94.09999999999998,13.634305555555555,78.56666666666666
"1976-10-01","Burgenland",24.8,0,,92.00000000000003,11.670967741935485,30.600000000000005
"1976-10-01","Kärnten",20.766666666666666,-0.9333333333333333,,99.29999999999998,8.82016129032258,82.83333333333333
"1976-10-01","Niederösterreich",25.266666666666666,-0.8,,,9.910618279569896,38.2
"1976-10-01","Oberösterreich",23,0.10000000000000002,,99.4,10.192473118279569,24.46666666666667
"1976-10-01","Salzburg",16,-4.733333333333333,,134.16666666666666,4.546236559139785,69.96666666666665
"1976-10-01","Steiermark",22.35,1.3,,101.28571428571432,10.716129032258063,65.65
"1976-10-01","Tirol",23.53333333333333,0.5333333333333333,,138.74999999999997,11.353763440860213,69.2
"1976-10-01","Vorarlberg",24.4,2.4000000000000004,,121.80000000000001,10.744556451612914,44.35000000000001
"1976-10-01","Wien",24.199999999999996,0.8,,87.19999999999999,10.674417562724011,33.800000000000004
"1976-11-01","Burgenland",17,-2.9,,55.00000000000001,7.146666666666666,55.89999999999999
"1976-11-01","Kärnten",10.466666666666667,-7.4,,61.65,2.943611111111112,40.2
"1976-11-01","Niederösterreich",16.366666666666667,-4.066666666666666,,,4.9319444444444445,73.6
"1976-11-01","Oberösterreich",16.133333333333333,-3.433333333333333,,37.50000000000001,4.592222222222223,76.43333333333335
"1976-11-01","Salzburg",6.300000000000001,-13.433333333333332,,79.76666666666665,-2.7411111111111106,136.83333333333331
"1976-11-01","Steiermark",14.95,-4.8,,56.1857142857143,5.478333333333333,33.45
"1976-11-01","Tirol",15.1,-4.533333333333333,,73.60000000000001,4.31111111111111,61.46666666666667
"1976-11-01","Vorarlberg",19.2,-1.2499999999999998,,64.50000000000001,4.922847222222223,94.65
"1976-11-01","Wien",16.833333333333332,-1.866666666666667,,44.900000000000006,6.278518518518514,60.188888888888904
"1976-12-01","Burgenland",10.5,-11.8,,45.5,0.8935483870967741,20.7
"1976-12-01","Kärnten",5.5,-14.333333333333332,,77.40000000000002,-3.4993383343524282,63.89999999999999
"1976-12-01","Niederösterreich",8.466666666666667,-17.53333333333333,,,-1.4974629295957202,16.150000000000006
"1976-12-01","Oberösterreich",8.833333333333332,-17.06666666666667,,28.4,-1.9204301075268817,18.53333333333333
"1976-12-01","Salzburg",2.8999999999999995,-19.466666666666665,,102.63333333333333,-7.089426523297491,104.56666666666666
"1976-12-01","Steiermark",6.6499999999999995,-15.8,,64.74285714285715,-1.904838709677419,46.85000000000001
"1976-12-01","Tirol",8.233333333333334,-17.4,,54.85,-3.6139784946236557,42.13333333333333
"1976-12-01","Vorarlberg",13.149999999999999,-15.1,,49.400000000000006,-1.9560332871012485,83.5
"1976-12-01","Wien",10.233333333333333,-13.6,,37.00000000000001,0.13329107820181987,28.433333333333348
"1977-01-01","Burgenland",11.8,-11,,44.60000000000001,0.09677419354838711,53.1
"1977-01-01","Kärnten",6.233333333333333,-12.433333333333334,,63.45,-2.4279196535244933,70.69999999999999
"1977-01-01","Niederösterreich",8.833333333333334,-11.933333333333334,,16.599999999999994,-1.1408602150537632,22.433333333333334
"1977-01-01","Oberösterreich",7.466666666666667,-12.266666666666667,,,-1.4602150537634409,40.266666666666666
"1977-01-01","Salzburg",4.033333333333333,-17.03333333333333,,70.86666666666669,-5.695698924731183,111.60000000000001
"1977-01-01","Steiermark",8.899999999999999,-12.133333333333333,,62.949999999999996,-0.389247311827957,30.799999999999997
"1977-01-01","Tirol",7.000000000000001,-15.333333333333334,,45.5,-1.5268817204301075,114.03333333333333
"1977-01-01","Vorarlberg",13.8,-10.9,,51.5,0.6846102150537632,73.5
"1977-01-01","Wien",11.166666666666668,-8.833333333333332,,39.1,0.16478494623655932,48.822222222222244
"1977-02-01","Burgenland",16.5,-7.6,,86.00000000000004,4.242857142857143,57.10000000000001
"1977-02-01","Kärnten",9.2,-9.266666666666666,,107.10000000000002,0.8262070352234293,78.86666666666666
"1977-02-01","Niederösterreich",14.533333333333333,-12.566666666666666,,67.30000000000001,2.283333333333333,72.36666666666667
"1977-02-01","Oberösterreich",14.133333333333333,-11.7,,71.3,2.598809523809524,91.36666666666666
"1977-02-01","Salzburg",3.866666666666667,-16.066666666666666,,91.23333333333332,-4.703571428571428,140.89999999999998
"1977-02-01","Steiermark",14.733333333333333,-6.3,,96.95000000000002,3.882142857142857,36.10000000000001
"1977-02-01","Tirol",13.933333333333334,-9.733333333333333,,109.95000000000002,2.626190476190476,78.46666666666668
"1977-02-01","Vorarlberg",17.6,-4.9,,91,5.050796406525572,142.4
"1977-02-01","Wien",17.4,-7.833333333333333,,75.99999999999997,3.1717757936507933,51.16666666666668
"1977-03-01","Burgenland",25.2,-2.6,,186,9.732258064516126,38.900000000000006
"1977-03-01","Kärnten",18.43333333333333,-8.533333333333333,,174.29999999999995,5.589679541913292,29.366666666666667
"1977-03-01","Niederösterreich",22.633333333333333,-7.5,,131.5,6.961290322580645,60.26666666666667
"1977-03-01","Oberösterreich",21.733333333333334,-5.933333333333333,,136.2,7.2440860215053755,32.800000000000004
"1977-03-01","Salzburg",10.466666666666665,-14.899999999999999,,146.96666666666664,-0.4602150537634409,88.46666666666667
"1977-03-01","Steiermark",22.366666666666667,-6.033333333333332,,172.50000000000003,7.870967741935485,23.533333333333335
"1977-03-01","Tirol",22,-7.433333333333333,,168,7.801075268817204,42.1
"1977-03-01","Vorarlberg",20.7,-3.6,,147.50000000000006,7.607526881720424,64.94999999999999
"1977-03-01","Wien",25.1,-3.3999999999999995,,158.09999999999997,8.679525089605733,44.68888888888889
"1977-04-01","Burgenland",28.6,-2.5,,168.70000000000005,9.466666666666665,21.000000000000004
"1977-04-01","Kärnten",20.199999999999996,-8.333333333333334,,176.14999999999995,5.595214410967637,50.666666666666664
"1977-04-01","Niederösterreich",23.633333333333333,-5.799999999999999,,123.99999999999997,6.896666666666667,58.86666666666666
"1977-04-01","Oberösterreich",19.066666666666666,-3.8000000000000003,,133.20000000000002,6.962222222222222,59.33333333333333
"1977-04-01","Salzburg",10.166666666666666,-14.333333333333334,,131.63333333333333,-2.324444444444445,158.4
"1977-04-01","Steiermark",24.933333333333334,-2.7666666666666666,,172.10000000000008,8.137777777777778,38.06666666666667
"1977-04-01","Tirol",21.8,-3.3666666666666667,,148.14999999999995,7.583333333333333,90.9
"1977-04-01","Vorarlberg",21.6,-1.7,,114.5,6.89412569800688,203.85
"1977-04-01","Wien",26.266666666666666,-2.2666666666666666,,151.4,8.803157447260745,37.611111111111114
"1977-05-01","Burgenland",29.6,3.2,,245.69999999999996,15.099999999999996,36.199999999999996
"1977-05-01","Kärnten",21.299999999999997,0.36666666666666664,,176.9,11.218413978494628,79.7
"1977-05-01","Niederösterreich",27.700000000000003,-0.13333333333333336,,212.99999999999997,12.76989247311828,15.300000000000002
"1977-05-01","Oberösterreich",27.099999999999998,3.4,,212.99999999999994,13.523655913978496,19.866666666666664
"1977-05-01","Salzburg",12.933333333333334,-5,,166.1333333333333,3.9107526881720425,114.73333333333333
"1977-05-01","Steiermark",26.566666666666666,3.7,,200.25000000000003,14.258064516129032,40.900000000000006
"1977-05-01","Tirol",26.466666666666672,2.2333333333333334,,176.09999999999997,13.032258064516126,68.23333333333333
"1977-05-01","Vorarlberg",25.6,2.3,,183.09999999999988,12.44112903225807,29.950000000000003
"1977-05-01","Wien",28.4,3.433333333333333,,219.69999999999996,14.569937275985662,9.32222222222222
"1977-06-01","Burgenland",31.5,3.2,,274.2,19.419999999999998,23.000000000000004
"1977-06-01","Kärnten",26.433333333333334,1.4,,218.59999999999994,15.243564814814807,77.83333333333334
"1977-06-01","Niederösterreich",28.766666666666666,0.5,,228.49999999999994,16.385555555555555,49.733333333333334
"1977-06-01","Oberösterreich",29.4,2.4666666666666663,,226.8,17.131111111111114,93.19999999999999
"1977-06-01","Salzburg",18.7,-3.466666666666667,,162.96666666666664,6.985555555555556,125.23333333333332
"1977-06-01","Steiermark",30.433333333333337,3.6666666666666665,,242.25,17.593333333333334,77.03333333333333
"1977-06-01","Tirol",31.899999999999995,4.066666666666666,,210.14999999999995,16.95777777777778,78.06666666666666
"1977-06-01","Vorarlberg",34.25,5,,190.00000000000006,16.15444444444443,141.04999999999998
"1977-06-01","Wien",30.533333333333335,2.8666666666666667,,249.60000000000002,18.681342592592593,22.611111111111118
"1977-07-01","Burgenland",30.5,9.5,,232.69999999999976,19.999999999999996,47.400000000000006
"1977-07-01","Kärnten",26,4.766666666666666,,204.84999999999988,16.16236559139785,117.66666666666667
"1977-07-01","Niederösterreich",29.133333333333333,5.433333333333334,,261.19999999999993,17.140860215053763,80.3
"1977-07-01","Oberösterreich",29.333333333333332,6.533333333333333,,252.59999999999994,17.97849462365591,77.33333333333333
"1977-07-01","Salzburg",18.73333333333333,-2.0999999999999996,,169.1666666666666,8.504301075268819,167.20000000000002
"1977-07-01","Steiermark",29.033333333333335,7.033333333333334,,228.29999999999995,18.327956989247312,84.93333333333334
"1977-07-01","Tirol",30.2,7.466666666666667,,211.94999999999993,17.811827956989248,160.3
"1977-07-01","Vorarlberg",28,8.25,,218.70000000000002,17.48911290322579,202.09999999999997
"1977-07-01","Wien",30.6,9.766666666666666,,225.09999999999997,19.1855734767025,73.54444444444442
"1977-08-01","Burgenland",29,10,,183.89999999999998,19.36451612903226,19.099999999999998
"1977-08-01","Kärnten",23.766666666666666,5.233333333333333,,159.16249999999994,15.247174125940168,101.36666666666665
"1977-08-01","Niederösterreich",28.099999999999998,4.7666666666666675,,161.74,16.306451612903228,65.66666666666666
"1977-08-01","Oberösterreich",28.033333333333335,6.2,,148.65999999999997,16.76451612903226,142.7333333333333
"1977-08-01","Salzburg",16.8,-0.8666666666666667,,124.53333333333333,7.634408602150538,112.2
"1977-08-01","Steiermark",27.433333333333334,7.433333333333334,,167.63750000000007,17.716129032258063,43.3
"1977-08-01","Tirol",28.166666666666664,6.6000000000000005,,165.31249999999994,16.583870967741937,114.5
"1977-08-01","Vorarlberg",26.1,8.7,,159.6,16.000346740637994,141
"1977-08-01","Wien",28.7,8.6,,170.18000000000006,17.971681605098468,87.89999999999998
"1977-09-01","Burgenland",28,3.4,,160.69999999999996,14.753333333333337,18.7
"1977-09-01","Kärnten",23,-0.8666666666666667,,149.8375,11.021388888888891,47.833333333333336
"1977-09-01","Niederösterreich",25.96666666666667,-0.7999999999999999,,144.70000000000002,11.98888888888889,27.6
"1977-09-01","Oberösterreich",24.200000000000003,1.8000000000000003,,124.19999999999997,12.518888888888888,55.66666666666668
"1977-09-01","Salzburg",16.533333333333335,-6.033333333333334,,134.16666666666666,4.753333333333334,79.7
"1977-09-01","Steiermark",27.233333333333334,0.2666666666666666,,163.2499999999999,13.23333333333333,20.7
"1977-09-01","Tirol",26.599999999999998,1.6666666666666665,,175.99999999999997,13.412222222222223,23.833333333333332
"1977-09-01","Vorarlberg",24.85,2.2,,177.10000000000002,12.745624999999997,62.25
"1977-09-01","Wien",27.233333333333334,1,,144.29999999999995,13.46907407407407,31.40000000000001
"1977-10-01","Burgenland",26.5,2.4,,133,11.861290322580645,9
"1977-10-01","Kärnten",19.400000000000002,-1.6666666666666667,,169.52499999999998,9.430241935483872,-1.633333333333334
"1977-10-01","Niederösterreich",23.266666666666666,-1.8666666666666667,,85.69999999999996,9.51720430107527,15.833333333333329
"1977-10-01","Oberösterreich",21.76666666666667,0.6000000000000002,,89.39999999999999,9.795698924731182,1.5
"1977-10-01","Salzburg",15.06666666666667,-6.433333333333334,,203.80000000000004,4.908602150537635,4.4
"1977-10-01","Steiermark",24.7,0.09999999999999998,,144.9,11.30537634408602,-13.333333333333334
"1977-10-01","Tirol",23.733333333333334,-0.6000000000000001,,199.60000000000008,11.6258064516129,-5.533333333333333
"1977-10-01","Vorarlberg",24.25,1.1,,103.99999999999999,10.579233870967737,31.599999999999998
"1977-10-01","Wien",25.533333333333335,0.7333333333333333,,124.1,10.778539426523295,-1.0555555555555574
"1977-11-01","Burgenland",18.6,-5.6,,72.7,6.166666666666669,9.9
"1977-11-01","Kärnten",15.533333333333333,-8.266666666666664,,90.85000000000001,2.089446247360017,34.46666666666666
"1977-11-01","Niederösterreich",19.233333333333334,-11.433333333333334,,62.30000000000001,4.569999999999999,18.9
"1977-11-01","Oberösterreich",16.666666666666664,-8.6,,72.00000000000001,4.671111111111111,51.53333333333334
"1977-11-01","Salzburg",11.533333333333333,-14.766666666666667,,83.4,-3.5988888888888892,92.53333333333335
"1977-11-01","Steiermark",19.2,-7.999999999999999,,97.35000000000001,4.885555555555555,8.933333333333337
"1977-11-01","Tirol",17.866666666666667,-9.666666666666666,,99.85,3.6211111111111114,50.00000000000001
"1977-11-01","Vorarlberg",19.8,-8,,89.79999999999998,5.275277777777781,118.9
"1977-11-01","Wien",20.299999999999997,-6.3999999999999995,,80.60000000000004,6.224490740740741,11.66666666666667
"1977-12-01","Burgenland",10.6,-8.4,,34.70000000000001,-0.058064516129032295,-2.000000000000001
"1977-12-01","Kärnten",6.366666666666667,-10.566666666666666,,65.96250000000002,-1.6333009307032367,10.633333333333333
"1977-12-01","Niederösterreich",9.500000000000002,-14.500000000000002,,34.00000000000001,-1.5408602150537631,28.333333333333332
"1977-12-01","Oberösterreich",7.633333333333334,-12.966666666666667,,28.800000000000004,-0.7096774193548387,51.99999999999999
"1977-12-01","Salzburg",7.566666666666667,-15.9,,86.30000000000001,-4.3892473118279565,118.96666666666665
"1977-12-01","Steiermark",9.399999999999999,-10.200000000000001,,51.187500000000014,-1.0956989247311828,18.5
"1977-12-01","Tirol",9.766666666666666,-13.1,,37.6625,-1.16989247311828,26.6
"1977-12-01","Vorarlberg",16.65,-8.95,,34,1.2283351275627465,39.75
"1977-12-01","Wien",8.8,-9.133333333333333,,29,0.11114690369309832,16.63333333333333
"1978-01-01","Burgenland",9.5,-9.6,,58.6,0.8419354838709678,0.5999999999999996
"1978-01-01","Kärnten",4.266666666666667,-12.533333333333333,,74.4,-2.9814516129032267,62.1
"1978-01-01","Niederösterreich",7.933333333333333,-10.966666666666667,,53.699999999999996,-0.47634408602150546,6.666666666666668
"1978-01-01","Oberösterreich",7.733333333333334,-12.433333333333334,,61.00000000000002,-0.5397849462365591,16.666666666666668
"1978-01-01","Salzburg",2.4,-19.8,,79.46666666666665,-8.736827956989245,102.23333333333333
"1978-01-01","Steiermark",6.766666666666666,-11.366666666666665,,56.39999999999999,-0.8505376344086023,20.73333333333333
"1978-01-01","Tirol",7.566666666666666,-12.566666666666668,,54.600000000000016,-2.7008064516129036,71.6
"1978-01-01","Vorarlberg",12,-10.35,,59.5,0.40020161290322603,62.1
"1978-01-01","Wien",7.966666666666667,-6.333333333333333,,51.7,0.741308243727599,15.844444444444445
"1978-02-01","Burgenland",16,-17.6,,57.600000000000016,-0.5392857142857146,19.199999999999996
"1978-02-01","Kärnten",9.133333333333333,-13.433333333333334,,68.73333333333335,-3.1883432539682532,13.800000000000002
"1978-02-01","Niederösterreich",12.299999999999999,-19.900000000000002,,59.4,-2.330952380952381,9.43333333333333
"1978-02-01","Oberösterreich",10.266666666666667,-17,,73.4,-2.251190476190476,21
"1978-02-01","Salzburg",7.666666666666666,-18.633333333333333,,80.36666666666669,-8.992063492063503,67.86666666666666
"1978-02-01","Steiermark",14.4,-12.866666666666667,,63.349999999999994,-0.2595238095238097,0.20000000000000034
"1978-02-01","Tirol",13.7,-12.833333333333336,,95.94999999999999,-2.2781249999999993,37.900000000000006
"1978-02-01","Vorarlberg",18.7,-10.9,,58.8,0.06994047619047503,114.6
"1978-02-01","Wien",14.866666666666667,-17.233333333333338,,52.199999999999996,-0.8695932539682544,20.3
"1978-03-01","Burgenland",22.4,-1.6,,135.1999999999999,7.122580645161291,24.900000000000002
"1978-03-01","Kärnten",14.566666666666666,-6.200000000000001,,162.76666666666668,3.4478942652329727,23.833333333333332
"1978-03-01","Niederösterreich",20.93333333333333,-4.699999999999999,,115.60000000000004,4.952688172043011,29.000000000000004
"1978-03-01","Oberösterreich",20.199999999999996,-3.2333333333333334,,107.50000000000001,4.851612903225806,40.93333333333332
"1978-03-01","Salzburg",8.833333333333334,-13.3,,118.53333333333333,-6.224193548387095,161.16666666666669
"1978-03-01","Steiermark",20.633333333333336,-3.733333333333333,,165.7,6.198924731182797,12.899999999999999
"1978-03-01","Tirol",19.766666666666666,-3.3666666666666663,,148.89999999999998,4.165053763440859,80.89999999999999
"1978-03-01","Vorarlberg",19.95,-2,,113.60000000000001,5.662365591397844,105.74999999999999
"1978-03-01","Wien",21.766666666666666,-1.9000000000000001,,122.50000000000003,6.929614695340501,32.72222222222223
"1978-04-01","Burgenland",21.5,-3.6,,182.59999999999988,9.673333333333332,17.3
"1978-04-01","Kärnten",15.266666666666667,-6.033333333333333,,137.83333333333331,5.348417025346724,78.96666666666665
"1978-04-01","Niederösterreich",19.333333333333332,-6.833333333333333,,182.09999999999997,6.742222222222223,24.766666666666662
"1978-04-01","Oberösterreich",19.33333333333333,-3.4666666666666663,,187.3,7.752222222222222,19
"1978-04-01","Salzburg",6.999999999999999,-11.433333333333334,,134,-4.228426590148255,116.26666666666665
"1978-04-01","Steiermark",21.700000000000003,-3,,147.6625,8.016666666666667,45.266666666666666
"1978-04-01","Tirol",19.56666666666667,-2,,165.6125,7.30375631011212,51.30000000000001
"1978-04-01","Vorarlberg",20.65,-1.5,,178.4333333333334,7.94304160688666,35.55
"1978-04-01","Wien",21.333333333333332,-4,,164.34,8.917878739571709,20.877777777777776
"1978-05-01","Burgenland",25,0.6,,188.2,13.906451612903226,107.49999999999997
"1978-05-01","Kärnten",17.466666666666672,-3.733333333333333,,138.4666666666666,9.748073476702507,90.60000000000001
"1978-05-01","Niederösterreich",23.8,-2.533333333333333,,144.7,11.422580645161291,67.6
"1978-05-01","Oberösterreich",23.96666666666666,-1.633333333333333,,155.40000000000003,12.131182795698928,53.76666666666667
"1978-05-01","Salzburg",9.433333333333334,-8.333333333333334,,89.7333333333333,-0.5162186379928302,193.00000000000003
"1978-05-01","Steiermark",22.56666666666667,-0.8666666666666666,,167.74999999999997,12.554838709677417,71.63333333333333
"1978-05-01","Tirol",23.7,0.09999999999999998,,144.85,11.327867383512547,102.86666666666666
"1978-05-01","Vorarlberg",23.5,3.5,,147.09999999999997,11.580913978494621,195.3
"1978-05-01","Wien",24.133333333333336,0.30000000000000004,,152.50000000000009,13.054973118279573,105.43333333333331
"1978-06-01","Burgenland",28.6,6.5,,259.5,17.439999999999998,36.10000000000001
"1978-06-01","Kärnten",23.933333333333334,2.533333333333333,,196.59999999999985,13.823055555555554,134.53333333333336
"1978-06-01","Niederösterreich",26.7,2.7333333333333334,,265.39999999999986,14.657777777777778,66.1
"1978-06-01","Oberösterreich",26.566666666666666,4.533333333333333,,244.59999999999994,15.336666666666666,59.733333333333334
"1978-06-01","Salzburg",15.899999999999997,-4.6,,165.09999999999982,3.2979166666666666,132.5
"1978-06-01","Steiermark",27.733333333333334,4.9,,217.24999999999994,16.277777777777782,90.96666666666665
"1978-06-01","Tirol",28.766666666666666,3.6666666666666665,,219.89999999999998,15.127037037037029,82.76666666666667
"1978-06-01","Vorarlberg",27.9,6.35,,208.40000000000006,15.222083333333341,180.15
"1978-06-01","Wien",28.3,6.266666666666667,,220.79999999999995,16.884212962962962,28.81111111111111
"1978-07-01","Burgenland",30.5,6.4,,242.40000000000023,18.64838709677419,25.400000000000002
"1978-07-01","Kärnten",23.6,4.133333333333334,,180.93333333333334,14.952374551971324,166.76666666666668
"1978-07-01","Niederösterreich",27.933333333333334,4.466666666666667,,227.5,15.732258064516131,69.40000000000002
"1978-07-01","Oberösterreich",27.666666666666668,5.8,,221.10000000000002,16.340860215053766,84.19999999999999
"1978-07-01","Salzburg",17.099999999999998,-1.8,,171.19999999999993,5.073252688172043,193.96666666666667
"1978-07-01","Steiermark",27.23333333333333,6.666666666666667,,207.60000000000002,17.08817204301075,114.50000000000001
"1978-07-01","Tirol",29.2,5.233333333333333,,209.50000000000009,16.3119623655914,121.36666666666669
"1978-07-01","Vorarlberg",28.95,9.2,,207.4,16.88091397849461,179.85000000000002
"1978-07-01","Wien",30.666666666666664,8.033333333333333,,217.70000000000005,17.70967741935484,37.5
"1978-08-01","Burgenland",31.2,7,,250.9000000000001,19.04516129032258,21.2
"1978-08-01","Kärnten",25.233333333333334,3.6,,199.93333333333325,14.816106164775132,90.96666666666665
"1978-08-01","Niederösterreich",28.233333333333334,3.5,,219.96000000000006,15.706451612903225,34.83333333333333
"1978-08-01","Oberösterreich",28.33333333333333,5.133333333333333,,209.04000000000005,16.072043010752687,57.86666666666666
"1978-08-01","Salzburg",16.666666666666664,-2.5999999999999996,,175.93333333333334,5.141621801659384,130.36666666666667
"1978-08-01","Steiermark",28.200000000000003,5.366666666666667,,210.37499999999997,16.96021505376344,36.3
"1978-08-01","Tirol",28.533333333333335,5.933333333333334,,229.15,15.93359978922146,83.39999999999999
"1978-08-01","Vorarlberg",27.1,5.9,,192.96666666666667,16.20076282940363,152.8
"1978-08-01","Wien",30.6,6.966666666666666,,233.92000000000004,17.828889087736556,17.28888888888889
"1978-09-01","Burgenland",29.5,5,,54.79999999999999,15.823333333333332,29.1
"1978-09-01","Kärnten",25.76666666666667,0.9000000000000001,,180.79999999999987,12.369398148148145,72.2
"1978-09-01","Niederösterreich",26.266666666666666,3.6333333333333337,,114.49999999999999,13.338888888888889,53.099999999999994
"1978-09-01","Oberösterreich",24.166666666666664,4.533333333333333,,127.79999999999998,13.304444444444444,65.06666666666666
"1978-09-01","Salzburg",15.900000000000002,-4.1,,128.46666666666664,2.636388888888889,220.4
"1978-09-01","Steiermark",28.9,2.9333333333333336,,176.59999999999997,14.21222222222222,34.86666666666667
"1978-09-01","Tirol",27.1,2.4666666666666663,,188.54999999999998,13.221342592592592,104
"1978-09-01","Vorarlberg",25.65,4.15,,176.7,13.886111111111111,104.6
"1978-09-01","Wien",27.733333333333334,6.7,,158.29999999999993,14.815092592592595,41.711111111111116
"1978-10-01","Burgenland",23,-0.6,,137.30000000000007,11.535483870967743,26.900000000000006
"1978-10-01","Kärnten",17.666666666666664,-2.7,,159.86666666666662,7.553897849462368,9.766666666666671
"1978-10-01","Niederösterreich",21.566666666666666,-1.4333333333333336,,86.00000000000001,8.933333333333334,20.666666666666668
"1978-10-01","Oberösterreich",19.666666666666668,-0.3666666666666666,,67.3,8.956989247311828,19.63333333333333
"1978-10-01","Salzburg",15.433333333333334,-8,,132.34999999999997,0.43028673835125425,108.66666666666666
"1978-10-01","Steiermark",20.133333333333333,-0.4333333333333334,,154.39999999999998,9.933333333333335,-2.5666666666666673
"1978-10-01","Tirol",21.53333333333333,-0.49999999999999994,,167.75000000000006,7.7689964157706095,88.13333333333333
"1978-10-01","Vorarlberg",17.200000000000003,0.75,,116.40000000000002,8.261424731182805,111.65000000000002
"1978-10-01","Wien",23.099999999999998,1.6333333333333333,,123.50000000000001,10.456899641577065,8.444444444444443
"1978-11-01","Burgenland",12,-3.4,,32.199999999999996,2.3533333333333335,-4.5
"1978-11-01","Kärnten",12.466666666666669,-8.799999999999999,,138.53333333333336,1.022781231733886,8.899999999999999
"1978-11-01","Niederösterreich",10.5,-6.1,,12,1.0544444444444443,-2.5333333333333323
"1978-11-01","Oberösterreich",9.033333333333333,-4.166666666666667,,21.6,1.4066666666666667,6.9333333333333345
"1978-11-01","Salzburg",8.6,-14.200000000000001,,166.99999999999997,-2.4530123811042026,14.633333333333335
"1978-11-01","Steiermark",12.466666666666667,-8.333333333333334,,41.68749999999999,1.2088888888888891,1.9999999999999998
"1978-11-01","Tirol",12.566666666666666,-6.1,,160.78749999999997,0.6649056804293527,-5.966666666666667
"1978-11-01","Vorarlberg",12.25,-5.15,,93.39999999999999,2.860043041606886,12.799999999999999
"1978-11-01","Wien",11.8,-2.8666666666666663,,33.4,2.389380944789842,11.92222222222222
"1978-12-01","Burgenland",12.2,-10.5,,26.6,0.8645161290322582,5.700000000000001
"1978-12-01","Kärnten",7.066666666666666,-16.033333333333335,,60.53333333333332,-3.525358422939067,21.733333333333334
"1978-12-01","Niederösterreich",12.1,-16.96666666666667,,40.70000000000001,-0.589247311827957,21.799999999999997
"1978-12-01","Oberösterreich",11.133333333333333,-14.766666666666666,,31.400000000000002,-0.31075268817204305,33.233333333333334
"1978-12-01","Salzburg",6.933333333333333,-14.866666666666665,,86.96666666666668,-6.298611111111111,45.93333333333334
"1978-12-01","Steiermark",9.466666666666665,-12.266666666666667,,64.6,-1.0795698924731185,7.5666666666666655
"1978-12-01","Tirol",9.066666666666666,-15.333333333333334,,42.84999999999999,-3.12163978494624,19.93333333333333
"1978-12-01","Vorarlberg",13.7,-10.35,,52.400000000000006,1.8141129032258059,40.650000000000006
"1978-12-01","Wien",13.266666666666667,-12.266666666666666,,31.299999999999997,0.7641577060931897,9.922222222222217
"1979-01-01","Burgenland",10.2,-15.5,,78.80000000000001,-3.680645161290322,31.200000000000003
"1979-01-01","Kärnten",5.4,-19.166666666666668,,81.00000000000001,-5.992293906810033,78.36666666666666
"1979-01-01","Niederösterreich",9.633333333333333,-17.733333333333334,,47.50000000000001,-5.0827956989247305,18.5
"1979-01-01","Oberösterreich",8.3,-16.133333333333333,,52.099999999999994,-5.023655913978495,28.900000000000006
"1979-01-01","Salzburg",4.133333333333333,-24.566666666666666,,69.63333333333331,-11.43938172043011,94.33333333333334
"1979-01-01","Steiermark",9.8,-15.333333333333334,,79.7,-3.665591397849462,33.833333333333336
"1979-01-01","Tirol",7.9,-18.966666666666665,,57.80000000000001,-5.326376941457588,44.50000000000001
"1979-01-01","Vorarlberg",9.7,-15.100000000000001,,49.2,-2.9739247311827954,60.05
"1979-01-01","Wien",10.433333333333334,-15.2,,56.100000000000016,-3.722715053763439,34.32222222222224
"1979-02-01","Burgenland",8.4,-5.6,,84.40000000000002,1.5678571428571426,22.400000000000002
"1979-02-01","Kärnten",6.133333333333333,-12.466666666666667,,78.93333333333334,-2.221676587301588,50.099999999999994
"1979-02-01","Niederösterreich",10.200000000000001,-12.3,,60.8,-0.39761904761904765,32.96666666666667
"1979-02-01","Oberösterreich",8.2,-9.233333333333334,,60.6,0.4904761904761905,30.466666666666665
"1979-02-01","Salzburg",2.5666666666666664,-18.133333333333333,,87.56666666666665,-8.00565476190476,43.06666666666666
"1979-02-01","Steiermark",10.033333333333333,-10.4,,77.15,0.6083333333333333,47.13333333333334
"1979-02-01","Tirol",10.533333333333335,-11.033333333333333,,111.70000000000002,0.08110119047619066,38.766666666666666
"1979-02-01","Vorarlberg",12.5,-7.35,,77.7,2.3954613095238106,85.94999999999999
"1979-02-01","Wien",9.333333333333332,-7.533333333333333,,62.20000000000002,0.8998511904761903,48.0888888888889
"1979-03-01","Burgenland",18.5,-3.8,,128.00000000000006,7.390322580645161,53.400000000000006
"1979-03-01","Kärnten",12.299999999999999,-8.833333333333334,,106.79999999999997,3.064567332309268,46.63333333333334
"1979-03-01","Niederösterreich",15.333333333333334,-8.033333333333333,,118.20000000000002,4.517204301075269,79.30000000000001
"1979-03-01","Oberösterreich",15.833333333333332,-7.999999999999999,,123.79999999999998,5.0397849462365585,99.9
"1979-03-01","Salzburg",5.533333333333333,-11.900000000000002,,114.6666666666667,-5.4694187185261445,154.43333333333334
"1979-03-01","Steiermark",17.599999999999998,-6.133333333333335,,122.95000000000005,6.301075268817205,55.1
"1979-03-01","Tirol",17.533333333333335,-5.266666666666667,,131.18749999999997,4.623301965112177,107.16666666666669
"1979-03-01","Vorarlberg",20.2,-1.15,,102.10000000000001,5.949029126213591,153.8
"1979-03-01","Wien",18.466666666666665,-6.7,,121.40000000000003,6.426709220069695,88.35555555555554
"1979-04-01","Burgenland",21.4,-1,,185.3000000000001,9.43,79.6
"1979-04-01","Kärnten",15.599999999999998,-4.6000000000000005,,147.29999999999995,5.3445370370370355,53.93333333333334
"1979-04-01","Niederösterreich",19.433333333333334,-3.2333333333333334,,134.09999999999997,6.47,76.16666666666667
"1979-04-01","Oberösterreich",19.333333333333336,-2.533333333333333,,132.3,6.965555555555555,79.03333333333335
"1979-04-01","Salzburg",6.733333333333333,-10.566666666666666,,115.8,-5.120972222222222,132.16666666666669
"1979-04-01","Steiermark",20.133333333333333,-1.9999999999999998,,161.45000000000002,8.202222222222222,47.266666666666666
"1979-04-01","Tirol",20.400000000000002,-2.0333333333333337,,144.99999999999997,6.485185185185183,89.00000000000001
"1979-04-01","Vorarlberg",18.8,-0.7499999999999999,,147.69999999999993,6.605347222222219,122.24999999999997
"1979-04-01","Wien",20.666666666666668,-1.4000000000000001,,164.29999999999993,8.311157407407405,63.93333333333334
"1979-05-01","Burgenland",30.6,-1,,321.9999999999999,15.683870967741933,27.900000000000006
"1979-05-01","Kärnten",25.2,-5.8,,281.7999999999999,11.536514336917568,74.7
"1979-05-01","Niederösterreich",29.366666666666667,-3.666666666666667,,292.19999999999993,12.691397849462367,10.166666666666664
"1979-05-01","Oberösterreich",29.333333333333332,-2.0999999999999996,,281,13.417204301075266,21.23333333333333
"1979-05-01","Salzburg",18.466666666666665,-12.733333333333334,,250.70000000000002,0.74901433691756,87.96666666666667
"1979-05-01","Steiermark",28.433333333333334,-2.066666666666667,,293.15000000000015,14.108602150537633,23.899999999999995
"1979-05-01","Tirol",30.299999999999997,-4.066666666666666,,279.75000000000006,12.90586917562724,70.30000000000001
"1979-05-01","Vorarlberg",29.35,-0.44999999999999996,,255.0000000000001,13.439314516129029,82.25
"1979-05-01","Wien",29.466666666666665,-0.46666666666666673,,313.6,14.970340501792117,-3.6444444444444457
"1979-06-01","Burgenland",31.8,10.5,,224.49999999999994,20.670000000000005,101.79999999999998
"1979-06-01","Kärnten",24.866666666666667,4.566666666666666,,212.35000000000002,16.306111111111107,191.76666666666665
"1979-06-01","Niederösterreich",29.5,7.6,,202.29999999999993,17.461111111111112,105.76666666666668
"1979-06-01","Oberösterreich",29.266666666666666,8.466666666666667,,193.49999999999994,18.119999999999997,130.96666666666667
"1979-06-01","Salzburg",17.633333333333336,-2.966666666666667,,163.19999999999996,5.559953703703704,227.63333333333333
"1979-06-01","Steiermark",29.766666666666666,8.5,,213.70000000000005,19.02222222222222,128.46666666666667
"1979-06-01","Tirol",29.73333333333333,4.3,,199.59999999999994,16.564351851851843,188.93333333333334
"1979-06-01","Vorarlberg",27.45,6.6,,186.4999999999999,16.73729166666667,235.75000000000006
"1979-06-01","Wien",31.299999999999997,9.266666666666667,,206.39999999999992,19.404537037037038,91.9
"1979-07-01","Burgenland",30,10,,139.29999999999998,18.406451612903226,41.20000000000003
"1979-07-01","Kärnten",24.8,5.066666666666666,,183.3874999999999,15.440242793014486,148.36666666666665
"1979-07-01","Niederösterreich",26.866666666666664,6.366666666666666,,126.26,15.467741935483874,97.4
"1979-07-01","Oberösterreich",25.400000000000002,7.8999999999999995,,141.76,16.027956989247308,85.93333333333335
"1979-07-01","Salzburg",15.966666666666669,-1.1333333333333333,,117.36666666666665,4.858560641084912,189.13333333333335
"1979-07-01","Steiermark",28,7.9,,159.78749999999997,17.20322580645161,165.73333333333332
"1979-07-01","Tirol",28.7,7.266666666666667,,186.8875,16.47600206801584,101.1
"1979-07-01","Vorarlberg",29.2,8.95,,186.6666666666666,17.466920943134536,75.19999999999999
"1979-07-01","Wien",29.03333333333333,9.566666666666668,,142.67999999999992,17.247738356225675,58.43333333333335
"1979-08-01","Burgenland",30.4,6.5,,241.80000000000004,19.216129032258067,28.200000000000003
"1979-08-01","Kärnten",25.96666666666667,3.1666666666666665,,213.33333333333331,14.922356630824373,60.56666666666667
"1979-08-01","Niederösterreich",29.233333333333334,3.1333333333333333,,220.90000000000003,15.935483870967744,67.53333333333333
"1979-08-01","Oberösterreich",28.43333333333333,5.2,,195.99999999999991,16.275268817204307,95.33333333333331
"1979-08-01","Salzburg",18.466666666666665,-2.4,,169.59999999999994,5.230779569892473,192.5
"1979-08-01","Steiermark",29.166666666666668,5,,229.60000000000002,17.381720430107528,79.43333333333334
"1979-08-01","Tirol",29.633333333333336,5.300000000000001,,218.1999999999999,15.93306451612904,144.33333333333334
"1979-08-01","Vorarlberg",28.45,6.4,,194.50000000000006,16.22822580645161,166.5
"1979-08-01","Wien",31.866666666666667,5.4,,228.49999999999986,18.154883512544796,24.844444444444445
"1979-09-01","Burgenland",27.5,3,,212.00000000000009,16.590000000000003,20
"1979-09-01","Kärnten",22.8,0.7666666666666666,,178.83333333333331,13.349675925925922,60.73333333333334
"1979-09-01","Niederösterreich",27.033333333333335,-0.06666666666666675,,184.99999999999997,13.61111111111111,50.66666666666667
"1979-09-01","Oberösterreich",25.1,1.8666666666666667,,186.20000000000005,13.727777777777778,48.03333333333333
"1979-09-01","Salzburg",16.333333333333336,-3.5,,181.76666666666668,4.508657407407407,92.30000000000001
"1979-09-01","Steiermark",26.233333333333334,1.9666666666666666,,189.45000000000002,15.355555555555554,62.599999999999994
"1979-09-01","Tirol",26.766666666666666,2.6666666666666665,,211.8,14.124444444444443,120.56666666666668
"1979-09-01","Vorarlberg",26.6,2.05,,196.00000000000003,14.210069444444436,123.2
"1979-09-01","Wien",27.3,2.4,,204.5,15.076990740740731,21.899999999999995
"1979-10-01","Burgenland",24.2,-4.8,,161.20000000000002,9.748387096774195,8.9
"1979-10-01","Kärnten",16.766666666666666,-7.366666666666667,,110.60000000000001,7.199641577060928,20.466666666666665
"1979-10-01","Niederösterreich",20.900000000000002,-4.866666666666666,,151.4,7.623655913978493,-1.200000000000002
"1979-10-01","Oberösterreich",20.96666666666667,-1.7999999999999996,,134.20000000000002,8.481720430107526,-9.266666666666666
"1979-10-01","Salzburg",15.566666666666668,-6.199999999999998,,148.1666666666666,1.6899641577060929,57.46666666666667
"1979-10-01","Steiermark",21.6,-5.066666666666666,,120.35000000000001,8.89784946236559,10.033333333333335
"1979-10-01","Tirol",23.43333333333333,-1.1333333333333333,,142.28749999999997,9.773566308243728,37.56666666666666
"1979-10-01","Vorarlberg",22.9,1.8000000000000003,,118.4,10.701814516129039,58.69999999999999
"1979-10-01","Wien",24.4,-3.8666666666666667,,154.20000000000005,8.34793906810036,-0.3444444444444461
"1979-11-01","Burgenland",16.2,-3.1,,37.4,5.39,29.7
"1979-11-01","Kärnten",13.933333333333334,-7.533333333333333,,71.50000000000003,1.4435793612838095,111.36666666666667
"1979-11-01","Niederösterreich",15.533333333333331,-7.1000000000000005,,25.8,3.237777777777777,93.96666666666667
"1979-11-01","Oberösterreich",12.233333333333334,-4.833333333333333,,26.299999999999997,2.933333333333334,111.1
"1979-11-01","Salzburg",7.7333333333333325,-15.400000000000002,,66.33333333333334,-5.8635304745204335,217.26666666666668
"1979-11-01","Steiermark",17.133333333333333,-4.866666666666667,,67.96250000000002,4.672222222222222,100.1
"1979-11-01","Tirol",12.066666666666666,-6.266666666666666,,58.825,1.2939194431159995,173.76666666666668
"1979-11-01","Vorarlberg",14.75,-3.5999999999999996,,51.06666666666668,3.9929698708751786,150.10000000000002
"1979-11-01","Wien",15.533333333333335,-4.833333333333333,,39.10000000000001,4.777534406716616,105.8111111111111
"1979-12-01","Burgenland",15.4,-3.6,,37.6,4.612903225806454,30.900000000000002
"1979-12-01","Kärnten",10.866666666666669,-8.233333333333333,,53.466666666666676,0.06581541218637975,43.16666666666667
"1979-12-01","Niederösterreich",15.3,-5.433333333333333,,51.000000000000014,3.2430107526881713,33.46666666666666
"1979-12-01","Oberösterreich",12.899999999999999,-6.1,,65,3.452688172043011,42.56666666666667
"1979-12-01","Salzburg",6.3999999999999995,-14.066666666666666,,77.36666666666669,-6.237320788530466,117.33333333333333
"1979-12-01","Steiermark",14.9,-6.333333333333333,,51.300000000000004,2.5322580645161294,21.266666666666666
"1979-12-01","Tirol",12.066666666666665,-8.833333333333334,,39.35000000000002,0.05761329155752409,84.76666666666668
"1979-12-01","Vorarlberg",14.5,-4.949999999999999,,58.5,3.814919354838712,76.5
"1979-12-01","Wien",16.033333333333335,-4.533333333333333,,49.20000000000002,4.592831541218638,37.50000000000001
"1980-01-01","Burgenland",7.4,-14,,50.2,-3.1709677419354843,2.5000000000000004
"1980-01-01","Kärnten",4.133333333333334,-14.2,,78.20000000000003,-5.047759856630822,21.066666666666666
"1980-01-01","Niederösterreich",8.066666666666666,-18.8,,44,-4.7344086021505385,24.866666666666664
"1980-01-01","Oberösterreich",7.866666666666666,-15.366666666666665,,41.7,-3.9247311827956994,29.43333333333333
"1980-01-01","Salzburg",1.5999999999999996,-19.233333333333334,,94.03333333333333,-10.553836283207184,92.36666666666666
"1980-01-01","Steiermark",10.5,-14.133333333333333,,52.849999999999994,-2.7709677419354843,10.999999999999998
"1980-01-01","Tirol",8.033333333333335,-17.666666666666668,,66.49999999999997,-4.7881720430107535,43.63333333333333
"1980-01-01","Vorarlberg",12.6,-10.399999999999999,,37.000000000000014,-2.1643145161290347,91.1
"1980-01-01","Wien",4.666666666666667,-15.799999999999999,,48.20000000000001,-3.374103942652334,18.68888888888889
"1980-02-01","Burgenland",12.2,-5.5,,102.00000000000001,2.8827586206896556,-1.7999999999999994
"1980-02-01","Kärnten",9.533333333333333,-8.666666666666664,,133,-0.32499999999999984,-7.033333333333333
"1980-02-01","Niederösterreich",11.433333333333334,-6.966666666666668,,105.8,2.0137931034482754,16.03333333333334
"1980-02-01","Oberösterreich",11.766666666666667,-5.199999999999999,,114.10000000000002,2.5666666666666664,27.7
"1980-02-01","Salzburg",5.966666666666667,-13.166666666666668,,141.20000000000002,-7.132327586206897,74.89999999999999
"1980-02-01","Steiermark",12.266666666666667,-6.966666666666668,,104.15000000000002,2.491954022988505,-3.633333333333334
"1980-02-01","Tirol",11.966666666666667,-6.8,,168.25,2.1275862068965523,27.700000000000003
"1980-02-01","Vorarlberg",12.65,-3.7,,105.39999999999998,3.3647270114942516,60.750000000000014
"1980-02-01","Wien",10.166666666666666,-5.333333333333333,,87.4,2.5395114942528716,24.81111111111112
"1980-03-01","Burgenland",19.5,-5,,108.20000000000002,5.02258064516129,6.300000000000001
"1980-03-01","Kärnten",15.2,-9.6,,124.76666666666665,2.4623163765976166,21.933333333333337
"1980-03-01","Niederösterreich",16.2,-6.233333333333333,,83.49999999999997,3.1354838709677413,29.666666666666664
"1980-03-01","Oberösterreich",14.833333333333334,-6.966666666666667,,91.30000000000003,3.8903225806451616,35.63333333333334
"1980-03-01","Salzburg",4.833333333333334,-15.066666666666666,,117.43333333333335,-6.303194487942378,83.70000000000002
"1980-03-01","Steiermark",18.433333333333334,-6.766666666666667,,113.94999999999999,4.934408602150538,27.166666666666664
"1980-03-01","Tirol",19.333333333333336,-7.133333333333333,,140.61249999999993,5.034408602150538,36.4
"1980-03-01","Vorarlberg",17.25,-4.35,,120.80000000000001,5.200885866404187,71.45
"1980-03-01","Wien",17.76666666666667,-6.966666666666667,,92.30000000000003,4.206586332204872,27.755555555555556
"1980-04-01","Burgenland",21.2,1,,137.1,8.363333333333333,11.099999999999998
"1980-04-01","Kärnten",16.5,-5.166666666666666,,140.79999999999995,4.658564814814815,39.53333333333333
"1980-04-01","Niederösterreich",19.266666666666662,-2.7,,109.10000000000001,5.086666666666666,97.19999999999999
"1980-04-01","Oberösterreich",19,-1.1333333333333333,,113.60000000000004,5.571111111111112,120.83333333333333
"1980-04-01","Salzburg",9.066666666666666,-11.933333333333334,,111.29999999999994,-3.8099999999999996,163.96666666666664
"1980-04-01","Steiermark",21.233333333333334,-1.4,,135.55,7.602222222222222,-0.13333333333333341
"1980-04-01","Tirol",20.9,-1.8666666666666667,,170.74999999999991,6.417777777777778,72.66666666666667
"1980-04-01","Vorarlberg",19.450000000000003,-2.15,,135,6.194930555555557,177.1
"1980-04-01","Wien",20.56666666666667,-0.7666666666666668,,119.79999999999997,6.921018518518517,115.67777777777779
"1980-05-01","Burgenland",25.2,2,,252.90000000000003,12.680645161290322,22.499999999999996
"1980-05-01","Kärnten",18.166666666666668,-0.3666666666666667,,130.49999999999997,9.096415770609326,62.599999999999994
"1980-05-01","Niederösterreich",23,-1.5333333333333332,,229.40000000000003,9.881720430107528,34.53333333333333
"1980-05-01","Oberösterreich",22.966666666666665,1.3,,225.39999999999995,10.99569892473118,38.03333333333334
"1980-05-01","Salzburg",10.166666666666668,-5,,136.2333333333333,-0.19462365591398023,76.66666666666666
"1980-05-01","Steiermark",23.333333333333332,2.1666666666666665,,147.5499999999999,11.595698924731181,49.733333333333334
"1980-05-01","Tirol",23.333333333333332,2.033333333333333,,164.24999999999997,11.621505376344087,42.366666666666674
"1980-05-01","Vorarlberg",22.5,2.4,,159,11.21592741935483,74.5
"1980-05-01","Wien",24.633333333333333,1.3333333333333335,,239.59999999999988,11.936021505376345,10.644444444444444
"1980-06-01","Burgenland",31.6,6.8,,197.59999999999985,18.203333333333337,78.8
"1980-06-01","Kärnten",28.266666666666666,2.6999999999999997,,161.26666666666657,13.629074074074078,94.76666666666667
"1980-06-01","Niederösterreich",30.4,5.833333333333332,,185.69999999999993,15.383333333333333,70.69999999999999
"1980-06-01","Oberösterreich",30.5,7.4,,176.00000000000003,15.812222222222227,95.8
"1980-06-01","Salzburg",19.266666666666666,-2.5,,111.59999999999992,2.9854629629629637,182.5
"1980-06-01","Steiermark",31.233333333333334,5.933333333333333,,184.25000000000006,16.627777777777773,102.16666666666667
"1980-06-01","Tirol",33.50000000000001,5.733333333333333,,163.04999999999995,15.383333333333331,120.46666666666667
"1980-06-01","Vorarlberg",34.6,6.7,,146.29999999999987,15.147986111111114,224.39999999999998
"1980-06-01","Wien",30.633333333333333,8.266666666666666,,190,17.325000000000006,46.677777777777784
"1980-07-01","Burgenland",29.2,10,,200.9999999999999,19.400000000000002,60.70000000000001
"1980-07-01","Kärnten",25.333333333333332,4.466666666666667,,178.4,15.12589891578304,147.5
"1980-07-01","Niederösterreich",26.566666666666666,5.466666666666667,,181.09999999999994,16.153763440860217,57.13333333333334
"1980-07-01","Oberösterreich",26.533333333333335,6.433333333333333,,184.60000000000002,16.038709677419355,113.73333333333332
"1980-07-01","Salzburg",18.333333333333332,-0.8,,137.8,5.035151298226774,152.6
"1980-07-01","Steiermark",28.366666666666667,7.833333333333333,,211.71250000000006,17.7505376344086,62
"1980-07-01","Tirol",29.2,6.633333333333334,,177.60000000000002,16.58172043010753,117.66666666666667
"1980-07-01","Vorarlberg",29.15,7.25,,144.16666666666669,15.873880363294703,197
"1980-07-01","Wien",28.200000000000003,9,,174.47999999999993,18.449876962999426,43.977777777777774
"1980-08-01","Burgenland",31.6,6.5,,222.99999999999986,20.138709677419357,40.900000000000006
"1980-08-01","Kärnten",27.133333333333336,3.466666666666667,,231.30000000000004,16.98691756272402,115.86666666666667
"1980-08-01","Niederösterreich",30.5,3.4333333333333336,,219.69999999999987,17.36774193548387,49.06666666666666
"1980-08-01","Oberösterreich",29.666666666666668,5.1,,223.99999999999997,17.773118279569896,82.76666666666667
"1980-08-01","Salzburg",21.466666666666665,-1.2333333333333334,,205.99999999999997,7.5636200716845865,168.46666666666667
"1980-08-01","Steiermark",30.733333333333334,6.466666666666667,,229.8,19.01505376344086,101.76666666666667
"1980-08-01","Tirol",33,6.4,,248.60000000000002,18.966666666666665,90.30000000000001
"1980-08-01","Vorarlberg",30.35,6.5,,219.79999999999995,18.98192204301075,125.59999999999998
"1980-08-01","Wien",31.433333333333334,5.833333333333334,,208.99999999999994,19.109005376344086,33.17777777777778
"1980-09-01","Burgenland",25.8,5.4,,155.7,15.623333333333335,22.3
"1980-09-01","Kärnten",22.96666666666667,2.8666666666666667,,164.53333333333333,13.3624537037037,53.43333333333334
"1980-09-01","Niederösterreich",25.53333333333333,0.6333333333333333,,149.79999999999995,13.38,15.599999999999998
"1980-09-01","Oberösterreich",25.3,3.4333333333333336,,144.09999999999997,13.68888888888889,28.333333333333336
"1980-09-01","Salzburg",17.066666666666666,-2.033333333333333,,188.2666666666666,4.855324074074073,89.43333333333334
"1980-09-01","Steiermark",24.666666666666664,4.666666666666666,,132.3,15.061111111111112,16.5
"1980-09-01","Tirol",26.96666666666667,4.466666666666668,,226.35000000000005,15.407777777777778,41.300000000000004
"1980-09-01","Vorarlberg",25.85,5.5,,220.79999999999998,15.551250000000007,46.400000000000006
"1980-09-01","Wien",25.1,4.833333333333333,,133.39999999999998,14.718657407407402,25.08888888888889
"1980-10-01","Burgenland",22.2,-0.5,,130.4,10.62258064516129,52.500000000000014
"1980-10-01","Kärnten",17.63333333333333,-3,,119.40000000000002,6.589292114695344,200.13333333333335
"1980-10-01","Niederösterreich",20.6,-4,,103.4,7.92795698924731,69.93333333333334
"1980-10-01","Oberösterreich",20.833333333333336,-2,,90.4,8.009677419354837,68.03333333333333
"1980-10-01","Salzburg",11.833333333333336,-7.7333333333333325,,113.43333333333335,-0.9510304659498214,183.26666666666665
"1980-10-01","Steiermark",20.733333333333334,-1.9666666666666668,,128.25000000000003,9.110752688172042,137.46666666666664
"1980-10-01","Tirol",21.233333333333334,-1.5333333333333332,,129.35000000000002,8.493548387096773,161.83333333333334
"1980-10-01","Vorarlberg",20.9,1.05,,111.70000000000002,9.391801075268813,130.9
"1980-10-01","Wien",21.4,-2.433333333333333,,116.5,9.435707885304666,63.44444444444442
"1980-11-01","Burgenland",17.5,-4.5,,64.10000000000001,2.8800000000000003,67.3
"1980-11-01","Kärnten",12.033333333333335,-9.266666666666667,,61.39999999999999,-0.17593708486104465,97.7
"1980-11-01","Niederösterreich",16.466666666666665,-9.366666666666667,,59.38000000000003,1.6499999999999997,51.53333333333334
"1980-11-01","Oberösterreich",14.5,-7.199999999999999,,71.74000000000001,2.063333333333333,37.86666666666667
"1980-11-01","Salzburg",8.166666666666666,-15.633333333333333,,80.56666666666668,-5.1173675540676955,74.23333333333335
"1980-11-01","Steiermark",14.8,-7.2,,71.075,2.1755555555555555,57.53333333333333
"1980-11-01","Tirol",10.966666666666667,-6.766666666666666,,66.5875,1.5288888888888887,41.13333333333334
"1980-11-01","Vorarlberg",16.35,-4.75,,61.60000000000001,2.920664753706361,33.55
"1980-11-01","Wien",17.96666666666667,-6.933333333333334,,62.88,3.0347537063605925,66.78888888888889
"1980-12-01","Burgenland",12.6,-14,,90.39999999999999,0.34516129032258097,-10.600000000000001
"1980-12-01","Kärnten",7.733333333333333,-15.333333333333334,,79.9,-4.008333333333335,36.43333333333333
"1980-12-01","Niederösterreich",10.166666666666668,-17.4,,44.50000000000001,-1.160215053763441,42.03333333333333
"1980-12-01","Oberösterreich",7.999999999999999,-18.733333333333334,,57,-1.598924731182795,48.96666666666666
"1980-12-01","Salzburg",3.5,-21.53333333333333,,77.50000000000001,-9.82809139784946,135.46666666666667
"1980-12-01","Steiermark",10.4,-11.966666666666667,,96,-0.7698924731182796,4.7
"1980-12-01","Tirol",4.733333333333334,-16.7,,35.85000000000001,-3.524731182795699,55
"1980-12-01","Vorarlberg",9.350000000000001,-12.9,,65.3,-1.6497983870967747,65.5
"1980-12-01","Wien",12.3,-11.366666666666667,,82.60000000000002,1.104480286738351,18.100000000000005
"1981-01-01","Burgenland",13,-14.5,,108.80000000000005,-1.3,-10.4
"1981-01-01","Kärnten",6.4,-18.766666666666666,,156.1666666666667,-7.050716845878136,-17.133333333333333
"1981-01-01","Niederösterreich",8.7,-18.999999999999996,,51.000000000000014,-3.207616487455197,33.8
"1981-01-01","Oberösterreich",7.766666666666667,-18.06666666666667,,62.10000000000001,-3.950537634408601,72.83333333333334
"1981-01-01","Salzburg",1.4333333333333331,-23.03333333333333,,87.13333333333334,-12.578853046594984,159.96666666666664
"1981-01-01","Steiermark",8.6,-15.833333333333334,,157.65000000000006,-3.086021505376344,-1.1666666666666654
"1981-01-01","Tirol",7.566666666666666,-17.266666666666662,,73.9,-4.575268817204302,69.73333333333335
"1981-01-01","Vorarlberg",8.3,-13.75,,49.900000000000006,-3.0547704036664904,91.2
"1981-01-01","Wien",10.200000000000001,-14.4,,92.30000000000004,-1.0901881720430102,14.62222222222222
"1981-02-01","Burgenland",13.6,-5,,134.59999999999997,2.203571428571428,4.6
"1981-02-01","Kärnten",9,-13.366666666666665,,137.85000000000005,-3.377132936507937,11.366666666666667
"1981-02-01","Niederösterreich",10.699999999999998,-12.033333333333335,,86.30000000000001,-0.16884920634920603,17.06666666666667
"1981-02-01","Oberösterreich",8.433333333333334,-10.466666666666667,,100.1,-0.8107142857142857,20.266666666666673
"1981-02-01","Salzburg",3.466666666666667,-19.1,,142.10000000000002,-10.215476190476188,43.4
"1981-02-01","Steiermark",14.299999999999999,-9,,124.45000000000002,0.5357142857142858,4.6
"1981-02-01","Tirol",8.233333333333334,-13.833333333333334,,153.50000000000003,-2.0690476190476192,13.333333333333329
"1981-02-01","Vorarlberg",7.8,-10.9,,117.89999999999999,-2.2468005952380947,34.45
"1981-02-01","Wien",13.133333333333333,-7.533333333333334,,104.59999999999997,1.6393353174603176,10.044444444444443
"1981-03-01","Burgenland",22,-2.4,,113.29999999999998,9.132258064516128,14.100000000000001
"1981-03-01","Kärnten",16.233333333333334,-8.600000000000001,,138.83749999999998,4.666602041171412,14.966666666666663
"1981-03-01","Niederösterreich",21.1,-4.633333333333333,,106.62,6.947361539876415,32.33333333333333
"1981-03-01","Oberösterreich",20.866666666666667,-3.0666666666666664,,101.93999999999998,7.347311827956988,41.266666666666666
"1981-03-01","Salzburg",9.133333333333333,-13.466666666666667,,116.8,-3.622108381926737,94.60000000000001
"1981-03-01","Steiermark",20.2,-3.9666666666666663,,114.11249999999997,7.498924731182796,1.9666666666666666
"1981-03-01","Tirol",21.066666666666666,-5.066666666666666,,138.26250000000002,6.7225806451612895,43.9
"1981-03-01","Vorarlberg",21.6,-1.95,,113.56666666666665,8.003528225806454,98.45
"1981-03-01","Wien",20.366666666666664,-2.3333333333333335,,128.51999999999998,8.793770599376614,12.766666666666662
"1981-04-01","Burgenland",24,-1.6,,207.79999999999995,10.396666666666667,-6.499999999999999
"1981-04-01","Kärnten",20.6,-6.733333333333333,,185.45000000000002,7.766851851851854,20.633333333333333
"1981-04-01","Niederösterreich",23.4,-5.366666666666667,,199.5,7.644027777777779,1.2666666666666675
"1981-04-01","Oberösterreich",23.166666666666664,-2.8333333333333335,,208.7,8.84222222222222,11.066666666666665
"1981-04-01","Salzburg",11.600000000000001,-12.4,,173.06666666666658,-1.6438425925925926,33.86666666666666
"1981-04-01","Steiermark",23.466666666666665,-2.5,,199.6999999999999,9.913333333333332,11.666666666666666
"1981-04-01","Tirol",24.566666666666666,-2.7666666666666666,,198.44999999999996,10.417777777777777,14.133333333333333
"1981-04-01","Vorarlberg",22.75,-2.8,,185.70000000000002,10.256250000000003,26.65
"1981-04-01","Wien",23.9,-2.5999999999999996,,189.70000000000007,9.56171296296296,6.922222222222223
"1981-05-01","Burgenland",28.5,4.2,,193.09999999999977,15.451612903225806,50.1
"1981-05-01","Kärnten",23.666666666666668,-1.7,,187.24999999999997,11.425851254480285,116.76666666666667
"1981-05-01","Niederösterreich",26.233333333333334,0.3666666666666666,,213.89999999999998,12.67329749103942,41.9
"1981-05-01","Oberösterreich",26.466666666666665,1.3,,207.39999999999998,13.574193548387097,46.699999999999996
"1981-05-01","Salzburg",15.266666666666666,-7.333333333333333,,153.16666666666666,1.445654121863797,143.06666666666666
"1981-05-01","Steiermark",27.099999999999998,1.2999999999999998,,193.09999999999997,14.153763440860214,57.666666666666664
"1981-05-01","Tirol",28.166666666666664,1.4333333333333333,,163.39999999999998,13.458064516129033,96.83333333333333
"1981-05-01","Vorarlberg",28.1,3.35,,170.79999999999995,13.00645161290322,124.5
"1981-05-01","Wien",27.666666666666668,2.9333333333333336,,197.09999999999997,14.7320788530466,30.43333333333334
"1981-06-01","Burgenland",32.2,8.2,,204.3,19.699999999999996,31
"1981-06-01","Kärnten",27.966666666666665,3.5,,197.3,15.614722222222225,120.16666666666667
"1981-06-01","Niederösterreich",30.533333333333335,3.6999999999999997,,181.30000000000007,16.684305555555557,45.1
"1981-06-01","Oberösterreich",30.900000000000002,4.566666666666666,,185.90000000000003,16.647777777777776,57.300000000000004
"1981-06-01","Salzburg",19.933333333333334,-3.533333333333333,,155.0333333333334,5.004583333333334,115.8
"1981-06-01","Steiermark",30.366666666666664,6.299999999999999,,206.54999999999993,18.08,109.36666666666666
"1981-06-01","Tirol",32.16666666666666,5.833333333333333,,191.64999999999998,17.189999999999998,69.56666666666668
"1981-06-01","Vorarlberg",29.1,5.1,,200.89999999999998,17.05402777777779,108.95
"1981-06-01","Wien",31.666666666666668,7.4,,204.09999999999994,18.72203703703703,43.8
"1981-07-01","Burgenland",31.2,11.5,,227.29999999999984,20.49032258064516,8.599999999999998
"1981-07-01","Kärnten",25.566666666666666,5.1,,188.55,15.909917527925673,119.46666666666665
"1981-07-01","Niederösterreich",29.9,7,,163.79999999999998,16.961237627946062,100.36666666666666
"1981-07-01","Oberösterreich",28.466666666666665,7.533333333333333,,162.29999999999998,17.03225806451613,132.33333333333331
"1981-07-01","Salzburg",17.33333333333333,-3.233333333333334,,121.96666666666664,5.104949815817338,261.20000000000005
"1981-07-01","Steiermark",29.466666666666665,7.333333333333333,,230.76249999999996,18.43763440860215,93.23333333333333
"1981-07-01","Tirol",28.666666666666668,5.466666666666666,,181.775,17.021505376344088,215.56666666666666
"1981-07-01","Vorarlberg",28.5,8.35,,179.79999999999998,17.010896604178786,266.35
"1981-07-01","Wien",30.53333333333333,10.1,,195.8199999999999,18.918807013357593,65.60000000000001
"1981-08-01","Burgenland",34.2,8.2,,241.69999999999993,20.783870967741933,25.7
"1981-08-01","Kärnten",28.299999999999997,4.266666666666667,,235.20000000000002,16.362141577060925,89.7
"1981-08-01","Niederösterreich",31.900000000000002,5.433333333333333,,215.99999999999997,17.10336021505376,52.599999999999994
"1981-08-01","Oberösterreich",31.433333333333337,6.8999999999999995,,204.29999999999998,17.75483870967742,44.96666666666666
"1981-08-01","Salzburg",20.666666666666664,-0.9,,189.36666666666662,6.583019713261647,141.3
"1981-08-01","Steiermark",31.499999999999996,7.000000000000001,,239.14999999999998,18.66559139784946,94.76666666666667
"1981-08-01","Tirol",30.466666666666665,5.7,,237.75000000000003,17.981720430107522,96.06666666666666
"1981-08-01","Vorarlberg",29.15,8.4,,229.59999999999997,18.312903225806455,86.45
"1981-08-01","Wien",32.900000000000006,8.366666666666665,,240.0000000000001,19.38705197132616,31.71111111111111
"1981-09-01","Burgenland",29.2,7.2,,166.59999999999994,17.120000000000005,84.19999999999999
"1981-09-01","Kärnten",22.566666666666666,3.4,,138.49999999999994,13.377268518518516,96.76666666666667
"1981-09-01","Niederösterreich",25.43333333333333,3.5,,123.29999999999998,13.735555555555557,96.96666666666667
"1981-09-01","Oberösterreich",24.966666666666665,6.133333333333334,,123.19999999999997,14.453333333333333,99.19999999999999
"1981-09-01","Salzburg",16.266666666666666,-1.5999999999999996,,110.26666666666661,6.874444444444444,115.36666666666666
"1981-09-01","Steiermark",28.833333333333332,5.933333333333334,,132.1,15.968888888888891,82.33333333333333
"1981-09-01","Tirol",27.133333333333333,6.166666666666667,,130.59999999999997,15.323333333333332,105
"1981-09-01","Vorarlberg",27.1,5.800000000000001,,124.8,15.18541666666667,274.3
"1981-09-01","Wien",25.93333333333333,6.633333333333334,,149.79999999999995,15.464027777777778,93.0111111111111
"1981-10-01","Burgenland",23.6,0.5,,111.6,11.525806451612903,21.700000000000003
"1981-10-01","Kärnten",18.399999999999995,-3.6,,147.14999999999998,8.47508960573477,51
"1981-10-01","Niederösterreich",21.6,-2.9000000000000004,,103.6,9.191263440860215,50.23333333333333
"1981-10-01","Oberösterreich",22.900000000000002,-2.0000000000000004,,113.69999999999995,9.134408602150536,89.1
"1981-10-01","Salzburg",14.466666666666665,-10.366666666666667,,118.46666666666665,1.5569892473118272,132.23333333333335
"1981-10-01","Steiermark",22.933333333333337,-0.7666666666666667,,154,10.90752688172043,49.46666666666666
"1981-10-01","Tirol",24.233333333333334,-2.433333333333333,,153.55,9.51720430107527,121.86666666666667
"1981-10-01","Vorarlberg",27.5,-0.30000000000000004,,102.10000000000004,9.737231182795696,196.70000000000002
"1981-10-01","Wien",20.833333333333336,0.36666666666666664,,115.89999999999998,10.422087813620076,31.64444444444445
"1981-11-01","Burgenland",19,-4.6,,68.20000000000003,5.420000000000001,37.1
"1981-11-01","Kärnten",15.93333333333333,-9.433333333333334,,135.00000000000003,1.5663946012009138,-16.266666666666666
"1981-11-01","Niederösterreich",17.166666666666668,-6.2,,36.260000000000005,4.412595780859772,66.83333333333333
"1981-11-01","Oberösterreich",15,-6.633333333333334,,42.599999999999994,4.057777777777778,80.5
"1981-11-01","Salzburg",9.8,-16.4,,79.23333333333332,-4.337777777777777,127.13333333333333
"1981-11-01","Steiermark",18.333333333333336,-6.333333333333333,,122.01249999999997,4.488888888888889,4.000000000000002
"1981-11-01","Tirol",17.7,-8.933333333333334,,110.275,2.8411111111111116,55.83333333333334
"1981-11-01","Vorarlberg",18.75,-5.9,,105.53333333333333,4.625443567670971,63.7
"1981-11-01","Wien",17.866666666666667,-4.066666666666666,,55.33999999999999,5.583794037940378,50.21111111111112
"1981-12-01","Burgenland",9.8,-14.6,,47.300000000000004,-0.2451612903225805,20.500000000000004
"1981-12-01","Kärnten",6.133333333333333,-17.433333333333334,,72.45000000000002,-4.363216845878135,60.733333333333334
"1981-12-01","Niederösterreich",8.4,-19.433333333333334,,17.900000000000002,-1.753225806451613,33.2
"1981-12-01","Oberösterreich",7.066666666666666,-17.1,,21.9,-2.1204301075268814,93.5
"1981-12-01","Salzburg",3.466666666666667,-21.2,,34.300000000000004,-8.163440860215054,154
"1981-12-01","Steiermark",10.3,-15.366666666666667,,57.34999999999998,-1.053763440860215,33.46666666666667
"1981-12-01","Tirol",9.233333333333334,-15.5,,24.699999999999996,-2.143010752688172,79.4
"1981-12-01","Vorarlberg",15.8,-10.95,,29.4,0.6287634408602151,237.25
"1981-12-01","Wien",9.966666666666667,-16.2,,41.60000000000001,-0.4335573476702511,58.91111111111111
"1982-01-01","Burgenland",12.5,-16,,30.499999999999996,-3.34516129032258,56.199999999999996
"1982-01-01","Kärnten",9.666666666666668,-16.599999999999998,,114.75000000000001,-3.65672043010753,15.833333333333334
"1982-01-01","Niederösterreich",11.3,-20.96666666666667,,30.3,-5.0232526881720405,82.93333333333332
"1982-01-01","Oberösterreich",8.4,-18,,20.5,-4.235483870967741,94.42222222222225
"1982-01-01","Salzburg",4.033333333333333,-20.000000000000004,,85.76666666666668,-5.755913978494623,132.76666666666665
"1982-01-01","Steiermark",10.8,-15.733333333333334,,54.69999999999999,-3.346236559139785,30.03333333333334
"1982-01-01","Tirol",8.133333333333333,-13.533333333333333,,58.24999999999999,-2.490322580645162,94.43333333333332
"1982-01-01","Vorarlberg",11.45,-10.2,,31.400000000000006,-1.085819892473117,207.14999999999998
"1982-01-01","Wien",11.666666666666666,-15.633333333333336,,40,-3.3778225806451636,57.4888888888889
"1982-02-01","Burgenland",7.2,-9.5,,81.6,-0.5392857142857144,-1.1999999999999993
"1982-02-01","Kärnten",9.333333333333332,-15.2,,148.54999999999995,-3.0707837301587304,-1.8333333333333344
"1982-02-01","Niederösterreich",8.133333333333333,-14.166666666666668,,74.70000000000002,-2.2874999999999996,-5.1
"1982-02-01","Oberösterreich",7.366666666666666,-10.066666666666668,,90.5,-1.739285714285714,-0.15555555555555745
"1982-02-01","Salzburg",4.133333333333333,-19.333333333333336,,161.33333333333337,-6.639285714285714,12.1
"1982-02-01","Steiermark",9.866666666666667,-11.866666666666667,,106.39999999999999,-1.3428571428571427,-8.633333333333335
"1982-02-01","Tirol",10.366666666666667,-11.933333333333332,,161.95000000000002,-0.8976190476190475,-5.2333333333333325
"1982-02-01","Vorarlberg",9.7,-9.7,,99.29999999999998,-0.11636904761904762,4.499999999999998
"1982-02-01","Wien",7.933333333333334,-10.766666666666667,,72.4,-1.2138888888888886,3.2777777777777786
"1982-03-01","Burgenland",20.6,-1.6,,157.3,6.551612903225807,5.199999999999997
"1982-03-01","Kärnten",14.766666666666667,-7.233333333333333,,125.2375,1.6889778732246636,35.866666666666674
"1982-03-01","Niederösterreich",17.3,-5.3,,147.38000000000002,4.289609214601387,25.2
"1982-03-01","Oberösterreich",18.2,-3.2,,142.32000000000002,4.705376344086021,43.9888888888889
"1982-03-01","Salzburg",7.466666666666668,-14,,127.83333333333329,-4.822580645161291,111.03333333333332
"1982-03-01","Steiermark",18.433333333333334,-4.199999999999999,,135.0875,4.887096774193548,37.699999999999996
"1982-03-01","Tirol",19.366666666666664,-6.033333333333334,,156.8875,4.16236559139785,36.86666666666667
"1982-03-01","Vorarlberg",16.1,-3.35,,152.46666666666664,4.730125050333318,58.05
"1982-03-01","Wien",19.266666666666666,-2.5333333333333337,,167.66000000000003,6.230680208193514,8.977777777777778
"1982-04-01","Burgenland",22,-2,,219,8.843333333333334,-18.000000000000004
"1982-04-01","Kärnten",16.03333333333333,-4.966666666666667,,150.79999999999995,5.329166666666664,10.933333333333337
"1982-04-01","Niederösterreich",20.7,-4.566666666666666,,156.29999999999993,6.023472222222222,21.8
"1982-04-01","Oberösterreich",19.999999999999996,-2.0000000000000004,,170.0999999999999,6.751111111111111,18.04444444444444
"1982-04-01","Salzburg",8.149999999999999,-11.2,,119.84999999999992,-3.041666666666665,59.650000000000006
"1982-04-01","Steiermark",21.06666666666667,-2.6333333333333333,,165.0499999999999,7.808888888888889,8.999999999999998
"1982-04-01","Tirol",20.53333333333334,-2.066666666666667,,201.99999999999997,7.698888888888886,8.2
"1982-04-01","Vorarlberg",20.25,-1.45,,193.90000000000003,7.358541666666671,53.45
"1982-04-01","Wien",20.733333333333338,-1.466666666666667,,195.00000000000003,8.161203703703707,7.6777777777777745
"1982-05-01","Burgenland",28.5,2.2,,246.19999999999996,15.70967741935484,29.100000000000005
"1982-05-01","Kärnten",22.033333333333328,-2.6333333333333333,,192.4,11.60412186379928,103.2
"1982-05-01","Niederösterreich",26.666666666666668,-0.5666666666666667,,253.99999999999997,12.742159498207883,92.56666666666668
"1982-05-01","Oberösterreich",26.299999999999997,0.39999999999999997,,268,13.65806451612903,51.988888888888894
"1982-05-01","Salzburg",13.5,-8.65,,175.09999999999997,3.4806451612903215,97.25
"1982-05-01","Steiermark",26.9,-0.16666666666666669,,208.45000000000005,14.33010752688172,95.13333333333333
"1982-05-01","Tirol",27.23333333333333,0.43333333333333335,,234.65000000000003,13.79032258064516,83.16666666666666
"1982-05-01","Vorarlberg",26,1.85,,217.09999999999997,13.761962365591398,63.30000000000001
"1982-05-01","Wien",27.1,0.9333333333333335,,245.0999999999999,14.806541218637994,48.03333333333333
"1982-06-01","Burgenland",31,7.5,,233.69999999999985,19.36333333333333,55.69999999999999
"1982-06-01","Kärnten",27.26666666666667,4.433333333333334,,216.94999999999996,16.084675925925918,118.86666666666667
"1982-06-01","Niederösterreich",29.733333333333334,4.933333333333333,,207.60000000000002,16.380648148148136,85.1
"1982-06-01","Oberösterreich",29.066666666666666,6.3,,219.5999999999999,17.041111111111107,107.12222222222222
"1982-06-01","Salzburg",18.8,-1.85,,169.44999999999985,7.7416666666666645,130.05
"1982-06-01","Steiermark",29.966666666666665,6.733333333333333,,218.09999999999994,18.116666666666667,85.83333333333333
"1982-06-01","Tirol",30.099999999999998,6.7,,208.65,17.566666666666666,131.36666666666665
"1982-06-01","Vorarlberg",28.65,8.55,,169.7,17.52881944444445,206.1
"1982-06-01","Wien",30.666666666666664,6.866666666666666,,238.2999999999999,18.61694444444445,43.16666666666667
"1982-07-01","Burgenland",32,11,,227.30000000000004,21.319354838709675,79.5
"1982-07-01","Kärnten",26.5,8.033333333333333,,203.76249999999993,17.660810105438962,79.06666666666668
"1982-07-01","Niederösterreich",29.166666666666664,7.233333333333334,,201.23999999999992,17.955684806546067,94
"1982-07-01","Oberösterreich",29.133333333333333,9.866666666666667,,227.21999999999997,19.294623655913977,85.82222222222221
"1982-07-01","Salzburg",19.950000000000003,1.2499999999999998,,162.23749999999995,10.043548387096774,138.04999999999998
"1982-07-01","Steiermark",30.366666666666664,10.366666666666665,,211.77500000000003,20.18387096774194,73.66666666666669
"1982-07-01","Tirol",31.166666666666668,9.166666666666666,,229.575,19.71612903225807,113.23333333333333
"1982-07-01","Vorarlberg",30.8,10,,209.26666666666662,20.057223390452325,112
"1982-07-01","Wien",31.466666666666665,10.6,,208.69999999999996,20.14943949810847,55.933333333333344
"1982-08-01","Burgenland",31.2,11.4,,204.50000000000003,20.867741935483863,134.8
"1982-08-01","Kärnten",27.366666666666667,4.233333333333333,,195.59999999999997,16.59054659498208,128
"1982-08-01","Niederösterreich",30.3,5.833333333333334,,181.70000000000002,17.634767025089616,74.86666666666666
"1982-08-01","Oberösterreich",29.566666666666666,7.566666666666666,,183.19999999999996,18.341935483870966,50.65555555555556
"1982-08-01","Salzburg",19,-1.85,,133.5,8.785483870967742,114.04999999999998
"1982-08-01","Steiermark",30.466666666666665,7.566666666666666,,199.44999999999996,19.173118279569895,135.96666666666664
"1982-08-01","Tirol",30.36666666666667,6.533333333333333,,174.3,18.008602150537637,104.86666666666665
"1982-08-01","Vorarlberg",28.8,7.3,,163.60000000000005,17.78010752688172,206.95000000000005
"1982-08-01","Wien",31.799999999999997,9.633333333333335,,212.19999999999993,19.84211469534051,18.15555555555555
"1982-09-01","Burgenland",31.2,9.5,,207.1999999999999,19.39,-4.6
"1982-09-01","Kärnten",25.9,6.033333333333333,,199.19999999999996,15.38685185185185,66.96666666666668
"1982-09-01","Niederösterreich",28.23333333333333,4.733333333333333,,181.70000000000005,15.845555555555556,3.5666666666666664
"1982-09-01","Oberösterreich",26.7,6.666666666666666,,188.00000000000003,16.506666666666668,11.355555555555554
"1982-09-01","Salzburg",18.6,-0.09999999999999998,,186.04999999999998,8.62833333333333,54.650000000000006
"1982-09-01","Steiermark",28.466666666666665,9.066666666666666,,184.14999999999992,17.833333333333332,48.7
"1982-09-01","Tirol",29.966666666666665,7.633333333333334,,215.4000000000001,17.06555555555556,54.26666666666667
"1982-09-01","Vorarlberg",28.5,7.05,,204.99999999999997,16.596458333333306,129.25
"1982-09-01","Wien",28.5,7.299999999999999,,207.49999999999997,17.9125925925926,9.655555555555559
"1982-10-01","Burgenland",21,3,,97.89999999999999,11.896774193548385,49.199999999999996
"1982-10-01","Kärnten",15.6,-0.3333333333333333,,98.35000000000001,8.25784050179211,117.46666666666667
"1982-10-01","Niederösterreich",19.53333333333333,-1.9666666666666663,,86.9,9.096774193548388,66.56666666666668
"1982-10-01","Oberösterreich",20.666666666666668,0.19999999999999996,,79.29999999999998,9.626881720430106,26.600000000000005
"1982-10-01","Salzburg",9.1,-7.199999999999999,,115.4,1.7709677419354835,107.25
"1982-10-01","Steiermark",19.333333333333336,0.8333333333333333,,97.59999999999998,10.670967741935486,130.23333333333332
"1982-10-01","Tirol",20.566666666666666,0.30000000000000004,,150.05,10.291397849462365,64.26666666666667
"1982-10-01","Vorarlberg",20,1.5,,111.79999999999998,9.799663978494625,57.050000000000004
"1982-10-01","Wien",18.5,1.4666666666666668,,86.70000000000002,10.487141577060928,51.211111111111116
"1982-11-01","Burgenland",17,-4.2,,72.89999999999999,5.919999999999999,4.1
"1982-11-01","Kärnten",13.366666666666667,-9.433333333333334,,85.49999999999999,3.3774812689303366,59.03333333333333
"1982-11-01","Niederösterreich",14.566666666666666,-4.933333333333334,,36.36000000000001,3.8977777777777773,15.533333333333331
"1982-11-01","Oberösterreich",12.533333333333333,-3.6666666666666665,,39.9,4.186666666666666,29.100000000000012
"1982-11-01","Salzburg",8.899999999999999,-11.8,,100.45000000000002,-0.8083333333333327,63.50000000000001
"1982-11-01","Steiermark",14.833333333333334,-5.833333333333333,,71.25,5.343333333333334,27.26666666666667
"1982-11-01","Tirol",16.499999999999996,-3.6333333333333337,,92.9,5.362222222222223,41.93333333333333
"1982-11-01","Vorarlberg",21.200000000000003,-1.75,,78.8,5.589525862068966,50.150000000000006
"1982-11-01","Wien",13.633333333333333,-3.0666666666666664,,72.12,5.2119570646686855,3.3666666666666654
"1982-12-01","Burgenland",11.6,-4,,29.500000000000004,2.761290322580645,48.599999999999994
"1982-12-01","Kärnten",8.3,-11.933333333333334,,59.349999999999994,-0.7914874551971324,94.43333333333334
"1982-12-01","Niederösterreich",12.866666666666667,-9.133333333333335,,24,1.447311827956989,50.133333333333326
"1982-12-01","Oberösterreich",12.533333333333333,-7.2666666666666675,,27.500000000000007,1.532258064516129,55.75555555555556
"1982-12-01","Salzburg",4.15,-17.05,,43.95,-5.880645161290321,112.8
"1982-12-01","Steiermark",12.9,-7.366666666666667,,45.49999999999999,2.193548387096774,71.03333333333333
"1982-12-01","Tirol",11.133333333333333,-10.433333333333334,,35.85,0.7473118279569892,49.86666666666666
"1982-12-01","Vorarlberg",14.950000000000001,-6,,57.89999999999999,2.463978494623655,95.99999999999999
"1982-12-01","Wien",14.766666666666667,-5.333333333333333,,29.200000000000006,2.5631272401433667,48.62222222222223
"1983-01-01","Burgenland",16.5,-4.5,,57.50000000000001,5.1000000000000005,42.1
"1983-01-01","Kärnten",9.5,-10.266666666666666,,94.15000000000002,-1.1681899641577063,-0.9333333333333338
"1983-01-01","Niederösterreich",14.133333333333333,-7.9,,45.10000000000001,3.5455645161290312,90.76666666666662
"1983-01-01","Oberösterreich",12.266666666666666,-6.8999999999999995,,43.600000000000016,2.702150537634408,96.95555555555555
"1983-01-01","Salzburg",5.4,-16.9,,75.30000000000001,-5.096774193548389,128.1
"1983-01-01","Steiermark",12.633333333333333,-6.366666666666668,,99.64999999999999,2.46236559139785,8.233333333333334
"1983-01-01","Tirol",11.400000000000002,-9.7,,70.45,0.7225806451612904,78.96666666666667
"1983-01-01","Vorarlberg",12.95,-6.3,,77.6,2.2749327956989256,96.25
"1983-01-01","Wien",14.6,-5.166666666666667,,57.7,5.074238351254483,52.333333333333336
"1983-02-01","Burgenland",9.8,-11.4,,97.80000000000003,-1.1035714285714282,49.400000000000006
"1983-02-01","Kärnten",4.533333333333333,-18.033333333333335,,121.24999999999999,-4.657093253968254,26.16666666666667
"1983-02-01","Niederösterreich",11.966666666666667,-18.633333333333333,,88.50000000000001,-2.6570932539682546,26.122222222222227
"1983-02-01","Oberösterreich",11.9,-15.933333333333334,,101.39999999999998,-2.7380952380952377,45.033333333333346
"1983-02-01","Salzburg",1.7499999999999998,-20.65,,112.44999999999999,-10.335714285714285,54.099999999999994
"1983-02-01","Steiermark",8.466666666666667,-14.5,,122.20000000000003,-1.4476190476190478,20.066666666666666
"1983-02-01","Tirol",10.6,-15.166666666666666,,134.7,-2.2452380952380957,18.066666666666663
"1983-02-01","Vorarlberg",11.7,-12.35,,100.80000000000001,-2.239211309523808,58.45
"1983-02-01","Wien",12.833333333333334,-12.066666666666666,,97.10000000000002,-0.8807043650793651,41.96666666666667
"1983-03-01","Burgenland",19,-3.5,,124.59999999999998,7.370967741935484,-7.299999999999998
"1983-03-01","Kärnten",14.266666666666667,-7.6,,133.98750000000004,3.4644003002599937,20.63333333333333
"1983-03-01","Niederösterreich",16.466666666666665,-6.066666666666667,,112.94999999999999,5.269169164690619,5.2111111111111095
"1983-03-01","Oberösterreich",15.766666666666666,-4.1,,115.14,4.951612903225808,19.72222222222223
"1983-03-01","Salzburg",5.1,-13.850000000000001,,117.00000000000001,-3.4306451612903226,56.75
"1983-03-01","Steiermark",19.866666666666667,-5.1,,132.92499999999998,6.6,12.066666666666666
"1983-03-01","Tirol",18.8,-5.133333333333333,,154.625,6.047311827956988,26.933333333333334
"1983-03-01","Vorarlberg",17.4,-3.7,,134.83333333333331,5.664111225448523,45.60000000000001
"1983-03-01","Wien",18,-4.1,,129.25999999999996,7.0541134127729785,-3.188888888888889
"1983-04-01","Burgenland",26.2,0,,154.60000000000008,12.68,22.299999999999997
"1983-04-01","Kärnten",18.3,-3.4333333333333336,,159.45000000000002,8.342777777777778,-2.3333333333333326
"1983-04-01","Niederösterreich",23.333333333333332,-2.9999999999999996,,139.75000000000006,9.76861111111111,54.855555555555554
"1983-04-01","Oberösterreich",23.266666666666666,-0.7333333333333333,,131.3,9.985555555555557,59.65555555555556
"1983-04-01","Salzburg",9.25,-10.399999999999999,,112.25000000000001,0.3550000000000004,72.35
"1983-04-01","Steiermark",24.866666666666667,-1.7333333333333334,,155.70000000000002,11.384444444444444,5.266666666666666
"1983-04-01","Tirol",22.166666666666668,-0.2333333333333334,,171.75,10.405555555555557,49.86666666666667
"1983-04-01","Vorarlberg",25.2,0.1,,139.6,10.422083333333331,127.35
"1983-04-01","Wien",24.900000000000002,-0.8333333333333333,,145.29999999999998,11.862453703703707,53.33333333333334
"1983-05-01","Burgenland",31.2,3.5,,229.99999999999994,16.664516129032258,46.599999999999994
"1983-05-01","Kärnten",22.866666666666667,1.1333333333333333,,172.45,11.816442652329748,98.03333333333332
"1983-05-01","Niederösterreich",28.4,0.7666666666666666,,197.75000000000003,13.383870967741933,62.67777777777778
"1983-05-01","Oberösterreich",27.800000000000004,3.333333333333333,,212.09999999999997,13.667741935483871,67.56666666666666
"1983-05-01","Salzburg",11.7,-4.8,,144.58749999999995,3.6338709677419345,129.15
"1983-05-01","Steiermark",29,3.5999999999999996,,201.2,14.765591397849464,86.63333333333334
"1983-05-01","Tirol",26.633333333333333,2.6333333333333333,,174.24999999999994,13.143010752688172,112.73333333333333
"1983-05-01","Vorarlberg",26.2,3.5,,135,11.945631720430105,157.60000000000002
"1983-05-01","Wien",30.799999999999997,3.033333333333333,,222.89999999999995,15.714650537634409,58.21111111111112
"1983-06-01","Burgenland",30.5,5.6,,229.29999999999993,18.863333333333326,22
"1983-06-01","Kärnten",26.2,2.333333333333333,,206.05,14.942499999999999,102.16666666666667
"1983-06-01","Niederösterreich",29.066666666666666,2.933333333333333,,178.34999999999997,15.714023925194587,90.2333333333334
"1983-06-01","Oberösterreich",28.933333333333337,5.766666666666667,,212.40000000000003,16.56444444444444,125.54444444444438
"1983-06-01","Salzburg",18.25,-2.75,,151.89999999999998,7.153333333333335,111.7
"1983-06-01","Steiermark",29.5,5.966666666666666,,199.95000000000002,17.233333333333334,83.26666666666667
"1983-06-01","Tirol",30.366666666666667,4.8999999999999995,,210.09999999999997,17.221111111111114,119.03333333333333
"1983-06-01","Vorarlberg",29.9,6.3,,202.3999999999999,17.547847222222217,169.85
"1983-06-01","Wien",30.566666666666663,5.9,,213.49999999999994,17.949907407407405,86.39999999999999
"1983-07-01","Burgenland",35.2,9.5,,298.5,23.63870967741935,-10.2
"1983-07-01","Kärnten",31.93333333333333,8.500000000000002,,288.31250000000006,19.82107238552588,35.766666666666666
"1983-07-01","Niederösterreich",34.93333333333334,5.800000000000001,,264.1125,20.06858248036785,43.5
"1983-07-01","Oberösterreich",35.233333333333334,8.566666666666666,,312.8399999999999,21.23763440860215,24.233333333333334
"1983-07-01","Salzburg",23.3,2,,246.2625,12.116129032258064,69.85
"1983-07-01","Steiermark",35.833333333333336,10.133333333333333,,289.1,22.06236559139785,38.733333333333334
"1983-07-01","Tirol",36.666666666666664,10.666666666666664,,286.08750000000003,21.652688172043007,66.43333333333334
"1983-07-01","Vorarlberg",34.95,10.5,,278.43333333333334,22.42533891101069,36.4
"1983-07-01","Wien",36.03333333333333,8.733333333333336,,291.23999999999995,23.03501608180593,-9.11111111111111
"1983-08-01","Burgenland",34.5,10.2,,226.9999999999999,21.432258064516127,19.2
"1983-08-01","Kärnten",29.933333333333337,5.1000000000000005,,190.55000000000004,16.274238351254493,102.93333333333332
"1983-08-01","Niederösterreich",32.06666666666666,6.3999999999999995,,191.54999999999998,17.85210573476701,41.233333333333334
"1983-08-01","Oberösterreich",32.63333333333333,8.166666666666666,,217.00000000000006,18.840860215053763,70.08888888888887
"1983-08-01","Salzburg",21.7,-0.5499999999999998,,150.35,8.990322580645161,119.15
"1983-08-01","Steiermark",32.2,8.466666666666667,,198.39999999999998,19.46129032258065,87.4
"1983-08-01","Tirol",33.63333333333334,8.033333333333333,,190.64999999999998,18.55483870967742,117.9666666666667
"1983-08-01","Vorarlberg",29.7,8.85,,188.6,18.384206989247296,197.64999999999998
"1983-08-01","Wien",33.9,9.666666666666668,,219.4,20.582974910394263,18.511111111111113
"1983-09-01","Burgenland",30.8,4.6,,221.29999999999993,16.909999999999997,41.09999999999999
"1983-09-01","Kärnten",22.533333333333335,1.5,,195.3,13.107870370370366,102.56666666666666
"1983-09-01","Niederösterreich",27.66666666666667,0.5333333333333334,,196.24999999999997,14.197789302739805,67.92222222222222
"1983-09-01","Oberösterreich",29.366666666666667,2.7333333333333334,,198.8,14.482222222222223,19.77777777777778
"1983-09-01","Salzburg",16.1,-3.7,,158.54999999999998,6.199999999999999,100.15
"1983-09-01","Steiermark",28.566666666666666,3.333333333333334,,206.90000000000006,15.709999999999999,57.699999999999996
"1983-09-01","Tirol",27.43333333333333,3.7,,203.25,14.947777777777777,98.06666666666668
"1983-09-01","Vorarlberg",29.35,6.05,,157.30000000000007,14.68694444444445,180.8
"1983-09-01","Wien",30.566666666666666,3.566666666666667,,214.89999999999998,16.18486111111112,42.388888888888886
"1983-10-01","Burgenland",25.6,0,,168.30000000000004,11.425806451612907,19.6
"1983-10-01","Kärnten",21.866666666666667,-4.6,,157.89999999999998,7.67925627240143,52.199999999999996
"1983-10-01","Niederösterreich",25,-4.266666666666667,,140.05,9.019142889014995,44.366666666666646
"1983-10-01","Oberösterreich",23.466666666666665,-2.8666666666666663,,120.69999999999999,9.089247311827956,24.688888888888894
"1983-10-01","Salzburg",14.999999999999998,-8.433333333333334,,152.23333333333332,3.3442152383589465,58.04444444444445
"1983-10-01","Steiermark",25.166666666666664,-3.1,,179.45000000000002,10.391397849462365,41.13333333333333
"1983-10-01","Tirol",24.5,-2.7666666666666666,,183.45,10.14408602150538,29.866666666666667
"1983-10-01","Vorarlberg",23.3,-0.8,,148.5,9.788172043010746,42.9
"1983-10-01","Wien",26.166666666666668,-1.6666666666666665,,162.7,10.829659498207885,16.855555555555554
"1983-11-01","Burgenland",15.2,-11.5,,100.5,2.9333333333333336,9.599999999999998
"1983-11-01","Kärnten",12.966666666666667,-12.766666666666667,,110.43749999999994,-0.06610446888782565,-2.0999999999999996
"1983-11-01","Niederösterreich",15.1,-14.566666666666666,,100.725,1.4969658324034216,26.56666666666666
"1983-11-01","Oberösterreich",14,-11.633333333333333,,79,1.6844444444444446,26.800000000000008
"1983-11-01","Salzburg",10,-13.733333333333334,,138.36666666666662,-1.1997595501260427,78.63333333333335
"1983-11-01","Steiermark",13.033333333333333,-11.866666666666669,,109.8,1.6744444444444446,6.933333333333333
"1983-11-01","Tirol",16.333333333333332,-10.233333333333334,,114.61249999999998,2.0822222222222226,29.333333333333336
"1983-11-01","Vorarlberg",13.100000000000001,-6.25,,60.3,2.6442623146819697,45.099999999999994
"1983-11-01","Wien",13.733333333333333,-11.966666666666667,,87.95999999999995,2.918741697220893,4.833333333333334
"1983-12-01","Burgenland",15,-10.6,,84.69999999999997,1.1193548387096768,4.699999999999999
"1983-12-01","Kärnten",12.5,-13.799999999999999,,91.39999999999999,-2.3463709677419353,24.766666666666666
"1983-12-01","Niederösterreich",13.5,-16.53333333333333,,73.875,-0.07278985678871924,38.23333333333334
"1983-12-01","Oberösterreich",10.900000000000002,-13.266666666666666,,57.099999999999994,-1.2698924731182797,46.611111111111114
"1983-12-01","Salzburg",6.7333333333333325,-20.033333333333335,,83.80000000000001,-5.356989247311828,60.733333333333334
"1983-12-01","Steiermark",12.733333333333333,-11.100000000000001,,91.25000000000001,-0.2043010752688171,14.033333333333335
"1983-12-01","Tirol",11.299999999999999,-14.466666666666667,,53.550000000000004,-1.758064516129032,46.36666666666667
"1983-12-01","Vorarlberg",15.85,-10.6,,92.30000000000001,0.29307795698924866,52.20000000000001
"1983-12-01","Wien",14.8,-12,,77.5,0.9952060931899643,10.766666666666664
"1984-01-01","Burgenland",14.2,-6.5,,66.60000000000001,0.9903225806451614,5.6000000000000005
"1984-01-01","Kärnten",8.5,-14.666666666666666,,82.09999999999998,-3.9775089605734775,31.866666666666664
"1984-01-01","Niederösterreich",12.566666666666666,-13.066666666666666,,71.15,-0.0008537310206946647,22.88888888888889
"1984-01-01","Oberösterreich",9.766666666666667,-12.833333333333334,,65.00000000000001,-0.5795698924731185,63.36666666666666
"1984-01-01","Salzburg",5.1,-17,60269,78.06666666666668,-6.795295698924733,92.08888888888889
"1984-01-01","Steiermark",10.6,-14,,85.95000000000002,-1.0666666666666667,27.699999999999996
"1984-01-01","Tirol",8.933333333333334,-15.066666666666666,,58.60000000000001,-1.846236559139785,28.833333333333336
"1984-01-01","Vorarlberg",14.15,-7.75,,47.40000000000001,1.2731182795698923,66.94999999999999
"1984-01-01","Wien",13.5,-8.333333333333332,,82.69999999999996,1.239410401763621,20.900000000000002
"1984-02-01","Burgenland",9.2,-9.8,,52.89999999999999,0.7551724137931035,28.6
"1984-02-01","Kärnten",4.6,-13.1,,73.54999999999998,-2.8924329501915707,54.26666666666667
"1984-02-01","Niederösterreich",10.666666666666664,-15.3,,67.10000000000002,-1.2885396249243795,29.266666666666673
"1984-02-01","Oberösterreich",10.266666666666667,-13.399999999999999,,73.10000000000001,-1.013793103448276,51.2
"1984-02-01","Salzburg",1.4333333333333331,-19.2,88275,93.2,-8.909051724137937,93.76666666666665
"1984-02-01","Steiermark",9.5,-8.299999999999999,,56.15000000000001,-0.1862068965517242,55.93333333333334
"1984-02-01","Tirol",7.6000000000000005,-14.166666666666666,,119.85000000000001,-1.5402298850574712,99.93333333333334
"1984-02-01","Vorarlberg",10.55,-11.45,,97.1,-0.42658045977011444,67.5
"1984-02-01","Wien",14.633333333333333,-10.500000000000002,,50.400000000000006,0.563362068965517,48.40000000000002
"1984-03-01","Burgenland",20.8,-5.4,,152.10000000000002,5.135483870967742,4.999999999999998
"1984-03-01","Kärnten",10.033333333333333,-9.666666666666666,,149.7,0.6978628845838362,30.76666666666667
"1984-03-01","Niederösterreich",18.4,-8.066666666666666,,150.3875,2.307300269197427,8.455555555555554
"1984-03-01","Oberösterreich",16.4,-5.666666666666667,,160.21999999999997,2.8956989247311826,24.7
"1984-03-01","Salzburg",2.4333333333333336,-16.266666666666666,83978,163.9,-6.120997320527544,51.96666666666666
"1984-03-01","Steiermark",18.26666666666667,-6.533333333333333,,157.51250000000007,4.332258064516129,7.133333333333333
"1984-03-01","Tirol",15.1,-7.1,,195.20000000000005,2.9698924731182794,21.76666666666667
"1984-03-01","Vorarlberg",18.7,-6.6,,178.09999999999997,2.894840275602882,20.3
"1984-03-01","Wien",20.1,-6.033333333333333,,147.83999999999997,4.272354563697533,30.133333333333333
"1984-04-01","Burgenland",23,-1.4,,160.6000000000001,9.686666666666667,22.200000000000003
"1984-04-01","Kärnten",17.46666666666667,-4.9,,142.39999999999998,5.468425925925926,52.10000000000001
"1984-04-01","Niederösterreich",20.3,-3.5999999999999996,,140.99999999999994,6.71460174029451,46.61111111111113
"1984-04-01","Oberösterreich",20.2,-2.1,,151,7.346666666666667,33.03333333333333
"1984-04-01","Salzburg",7.933333333333334,-11.866666666666665,82357,130.5,-2.4143518518518516,70.61111111111113
"1984-04-01","Steiermark",21.066666666666666,-1.2333333333333334,,140.99999999999997,8.786666666666667,46.83333333333334
"1984-04-01","Tirol",22.3,-2.3333333333333335,,182.69999999999993,7.804444444444444,36.9
"1984-04-01","Vorarlberg",22.450000000000003,-1.6,,185.79999999999995,7.710138888888888,39.650000000000006
"1984-04-01","Wien",21.73333333333333,-0.9666666666666668,,162,8.997407407407408,50.322222222222216
"1984-05-01","Burgenland",27.8,5.4,,161.39999999999986,14.490322580645165,61.8
"1984-05-01","Kärnten",20.533333333333335,-1.7333333333333334,,133.65,9.737679211469535,97.73333333333335
"1984-05-01","Niederösterreich",25.933333333333334,1,,149.75,11.613368434062536,88.21111111111108
"1984-05-01","Oberösterreich",24.933333333333334,0.30000000000000004,,173.3,12.083870967741936,80.86666666666666
"1984-05-01","Salzburg",10.366666666666665,-8.833333333333334,17798,104.59999999999994,2.094220430107527,140.53333333333333
"1984-05-01","Steiermark",25.4,2.8666666666666663,,156.95000000000005,13.192473118279569,88.03333333333333
"1984-05-01","Tirol",24.533333333333335,-0.23333333333333336,,133.94999999999993,11.896774193548387,108.6
"1984-05-01","Vorarlberg",23.7,0.95,,134.09999999999997,11.3856832437276,122.29999999999998
"1984-05-01","Wien",26.3,3.8,,162.39999999999998,13.409274193548393,56.23333333333334
"1984-06-01","Burgenland",29.6,5.4,,228.1999999999998,17.516666666666673,20.3
"1984-06-01","Kärnten",25.8,2.1333333333333333,,210.7000000000001,14.269537037037038,50.9
"1984-06-01","Niederösterreich",28.733333333333334,2.5333333333333328,,176.55,14.651481481481488,47.76666666666665
"1984-06-01","Oberösterreich",27.666666666666668,5.366666666666666,,194.59999999999988,15.285555555555556,15.966666666666667
"1984-06-01","Salzburg",16.866666666666664,-1.6999999999999997,483,151.6333333333333,5.8156018518518495,101.1888888888889
"1984-06-01","Steiermark",28.8,6,,227.10000000000005,16.863333333333333,65.06666666666666
"1984-06-01","Tirol",29.5,6.1000000000000005,,227.70000000000002,15.885555555555555,76.26666666666668
"1984-06-01","Vorarlberg",26.55,7.35,,188.39999999999995,15.900555555555552,139.95
"1984-06-01","Wien",29.233333333333334,5.733333333333333,,208.99999999999997,16.795324074074077,34.300000000000004
"1984-07-01","Burgenland",34.2,8.5,,210.7,19.167741935483864,12.500000000000002
"1984-07-01","Kärnten",31.2,2.833333333333333,,236.01249999999996,16.07428452119965,65
"1984-07-01","Niederösterreich",32.93333333333333,3.666666666666666,,175.23749999999995,16.02621043678999,69.97777777777776
"1984-07-01","Oberösterreich",33.733333333333334,6.433333333333334,,192.11999999999986,16.493548387096777,97.29999999999998
"1984-07-01","Salzburg",23.3,-1.8,141,174.76666666666662,8.500581862060855,120.89999999999998
"1984-07-01","Steiermark",32.4,6,,218.24999999999997,18.124731182795692,31.933333333333334
"1984-07-01","Tirol",36.00000000000001,7.266666666666667,,256.6124999999999,17.92688172043011,77.56666666666668
"1984-07-01","Vorarlberg",37.35,8.15,,204.29999999999993,18.317675942910842,140.39999999999998
"1984-07-01","Wien",33,6.666666666666667,,204.45999999999998,18.11125378431987,62.42222222222221
"1984-08-01","Burgenland",31.2,8.1,,253.69999999999996,19.29509536784741,30.200000000000003
"1984-08-01","Kärnten",26.166666666666668,6.533333333333333,,185.89999999999995,15.605913978494637,92.83333333333333
"1984-08-01","Niederösterreich",29.666666666666668,4.433333333333334,,195.25000000000003,16.330925934142865,95.94444444444443
"1984-08-01","Oberösterreich",28.366666666666664,7.533333333333334,,208.40000000000006,17.31935483870967,50.36666666666667
"1984-08-01","Salzburg",19.433333333333334,2,298,148.46666666666667,8.393637992831538,157.19999999999996
"1984-08-01","Steiermark",29.53333333333333,7.633333333333334,,219.60000000000002,18.27634408602151,75.13333333333334
"1984-08-01","Tirol",29.933333333333334,8.166666666666668,,186.89999999999998,17.598924731182795,96.83333333333334
"1984-08-01","Vorarlberg",28.95,10.35,,193.50000000000003,17.554637096774208,128.55
"1984-08-01","Wien",31.566666666666666,7.733333333333334,,261.70000000000005,19.069578853046597,31.155555555555562
"1984-09-01","Burgenland",30.5,6.3,,128.99999999999997,15.132777777777765,76.4
"1984-09-01","Kärnten",25.733333333333334,1.2666666666666666,,138.2,12.054074074074078,119.06666666666666
"1984-09-01","Niederösterreich",29.266666666666666,2.466666666666667,,94.175,12.677913406364112,104.82222222222221
"1984-09-01","Oberösterreich",27.56666666666667,3.9666666666666672,,92.6,12.884444444444444,84.73333333333332
"1984-09-01","Salzburg",18.400000000000002,-3.9333333333333336,3178,112.7333333333333,4.831064814814817,154.64444444444445
"1984-09-01","Steiermark",29.333333333333332,4.2666666666666675,,143.75000000000003,14.861111111111109,95.60000000000001
"1984-09-01","Tirol",28.6,4.233333333333333,,140.59999999999994,13.266666666666666,153.73333333333332
"1984-09-01","Vorarlberg",27.200000000000003,4.95,,122.69999999999996,13.13840277777778,321.9
"1984-09-01","Wien",30.799999999999997,5.7666666666666675,,103.80000000000001,14.86281243534036,64.73333333333333
"1984-10-01","Burgenland",22.1,-1.3,,114.30000000000001,11.534396671289864,18.900000000000002
"1984-10-01","Kärnten",16.8,-0.06666666666666671,,123.77499999999999,8.661694480485586,38.6
"1984-10-01","Niederösterreich",19.333333333333332,-2.6,,116.89999999999999,9.672584882428303,20.355555555555558
"1984-10-01","Oberösterreich",19.166666666666668,-0.9333333333333336,,121.42,9.766666666666667,4.099999999999998
"1984-10-01","Salzburg",11.7,-4.466666666666667,375,134.76666666666665,3.953572147718579,52.98888888888891
"1984-10-01","Steiermark",20.4,0.16666666666666669,,140.18749999999994,11.21935483870968,30.566666666666666
"1984-10-01","Tirol",21.6,-0.6333333333333333,,164.73749999999993,10.668817204301074,47.43333333333334
"1984-10-01","Vorarlberg",23.799999999999997,0.1499999999999999,,123.26666666666665,10.907971679119505,42.15
"1984-10-01","Wien",20.8,-0.23333333333333345,,112.38000000000001,11.235300931104247,28.64444444444445
"1984-11-01","Burgenland",16.8,-2.9,,77.49999999999996,5.433333333333329,63.50000000000003
"1984-11-01","Kärnten",13.766666666666667,-7.166666666666666,,110.9,2.2560648148148146,-5.200000000000001
"1984-11-01","Niederösterreich",17.7,-5.966666666666667,,85.94999999999999,4.019953703703704,16.933333333333337
"1984-11-01","Oberösterreich",16.400000000000002,-3.833333333333334,,46.49999999999999,4.598888888888889,8.133333333333335
"1984-11-01","Salzburg",13.166666666666666,-9.333333333333334,1557,148.4666666666667,2.021527777777778,8.299999999999999
"1984-11-01","Steiermark",17.033333333333335,-4.4,,86.40000000000002,4.506666666666668,10.3
"1984-11-01","Tirol",18.1,-5.5,,105.05,4.77,3.700000000000001
"1984-11-01","Vorarlberg",20.2,-1.7000000000000002,,76.00000000000003,6.149722222222224,46.4
"1984-11-01","Wien",19.2,-2.7666666666666666,,62.7,5.568703703703705,25.555555555555557
"1984-12-01","Burgenland",9.7,-4.8,,33.6,0.44233870967742017,12.3
"1984-12-01","Kärnten",8.766666666666667,-9.433333333333334,,56.74999999999997,-0.8661738351254479,7.800000000000001
"1984-12-01","Niederösterreich",9.600000000000001,-9.933333333333334,,42.70000000000001,0.21477461992511765,10.555555555555559
"1984-12-01","Oberösterreich",11.366666666666667,-9.466666666666667,,24.299999999999997,-0.421505376344086,9.233333333333333
"1984-12-01","Salzburg",7.6,-18,13321,119.35,-4.242697132616487,48.71111111111112
"1984-12-01","Steiermark",10.100000000000001,-6.166666666666666,,23.899999999999995,0.6064516129032258,1.9666666666666672
"1984-12-01","Tirol",15,-10.2,,40.45000000000001,-0.5225806451612902,27
"1984-12-01","Vorarlberg",14.75,-6,,31.1,1.6207661290322581,68.89999999999998
"1984-12-01","Wien",7.533333333333333,-6.133333333333334,,23.500000000000007,0.4509408602150545,19.33333333333334
"1985-01-01","Burgenland",7.5,-20.5,,71.6,-5.71129032258065,14.400000000000004
"1985-01-01","Kärnten",7.133333333333333,-22.666666666666668,,71.60000000000002,-7.708378136200721,28.133333333333333
"1985-01-01","Niederösterreich",7.466666666666667,-26.833333333333336,,64.4,-6.625607057576245,19.644444444444446
"1985-01-01","Oberösterreich",4.733333333333333,-25.066666666666666,,60.400000000000006,-7.054838709677419,48.733333333333334
"1985-01-01","Salzburg",3.4999999999999996,-26.766666666666666,33525,99.89999999999999,-10.662992831541223,38.11111111111111
"1985-01-01","Steiermark",9.233333333333333,-20.933333333333334,,75.64999999999999,-5.81505376344086,1.8000000000000007
"1985-01-01","Tirol",7.433333333333333,-22.400000000000002,,49.95,-6.851612903225807,30
"1985-01-01","Vorarlberg",9.6,-20.05,,43.1,-5.587096774193547,72.25
"1985-01-01","Wien",8.966666666666665,-22.266666666666673,,50.599999999999994,-5.768682795698923,26.77777777777777
"1985-02-01","Burgenland",11.1,-17.7,,106.7,-3.2069337442218817,31.600000000000023
"1985-02-01","Kärnten",8.866666666666667,-17.666666666666664,,151.95000000000002,-3.3132144691466734,-14.266666666666667
"1985-02-01","Niederösterreich",9.6,-21.666666666666668,,88.85,-3.42816787732042,39.15555555555555
"1985-02-01","Oberösterreich",8.600000000000001,-19.099999999999998,,101.69999999999996,-3.6761904761904756,34.16666666666667
"1985-02-01","Salzburg",5.233333333333333,-21.300000000000004,53042,96.8,-7.393395211191818,133.36666666666656
"1985-02-01","Steiermark",11.566666666666666,-16.866666666666667,,105.05,-2.2202380952380953,1.3999999999999995
"1985-02-01","Tirol",11.966666666666667,-14.566666666666666,,127.14999999999996,-0.7500000000000002,31.3
"1985-02-01","Vorarlberg",10.25,-14.3,,87.79999999999998,-0.915343660576713,63.95
"1985-02-01","Wien",9.566666666666666,-18.366666666666664,,96.69999999999999,-2.6846925673196878,16.077777777777786
"1985-03-01","Burgenland",17.2,-2,,76.99999999999999,3.8807065217391328,53.20000000000002
"1985-03-01","Kärnten",12.566666666666666,-7.9,,82.29999999999998,1.4018369175627234,79.66666666666667
"1985-03-01","Niederösterreich",19.5,-4.3999999999999995,,73.49999999999999,2.6012992831541215,46.988888888888894
"1985-03-01","Oberösterreich",18.433333333333334,-4.966666666666666,,75.4,3.1247311827956987,37.06666666666667
"1985-03-01","Salzburg",7.066666666666666,-15,58385,99.46666666666667,-4.680465949820789,68.68888888888888
"1985-03-01","Steiermark",18.6,-3.5,,66.79999999999998,3.79247311827957,94.66666666666666
"1985-03-01","Tirol",18.066666666666666,-6.833333333333334,,118.05000000000001,3.9075268817204307,53.46666666666667
"1985-03-01","Vorarlberg",16.35,-7.050000000000001,,124.5,3.871908602150536,33.5
"1985-03-01","Wien",19.9,-2.8666666666666667,,67.80000000000001,3.8530465949820796,37.2888888888889
"1985-04-01","Burgenland",22.9,0.6,,188.0999999999999,10.747949080622341,17.599999999999998
"1985-04-01","Kärnten",16.96666666666666,-6.533333333333333,,185.89999999999998,6.255416666666667,59.699999999999996
"1985-04-01","Niederösterreich",21.166666666666668,-1.4666666666666666,,154.44999999999993,8.16634259259259,32.84444444444445
"1985-04-01","Oberösterreich",21.46666666666667,-0.8000000000000002,,157.49999999999991,8.471111111111108,39.23333333333333
"1985-04-01","Salzburg",9.733333333333334,-11.133333333333333,40250,145.86666666666665,-1.2188425925925923,116.58888888888887
"1985-04-01","Steiermark",22.6,-1.8666666666666665,,195.50000000000006,9.43,29.433333333333334
"1985-04-01","Tirol",22.633333333333333,-2.3,,187.04999999999995,8.86,60.7
"1985-04-01","Vorarlberg",23.2,-1,,167.4,9.301736111111104,115.89999999999999
"1985-04-01","Wien",21.799999999999997,1.4,,178.19999999999993,10.522825884543765,8.177777777777777
"1985-05-01","Burgenland",28.5,2.6,,187.89999999999992,16.08479138627187,88.00000000000004
"1985-05-01","Kärnten",23.433333333333337,-3.6666666666666665,,180.04999999999998,11.769892473118281,102.36666666666667
"1985-05-01","Niederösterreich",27.633333333333333,-0.5333333333333334,,181.93750000000006,13.591143339056053,83.93333333333331
"1985-05-01","Oberösterreich",27.933333333333334,0,,206.40000000000003,14.616129032258065,59.6
"1985-05-01","Salzburg",15.333333333333334,-9.166666666666666,11608,154.7333333333333,4.55981182795699,57.977777777777774
"1985-05-01","Steiermark",27,-0.6666666666666667,,210.10000000000002,14.674193548387095,130.63333333333335
"1985-05-01","Tirol",28.23333333333333,-1.6333333333333333,,209.94999999999996,14.203225806451616,64.63333333333334
"1985-05-01","Vorarlberg",28.5,-0.05000000000000001,,183.89999999999995,13.940524193548383,122.9
"1985-05-01","Wien",27.833333333333332,2.5,,190.20000000000005,15.849865591397847,69.41111111111111
"1985-06-01","Burgenland",29.6,5.4,,177.29999999999993,16.099713055954076,70.80000000000001
"1985-06-01","Kärnten",26.666666666666664,1.1666666666666665,,174.47499999999994,13.232216377065734,162.36666666666665
"1985-06-01","Niederösterreich",27.333333333333332,3.2,,146.81249999999997,14.053405600722675,92.9
"1985-06-01","Oberösterreich",27.666666666666664,4.566666666666666,,178.81999999999988,14.671111111111111,101.16666666666664
"1985-06-01","Salzburg",16.966666666666665,-3.8333333333333335,160,118.16666666666663,5.162239289981224,175.37777777777777
"1985-06-01","Steiermark",29.900000000000002,5,,196.18750000000003,15.870000000000001,91.20000000000002
"1985-06-01","Tirol",28.3,4.566666666666666,,199.63749999999993,15.191111111111109,137.26666666666665
"1985-06-01","Vorarlberg",28.05,5.949999999999999,,156.66666666666669,15.162098278335723,160.39999999999998
"1985-06-01","Wien",30.066666666666666,6.333333333333333,,172.89999999999992,15.990550507465855,62.54444444444444
"1985-07-01","Burgenland",32.8,9.6,,296.6999999999999,20.495833333333326,61.7
"1985-07-01","Kärnten",26.8,5.533333333333333,,246.19999999999996,17.458512544802865,124.53333333333335
"1985-07-01","Niederösterreich",31.033333333333335,6.933333333333334,,244.40000000000003,17.833205216197662,81.05555555555556
"1985-07-01","Oberösterreich",31.06666666666667,7.833333333333334,,291.8000000000001,18.692473118279572,75.06666666666666
"1985-07-01","Salzburg",20,0.433333333333333,146,221.66666666666666,10.661514336917568,112.84444444444445
"1985-07-01","Steiermark",32.2,8.466666666666667,,256.95000000000016,19.874193548387094,81.5
"1985-07-01","Tirol",32.300000000000004,8.433333333333334,,270.09999999999997,19.663440860215054,95.66666666666666
"1985-07-01","Vorarlberg",32.1,10.7,,236.50000000000006,19.931787634408607,93.35000000000001
"1985-07-01","Wien",33.53333333333333,9.1,,280.90000000000003,20.429793906810023,32.13333333333333
"1985-08-01","Burgenland",32.3,9.9,,,19.655376344086037,116.19999999999995
"1985-08-01","Kärnten",26.733333333333334,4.866666666666666,,273.6,16.68409498207885,115.39999999999999
"1985-08-01","Niederösterreich",30.76666666666667,6.966666666666667,,213.47500000000002,17.309508839074162,163.19999999999996
"1985-08-01","Oberösterreich",31.2,8.266666666666666,,243.90000000000003,17.854838709677427,198.3
"1985-08-01","Salzburg",19.666666666666664,-1.3333333333333333,918,213.23333333333332,9.148438369810435,187.2888888888889
"1985-08-01","Steiermark",30.333333333333332,8.733333333333334,,268.79999999999995,18.86774193548387,132.33333333333334
"1985-08-01","Tirol",32.13333333333333,5.3999999999999995,,270.1500000000001,17.715053763440856,193.73333333333332
"1985-08-01","Vorarlberg",31.65,6.55,,242.4,17.794287634408597,242.1
"1985-08-01","Wien",31.933333333333334,9.6,,214.39999999999995,19.57508881545355,128
"1985-09-01","Burgenland",29,5.7,,235.90000000000012,16.236111111111097,27.8
"1985-09-01","Kärnten",23.866666666666667,0.5666666666666667,,239.55000000000007,14.17087962962963,1.7999999999999998
"1985-09-01","Niederösterreich",27.099999999999998,2.966666666666667,,198.25000000000003,14.22194444444445,37.988888888888894
"1985-09-01","Oberösterreich",25.066666666666666,3.2666666666666666,,201.8,14.392222222222221,35.33333333333333
"1985-09-01","Salzburg",16.466666666666665,-2.5,74,210.93333333333334,8.331164021164021,62.26666666666667
"1985-09-01","Steiermark",27.633333333333333,3,,222.2500000000001,16.03,8.700000000000001
"1985-09-01","Tirol",27.76666666666667,3.7666666666666666,,244.1,15.32777777777778,15.400000000000002
"1985-09-01","Vorarlberg",25.55,6.15,,209.30000000000004,15.618541666666669,32.400000000000006
"1985-09-01","Wien",28.066666666666666,5.566666666666666,,220.90000000000006,16.283240740740737,12.933333333333337
"1985-10-01","Burgenland",24.8,-2.5,,154.40000000000003,12.351111111111116,9.699999999999998
"1985-10-01","Kärnten",22.400000000000002,-4.633333333333332,,172.625,7.82871410178018,1.8333333333333328
"1985-10-01","Niederösterreich",24.066666666666666,-4.066666666666666,,123.5375,8.06493718898981,14.31111111111111
"1985-10-01","Oberösterreich",22.9,-1.8999999999999997,,109.96000000000001,8.259139784946239,-0.49999999999999856
"1985-10-01","Salzburg",16.666666666666664,-6.7333333333333325,79,183.13333333333333,3.877055463588505,9.788888888888888
"1985-10-01","Steiermark",23.76666666666667,-3.7,,161.8625,9.6,-8.566666666666665
"1985-10-01","Tirol",25.5,-4.066666666666666,,194.42499999999995,9.192473118279569,0.8666666666666665
"1985-10-01","Vorarlberg",24.65,-0.7499999999999999,,123.93333333333328,9.603494250816524,-7.2
"1985-10-01","Wien",23,-2.166666666666667,,133.86,10.000617422039285,2.2888888888888874
"1985-11-01","Burgenland",13.6,-7.9,,49.199999999999996,2.4844101123595523,85.09999999999992
"1985-11-01","Kärnten",11.733333333333333,-12,,49.800000000000004,-1.0322222222222217,108.43333333333334
"1985-11-01","Niederösterreich",15.066666666666666,-14.633333333333335,,43.75,1.0584722222222211,49.62222222222223
"1985-11-01","Oberösterreich",12.933333333333334,-12.266666666666667,,39.30000000000001,0.8911111111111107,65.46666666666667
"1985-11-01","Salzburg",8.466666666666665,-15.533333333333333,8970,76.76666666666667,-5.274675925925927,64.27777777777777
"1985-11-01","Steiermark",14.233333333333333,-9.1,,62.45,1.9588888888888891,89.03333333333332
"1985-11-01","Tirol",15.2,-12.233333333333333,,71.6,0.11111111111111144,54.833333333333336
"1985-11-01","Vorarlberg",19.65,-8.3,,48.80000000000001,1.7916666666666656,106.1
"1985-11-01","Wien",14.400000000000002,-10.633333333333335,,57.40000000000001,2.2284722222222246,93.2444444444444
"1985-12-01","Burgenland",12.5,-3.8,,21.000000000000004,3.284811827956987,53.10000000000001
"1985-12-01","Kärnten",10.433333333333334,-10.366666666666667,,72.65,-0.40900537634408685,33.5
"1985-12-01","Niederösterreich",12.433333333333332,-6.433333333333334,,50.55000000000002,2.8738799283154113,59.39999999999999
"1985-12-01","Oberösterreich",10.266666666666666,-5.733333333333333,,46.00000000000001,2.047311827956989,39.433333333333344
"1985-12-01","Salzburg",9.833333333333332,-13.6,23719,84.63333333333335,-1.9536654686901318,63.62222222222222
"1985-12-01","Steiermark",15.366666666666667,-6.833333333333333,,81.6,2.4526881720430107,27.633333333333333
"1985-12-01","Tirol",13.9,-8.566666666666665,,77.99999999999999,0.1551869197511957,28.188888888888894
"1985-12-01","Vorarlberg",13.9,-6.1,,66.00000000000001,3.27244623655914,5.900000000000001
"1985-12-01","Wien",12.833333333333332,-4.699999999999999,,20.900000000000002,3.3999551971326167,56.31111111111112
"1986-01-01","Burgenland",11.1,-11.8,,70.40000000000002,0.3182795698924725,37.20000000000001
"1986-01-01","Kärnten",6.266666666666667,-14.366666666666664,,99.84999999999998,-4.998924731182796,23.700000000000003
"1986-01-01","Niederösterreich",11.1,-13.766666666666667,,58.349999999999994,-0.7238799283154125,48.622222222222234
"1986-01-01","Oberösterreich",9.466666666666667,-12.466666666666667,,37.400000000000006,-0.7666666666666668,101.5
"1986-01-01","Salzburg",2.5000000000000004,-18.5,73481,58.933333333333344,-7.73499103942652,151.57777777777778
"1986-01-01","Steiermark",9.166666666666668,-11.9,,100.05,-1.451612903225806,28.33333333333334
"1986-01-01","Tirol",9.533333333333333,-15.033333333333333,,67.70000000000002,-3.353360215053764,100.7888888888889
"1986-01-01","Vorarlberg",12.899999999999999,-9.649999999999999,,48.25,0.9319134897360712,66.19999999999999
"1986-01-01","Wien",13.133333333333335,-11.733333333333333,,76.69999999999999,0.5480286738351249,32.63333333333334
"1986-02-01","Burgenland",4.6,-15.8,,72.8,-4.893220338983048,13.699999999999987
"1986-02-01","Kärnten",4,-20.166666666666668,,74.83749999999999,-6.815476190476192,61.69999999999999
"1986-02-01","Niederösterreich",3.7666666666666666,-22.633333333333333,,94.6125,-6.826102156473101,19.233333333333334
"1986-02-01","Oberösterreich",7.233333333333333,-18.8,,100.24000000000001,-5.697619047619047,2.6999999999999984
"1986-02-01","Salzburg",0.16666666666666663,-24.2,69367,119.2333333333333,-10.19573580844767,15.466666666666665
"1986-02-01","Steiermark",4.933333333333334,-19.266666666666666,,64.89999999999999,-4.823809523809524,85.43333333333334
"1986-02-01","Tirol",9.133333333333333,-17.06666666666667,,101.175,-4.575898078529659,33.76666666666663
"1986-02-01","Vorarlberg",3.45,-15.95,,57.949999999999996,-4.637910215961061,13.65
"1986-02-01","Wien",4.066666666666666,-17.866666666666667,,71.38,-5.01081852542814,25.966666666666676
"1986-03-01","Burgenland",17.6,-9.3,,91.29999999999997,3.1837365591397857,16.099999999999998
"1986-03-01","Kärnten",12.1,-12.499999999999998,,86.8,0.10645161290322587,51.43333333333334
"1986-03-01","Niederösterreich",19.1,-10.9,,102.9,2.443010752688172,17.38888888888889
"1986-03-01","Oberösterreich",17.299999999999997,-9.100000000000001,,98.80000000000001,3.21505376344086,33.96666666666667
"1986-03-01","Salzburg",8.100000000000001,-12.533333333333333,78176,122.73333333333333,-3.193055555555554,81.1
"1986-03-01","Steiermark",17.033333333333335,-10.266666666666667,,92.09999999999997,2.536559139784946,44.2
"1986-03-01","Tirol",18.73333333333333,-6.833333333333333,,126.40000000000002,2.8954301075268813,46.91111111111111
"1986-03-01","Vorarlberg",19.45,-7.15,,107.19999999999997,3.774074563722898,25.299999999999997
"1986-03-01","Wien",19.1,-9.633333333333335,,87.19999999999996,3.5370695322490575,8.622222222222222
"1986-04-01","Burgenland",27.8,-1.8,,192.3000000000001,11.877638888888905,31.500000000000004
"1986-04-01","Kärnten",18.4,-8.100000000000001,,113.45000000000002,5.927777777777777,34.900000000000006
"1986-04-01","Niederösterreich",24.033333333333335,-4.833333333333334,,130.3,9.449396646293685,25.65555555555555
"1986-04-01","Oberösterreich",22.96666666666667,-3.833333333333333,,142.49999999999994,9.242222222222223,26.566666666666666
"1986-04-01","Salzburg",8.333333333333336,-13.966666666666667,68620,89.16666666666659,-0.47861111111111126,81.47777777777777
"1986-04-01","Steiermark",24.400000000000002,-5.033333333333334,,134.54999999999995,9.91,23.3
"1986-04-01","Tirol",21.566666666666666,-3.9000000000000004,,119.79999999999993,8.117824074074074,67.7
"1986-04-01","Vorarlberg",23.8,-3.05,,115.10000000000001,7.879689716312059,139.35
"1986-04-01","Wien",27.333333333333332,-3.1333333333333337,,162.79999999999998,11.492777777777775,3.6666666666666656
"1986-05-01","Burgenland",27.2,7.5,,241.2,17.412768817204302,49.10000000000001
"1986-05-01","Kärnten",24.966666666666672,1.5999999999999999,,199.94999999999993,13.637634408602151,84.66666666666667
"1986-05-01","Niederösterreich",27,2.6999999999999997,,182.6,14.869660725683705,78.76666666666664
"1986-05-01","Oberösterreich",26.933333333333334,3,,200.49999999999991,15.420430107526883,82.63333333333333
"1986-05-01","Salzburg",17.666666666666664,-4.933333333333334,3997,165.0666666666667,4.079166666666665,98.13333333333334
"1986-05-01","Steiermark",26.933333333333334,4.5,,212.35,16.53225806451613,89.6
"1986-05-01","Tirol",28.9,2.8,,194.9,15.28991935483871,86.83333333333333
"1986-05-01","Vorarlberg",27.200000000000003,4.55,,182.95000000000005,15.260915422553989,184.3
"1986-05-01","Wien",27.633333333333333,6.8999999999999995,,234.10000000000005,17.118324372759865,44.72222222222223
"1986-06-01","Burgenland",31.2,3.7,,237.00000000000009,17.627833572453383,44
"1986-06-01","Kärnten",25.733333333333334,0.9000000000000001,,191.73750000000004,13.503333333333332,146.39999999999998
"1986-06-01","Niederösterreich",28.666666666666664,1.2333333333333332,,175.47500000000005,15.32301169590643,105.33333333333333
"1986-06-01","Oberösterreich",28.700000000000003,3.0666666666666664,,215.24,15.937777777777775,44.766666666666666
"1986-06-01","Salzburg",17.166666666666668,-4.966666666666666,309,149.13333333333335,4.331022902385888,101.33333333333334
"1986-06-01","Steiermark",29.233333333333334,4.033333333333333,,200.72499999999997,16.962222222222223,87.00000000000001
"1986-06-01","Tirol",29.699999999999996,2.9,,214.525,16.202027737924432,49.83333333333334
"1986-06-01","Vorarlberg",30.1,4.2,,220.36666666666665,16.830320420851265,120.04999999999995
"1986-06-01","Wien",29.86666666666667,4.233333333333333,,244.9799999999999,17.522866035414804,52.333333333333336
"1986-07-01","Burgenland",32,9.7,,253.10000000000014,19.43077956989249,19.799999999999994
"1986-07-01","Kärnten",27.5,3.966666666666667,,231.64999999999998,15.483870967741936,37.06666666666666
"1986-07-01","Niederösterreich",30.633333333333333,5.5,,211.79999999999995,16.841507124748656,60.01111111111112
"1986-07-01","Oberösterreich",30.8,6.4,,246.29999999999995,17.54516129032258,75.26666666666665
"1986-07-01","Salzburg",18.766666666666666,-1.4666666666666668,312,177.00000000000006,6.335853719279868,99.68888888888888
"1986-07-01","Steiermark",31.466666666666665,6.833333333333334,,236.59999999999994,18.58602150537634,28.13333333333334
"1986-07-01","Tirol",31.36666666666667,5.4,,225.5499999999999,17.747446236559135,69.65555555555557
"1986-07-01","Vorarlberg",29.85,8.3,,213.25,17.884074990730447,75.75
"1986-07-01","Wien",32.56666666666667,9.266666666666667,,250.9,19.37281544193102,24.433333333333337
"1986-08-01","Burgenland",32.1,7.9,,248.19999999999987,20.423252688172045,52.70000000000001
"1986-08-01","Kärnten",27.866666666666667,4.433333333333334,,226.65000000000003,16.35698924731183,165.33333333333334
"1986-08-01","Niederösterreich",31.366666666666667,3.433333333333333,,204.3,17.71255701073316,69.35555555555557
"1986-08-01","Oberösterreich",31.066666666666666,5.633333333333334,,220.90000000000003,18.33225806451613,45.5
"1986-08-01","Salzburg",19.766666666666666,-2.3666666666666663,299,161.9666666666667,6.889695340501792,159.53333333333333
"1986-08-01","Steiermark",30.6,6.333333333333333,,233.35,19.309677419354845,107.96666666666667
"1986-08-01","Tirol",32.63333333333333,6.866666666666667,,214.64999999999992,18.01200716845878,141.8555555555555
"1986-08-01","Vorarlberg",34.349999999999994,7.6,,196.29999999999993,17.931748581979754,151.45
"1986-08-01","Wien",32.66666666666667,8.3,,241.3,20.03015232974909,107.9888888888889
"1986-09-01","Burgenland",28.2,3.9,,226.8,15.338749999999985,25.799999999999997
"1986-09-01","Kärnten",26.366666666666667,0.4999999999999999,,192.35,12.675555555555556,42.2
"1986-09-01","Niederösterreich",26.866666666666667,-0.5333333333333333,,178.225,13.005849582172699,32.27777777777778
"1986-09-01","Oberösterreich",25.8,2.3333333333333335,,187.10000000000002,13.61111111111111,11.766666666666666
"1986-09-01","Salzburg",16.666666666666668,-2,598,188.86666666666667,5.041342592592592,53.67777777777778
"1986-09-01","Steiermark",27.466666666666665,3.6,,212.10000000000002,14.965555555555557,16.300000000000004
"1986-09-01","Tirol",27.066666666666666,3.233333333333334,,207.44999999999996,14.110833333333334,41.81111111111112
"1986-09-01","Vorarlberg",26.1,4.8,,159.39999999999992,14.068622752087338,1.9999999999999996
"1986-09-01","Wien",28.73333333333333,3.1999999999999997,,210.99999999999994,15.246454351581908,28.72222222222222
"1986-10-01","Burgenland",23.9,0.5,,190.9,10.821636615811363,32.8
"1986-10-01","Kärnten",21.366666666666667,-1.9333333333333333,,157.86249999999995,8.211827956989248,18.333333333333332
"1986-10-01","Niederösterreich",23.4,-3.266666666666667,,161.12499999999994,9.14942657300941,32.08888888888889
"1986-10-01","Oberösterreich",22.566666666666666,-1.1333333333333333,,151.57999999999996,9.894623655913978,54.93333333333333
"1986-10-01","Salzburg",14.999999999999998,-7.7333333333333325,,190.3333333333333,2.5743352273574622,40.699999999999996
"1986-10-01","Steiermark",23.233333333333334,-1.7666666666666666,,156.47500000000002,10.10215053763441,14.433333333333335
"1986-10-01","Tirol",23.766666666666666,-1.6666666666666667,,195.61249999999998,9.568635755795171,18.255555555555556
"1986-10-01","Vorarlberg",20.450000000000003,0.09999999999999998,,123.54999999999998,10.566773985189052,40.65
"1986-10-01","Wien",23.56666666666667,0.4,,176.08000000000004,10.813819057177515,25.133333333333336
"1986-11-01","Burgenland",14.2,-1.1,,83.89999999999999,5.140694444444448,25.1
"1986-11-01","Kärnten",14.366666666666667,-7.3999999999999995,,125.79999999999998,2.6744444444444446,20.033333333333335
"1986-11-01","Niederösterreich",14.233333333333334,-5,,86.6,4.0980505191383845,34.977777777777774
"1986-11-01","Oberösterreich",13.466666666666665,-3,,50.699999999999996,4.000000000000001,8.366666666666667
"1986-11-01","Salzburg",9.3,-11.066666666666665,145,140.46666666666667,-0.27124452983242664,24.9
"1986-11-01","Steiermark",15.9,-5.133333333333334,,112.50000000000003,4.46111111111111,15.23333333333333
"1986-11-01","Tirol",17.233333333333334,-7,,137.16249999999997,2.1990476190476187,8.133333333333333
"1986-11-01","Vorarlberg",19.15,-5.4,,100.84999999999998,5.174080859435875,27.7
"1986-11-01","Wien",13.600000000000001,-1.3666666666666667,,72.30000000000003,5.260364899611575,38.98888888888889
"1986-12-01","Burgenland",12.7,-14.4,,27.700000000000003,0.06854838709677373,26.000000000000014
"1986-12-01","Kärnten",7.9,-18.166666666666668,,116.54999999999998,-3.2096774193548385,-0.7999999999999994
"1986-12-01","Niederösterreich",11.466666666666667,-19.433333333333334,,45.550000000000004,-0.592921146953405,38.67777777777778
"1986-12-01","Oberösterreich",10.1,-15.066666666666666,,22.7,-0.4075268817204304,73.89999999999999
"1986-12-01","Salzburg",6.9,-20.46666666666667,,88.73333333333335,-5.467428315412187,189.36666666666665
"1986-12-01","Steiermark",9.933333333333334,-16.96666666666667,,61.499999999999986,-1.97741935483871,15.2
"1986-12-01","Tirol",9.599999999999998,-13.133333333333335,,96.10000000000001,-2.881522495051624,40.01111111111111
"1986-12-01","Vorarlberg",12.149999999999999,-12.2,,37.25000000000001,0.7420276416678019,43.724999999999994
"1986-12-01","Wien",11.866666666666667,-15.633333333333333,,48.90000000000001,0.344399641577061,39.21111111111112
"1987-01-01","Burgenland",11.5,-20,,49.29999999999999,-5.068707482993197,42.60000000000002
"1987-01-01","Kärnten",4.699999999999999,-22.7,,91.30000000000001,-7.087096774193549,24.566666666666666
"1987-01-01","Niederösterreich",10,-25.4,,50.69999999999999,-5.410764375876578,51.1888888888889
"1987-01-01","Oberösterreich",8.933333333333334,-22.5,,46.1,-5.203225806451613,58.73333333333333
"1987-01-01","Salzburg",0.033333333333333215,-27.733333333333334,,76.80000000000001,-9.325185055321798,108.45555555555548
"1987-01-01","Steiermark",7.966666666666667,-22.733333333333334,,80.4,-4.8032258064516125,45.36666666666667
"1987-01-01","Tirol",6.6,-22.53333333333333,,73.725,-5.997810009695459,41.844444444444456
"1987-01-01","Vorarlberg",9.8,-20.6,,29.600000000000005,-4.644724564499789,38.32499999999999
"1987-01-01","Wien",10.600000000000001,-22.06666666666667,,57.900000000000006,-4.476842493607003,76.3444444444444
"1987-02-01","Burgenland",9.6,-18.3,,85.69999999999997,-0.3083981337480554,45.90000000000001
"1987-02-01","Kärnten",9.600000000000001,-18.933333333333334,,110.94999999999999,-2.2809523809523804,44.56666666666666
"1987-02-01","Niederösterreich",8.833333333333334,-24.266666666666666,,68.44999999999999,-1.2371854134565992,54.400000000000006
"1987-02-01","Oberösterreich",8.333333333333334,-20.299999999999997,,40.80000000000001,-1.1369047619047623,42.866666666666674
"1987-02-01","Salzburg",3.933333333333333,-16.433333333333334,,88.23333333333333,-4.361162472179421,114.32222222222222
"1987-02-01","Steiermark",11.266666666666667,-20.433333333333337,,93.50000000000001,-0.3202380952380953,68.53333333333335
"1987-02-01","Tirol",11.933333333333334,-17.7,,97.75714285714285,0.1320341724800323,56.34444444444445
"1987-02-01","Vorarlberg",12.05,-14.95,,42.599999999999994,0.7012647973222774,41.425
"1987-02-01","Wien",11.133333333333333,-19.6,,79.2,0.10040049404456224,57.18888888888889
"1987-03-01","Burgenland",16.6,-15.5,,138.69999999999996,-0.06532258064515933,24.10000000000001
"1987-03-01","Kärnten",11.066666666666665,-18.766666666666666,,155,-3.335483870967742,51.83333333333333
"1987-03-01","Niederösterreich",16.233333333333334,-22.933333333333334,,120.84999999999997,-1.984632616487455,34.78888888888889
"1987-03-01","Oberösterreich",15.8,-21.233333333333334,,131.39999999999998,-1.2913978494623655,60.73333333333334
"1987-03-01","Salzburg",4.099999999999999,-21.200000000000003,,131.53333333333333,-8.419310035842296,168.09999999999997
"1987-03-01","Steiermark",16.3,-18.53333333333333,,138.35000000000002,-0.1655913978494622,50.53333333333334
"1987-03-01","Tirol",15.8,-13.433333333333334,,177.39999999999998,0.25302362341867674,57.733333333333334
"1987-03-01","Vorarlberg",15.1,-9.9,,99.94999999999996,1.5034274193548387,36.8
"1987-03-01","Wien",17.066666666666666,-17.966666666666665,,140.8,0.08638903458927052,46.95555555555557
"1987-04-01","Burgenland",22.9,1.1,,173.80000000000004,10.584937238493714,14.699999999999994
"1987-04-01","Kärnten",19.599999999999998,-4.433333333333334,,202.35000000000005,6.783333333333333,28.633333333333336
"1987-04-01","Niederösterreich",22.900000000000002,-1.9666666666666668,,163.55,8.735555555555553,22.544444444444444
"1987-04-01","Oberösterreich",23.166666666666668,-1.1666666666666665,,166.8,9.315555555555555,31.533333333333328
"1987-04-01","Salzburg",12.566666666666666,-12.233333333333333,60357,142.5,-0.19230842911877322,77.54444444444442
"1987-04-01","Steiermark",23.300000000000004,-0.1,,184.55,10.149999999999999,11.899999999999995
"1987-04-01","Tirol",24.900000000000002,-2.1,,202.3,9.53902356902356,44.84444444444445
"1987-04-01","Vorarlberg",23.55,-3.4000000000000004,,190.99999999999994,8.164335956127804,52.449999999999996
"1987-04-01","Wien",22.766666666666666,0.09999999999999999,,165.8,10.675694444444442,9.066666666666666
"1987-05-01","Burgenland",26.1,5.1,,168.10000000000002,13.155645161290328,124.19999999999997
"1987-05-01","Kärnten",20.866666666666664,-1.2333333333333334,,154.39999999999992,9.051612903225807,131.06666666666666
"1987-05-01","Niederösterreich",24.366666666666667,-0.30000000000000004,,132.2,10.898879928315413,126.74444444444438
"1987-05-01","Oberösterreich",24.1,1.7000000000000002,,163.2,11.322580645161288,133.5333333333333
"1987-05-01","Salzburg",10.600000000000001,-7.333333333333333,,100.96666666666664,0.7075268817204301,196.1777777777777
"1987-05-01","Steiermark",25.933333333333334,2.3,,154.29999999999995,12.772043010752688,110.73333333333332
"1987-05-01","Tirol",25.266666666666666,0.46666666666666673,,162.99999999999997,10.65491925822875,123.32222222222212
"1987-05-01","Vorarlberg",25,0.25,,144.54999999999993,9.068811094819155,95.89999999999998
"1987-05-01","Wien",25.866666666666667,3.233333333333334,,157.39999999999998,13.020340501792116,105.9888888888889
"1987-06-01","Burgenland",30,7,,210.09999999999997,18.1374461979914,42.9
"1987-06-01","Kärnten",26.366666666666667,2.3,,202.87499999999994,13.666666666666666,80.33333333333333
"1987-06-01","Niederösterreich",29.9,3.766666666666666,,136.54999999999995,15.58629257665126,68.9888888888889
"1987-06-01","Oberösterreich",29.73333333333333,6.733333333333333,,173.52,15.84,69.26666666666667
"1987-06-01","Salzburg",19.700000000000003,-2.6,0,129.23333333333332,6.131307720920347,92.07777777777777
"1987-06-01","Steiermark",29.833333333333332,6.133333333333334,,203.9375,17.409999999999997,58.00000000000001
"1987-06-01","Tirol",31.433333333333334,5.266666666666667,,170.86249999999993,15.449453629856107,89.08888888888887
"1987-06-01","Vorarlberg",31.55,6.050000000000001,,134.84999999999997,11.184863701578193,110.35
"1987-06-01","Wien",29.666666666666664,6.6,,193.45999999999998,17.688882512354546,93.4
"1987-07-01","Burgenland",32.1,10.7,,283.1000000000001,21.060080645161285,31.599999999999998
"1987-07-01","Kärnten",27.266666666666666,3.4,,244.34999999999997,17.244086021505375,138.79999999999998
"1987-07-01","Niederösterreich",30.599999999999998,6.2,,212.24999999999997,18.533467741935475,104.07777777777778
"1987-07-01","Oberösterreich",30.566666666666666,7.166666666666667,,248.49999999999986,19.205376344086023,94.6
"1987-07-01","Salzburg",18.96666666666667,-1.5666666666666669,,161.04444444444445,10.048398912915044,167.97777777777776
"1987-07-01","Steiermark",31.033333333333335,6.3,,271.9000000000001,20.531182795698925,108.96666666666664
"1987-07-01","Tirol",30.933333333333334,6.800000000000001,,197.46249999999995,18.486505833940686,178.96666666666655
"1987-07-01","Vorarlberg",30.4,9.95,,192.95000000000002,13.33679567544725,199.60000000000002
"1987-07-01","Wien",32.83333333333333,10.066666666666666,,280.2000000000001,20.698924731182807,61.45555555555555
"1987-08-01","Burgenland",28.3,8,,181.70000000000002,17.807258064516148,89.70000000000002
"1987-08-01","Kärnten",24.233333333333334,2.166666666666666,,209.05000000000007,15.123655913978494,86.53333333333335
"1987-08-01","Niederösterreich",27.333333333333332,5.6,,157.97499999999997,16.109936477518726,57.51111111111111
"1987-08-01","Oberösterreich",28.766666666666666,6.366666666666666,,179.5,16.752688172043012,55.73333333333334
"1987-08-01","Salzburg",19.6,-2.9000000000000004,,133,8.535033030654208,144.63333333333333
"1987-08-01","Steiermark",26.8,6.566666666666666,,190.95000000000005,17.844086021505376,94.4
"1987-08-01","Tirol",29.733333333333334,4.133333333333333,,196.85,17.016532258064515,108.10000000000001
"1987-08-01","Vorarlberg",30.65,7.8,,176.20000000000005,12.933377659574465,89.14999999999996
"1987-08-01","Wien",28.23333333333333,8.899999999999999,,193.3,18.010887096774187,58.16666666666667
"1987-09-01","Burgenland",33,4.2,,177.4,18.015833333333333,35
"1987-09-01","Kärnten",26.166666666666668,-0.9666666666666666,,160.79999999999995,15.213333333333333,56.93333333333332
"1987-09-01","Niederösterreich",29.566666666666663,1.4666666666666666,,155.12499999999994,15.917099197099201,49.34444444444445
"1987-09-01","Oberösterreich",28.233333333333334,3.4,,164.60000000000002,16.824444444444442,74.43333333333334
"1987-09-01","Salzburg",18.666666666666668,-4.033333333333333,,158.86666666666665,9.327632522165626,56.855555555555554
"1987-09-01","Steiermark",30.23333333333333,3.2333333333333334,,166.25,18.029999999999998,38.666666666666664
"1987-09-01","Tirol",28.53333333333333,3.533333333333333,,185.9,16.123703703703708,70.52222222222224
"1987-09-01","Vorarlberg",30.4,2.45,,174.35000000000005,12.955486111111105,111.30000000000001
"1987-09-01","Wien",31.433333333333334,4.1,,169.09999999999994,18.168177449601487,25.55555555555556
"1987-10-01","Burgenland",24.4,-0.8,,107.69999999999993,11.787096774193547,-6.1
"1987-10-01","Kärnten",17.8,-1.8,,70.15,7.59784946236559,74.23333333333335
"1987-10-01","Niederösterreich",22.7,-0.6333333333333333,,115.43750000000003,9.709677419354838,9.700000000000001
"1987-10-01","Oberösterreich",23.766666666666666,0.4,,111.29999999999997,10.468817204301079,-0.43333333333333307
"1987-10-01","Salzburg",13.066666666666666,-5.466666666666667,,95.39999999999998,4.1600614439324115,42.53333333333333
"1987-10-01","Steiermark",23.133333333333333,0.9666666666666668,,78.5125,11.08494623655914,27.133333333333336
"1987-10-01","Tirol",22.466666666666665,-0.16666666666666669,,110.25000000000003,10.780645161290325,44.766666666666666
"1987-10-01","Vorarlberg",25.85,1.9500000000000002,,86.70000000000002,9.769261496116073,25.475000000000005
"1987-10-01","Wien",23.3,0,,105.85999999999999,11.04872662918388,14.011111111111113
"1987-11-01","Burgenland",14,-3.4,,43.700000000000024,5.3088962108731526,18.4
"1987-11-01","Kärnten",11.566666666666666,-4.533333333333333,,58.54999999999999,2.2888888888888896,106.4
"1987-11-01","Niederösterreich",14.466666666666667,-4.633333333333334,,44.45,4.205457102672291,50.24444444444445
"1987-11-01","Oberösterreich",11.533333333333333,-3.0666666666666664,,40.10000000000001,4.208888888888889,41.2
"1987-11-01","Salzburg",7.500000000000001,-10.166666666666666,14615,57.1,-2.1762196679438057,119.78888888888888
"1987-11-01","Steiermark",13.966666666666667,-2.833333333333333,,59.24999999999999,4.703333333333333,71.9
"1987-11-01","Tirol",12.799999999999999,-2.966666666666667,,74.95000000000002,3.5597728821932395,98.56666666666663
"1987-11-01","Vorarlberg",14.05,-1.25,,38.800000000000026,7.197573529411768,50.82500000000002
"1987-11-01","Wien",12.566666666666666,-3.466666666666667,,47.30000000000001,5.449981714908187,23.088888888888892
"1987-12-01","Burgenland",14.9,-10.1,,53.20000000000001,2.3399193548387105,51.70000000000002
"1987-12-01","Kärnten",11.4,-11.866666666666667,,81.6,-0.121505376344086,-17.333333333333332
"1987-12-01","Niederösterreich",13,-14.533333333333333,,49.45,1.4646505376344081,50.222222222222236
"1987-12-01","Oberösterreich",11.299999999999999,-12.666666666666666,,25.099999999999994,1.2333333333333334,67.86666666666667
"1987-12-01","Salzburg",5.066666666666666,-12.899999999999999,31934,96.33333333333334,-2.7840053763440857,74.65555555555555
"1987-12-01","Steiermark",13.8,-10.833333333333332,,60.849999999999994,1.061290322580645,0.5999999999999994
"1987-12-01","Tirol",10,-10.6,,78.79999999999998,-0.8254032258064522,33.42222222222222
"1987-12-01","Vorarlberg",12.35,-7,,41.70000000000001,5.80110461154021,65
"1987-12-01","Wien",14,-9.866666666666667,,62.5,2.817677754888649,57.82222222222224
"1988-01-01","Burgenland",13.2,-3.8,,50.10000000000002,2.3193548387096747,23.799999999999997
"1988-01-01","Kärnten",8.733333333333334,-9.200000000000001,,81.10000000000002,-0.7000000000000001,24.299999999999997
"1988-01-01","Niederösterreich",13.366666666666667,-6.933333333333334,,57.499999999999986,1.923118279569893,6.455555555555555
"1988-01-01","Oberösterreich",12.733333333333333,-8.3,,34.2,1.5559139784946239,23.833333333333332
"1988-01-01","Salzburg",6.366666666666667,-14.133333333333333,45824,93.46666666666667,-3.0098566308243733,83.14444444444445
"1988-01-01","Steiermark",13.433333333333334,-7.033333333333333,,67.90000000000002,1.7021505376344084,23.466666666666665
"1988-01-01","Tirol",11.700000000000001,-8.633333333333333,,97.6,0.011335125448031003,40.355555555555554
"1988-01-01","Vorarlberg",16.25,-3.85,,49.100000000000016,3.350368358763177,42.95
"1988-01-01","Wien",13.766666666666666,-4.7,,49.6,2.7954749103942653,12.722222222222223
"1988-02-01","Burgenland",14.8,-5.2,,100.6,3.1322436849925754,28.900000000000016
"1988-02-01","Kärnten",7.099999999999999,-9.333333333333334,,127.18750000000001,-1.4103448275862067,25.833333333333336
"1988-02-01","Niederösterreich",11.666666666666666,-7.366666666666667,,87.62500000000001,1.7905262079212985,41.32222222222223
"1988-02-01","Oberösterreich",11.433333333333334,-8.166666666666666,,85.64,1.7000000000000002,58.13333333333334
"1988-02-01","Salzburg",5.433333333333334,-16.133333333333333,86806,98.03333333333333,-6.847433861078375,138.38888888888889
"1988-02-01","Steiermark",14.166666666666666,-7.666666666666666,,105.73750000000003,2.545977011494253,29.966666666666665
"1988-02-01","Tirol",11.566666666666666,-10.266666666666667,,129.75,-0.2841505764376785,30.488888888888898
"1988-02-01","Vorarlberg",12.75,-5.949999999999999,,83.94999999999997,1.7529070503810464,52.70000000000001
"1988-02-01","Wien",12.933333333333332,-4.866666666666666,,95.74,3.1556494907573476,68.86666666666667
"1988-03-01","Burgenland",16.2,-6.5,,110.7,4.044892473118283,68.5
"1988-03-01","Kärnten",10.166666666666668,-9.6,,155.5,0.8279569892473118,18.299999999999997
"1988-03-01","Niederösterreich",14.433333333333334,-11.233333333333333,,77.19999999999999,2.45076164874552,67.31111111111112
"1988-03-01","Oberösterreich",14.666666666666668,-9.366666666666667,,83.50000000000003,2.551612903225806,147.96666666666667
"1988-03-01","Salzburg",3.3000000000000003,-17.5,141474,79.13333333333337,-6.528340114307855,165.94444444444434
"1988-03-01","Steiermark",15.5,-6.066666666666667,,126.54999999999994,4.141935483870967,21.96666666666667
"1988-03-01","Tirol",14.4,-10.2,,129.54999999999998,2.8974755643414114,86.77777777777779
"1988-03-01","Vorarlberg",14.3,-7.85,,62.999999999999986,3.711909089642877,133.7
"1988-03-01","Wien",16.466666666666665,-7.1,,106.99999999999999,3.9683243727598576,64.52222222222224
"1988-04-01","Burgenland",23.2,-1.8,,197.49999999999991,10.150972222222236,14.7
"1988-04-01","Kärnten",18.633333333333333,-4.766666666666667,,167.25,6.211111111111112,49.36666666666667
"1988-04-01","Niederösterreich",22.333333333333332,-4.433333333333334,,178.79999999999995,8.169675925925926,12.34444444444444
"1988-04-01","Oberösterreich",21.266666666666666,-1.6,,208.29999999999998,9.435555555555558,35.766666666666666
"1988-04-01","Salzburg",8.9,-10.8,113171,168.36666666666667,0.44726851851851823,16.25555555555556
"1988-04-01","Steiermark",22.26666666666667,-2.7333333333333334,,181.3,9.501111111111113,28.933333333333337
"1988-04-01","Tirol",23,-1.4666666666666668,,189.6,9.717912950994027,17.244444444444444
"1988-04-01","Vorarlberg",24.15,0.5,,184.14999999999998,9.920444444444449,91.375
"1988-04-01","Wien",23.366666666666667,-2.6333333333333333,,194.69999999999996,9.979907407407408,13.4
"1988-05-01","Burgenland",25.4,4,,205.59999999999994,16.051575931232104,12.399999999999999
"1988-05-01","Kärnten",20.133333333333333,1.4,,142.54999999999995,10.894623655913978,54.06666666666667
"1988-05-01","Niederösterreich",24.533333333333335,0.6,,189.95,13.25346422455229,45.45555555555555
"1988-05-01","Oberösterreich",25.333333333333336,3.166666666666666,,249.49999999999994,15.083870967741936,18.53333333333333
"1988-05-01","Salzburg",15.066666666666666,-4.766666666666667,28906,166.93333333333337,5.432967654869182,61.14444444444445
"1988-05-01","Steiermark",24.566666666666666,3.966666666666667,,166.25000000000003,14.789247311827957,59.23333333333333
"1988-05-01","Tirol",26.2,2.333333333333333,,172.69999999999996,14.35201612903225,65.40000000000002
"1988-05-01","Vorarlberg",26.7,3.25,,188.69999999999993,15.161350825067773,81.8
"1988-05-01","Wien",25.400000000000002,4.833333333333333,,214.09999999999997,15.858288530465952,23.56666666666667
"1988-06-01","Burgenland",30.3,9.6,,222.79999999999995,17.701721664275457,66.69999999999999
"1988-06-01","Kärnten",23.433333333333334,4.333333333333333,,185.5,13.553333333333335,84.1
"1988-06-01","Niederösterreich",27.666666666666668,6.166666666666666,,172.7,15.288601729482789,74.56666666666666
"1988-06-01","Oberösterreich",28.533333333333335,7.966666666666667,,218.59999999999994,16.265555555555558,71.06666666666666
"1988-06-01","Salzburg",15.266666666666667,-2.666666666666667,549,114.56666666666665,6.243666507253308,125.86666666666667
"1988-06-01","Steiermark",27.9,7.533333333333334,,195.94999999999993,17.255555555555556,83.7
"1988-06-01","Tirol",27.366666666666664,5.4,,153.9874999999999,15.566489829707384,74.3444444444444
"1988-06-01","Vorarlberg",26.95,5.95,,181.35000000000008,16.030930984520623,126.825
"1988-06-01","Wien",29.733333333333334,8.933333333333334,,208.46,17.516947765556083,36.26666666666667
"1988-07-01","Burgenland",35.2,11.9,,304.0999999999999,21.461962365591397,35.199999999999996
"1988-07-01","Kärnten",29.233333333333334,5.533333333333333,,261.55,17.38279569892473,102.6
"1988-07-01","Niederösterreich",34.166666666666664,7.9,,244.54999999999998,18.82344524906737,74.28888888888889
"1988-07-01","Oberösterreich",34.5,8.766666666666664,,274,19.278494623655913,110.1
"1988-07-01","Salzburg",21.6,-0.2666666666666666,435,181.7666666666666,10.318772401433694,143.76666666666668
"1988-07-01","Steiermark",33.233333333333334,8.366666666666667,,270.6999999999999,20.408333333333335,83.9111111111111
"1988-07-01","Tirol",32.83333333333334,8.233333333333333,,243.8999999999999,18.91261090053142,126.72222222222221
"1988-07-01","Vorarlberg",31.85,10.55,,242.19999999999996,19.191585100898507,165.60000000000002
"1988-07-01","Wien",36.233333333333334,11.5,,291.7,21.194265232974914,36.05555555555556
"1988-08-01","Burgenland",33,8.8,,259.70000000000005,20.220564516129055,98.59999999999995
"1988-08-01","Kärnten",29.333333333333332,5.133333333333334,,250.30000000000007,16.717204301075267,116.16666666666664
"1988-08-01","Niederösterreich",31.066666666666666,6.333333333333333,,223.29999999999995,17.759017606829815,127.05555555555551
"1988-08-01","Oberösterreich",30.233333333333334,7.2,,220.6,18.370967741935484,81.3
"1988-08-01","Salzburg",20.066666666666666,-0.46666666666666634,1096,176.79999999999998,9.895588937611254,166.79999999999995
"1988-08-01","Steiermark",32.8,7.933333333333334,,255.3,19.37475782233847,131.07777777777778
"1988-08-01","Tirol",30.366666666666667,7.4,,215.69999999999993,17.817551036309816,107.98888888888887
"1988-08-01","Vorarlberg",30.4,8.899999999999999,,203.49999999999997,18.270587935731935,194.00000000000003
"1988-08-01","Wien",32.46666666666667,9.133333333333333,,259.19999999999993,20.300492831541213,60.75555555555555
"1988-09-01","Burgenland",27.5,7.8,,137.90000000000003,15.582499999999987,77.3999999999999
"1988-09-01","Kärnten",22.6,1.5666666666666664,,183.39999999999998,12.343333333333332,120.53333333333332
"1988-09-01","Niederösterreich",26.166666666666668,4.266666666666667,,105.00000000000003,13.641574074074077,45.86666666666666
"1988-09-01","Oberösterreich",26.7,5.833333333333333,,120.39999999999999,14.243333333333332,49.46666666666666
"1988-09-01","Salzburg",14.666666666666666,-3.733333333333333,909,109.96666666666664,5.797095842360466,106.73333333333332
"1988-09-01","Steiermark",25.5,5.533333333333333,,157.2,15.277037037037035,94.74444444444443
"1988-09-01","Tirol",26.13333333333333,4.500000000000001,,185.75,13.58217160467986,52.01111111111112
"1988-09-01","Vorarlberg",28.25,5.2,,143.3,14.49860014619883,74.6
"1988-09-01","Wien",27.4,7.433333333333334,,122.89999999999996,15.479398148148151,81.05555555555554
"1988-10-01","Burgenland",22.2,-2.4,,153.49999999999997,10.316782246879335,16.499999999999996
"1988-10-01","Kärnten",19.23333333333333,-2.833333333333333,,106.55000000000001,8.904301075268819,35.133333333333326
"1988-10-01","Niederösterreich",22.933333333333334,-1.9666666666666668,,114.62499999999997,9.717542839246567,27.67777777777779
"1988-10-01","Oberösterreich",22.700000000000003,-1.7333333333333336,,81.1,10.523655913978496,41.733333333333334
"1988-10-01","Salzburg",14.366666666666665,-8.9,1146,149.16666666666663,5.499842473367529,46.47777777777779
"1988-10-01","Steiermark",21.633333333333333,-0.43333333333333335,,72.85000000000001,10.683755973715648,45.911111111111126
"1988-10-01","Tirol",21.8,0.4,,139.27500000000003,11.176806903991361,37
"1988-10-01","Vorarlberg",22.75,2.05,,93.60000000000001,10.739421227897383,64.45
"1988-10-01","Wien",22.766666666666666,-2.4000000000000004,,128.79999999999998,10.659502184838853,-4.644444444444446
"1988-11-01","Burgenland",10.5,-9.8,,93.20000000000002,1.0970674486803516,8.899999999999999
"1988-11-01","Kärnten",9.5,-15.999999999999998,,123.24999999999997,-1.3433333333333335,-12.166666666666666
"1988-11-01","Niederösterreich",10.866666666666665,-14.000000000000002,,72.45000000000002,1.0820833333333335,45.644444444444446
"1988-11-01","Oberösterreich",9.433333333333334,-12.399999999999999,,67.4,1.1944444444444446,47.666666666666664
"1988-11-01","Salzburg",6.266666666666667,-20.23333333333333,13486,120.63333333333331,-3.7623346560846564,58.12222222222221
"1988-11-01","Steiermark",11.333333333333334,-14.133333333333331,,112.89999999999998,0.978507379560011,-0.41111111111111254
"1988-11-01","Tirol",12.466666666666665,-12.833333333333332,,137.49999999999994,0.253395279081899,29.233333333333334
"1988-11-01","Vorarlberg",13.15,-9,,81.7,2.4508412447257397,65.2
"1988-11-01","Wien",11.9,-8.900000000000002,87,69.89999999999999,1.7742567126364734,43.04444444444445
"1988-12-01","Burgenland",13.9,-10.7,,103.89999999999999,2.83575268817204,58.39999999999999
"1988-12-01","Kärnten",9.466666666666665,-14.166666666666666,,119.20000000000002,-0.9161290322580646,-3.866666666666666
"1988-12-01","Niederösterreich",11.2,-14.466666666666667,,33.4,2.0991881213910477,79.53333333333336
"1988-12-01","Oberösterreich",10.399999999999999,-12.833333333333334,,10.899999999999999,1.9526881720430107,105.2
"1988-12-01","Salzburg",4.5,-20.733333333333334,71131,54.300000000000004,-5.048700716845878,148.24444444444438
"1988-12-01","Steiermark",11.5,-14.499999999999998,,109.1,1.0198028673835127,13.54444444444444
"1988-12-01","Tirol",10.8,-12.033333333333333,,75.05,0.24809306479084603,60.2111111111111
"1988-12-01","Vorarlberg",14,-6.45,,23.95,2.247664720059325,161.85
"1988-12-01","Wien",12.633333333333333,-10.733333333333333,38,84.19999999999999,3.5079749103942657,65.80000000000001
"1989-01-01","Burgenland",11.8,-5.6,,67.80000000000003,0.4318548387096775,7.7
"1989-01-01","Kärnten",9.933333333333334,-9.366666666666667,,174.40000000000006,-0.21935483870967745,-27.866666666666667
"1989-01-01","Niederösterreich",10,-9,,117.6,0.22004608294930825,10.742857142857144
"1989-01-01","Oberösterreich",7.866666666666667,-6.033333333333333,,18.5,0.4236559139784945,9.23333333333333
"1989-01-01","Salzburg",5.666666666666666,-11.233333333333334,88442,178.89999999999998,-2.1326604449854605,46.67777777777777
"1989-01-01","Steiermark",9.466666666666665,-8.933333333333334,,85,-0.3370519713261647,-9.088888888888889
"1989-01-01","Tirol",9.7,-9.6,,160.29999999999995,-1.9283602150537633,5.966666666666671
"1989-01-01","Vorarlberg",9.7,-6.300000000000001,,47.949999999999996,-0.20530913978494583,-1.0999999999999996
"1989-01-01","Wien",10.366666666666667,-6.266666666666667,10,81.5,1.1887096774193562,1.8888888888888886
"1989-02-01","Burgenland",16.6,-4.3,,71.2,4.5365177195685655,15.6
"1989-02-01","Kärnten",13.633333333333333,-7.966666666666667,,129.26249999999996,1.7214285714285713,13.033333333333333
"1989-02-01","Niederösterreich",14.3,-7.45,,89.30000000000001,2.9026351372598342,36.828571428571436
"1989-02-01","Oberösterreich",15.600000000000001,-3.7666666666666666,,35.64,3.080952380952381,34.39999999999999
"1989-02-01","Salzburg",6.333333333333334,-12.433333333333334,80274,113.8,-2.03418709060131,70.73333333333335
"1989-02-01","Steiermark",16.133333333333333,-5.633333333333334,,77.55,3.6946413285396353,17.955555555555552
"1989-02-01","Tirol",15.266666666666667,-6.8,,132.60000000000002,2.2299709118383317,40.31111111111112
"1989-02-01","Vorarlberg",14.05,-6.5,,51.45,2.605704602567406,44.5
"1989-02-01","Wien",15.900000000000002,-3.8666666666666667,,55.86000000000003,4.883115048793015,20.13333333333334
"1989-03-01","Burgenland",25.2,-1.6,,160,8.510618279569902,9.099999999999998
"1989-03-01","Kärnten",20.2,-5.566666666666666,,167.24999999999997,4.953763440860215,26.500000000000004
"1989-03-01","Niederösterreich",22.8,-4.2,,91.10000000000001,6.793490783410137,25.200000000000006
"1989-03-01","Oberösterreich",21.866666666666664,-2.6000000000000005,,134.10000000000002,7.582795698924731,22.000000000000004
"1989-03-01","Salzburg",10.333333333333332,-12.3,95401,159.1,-0.509198717019776,52.34444444444446
"1989-03-01","Steiermark",24.200000000000003,-2.4666666666666663,,171.55,8.186290322580646,22.966666666666665
"1989-03-01","Tirol",23.733333333333334,-4.033333333333333,,197.3,7.2129345032799055,23.56666666666667
"1989-03-01","Vorarlberg",22.35,-0.10000000000000003,,167.29999999999998,8.660457287644785,56.92500000000001
"1989-03-01","Wien",25.033333333333335,-1.2999999999999998,,145.3,8.746198649021228,10.799999999999999
"1989-04-01","Burgenland",24.1,-0.4,,160.20000000000005,11.115555555555558,43.20000000000001
"1989-04-01","Kärnten",16.166666666666668,-2.066666666666667,,96.04999999999997,6.585555555555555,88.76666666666667
"1989-04-01","Niederösterreich",21.6,-1.4,,121.69999999999996,8.852070484581496,96.22857142857143
"1989-04-01","Oberösterreich",24.7,-0.1666666666666667,,129.49999999999994,9.737777777777776,85.03333333333333
"1989-04-01","Salzburg",7.7666666666666675,-8.033333333333333,49702,89.3,0.11807802192093941,102.96666666666667
"1989-04-01","Steiermark",22.333333333333332,-0.19999999999999996,,126.79999999999998,10.386481481481482,89.82222222222221
"1989-04-01","Tirol",20.433333333333334,-0.16666666666666669,,113.95000000000002,8.858833678398897,83.67777777777775
"1989-04-01","Vorarlberg",22.75,1.65,,98.79999999999998,8.93104166666667,173.24999999999991
"1989-04-01","Wien",24.133333333333336,-0.16666666666666669,,140.39999999999995,10.939166666666669,73.46666666666668
"1989-05-01","Burgenland",25.9,3,,232.60000000000022,14.634051144010773,77.89999999999996
"1989-05-01","Kärnten",20.733333333333334,-0.4333333333333333,,206.09999999999997,10.531182795698925,72.43333333333334
"1989-05-01","Niederösterreich",23.25,0.7,,159.90000000000006,11.76276746792876,115.19999999999993
"1989-05-01","Oberösterreich",25.5,1.3666666666666667,,229.50000000000006,13.508602150537634,47.86666666666667
"1989-05-01","Salzburg",13.166666666666666,-7.766666666666667,13280,166.59999999999994,3.700003880085943,76.1888888888889
"1989-05-01","Steiermark",25.4,2.1,,218.4,13.895743727598562,89.05555555555554
"1989-05-01","Tirol",25.166666666666664,0.3666666666666667,,209.00000000000003,13.316543398236947,48.65555555555555
"1989-05-01","Vorarlberg",25.5,2.65,,254.9500000000001,14.748985261401558,35.825
"1989-05-01","Wien",25.433333333333334,3.7666666666666666,,240.7,14.601612903225805,83.3222222222222
"1989-06-01","Burgenland",27.8,6.1,,195.40000000000012,16.601017441860485,42.30000000000001
"1989-06-01","Kärnten",23.366666666666667,3.2,,130.87499999999994,12.576666666666668,93.36666666666667
"1989-06-01","Niederösterreich",25.85,2.75,,131.73999999999998,13.963770621713133,131.92857142857142
"1989-06-01","Oberösterreich",27.033333333333335,4.5,,162.25999999999993,15.156666666666666,62.26666666666667
"1989-06-01","Salzburg",14.933333333333334,-3.966666666666667,629,88.43333333333332,4.861310951239008,132.07777777777778
"1989-06-01","Steiermark",27.033333333333335,6.1,,162.0125,16.318288963281795,97.45555555555556
"1989-06-01","Tirol",25.733333333333334,3.5,,141.11249999999995,14.365532703235909,130.5111111111111
"1989-06-01","Vorarlberg",27.65,7.15,,206.25000000000006,16.12634616274642,56.27499999999998
"1989-06-01","Wien",26.76666666666667,7.1,,178.37999999999997,16.295295180402775,66.02222222222223
"1989-07-01","Burgenland",32.2,7.2,,239.10000000000005,20.780779569892484,72.2
"1989-07-01","Kärnten",25.6,6.433333333333334,,181.69999999999985,16.116129032258065,223.99999999999997
"1989-07-01","Niederösterreich",28.85,4.6,,162.3,17.321785538518544,150.5428571428571
"1989-07-01","Oberösterreich",29.533333333333335,7.333333333333333,,207.49999999999994,18.873118279569894,111.73333333333333
"1989-07-01","Salzburg",18.433333333333337,0.2666666666666664,,134.6,9.153421896563714,883.2222222222214
"1989-07-01","Steiermark",29.3,8.366666666666665,,210.80000000000004,19.592741935483872,176.36666666666662
"1989-07-01","Tirol",29.46666666666667,7.866666666666667,,213.65,17.628403408477315,118.49999999999997
"1989-07-01","Vorarlberg",28.9,10.7,,179.54999999999998,19.10226748746794,195.07499999999996
"1989-07-01","Wien",31.866666666666667,7.866666666666666,,209.79999999999998,20.346236559139776,57.588888888888896
"1989-08-01","Burgenland",32.8,10.6,,199.4,19.671102150537635,73.00000000000003
"1989-08-01","Kärnten",26.166666666666664,4.033333333333333,,220.5,15.626881720430108,125.03333333333333
"1989-08-01","Niederösterreich",30.766666666666666,7.633333333333335,,171.20000000000005,17.176569366657493,112.93333333333334
"1989-08-01","Oberösterreich",31.966666666666665,8.733333333333333,,191.60000000000002,18.229032258064517,59.800000000000004
"1989-08-01","Salzburg",18.933333333333334,-3.1,0,162.29999999999998,8.736145765262679,157.49999999999997
"1989-08-01","Steiermark",30.133333333333333,7.966666666666667,,206.14999999999998,18.98988956698634,155.31111111111107
"1989-08-01","Tirol",31.333333333333336,4.2,,204.65,17.611694728629764,78.53333333333335
"1989-08-01","Vorarlberg",29.75,6.6,,217.74999999999997,18.257569306782003,144.67499999999984
"1989-08-01","Wien",31.499999999999996,10.166666666666668,,187,19.40268817204301,125.91111111111111
"1989-09-01","Burgenland",26.9,8,,188.39999999999995,15.936250000000003,51.00000000000002
"1989-09-01","Kärnten",22.4,1.3,,143.24999999999997,12.036666666666667,127.19999999999997
"1989-09-01","Niederösterreich",26.733333333333334,3.0666666666666664,,137.95,13.733240740740742,85.54444444444444
"1989-09-01","Oberösterreich",25.700000000000003,4.633333333333334,,142.8,14.587777777777777,63.033333333333346
"1989-09-01","Salzburg",16.533333333333335,-4.233333333333334,58,141.2333333333333,6.325161635624068,119.89999999999998
"1989-09-01","Steiermark",26.833333333333332,4.266666666666667,,142.44999999999996,15.424768518518517,87.6222222222222
"1989-09-01","Tirol",27.066666666666663,4.566666666666667,,172.85,14.23227296141761,74.2111111111111
"1989-09-01","Vorarlberg",25.4,5.35,,124.50000000000001,14.482104766592814,67.64999999999998
"1989-09-01","Wien",27.099999999999998,7.066666666666666,,151.8,15.74226851851852,42.74444444444445
"1989-10-01","Burgenland",22.5,1.7,,172.00000000000006,11.082108183079058,14.799999999999997
"1989-10-01","Kärnten",19.133333333333333,-1.2,,195.55,8.569892473118278,-22.200000000000003
"1989-10-01","Niederösterreich",23.35,-2.35,,173.23999999999998,9.595314900153609,26.95714285714286
"1989-10-01","Oberösterreich",20.866666666666664,0.16666666666666669,,144.08,9.746236559139785,42.73333333333333
"1989-10-01","Salzburg",15.133333333333333,-6.766666666666666,165,174.26666666666668,3.898755267617463,39.30000000000001
"1989-10-01","Steiermark",20.933333333333334,0.8,,196.2,10.643641357720044,-9.7
"1989-10-01","Tirol",22.133333333333336,0.00000000000000005551115123125783,,209.10000000000005,8.967920995881721,12.844444444444449
"1989-10-01","Vorarlberg",26.6,1.35,,161.6,10.434414506663085,90.74999999999997
"1989-10-01","Wien",22.700000000000003,0.5666666666666667,,174.98,11.276382364199458,9.144444444444444
"1989-11-01","Burgenland",18.3,-7.2,,109.00000000000003,3.7930555555555547,19.200000000000006
"1989-11-01","Kärnten",14.533333333333335,-12.833333333333332,,141.20000000000002,0.9688888888888891,38.866666666666674
"1989-11-01","Niederösterreich",17.35,-13.9,,133.2,2.101309523809525,17.657142857142862
"1989-11-01","Oberösterreich",16.1,-13.200000000000001,,79.49999999999997,1.6811111111111114,18.566666666666666
"1989-11-01","Salzburg",9.066666666666666,-16.866666666666667,8513,145.2333333333333,-2.5792919389978213,43.02222222222223
"1989-11-01","Steiermark",18.866666666666664,-10.6,,164.35,3.0590277777777777,10
"1989-11-01","Tirol",18,-9.899999999999999,,147.64999999999995,1.8413975424022153,28.888888888888886
"1989-11-01","Vorarlberg",19.6,-8.1,,84.3,2.7509543413173647,66.89999999999998
"1989-11-01","Wien",17.866666666666667,-9.2,36,99.69999999999999,3.486944444444444,11.122222222222229
"1989-12-01","Burgenland",17.4,-9.7,,94.39999999999996,1.5682795698924752,7.399999999999998
"1989-12-01","Kärnten",12.200000000000001,-11.8,,122.09999999999998,-0.7129032258064516,-8.066666666666666
"1989-12-01","Niederösterreich",16.35,-15.95,,106.20000000000003,0.8631336405529947,-8.700000000000001
"1989-12-01","Oberösterreich",12.866666666666667,-12.900000000000002,,51.8,0.09247311827956962,39.166666666666664
"1989-12-01","Salzburg",8.533333333333331,-13.466666666666669,22085,135.39999999999998,-1.9285345290438674,43.33333333333334
"1989-12-01","Steiermark",18.8,-11.8,,119.85,1.2047043010752683,-8.944444444444443
"1989-12-01","Tirol",13.733333333333334,-12.833333333333336,,107.34999999999998,-2.2133668380863316,31.65555555555556
"1989-12-01","Vorarlberg",21.8,-8,,40.6,2.3434139784946266,29.200000000000003
"1989-12-01","Wien",16.6,-11.466666666666667,7,86.90000000000002,1.9758960573476705,-5.722222222222223
"1990-01-01","Burgenland",12.2,-10.9,,56.000000000000014,-0.2701803051317585,2.5000000000000004
"1990-01-01","Kärnten",10.600000000000001,-12.766666666666666,,141.1,-1.1247311827956992,-10.733333333333334
"1990-01-01","Niederösterreich",13.55,-15.1,,113.9,-0.5375636756425091,-11.557142857142859
"1990-01-01","Oberösterreich",10.933333333333334,-12.5,,49.379999999999995,-1.1139784946236562,-11.766666666666666
"1990-01-01","Salzburg",5.7333333333333325,-13.2,27863,114.8,-3.2961216544284424,10.8
"1990-01-01","Steiermark",12.333333333333334,-13.833333333333334,,81.83750000000002,-1.151550266207328,0.8333333333333337
"1990-01-01","Tirol",11.733333333333334,-14.633333333333333,,128.42499999999998,-3.714052068264405,-2.933333333333334
"1990-01-01","Vorarlberg",16.9,-10.100000000000001,,67.54999999999998,-0.5077669902912639,22.625000000000007
"1990-01-01","Wien",13.366666666666667,-10.666666666666666,,46.900000000000006,0.33648208630983517,-10.92222222222222
"1990-02-01","Burgenland",17.6,-2.9,,163.00000000000006,5.384226190476194,35.800000000000004
"1990-02-01","Kärnten",15.000000000000002,-6.833333333333333,,162.05,2.986904761904762,-2.999999999999999
"1990-02-01","Niederösterreich",19.25,-6.25,,144.79999999999998,4.51970663265306,26.1
"1990-02-01","Oberösterreich",15.933333333333334,-5.066666666666666,,129,4.324999999999999,69.46666666666667
"1990-02-01","Salzburg",9.833333333333332,-11.8,48150,138.73333333333332,-1.208529084758593,120.98888888888887
"1990-02-01","Steiermark",18.9,-4.833333333333333,,172.85,5.146254735529658,16.022222222222222
"1990-02-01","Tirol",16.833333333333336,-4.633333333333334,,147.20000000000002,3.4468225166410664,96.93333333333337
"1990-02-01","Vorarlberg",18.9,-4.05,,119.95000000000002,6.328645833333329,79.9
"1990-02-01","Wien",19.133333333333333,-3.4000000000000004,9,140.79999999999995,5.677728174603177,51.91111111111111
"1990-03-01","Burgenland",24.8,0.6,,182.1,9.302284946236556,23.900000000000013
"1990-03-01","Kärnten",18.2,-6.833333333333334,,185.44999999999996,5.379569892473118,41.966666666666676
"1990-03-01","Niederösterreich",22.05,-3.4000000000000004,,161.90000000000003,7.038536866359448,31.20000000000001
"1990-03-01","Oberösterreich",22,-2.066666666666667,,158.69999999999996,7.794623655913979,32.6
"1990-03-01","Salzburg",9.766666666666666,-13.933333333333334,85478,172.7,-0.8079933158965419,72.82222222222221
"1990-03-01","Steiermark",23.96666666666667,-3.6,,191.5999999999999,8.448051954350785,29.233333333333334
"1990-03-01","Tirol",22.400000000000002,-3.5,,202.45000000000005,7.2632616487455195,44.92222222222223
"1990-03-01","Vorarlberg",23.65,-3.65,,154.79999999999998,7.934480286738351,44.55
"1990-03-01","Wien",23.66666666666667,-0.6333333333333333,,166.50000000000003,9.419949806119106,21.06666666666667
"1990-04-01","Burgenland",22.5,-0.9,,176,9.464166666666667,68
"1990-04-01","Kärnten",15.666666666666666,-3.766666666666667,,136.85000000000002,4.865555555555556,61.63333333333334
"1990-04-01","Niederösterreich",20.549999999999997,-3.2,,121.40000000000003,7.248869047619047,49.24285714285715
"1990-04-01","Oberösterreich",20.5,-0.9333333333333331,,159.1,7.986666666666667,62.300000000000004
"1990-04-01","Salzburg",7.366666666666667,-9.1,75827,74.46666666666665,-1.6632407407407421,117.52222222222221
"1990-04-01","Steiermark",21.1,-1.1,,157.3,9.000416666666665,75.89999999999999
"1990-04-01","Tirol",22.299999999999997,-1.6000000000000003,,148.85000000000002,7.860747354497353,51.68888888888891
"1990-04-01","Vorarlberg",20.75,0.5499999999999998,,118.1,7.8838888888888885,89.32499999999997
"1990-04-01","Wien",22.5,-1.6666666666666667,,144.0999999999999,9.206851851851841,84.7333333333333
"1990-05-01","Burgenland",28.2,4.8,,259.0000000000001,15.977531206657423,31.000000000000004
"1990-05-01","Kärnten",21.633333333333333,0.09999999999999998,,220.59999999999994,12.058064516129035,26.36666666666666
"1990-05-01","Niederösterreich",23.3,0.9499999999999998,,170.4399999999999,12.635666362514094,48.68571428571428
"1990-05-01","Oberösterreich",24.3,3.2666666666666666,,282.32,14.59677419354839,31.5
"1990-05-01","Salzburg",12.666666666666666,-5.433333333333334,18653,185.5999999999999,5.256706098174984,67.47777777777776
"1990-05-01","Steiermark",26.633333333333336,3.1999999999999997,,231.075,15.419841518400865,69.58888888888889
"1990-05-01","Tirol",25.2,1.7666666666666668,,233.30000000000004,14.571458230802508,47.04444444444445
"1990-05-01","Vorarlberg",24.95,4.55,,244.9500000000001,15.610641546108907,83.64999999999998
"1990-05-01","Wien",26,4.933333333333334,,265.96,15.780804736551694,32.25555555555556
"1990-06-01","Burgenland",33.4,6,,238.1000000000001,18.20694444444445,46.500000000000014
"1990-06-01","Kärnten",27.466666666666672,2.4666666666666663,,180.4000000000001,13.688888888888888,152.43333333333334
"1990-06-01","Niederösterreich",29.55,4.35,,142.20000000000005,15.421641749723149,85.49999999999997
"1990-06-01","Oberösterreich",28.733333333333334,6.699999999999999,,202.20000000000002,16.23333333333333,119.1
"1990-06-01","Salzburg",19.166666666666664,-2.833333333333333,1007,135.43333333333337,6.86388888888889,205.67777777777772
"1990-06-01","Steiermark",30.96666666666667,5.6,,187.5,17.15170535437945,110.91111111111111
"1990-06-01","Tirol",30.666666666666664,5.5,,182.15000000000006,15.892129629629625,114.89999999999999
"1990-06-01","Vorarlberg",30.55,7.25,,171.5,16.031159188034188,187.87499999999986
"1990-06-01","Wien",32.349999999999994,8.25,,197.30000000000007,17.948593749999986,53.44285714285714
"1990-07-01","Burgenland",33.1,8.6,,276.6,19.54293405114403,21.499999999999993
"1990-07-01","Kärnten",27.53333333333333,4.266666666666667,,271.45,15.738709677419358,153.6
"1990-07-01","Niederösterreich",30.1,4.35,,231.9,16.484930067103242,55.47142857142857
"1990-07-01","Oberösterreich",30.299999999999997,7.7,,267.9,17.779569892473116,64.73333333333333
"1990-07-01","Salzburg",20.299999999999997,-1.8333333333333335,1107,237.76666666666677,9.327178615725682,535.4555555555555
"1990-07-01","Steiermark",32.16666666666667,7.3,,272.55,18.827688172043008,71.6888888888889
"1990-07-01","Tirol",31.500000000000004,6.7666666666666675,,276.55000000000007,17.933517256892944,131.42222222222222
"1990-07-01","Vorarlberg",31.2,9.35,,244.75,18.84556451612903,134.57499999999993
"1990-07-01","Wien",32.2,10.1,,266.00000000000006,19.597983870967752,38.285714285714285
"1990-08-01","Burgenland",32.7,9.3,,303.09999999999997,21.1293010752688,19.100000000000012
"1990-08-01","Kärnten",26.900000000000002,4.9,,265.09999999999997,16.18817204301075,46.8
"1990-08-01","Niederösterreich",30.95,5.699999999999999,,252.6,17.53859077637459,39.62857142857143
"1990-08-01","Oberösterreich",30.5,7.066666666666666,,273.5,19.15591397849462,28.33333333333334
"1990-08-01","Salzburg",19.13333333333333,-1.1333333333333335,607,218.4666666666666,9.973080118637027,85.17777777777779
"1990-08-01","Steiermark",30.6,8.8,,270.7,19.517294269586298,60.5
"1990-08-01","Tirol",31.066666666666666,7.466666666666667,,260.95,18.093817204301082,72.23333333333333
"1990-08-01","Vorarlberg",32.75,9.05,,252.35000000000002,19.819220804504738,129.4
"1990-08-01","Wien",33.4,11.600000000000001,,295.4999999999999,21.284223790322578,1.8857142857142863
"1990-09-01","Burgenland",25.4,4.1,,137.09999999999994,14.088952654232424,40.3
"1990-09-01","Kärnten",19.233333333333334,0.8666666666666666,,155.82500000000002,10.879999999999999,67.3
"1990-09-01","Niederösterreich",25.450000000000003,-0.6,,100.86,11.587624750499,102.19999999999996
"1990-09-01","Oberösterreich",22.03333333333333,2.466666666666667,,124.95999999999995,12.29,85.93333333333332
"1990-09-01","Salzburg",16,-3.0666666666666664,1537,113.66666666666664,4.474833971902937,119.66666666666664
"1990-09-01","Steiermark",24.366666666666667,3.6,,150.70000000000002,13.559098783144696,69.41111111111111
"1990-09-01","Tirol",23.533333333333335,3.7666666666666666,,161.93749999999994,12.87004327522991,64.44444444444446
"1990-09-01","Vorarlberg",22.8,6.1,,128.70000000000002,13.840289483103039,78
"1990-09-01","Wien",25.8,4.45,,118.39999999999999,14.069583333333327,60.642857142857146
"1990-10-01","Burgenland",23.5,-3,,165.30000000000004,10.621774193548376,15.399999999999999
"1990-10-01","Kärnten",20.866666666666667,-4.699999999999999,,145.85000000000002,8.597849462365593,130.23333333333335
"1990-10-01","Niederösterreich",22.85,-5.5,,181.90000000000003,9.163421658986177,48.45714285714285
"1990-10-01","Oberösterreich",22.76666666666667,-2.5,,140.89999999999998,10,55
"1990-10-01","Salzburg",14.9,-6.1,3182,156.56666666666666,5.169639355031931,103.33333333333334
"1990-10-01","Steiermark",25.133333333333333,-3.6666666666666665,,146,10.825108780624513,71.74444444444444
"1990-10-01","Tirol",24.63333333333333,-1.4,,165.50000000000003,10.602150537634412,69.17777777777779
"1990-10-01","Vorarlberg",28.549999999999997,1.7,,140.50000000000003,12.18037634408601,101.10000000000002
"1990-10-01","Wien",24.95,-2.5,,153.09999999999997,10.830997983870962,19.385714285714293
"1990-11-01","Burgenland",15.9,-1.5,,62,5.964305555555553,15.999999999999998
"1990-11-01","Kärnten",9.633333333333335,-7.4,,74.40000000000002,1.3444444444444446,87
"1990-11-01","Niederösterreich",14.2,-5,,77.20000000000002,4.609821428571429,42.77142857142858
"1990-11-01","Oberösterreich",13.966666666666665,-3.4333333333333336,,41.4,4.412222222222224,66.59999999999998
"1990-11-01","Salzburg",6.200000000000001,-13.833333333333332,23907,82.3,-2.96375418533972,122.55555555555554
"1990-11-01","Steiermark",13.399999999999999,-4.766666666666667,,70.64999999999999,4.368564814814815,68.04444444444445
"1990-11-01","Tirol",13.600000000000001,-5.5,,90.10000000000001,2.2421759259259266,120.55555555555553
"1990-11-01","Vorarlberg",16.6,-4.050000000000001,,64.85,5.1956073446327675,114.09999999999998
"1990-11-01","Wien",16.15,-1.3,,47.1,6.264114583333332,42.61428571428572
"1990-12-01","Burgenland",6.5,-9.9,,39.00000000000001,0.02271505376344128,39.60000000000004
"1990-12-01","Kärnten",6.2,-12.4,,69.49999999999997,-3.983870967741936,27.36666666666667
"1990-12-01","Niederösterreich",12.5,-14.85,,47.30000000000001,-0.8427419354838706,25.87142857142859
"1990-12-01","Oberösterreich",10.533333333333333,-11.899999999999999,,40.1,-0.90752688172043,23.566666666666666
"1990-12-01","Salzburg",3.733333333333333,-18.3,51633,83.06666666666668,-7.409255802061772,55.97777777777779
"1990-12-01","Steiermark",8.266666666666666,-9.566666666666666,,40.550000000000004,-0.6334229390681004,23.000000000000007
"1990-12-01","Tirol",6.966666666666668,-14.466666666666667,,84.95,-4.015546594982078,36.6
"1990-12-01","Vorarlberg",11.05,-11.7,,57.80000000000002,-0.5657044977707844,40.275000000000006
"1990-12-01","Wien",6.9,-9.3,288,32.2,0.44051311903680135,34.942857142857164
"1991-01-01","Burgenland",11.4,-11.2,,83.6,0.39500693481275956,6.6000000000000005
"1991-01-01","Kärnten",6.8999999999999995,-14.166666666666668,,130.475,-3.0580645161290327,6.666666666666665
"1991-01-01","Niederösterreich",15.25,-15.35,,109.39999999999999,-0.3985593485750083,-5.771428571428573
"1991-01-01","Oberösterreich",10.966666666666667,-11.466666666666665,,102.39999999999999,0.4956989247311826,9.966666666666667
"1991-01-01","Salzburg",4.866666666666666,-13.933333333333332,56418,139.36666666666673,-4.505132915173238,26.155555555555562
"1991-01-01","Steiermark",10.566666666666666,-11.266666666666667,,91.3875,-0.5294428785189829,3.0222222222222266
"1991-01-01","Tirol",9.100000000000001,-14.5,,119.52499999999998,-3.8650939700270257,19.200000000000006
"1991-01-01","Vorarlberg",17.2,-7.75,,55.85000000000001,2.3524812705095672,34.10000000000001
"1991-01-01","Wien",14.45,-11.15,,76.84,0.9354833117086484,-4.942857142857144
"1991-02-01","Burgenland",11.6,-15.5,,125.79999999999994,-2.4676602086438173,10.5
"1991-02-01","Kärnten",12.033333333333335,-20.1,,147.35,-4.873809523809525,22.5
"1991-02-01","Niederösterreich",13.5,-22.049999999999997,,127.3,-3.658801020408163,1.4571428571428575
"1991-02-01","Oberösterreich",10.333333333333332,-17.833333333333332,,111.50000000000001,-3.477380952380952,-1.4333333333333336
"1991-02-01","Salzburg",6.633333333333334,-21.7,58287,138.83333333333331,-7.360262970859983,15.43333333333333
"1991-02-01","Steiermark",15.200000000000001,-16.8,,128.70000000000002,-2.4734126984126963,4.833333333333334
"1991-02-01","Tirol",14.333333333333334,-16.7,,170.25,-3.482580932273554,11.777777777777779
"1991-02-01","Vorarlberg",12.850000000000001,-12.1,,99.74999999999997,-0.5944684561722765,2.4
"1991-02-01","Wien",11.333333333333332,-16.76666666666667,605,107.30000000000003,-2.9048303711155827,7.199999999999998
"1991-03-01","Burgenland",20.7,0.2,,97.8,6.895161290322581,28.5
"1991-03-01","Kärnten",13.933333333333334,-5.566666666666667,,102.74999999999996,4.498924731182796,31.099999999999998
"1991-03-01","Niederösterreich",19.35,-2.9000000000000004,,104.39999999999996,5.7466239784097555,15.642857142857146
"1991-03-01","Oberösterreich",19.566666666666666,-3.5666666666666664,,86.1,6.791397849462365,6.699999999999999
"1991-03-01","Salzburg",7.966666666666668,-12.066666666666666,31856,129.83333333333334,0.13370626732256696,44.266666666666666
"1991-03-01","Steiermark",19.766666666666666,-1.366666666666667,,100.49999999999997,7.34950716845878,41.011111111111134
"1991-03-01","Tirol",20.066666666666666,-3.333333333333333,,144.04999999999998,7.077419354838712,28.088888888888896
"1991-03-01","Vorarlberg",22.9,-2.7,,79.29999999999998,8.516129032258066,60.8
"1991-03-01","Wien",20.966666666666665,-0.8,,86.19999999999999,7.097446236559141,17.433333333333334
"1991-04-01","Burgenland",19.9,-2.3,,186.10000000000002,9.111388888888882,25.000000000000004
"1991-04-01","Kärnten",16.133333333333333,-6.233333333333334,,148.69999999999993,5.588657407407409,58.51111111111111
"1991-04-01","Niederösterreich",17.35,-4.1,,129,6.656317259074786,32.95714285714286
"1991-04-01","Oberösterreich",17.5,-3,,179.60000000000002,7.95,17.800000000000004
"1991-04-01","Salzburg",7.233333333333334,-13.066666666666665,5714,140.03333333333333,-2.303562364593006,53.93333333333335
"1991-04-01","Steiermark",20.46666666666667,-2.1999999999999997,,149.75,8.481018518518521,26.98888888888889
"1991-04-01","Tirol",20.8,-2.5333333333333328,,201.84999999999994,7.554398148148149,23.655555555555566
"1991-04-01","Vorarlberg",19.35,-1.95,,173.09999999999994,8.178333333333333,73.44999999999999
"1991-04-01","Wien",19.066666666666666,-1.7999999999999998,,152.09999999999997,9.039351851851857,19.622222222222224
"1991-05-01","Burgenland",23.6,1.7,,195.90000000000018,11.871567267683767,159.89999999999995
"1991-05-01","Kärnten",21.366666666666667,-1.7,,148.22499999999997,8.368315113914864,96.53333333333332
"1991-05-01","Niederösterreich",21.450000000000003,0.35,,111.45999999999997,9.388747957185553,149.9571428571428
"1991-05-01","Oberösterreich",21.833333333333332,1.1666666666666667,,141.6,10.065591397849461,76.89999999999999
"1991-05-01","Salzburg",9.399999999999999,-8.066666666666666,5725,87.00000000000001,-0.7438447465366577,162.02222222222218
"1991-05-01","Steiermark",24.4,2.1333333333333333,,170.31250000000003,11.527342052804,110.85555555555554
"1991-05-01","Tirol",24.73333333333333,0.4666666666666667,,160.86249999999998,9.734267917418553,118.97777777777773
"1991-05-01","Vorarlberg",23.700000000000003,1.4500000000000002,,166.60000000000002,10.335483870967742,174.95000000000005
"1991-05-01","Wien",23.200000000000003,2.4,,167.05999999999995,11.711221471572241,181.04444444444445
"1991-06-01","Burgenland",30.6,5.5,,245.80000000000013,17.478969359331483,85.2
"1991-06-01","Kärnten",26.4,2.933333333333333,,185.0999999999999,14.783981481481472,92.88888888888887
"1991-06-01","Niederösterreich",27.95,2.05,,167.69999999999996,14.907172442941674,83.14285714285714
"1991-06-01","Oberösterreich",28.166666666666668,4.800000000000001,,195.70000000000002,15.70888888888889,136.8
"1991-06-01","Salzburg",17.333333333333332,-2.633333333333333,485,149.53333333333333,6.203465570833995,187.84444444444438
"1991-06-01","Steiermark",29.666666666666664,5.666666666666667,,213.20000000000005,17.15238036367382,120.94444444444444
"1991-06-01","Tirol",29.866666666666667,4.5,,175.8,15.703493867243866,134.16666666666663
"1991-06-01","Vorarlberg",28.700000000000003,5,,168.14999999999992,15.886666666666667,278.2
"1991-06-01","Wien",30,5.166666666666667,,235.29999999999995,17.133311076768635,42.933333333333344
"1991-07-01","Burgenland",34.6,9.6,,260.7999999999999,21.432930107526857,71.00000000000003
"1991-07-01","Kärnten",28.5,5.900000000000001,,210.6999999999999,18.083076455520345,148.77777777777777
"1991-07-01","Niederösterreich",31.25,5.45,,174.29999999999995,18.161493780727312,174.18571428571428
"1991-07-01","Oberösterreich",31.433333333333334,8.433333333333334,,240.8,19.67634408602151,123.7333333333333
"1991-07-01","Salzburg",20.3,0.5333333333333333,1273,181.23333333333323,10.583842760780653,246.4333333333333
"1991-07-01","Steiermark",32.6,8.033333333333333,,226.04999999999998,20.329032258064515,167.47777777777776
"1991-07-01","Tirol",33.266666666666666,7.633333333333334,,231,19.453966917725403,168.61111111111103
"1991-07-01","Vorarlberg",32.1,10.2,,261.55,20.729032258064517,149.25
"1991-07-01","Wien",33.9,8.5,,249.4,21.26925073246181,74.46666666666667
"1991-08-01","Burgenland",31.8,10.6,,229.1000000000001,20.4664872139973,51.70000000000003
"1991-08-01","Kärnten",27.000000000000004,4.733333333333333,,222.64999999999998,17.387679211469536,79.96666666666667
"1991-08-01","Niederösterreich",30.299999999999997,4.35,,158.80000000000004,17.185888501742166,111.01428571428563
"1991-08-01","Oberösterreich",30.3,7.4,,231.00000000000003,18.618279569892472,73.46666666666667
"1991-08-01","Salzburg",20.500000000000004,-1.0333333333333332,943,207.6,10.197157252026399,117.39999999999998
"1991-08-01","Steiermark",29.933333333333334,8.333333333333334,,212.64999999999995,19.37581476944483,75.83333333333331
"1991-08-01","Tirol",31.500000000000004,6.133333333333334,,259.3500000000001,18.524731182795712,54.31111111111112
"1991-08-01","Vorarlberg",31.5,8.95,,248.24999999999991,20.083870967741937,17.700000000000003
"1991-08-01","Wien",31,10.233333333333333,,214.79999999999995,20.121908602150537,48.33333333333333
"1991-09-01","Burgenland",28,8.5,,188,16.900581395348826,43.500000000000014
"1991-09-01","Kärnten",22.633333333333336,3.8666666666666667,,198.95,14.382325309527609,70.21111111111112
"1991-09-01","Niederösterreich",25.65,3.8000000000000003,,162.65999999999997,14.378139534883719,42.7857142857143
"1991-09-01","Oberösterreich",26.3,6.066666666666667,,176.59999999999994,15.679999999999998,6.000000000000001
"1991-09-01","Salzburg",16.133333333333333,-2.2,758,172.5,8.766243386243385,67.57777777777778
"1991-09-01","Steiermark",26.46666666666667,6.6000000000000005,,191.35000000000002,16.09382326372283,88.59999999999998
"1991-09-01","Tirol",27.46666666666667,4.8,,202.44999999999993,16.06228927996462,63.78888888888888
"1991-09-01","Vorarlberg",27.049999999999997,6.45,,156.25,17.330000000000005,126.9
"1991-09-01","Wien",27.466666666666665,8.233333333333334,,173.09999999999994,16.88546879739287,8.533333333333331
"1991-10-01","Burgenland",23.3,-4.8,,147.90000000000006,9.338844086021512,41.80000000000002
"1991-10-01","Kärnten",16.633333333333336,-6.700000000000001,,126.09999999999994,6.259622834729348,55.588888888888896
"1991-10-01","Niederösterreich",21.4,-8.15,,144.29999999999995,7.43220046082949,35.80000000000002
"1991-10-01","Oberösterreich",23.333333333333332,-5.6,,129.3,8.426881720430107,-3.8666666666666663
"1991-10-01","Salzburg",13.633333333333333,-9.866666666666667,3922,152.76666666666668,2.126075268817204,51.75555555555554
"1991-10-01","Steiermark",20.633333333333333,-4.666666666666667,,112.64999999999999,8.508512544802871,37.83333333333333
"1991-10-01","Tirol",21.066666666666666,-2.7666666666666666,,167.7,8.020237260402057,33.93333333333334
"1991-10-01","Vorarlberg",20.15,-2.25,,110.44999999999996,9.430645161290325,25.699999999999996
"1991-10-01","Wien",22.066666666666666,-4.833333333333333,,155.29999999999998,9.254659498207886,12.633333333333336
"1991-11-01","Burgenland",16.8,-1.6,,70.2,5.164722222222215,102.39999999999998
"1991-11-01","Kärnten",10.033333333333335,-7.266666666666667,,69.94999999999999,1.3612651316128364,140.71111111111108
"1991-11-01","Niederösterreich",13.95,-6.35,,87.10000000000002,3.495238095238096,72.02857142857141
"1991-11-01","Oberösterreich",11.933333333333334,-6.733333333333333,,,3.064444444444444,45.733333333333334
"1991-11-01","Salzburg",7.5,-12.033333333333333,30345,86.86666666666669,-2.2590386130811666,124.98888888888887
"1991-11-01","Steiermark",14.899999999999999,-5.533333333333333,,71.2,4.1376388888888895,119.63333333333331
"1991-11-01","Tirol",13.366666666666665,-4.966666666666667,,88,1.6571707675642195,91.96666666666667
"1991-11-01","Vorarlberg",19.35,-1.7000000000000002,,41.10000000000001,4.865294800371401,93.94999999999999
"1991-11-01","Wien",13.066666666666666,-2.7333333333333334,,54.099999999999994,5.016916666666665,65.56666666666665
"1991-12-01","Burgenland",9.3,-11.7,,68.60000000000001,-0.7189516129032243,68.09999999999997
"1991-12-01","Kärnten",6.333333333333334,-15.033333333333335,,126.79999999999997,-3.4422939068100367,-3.633333333333333
"1991-12-01","Niederösterreich",10.1,-22.2,,77.50000000000001,-2.334735023041475,125.61428571428566
"1991-12-01","Oberösterreich",10.066666666666666,-17.433333333333334,,,-2.1258064516129034,87.13333333333331
"1991-12-01","Salzburg",3.633333333333333,-17.633333333333333,15396,97.16666666666666,-5.849604958749834,262.37777777777785
"1991-12-01","Steiermark",6.666666666666666,-16.433333333333334,,97.80000000000001,-1.8974462365591398,32.91111111111111
"1991-12-01","Tirol",5.5,-14.899999999999999,,85.69999999999997,-3.5762213783035297,103.04444444444442
"1991-12-01","Vorarlberg",11.75,-9.3,,49.95000000000002,-0.5790322580645161,93.29999999999998
"1991-12-01","Wien",11.850000000000001,-13.399999999999999,346,74.19999999999997,-0.23467394327030117,68.8142857142857
"1992-01-01","Burgenland",11,-8.6,,77.30000000000001,1.7439667128987517,26.600000000000005
"1992-01-01","Kärnten",8.966666666666667,-13.6,,113.89999999999998,-1.8419705635628765,-3.8888888888888893
"1992-01-01","Niederösterreich",11.7,-15.399999999999999,,90.74,1.2885390495895535,5.3142857142857105
"1992-01-01","Oberösterreich",8.166666666666666,-11.066666666666666,,25.48571428571428,-0.11666176736030529,0.1777777777777766
"1992-01-01","Salzburg",7.066666666666666,-19.5,,112.66666666666669,-3.901370060499405,-5.544444444444445
"1992-01-01","Steiermark",11.033333333333335,-10.266666666666666,,85.60000000000002,0.5703105503606599,-6.555555555555558
"1992-01-01","Tirol",9.966666666666667,-14.033333333333335,,117.67500000000003,-2.918739253850026,-3.677777777777778
"1992-01-01","Vorarlberg",14.5,-11.95,,67.85,-0.693548387096774,-15.900000000000002
"1992-01-01","Wien",12.533333333333333,-10.4,35,65.66000000000001,2.1558563126680874,15.688888888888892
"1992-02-01","Burgenland",14.2,-4.8,,118.4,3.028201438848922,27.700000000000003
"1992-02-01","Kärnten",11.633333333333333,-11.933333333333334,,152.05,0.34813508231475054,-8.177777777777777
"1992-02-01","Niederösterreich",15.25,-6.199999999999999,,110.4,2.388423645320195,58.357142857142826
"1992-02-01","Oberösterreich",12.833333333333334,-6.366666666666667,,76.4,1.5019157088122603,34.97777777777778
"1992-02-01","Salzburg",6.166666666666667,-19.266666666666666,,111.43333333333335,-5.002011494252876,82.79999999999998
"1992-02-01","Steiermark",16.066666666666666,-8.2,,134.79999999999995,3.1680076628352483,-3.477777777777777
"1992-02-01","Tirol",12.833333333333334,-11.966666666666667,,158.45000000000002,0.7842980098679683,30.522222222222226
"1992-02-01","Vorarlberg",11.75,-12.100000000000001,,91.64999999999999,1.7,100.25
"1992-02-01","Wien",14.9,-3.75,59,95.9,3.977586206896554,31.942857142857157
"1992-03-01","Burgenland",16.1,-4,,157.09999999999994,5.2752688172043,90.89999999999999
"1992-03-01","Kärnten",13.566666666666666,-6.733333333333333,,143.49999999999994,3.2357526881720418,67.38888888888887
"1992-03-01","Niederösterreich",15.2,-5.6,,141.9,4.428689681862813,60.45714285714287
"1992-03-01","Oberösterreich",16.633333333333333,-2.5333333333333337,,112.64999999999996,4.52187848874787,87.64444444444443
"1992-03-01","Salzburg",6.433333333333334,-13.166666666666668,,100.36666666666662,-3.6142473118279583,105.62222222222225
"1992-03-01","Steiermark",19.3,-4.7,,148.34999999999997,5.816621863799284,51.47777777777777
"1992-03-01","Tirol",17.166666666666664,-3.566666666666667,,150.05,4.8574327956989265,84.18888888888888
"1992-03-01","Vorarlberg",19.049999999999997,-1.3,,100.69999999999996,6.8112903225806445,123.24999999999999
"1992-03-01","Wien",16.7,-2,,138.19999999999993,6.229334677419354,88.24285714285713
"1992-04-01","Burgenland",25.7,-1.3,,188.1,9.83407510431154,20.500000000000004
"1992-04-01","Kärnten",22.433333333333334,-4.666666666666667,,156.75,6.880231481481484,79.84444444444445
"1992-04-01","Niederösterreich",25.549999999999997,-4,,178.39999999999998,8.091248427048152,51.500000000000014
"1992-04-01","Oberösterreich",24.6,-1.9,,154.7,7.93962962962963,23.17777777777778
"1992-04-01","Salzburg",12.3,-9.433333333333334,,131.09999999999997,-0.8989841858548393,147.25555555555553
"1992-04-01","Steiermark",27.066666666666666,-0.9333333333333333,,173.2,10.299624993561013,52.91111111111112
"1992-04-01","Tirol",25.86666666666667,-1.1,,165.49999999999997,8.22530752588472,86.06666666666665
"1992-04-01","Vorarlberg",28.1,0.050000000000000044,,140.6,9.441666666666666,87.44999999999999
"1992-04-01","Wien",26.5,1.75,,180.30000000000004,10.539062499999995,20.64285714285715
"1992-05-01","Burgenland",24.9,5.4,,289.99999999999994,14.886713286713286,15.399999999999999
"1992-05-01","Kärnten",21.8,2,,205.94999999999993,12.814626738052985,24.722222222222225
"1992-05-01","Niederösterreich",24,2.3,,212.90000000000003,12.898496072403278,9.385714285714286
"1992-05-01","Oberösterreich",25.33333333333333,4.733333333333333,,274.10000000000014,14.406848314020255,-5.3
"1992-05-01","Salzburg",14.2,-3.9666666666666663,,217.90000000000006,5.548350807073012,10.4
"1992-05-01","Steiermark",25.366666666666667,4.933333333333334,,240.58750000000006,15.21841578055171,22.57777777777778
"1992-05-01","Tirol",27.466666666666665,4.133333333333333,,228.08750000000003,14.847299343895436,7.611111111111114
"1992-05-01","Vorarlberg",27.25,4.05,,206.74999999999994,15.796774193548389,4.35
"1992-05-01","Wien",24.549999999999997,6.8,,270.5400000000001,15.618762024070517,7.042857142857143
"1992-06-01","Burgenland",29.6,10.3,,212.70000000000013,18.51678420310296,100.39999999999999
"1992-06-01","Kärnten",24,5.766666666666667,,169.4,15.455740740740733,89.45555555555556
"1992-06-01","Niederösterreich",28.549999999999997,5.95,,140.40000000000003,15.99985157699443,104.37142857142858
"1992-06-01","Oberösterreich",28.733333333333334,9.233333333333334,,180.34999999999997,17.174858145053136,75.24444444444444
"1992-06-01","Salzburg",16.533333333333335,-0.46666666666666645,60515,132.56666666666672,7.6046759259259264,106.56666666666665
"1992-06-01","Steiermark",30.266666666666666,8.966666666666667,,200.10000000000005,18.495324074074077,145.67777777777775
"1992-06-01","Tirol",28.766666666666666,7.433333333333333,,182.29999999999998,16.759907407407404,60.72222222222225
"1992-06-01","Vorarlberg",29.25,8.9,,170.59999999999997,17.518333333333334,107.05000000000001
"1992-06-01","Wien",29.75,10.649999999999999,,194.20000000000005,18.96520833333334,60.69999999999999
"1992-07-01","Burgenland",34.1,11.3,,308.40000000000003,21.022371967655026,30.799999999999997
"1992-07-01","Kärnten",30.133333333333336,7.133333333333334,,221.69999999999993,18.27589605734768,52.58888888888889
"1992-07-01","Niederösterreich",32.8,5.25,,207.2,18.543599869410716,38.82857142857142
"1992-07-01","Oberösterreich",32.599999999999994,9.833333333333336,,250.1,19.632504088503293,43.811111111111124
"1992-07-01","Salzburg",21.9,1.8333333333333335,83648,202.2333333333333,11.001117117649375,130.96666666666664
"1992-07-01","Steiermark",33.800000000000004,9.7,,264.35,20.46939873218191,63.822222222222216
"1992-07-01","Tirol",33.3,9.633333333333333,,240.70000000000002,19.69081541218638,92.12222222222222
"1992-07-01","Vorarlberg",32.3,11.25,,221.5,20.520967741935486,109.79999999999998
"1992-07-01","Wien",34,11.7,,292.40000000000003,22.063410408266126,33.228571428571435
"1992-08-01","Burgenland",36,11.7,,327.3999999999997,24.086792452830156,10.6
"1992-08-01","Kärnten",31.533333333333335,8.800000000000002,,285.7,20.859251227372678,46.88888888888889
"1992-08-01","Niederösterreich",34.25,7.05,,247.40000000000006,21.28957043659514,38.871428571428574
"1992-08-01","Oberösterreich",34.7,10.3,,300.5666666666667,22.0013087026249,67.28888888888889
"1992-08-01","Salzburg",21.933333333333334,3.9666666666666663,108059,230.5999999999999,13.172535842293914,130.2222222222222
"1992-08-01","Steiermark",35.56666666666666,11.033333333333333,,309.74999999999994,23.292786738351253,39.177777777777784
"1992-08-01","Tirol",34.3,11.1,,274.34999999999997,21.14408602150538,55.93333333333333
"1992-08-01","Vorarlberg",34.65,11.649999999999999,,241.85,22.44516129032258,116.1
"1992-08-01","Wien",37.05,12.65,,306.9,24.77389112903225,3.457142857142858
"1992-09-01","Burgenland",25.9,6.2,,220.4,15.874318507890955,37.4
"1992-09-01","Kärnten",22.6,0.7333333333333333,,202.1,13.624552845528452,72.83333333333333
"1992-09-01","Niederösterreich",23.65,1.8,,180.14000000000001,13.740520726276124,80.08571428571426
"1992-09-01","Oberösterreich",24.733333333333334,4.233333333333333,,174.10000000000002,14.254160688665708,79.73333333333328
"1992-09-01","Salzburg",15.066666666666666,-5.1,79046,151.0666666666667,7.126725118231574,128.19999999999996
"1992-09-01","Steiermark",26.833333333333336,3.433333333333333,,225.40000000000003,15.914476858494082,67.6
"1992-09-01","Tirol",25.566666666666666,2.2,,194.375,14.767048195972158,75.55555555555557
"1992-09-01","Vorarlberg",29.5,4.65,,131,15.905000000000001,52.05
"1992-09-01","Wien",26.450000000000003,7.1,,202.22000000000003,16.3626099952176,33.71428571428572
"1992-10-01","Burgenland",21.6,-0.9,,100.09999999999998,8.54986559139785,50.40000000000007
"1992-10-01","Kärnten",15.766666666666667,-4.233333333333333,,85,6.423387096774196,170.1222222222222
"1992-10-01","Niederösterreich",20.35,-4.85,,90,7.357546082949311,89.34285714285711
"1992-10-01","Oberösterreich",22.499999999999996,-1.9000000000000004,,64.8,7.771735541276521,103.43333333333335
"1992-10-01","Salzburg",8.633333333333333,-11.066666666666666,51528,80.29999999999998,0.5179966044142611,151.0222222222222
"1992-10-01","Steiermark",20.933333333333334,-2.433333333333333,,95.19999999999999,8.621176379783595,130.87777777777777
"1992-10-01","Tirol",18.96666666666667,-3.4,,97.15000000000002,7.589516129032256,127.77777777777776
"1992-10-01","Vorarlberg",18.25,-0.30000000000000004,,42.6,8.930645161290323,105.1
"1992-10-01","Wien",22.4,-1.1,,89.69999999999997,9.071068548387098,57.31428571428572
"1992-11-01","Burgenland",16.2,-2.6,,71.49999999999999,4.758831710709318,73.3
"1992-11-01","Kärnten",14.033333333333335,-5.800000000000001,,87.55000000000001,3.1998166177303857,60.5
"1992-11-01","Niederösterreich",18.9,-4.8,,59.60000000000001,4.788750000000001,138.24285714285713
"1992-11-01","Oberösterreich",14.2,-2.2666666666666666,,33.866666666666674,4.609861111111112,101.14444444444445
"1992-11-01","Salzburg",8.433333333333334,-12.666666666666666,23391,75.66666666666667,-0.7050699355649851,150.15555555555557
"1992-11-01","Steiermark",15.866666666666665,-4.566666666666667,,62.25000000000001,4.974675925925926,70.29999999999998
"1992-11-01","Tirol",14.033333333333333,-3.633333333333333,,96.3,4.030694444444445,70.52222222222225
"1992-11-01","Vorarlberg",15.45,0.15000000000000002,,35,6.575000000000001,229.79999999999995
"1992-11-01","Wien",16.65,-1.9,,53.30000000000001,5.664375,76.82857142857142
"1992-12-01","Burgenland",13.5,-11.3,,61.5,0.10246238030095661,54.90000000000001
"1992-12-01","Kärnten",10.2,-14.766666666666666,,78.5,-2.3713628272478617,104.18888888888887
"1992-12-01","Niederösterreich",10.15,-14.7,,77.30000000000001,-1.0986751152073737,44.557142857142885
"1992-12-01","Oberösterreich",8.633333333333335,-10.733333333333334,,47.66666666666666,-0.7691756272401444,29.566666666666684
"1992-12-01","Salzburg",5.366666666666666,-17.166666666666664,12579,109.46666666666667,-3.535237547384102,77.97777777777776
"1992-12-01","Steiermark",12.500000000000002,-12.166666666666666,,48.69999999999999,-0.16760752688172054,50.96666666666667
"1992-12-01","Tirol",11.966666666666667,-13.433333333333334,,89.44999999999999,-2.5452882828550267,90.22222222222223
"1992-12-01","Vorarlberg",16.200000000000003,-8.35,,21.550000000000004,1.495161290322581,52.550000000000004
"1992-12-01","Wien",11.25,-10.55,,38.60000000000001,0.37192540322580553,28.2857142857143
"1993-01-01","Burgenland",15.9,-19.2,,99.99999999999994,-0.17475728155339976,27.900000000000002
"1993-01-01","Kärnten",10.866666666666667,-16.566666666666666,,118.08749999999998,-2.558264855164324,-11.699999999999998
"1993-01-01","Niederösterreich",17.4,-18.6,,95.46000000000001,1.620993627642099,60.714285714285715
"1993-01-01","Oberösterreich",14.833333333333336,-14.366666666666667,,81.66666666666667,0.7435376990340972,44.055555555555564
"1993-01-01","Salzburg",6.833333333333333,-20.833333333333332,4386,109.2666666666667,-3.6499632451724437,55.23333333333335
"1993-01-01","Steiermark",14.966666666666667,-15.299999999999999,,104.775,0.5129917130230315,-4.100000000000001
"1993-01-01","Tirol",14.6,-15.533333333333333,,104.25,-1.4100293797443797,12.644444444444447
"1993-01-01","Vorarlberg",16.9,-12.399999999999999,,66.70000000000002,3.2790322580645155,49.75000000000001
"1993-01-01","Wien",16.4,-15.26666666666667,,115.99999999999997,2.0526519174146567,31.46666666666667
"1993-02-01","Burgenland",6.7,-15.1,,118.30000000000001,-1.7757440476190482,6.099999999999996
"1993-02-01","Kärnten",9.833333333333334,-13.399999999999999,,159.54999999999995,-1.5235119047619046,-14.366666666666667
"1993-02-01","Niederösterreich",7.333333333333333,-18.633333333333333,,96.80000000000001,-2.2773401245805682,15.133333333333338
"1993-02-01","Oberösterreich",6.533333333333333,-15.700000000000001,,82.73333333333333,-2.857886904761903,35.05555555555556
"1993-02-01","Salzburg",6.6,-20.166666666666664,4156,149.29999999999995,-5.049005275234784,32.400000000000006
"1993-02-01","Steiermark",9.266666666666667,-10.933333333333334,,125.35000000000001,0.2132440476190476,-13.666666666666668
"1993-02-01","Tirol",10.9,-11.333333333333334,,168.20000000000002,-0.9663548541622311,14.600000000000001
"1993-02-01","Vorarlberg",9.600000000000001,-11.8,,37.199999999999996,-0.14464285714285713,5.35
"1993-02-01","Wien",7.800000000000001,-15.633333333333333,,114.29999999999997,-1.230686763952893,41.166666666666664
"1993-03-01","Burgenland",21,-6.6,,147.6,3.909139784946238,14.599999999999989
"1993-03-01","Kärnten",18,-10.766666666666666,,179.95000000000005,2.3636648745519704,12.266666666666664
"1993-03-01","Niederösterreich",19.833333333333336,-11.6,,140.55,2.8967293906810037,53.166666666666686
"1993-03-01","Oberösterreich",17.666666666666668,-10.833333333333332,,130.89999999999995,2.6745687268700635,30.800000000000008
"1993-03-01","Salzburg",8.433333333333334,-18.466666666666665,2869,132.9,-5.087169143354505,76.77777777777776
"1993-03-01","Steiermark",23.166666666666668,-7.5,,163.10000000000002,4.899837476238155,11.355555555555556
"1993-03-01","Tirol",21.633333333333336,-8.100000000000001,,191.45,3.4968189964157697,50.07777777777777
"1993-03-01","Vorarlberg",21.2,-7.800000000000001,,142.89999999999995,4.45483870967742,46.599999999999994
"1993-03-01","Wien",21.03333333333333,-7.699999999999999,,162.29999999999998,4.413351254480287,36.57777777777778
"1993-04-01","Burgenland",25,-0.9,,195.30000000000015,10.452916666666663,12.999999999999996
"1993-04-01","Kärnten",20.266666666666666,-3.0999999999999996,,172.04999999999998,8.189166666666669,18.144444444444446
"1993-04-01","Niederösterreich",24.133333333333333,-2.5,,173.85,9.201108113509195,41.07777777777779
"1993-04-01","Oberösterreich",24.666666666666664,-0.7333333333333335,,196.86666666666676,9.988981481481485,24.211111111111137
"1993-04-01","Salzburg",11.266666666666666,-8.433333333333334,7036,151.49999999999997,0.42053872053872055,97.86666666666666
"1993-04-01","Steiermark",24.300000000000004,-1.0666666666666667,,172.54999999999998,10.542407407407405,7.166666666666667
"1993-04-01","Tirol",25.366666666666667,-1.2333333333333334,,187.75,10.22013888888889,32.94444444444446
"1993-04-01","Vorarlberg",28.25,1.5,,163.00000000000003,11.898333333333333,69.65
"1993-04-01","Wien",24.76666666666667,-1.3666666666666667,,193.70000000000005,10.724074074074077,4.777777777777777
"1993-05-01","Burgenland",30.4,7.1,,281.3000000000002,17.064335664335676,24.200000000000003
"1993-05-01","Kärnten",24.700000000000003,3.833333333333333,,205.8499999999999,13.968606425762705,56.57777777777778
"1993-05-01","Niederösterreich",28.700000000000003,3.533333333333333,,242.28750000000002,15.342559681712967,36.9625
"1993-05-01","Oberösterreich",28.46666666666667,6.733333333333333,,266.86666666666673,16.094543122604513,41.8888888888889
"1993-05-01","Salzburg",17.433333333333334,-2.1000000000000005,47324,197.29999999999995,6.531662515721395,54.02222222222223
"1993-05-01","Steiermark",29.266666666666666,5.366666666666666,,252.50000000000006,16.49623631058019,37.84444444444444
"1993-05-01","Tirol",30.633333333333333,5.166666666666666,,227.28749999999997,15.70719381186027,39.66666666666667
"1993-05-01","Vorarlberg",30.200000000000003,5.300000000000001,,226.65,16.075806451612902,74.35
"1993-05-01","Wien",29.366666666666664,6.266666666666667,,289.7999999999999,17.221858828091218,11.07777777777778
"1993-06-01","Burgenland",31,8.7,,240.0000000000002,17.99444444444443,63.40000000000001
"1993-06-01","Kärnten",25.900000000000002,4.633333333333333,,212.54999999999995,16.03837962962963,73.67777777777776
"1993-06-01","Niederösterreich",29.766666666666666,5.666666666666666,,183.94999999999996,16.623354136074393,97.77777777777779
"1993-06-01","Oberösterreich",29.833333333333332,6.633333333333334,,212.76666666666662,16.553703703703697,89.09999999999998
"1993-06-01","Salzburg",19.166666666666664,-1.1666666666666667,69274,175.63333333333333,7.925807448616901,180.14444444444442
"1993-06-01","Steiermark",30.7,7.933333333333334,,205.95,18.364366644751264,86.63333333333333
"1993-06-01","Tirol",30.533333333333335,6.2,,214.44999999999993,17.139999999999997,81.87777777777777
"1993-06-01","Vorarlberg",29.25,7.8,,197.24999999999991,17.626666666666665,134.84999999999997
"1993-06-01","Wien",30.4,8.5,,240.49999999999991,18.5221875,56.77142857142858
"1993-07-01","Burgenland",32.1,9,,241.40000000000012,18.672530446549413,67.39999999999999
"1993-07-01","Kärnten",27.9,4.199999999999999,,224.74999999999994,16.73853046594982,132.03333333333333
"1993-07-01","Niederösterreich",29.5,5.966666666666667,,170.5999999999999,16.804967746818626,142.3444444444444
"1993-07-01","Oberösterreich",29.366666666666667,7.9,,188.7999999999999,16.76890681003584,138.68888888888884
"1993-07-01","Salzburg",20.666666666666668,-2.1333333333333333,73573,159.43333333333337,8.13149641577061,255.97777777777773
"1993-07-01","Steiermark",31.166666666666664,7.333333333333334,,248.10000000000005,18.85692018888938,119.08888888888886
"1993-07-01","Tirol",31.066666666666666,6,,202.6,17.12379032258064,228.71111111111105
"1993-07-01","Vorarlberg",31.200000000000003,7.3,,171.9999999999999,17.64032258064516,331.05
"1993-07-01","Wien",31.799999999999997,9.9,,232.30000000000007,19.333921370967733,75.41428571428573
"1993-08-01","Burgenland",34.1,9.2,,261.99999999999983,19.482123655913963,51.5
"1993-08-01","Kärnten",27.9,3.3999999999999995,,225.54999999999998,17.518682795698922,100.9888888888889
"1993-08-01","Niederösterreich",32.233333333333334,4.366666666666666,,220.8000000000001,17.41418184006654,106.85555555555551
"1993-08-01","Oberösterreich",31.266666666666666,5.666666666666667,,248.7999999999999,17.74201797421092,93.96666666666665
"1993-08-01","Salzburg",20.666666666666664,-2.333333333333333,87505,189.6,9.773981337638467,132.57777777777778
"1993-08-01","Steiermark",32.13333333333333,5.5,,254.95,19.47053678732338,84.64444444444443
"1993-08-01","Tirol",30.533333333333335,3.7,,228.64999999999998,17.856541218637993,93.68888888888888
"1993-08-01","Vorarlberg",30.4,5.9,,212.95000000000002,18.475806451612904,161.14999999999998
"1993-08-01","Wien",33.5,9.45,,267.0999999999999,20.057560483870976,80.8142857142857
"1993-09-01","Burgenland",26.9,3.3,,191.30000000000007,14.928840579710151,31.400000000000002
"1993-09-01","Kärnten",20.033333333333335,1.5666666666666667,,76.52499999999999,12.046058770391626,84.8888888888889
"1993-09-01","Niederösterreich",26,2.066666666666667,,158.03750000000002,13.468447845262771,55.6777777777778
"1993-09-01","Oberösterreich",26.433333333333334,4.166666666666666,,161.83333333333334,13.247346830331045,62.70000000000002
"1993-09-01","Salzburg",16.833333333333336,-3.7333333333333334,64437,118.66666666666669,5.772539454806311,100.5
"1993-09-01","Steiermark",26.900000000000002,4.766666666666667,,142.58749999999998,14.786545180884799,57.03333333333333
"1993-09-01","Tirol",25.833333333333332,3.966666666666667,,123.10000000000001,13.389631475709619,85.19999999999997
"1993-09-01","Vorarlberg",30.15,4.4,,128.49999999999994,14.348333333333336,136.04999999999998
"1993-09-01","Wien",27.950000000000003,4.5,,181.85999999999996,15.301432100745924,34.414285714285725
"1993-10-01","Burgenland",25.8,-0.6,,120.49999999999996,10.577414965986403,52.20000000000005
"1993-10-01","Kärnten",17.733333333333334,-2.1666666666666665,,91.95000000000005,8.206630824372759,206.84444444444438
"1993-10-01","Niederösterreich",23.266666666666666,-3,,99.39999999999998,8.992234703020994,82
"1993-10-01","Oberösterreich",21.566666666666666,-0.6,,99.03333333333332,8.932526881720431,46.04444444444445
"1993-10-01","Salzburg",11.1,-7,51715,111.93333333333334,3.489202508960573,130.38888888888889
"1993-10-01","Steiermark",24.800000000000004,-0.8333333333333334,,113.65,11.220116487455194,125.17777777777778
"1993-10-01","Tirol",22.866666666666667,-1.7,,115.75,8.961315041404022,187.64444444444436
"1993-10-01","Vorarlberg",25.950000000000003,0.7,,66.45000000000002,9.70967741935484,134.45
"1993-10-01","Wien",24.7,-0.8500000000000001,,85.19999999999999,10.42580071466037,56.0142857142857
"1993-11-01","Burgenland",13.9,-9.1,,30.6,1.312361111111115,50.30000000000001
"1993-11-01","Kärnten",10.666666666666668,-11.6,,55.65,0.14379629629629664,52.500000000000014
"1993-11-01","Niederösterreich",12.7,-12.933333333333334,,39.199999999999996,0.8501851851851878,42.47142857142859
"1993-11-01","Oberösterreich",13.166666666666668,-9.366666666666667,,51.86666666666667,1.0873148148148137,15.8
"1993-11-01","Salzburg",8.2,-15.066666666666666,22500,87.06666666666666,-3.2717334860633835,27.111111111111107
"1993-11-01","Steiermark",14.666666666666666,-9.666666666666666,,19.1,1.5488888888888879,65.28888888888889
"1993-11-01","Tirol",15.033333333333335,-8.9,,83.45,1.876805555555558,15.899999999999997
"1993-11-01","Vorarlberg",15.350000000000001,-8.35,,29.05,2.2933333333333334,31.099999999999998
"1993-11-01","Wien",13.75,-8.2,,30.300000000000004,1.4581770833333334,42.45714285714288
"1993-12-01","Burgenland",12,-7.4,,40.70000000000002,1.978763440860214,39.40000000000003
"1993-12-01","Kärnten",7.866666666666667,-11.333333333333334,,79.05000000000001,-1.8260752688172042,80.37777777777777
"1993-12-01","Niederösterreich",12.866666666666667,-10.133333333333333,,34.85000000000001,2.08010752688172,43.81250000000002
"1993-12-01","Oberösterreich",12.600000000000001,-7.6000000000000005,,23.96666666666667,1.7422939068100367,86.85555555555551
"1993-12-01","Salzburg",6.366666666666666,-15.666666666666666,8790,62.93333333333333,-4.498890963207379,86.16666666666666
"1993-12-01","Steiermark",11.033333333333333,-10.933333333333332,,69.89999999999999,0.6047043010752686,32.18888888888889
"1993-12-01","Tirol",9.366666666666667,-11.133333333333333,,75.6,-0.9034237361002426,40.922222222222224
"1993-12-01","Vorarlberg",20.049999999999997,-7.3999999999999995,,39.650000000000006,4.461290322580646,79.65
"1993-12-01","Wien",15.3,-6.949999999999999,,47.89999999999999,2.681502428706597,45.31428571428572
"1994-01-01","Burgenland",13.6,-8,,77.79999999999997,3.901803051317616,31.00000000000002
"1994-01-01","Kärnten",7.233333333333333,-11.733333333333333,,111.23333333333332,-1.0517565706729495,17.37777777777778
"1994-01-01","Niederösterreich",15.066666666666666,-9.266666666666667,,61.28749999999998,3.056071068160013,43.00000000000002
"1994-01-01","Oberösterreich",13.166666666666668,-8.2,,45.933333333333344,2.110560800163053,46.688888888888904
"1994-01-01","Salzburg",4.033333333333333,-16.433333333333334,6493,83.86666666666666,-4.629069593787336,97.75555555555556
"1994-01-01","Steiermark",13.966666666666667,-8.466666666666667,,108.225,2.7256488648283197,2.9666666666666672
"1994-01-01","Tirol",11.466666666666669,-9.7,,88.21249999999998,0.13665607802782698,44.82222222222223
"1994-01-01","Vorarlberg",17.1,-7.949999999999999,,59.40000000000001,3.7790322580645164,95.4
"1994-01-01","Wien",15,-7.4,,85.2,4.087634160042553,20.233333333333338
"1994-02-01","Burgenland",14.1,-13.9,,120,0.9456845238095238,6.999999999999999
"1994-02-01","Kärnten",12,-17,,114.80000000000001,-1.4962797619047623,10.522222222222219
"1994-02-01","Niederösterreich",17.433333333333334,-15.500000000000002,,99.94999999999999,0.21274801587301598,5.944444444444441
"1994-02-01","Oberösterreich",14.566666666666666,-11.666666666666666,,108.2,0.5683830845771143,8.64444444444444
"1994-02-01","Salzburg",8.2,-17.366666666666667,4846,107.90000000000003,-5.756407995296883,20.07777777777778
"1994-02-01","Steiermark",18.9,-14.1,,115.24999999999997,1.3698908730158725,4.511111111111109
"1994-02-01","Tirol",16.966666666666665,-11.333333333333334,,117.05000000000001,0.761160714285714,15.433333333333334
"1994-02-01","Vorarlberg",17.65,-9.1,,60.80000000000001,2.6517857142857144,33.35000000000001
"1994-02-01","Wien",12.033333333333333,-14.433333333333334,,115.9,0.7766280206112289,-1.855555555555558
"1994-03-01","Burgenland",21.9,-1.7,,120.99999999999997,8.59260752688172,21.900000000000006
"1994-03-01","Kärnten",17.766666666666666,-5.3,,184.86666666666665,6.585394265232979,4.811111111111111
"1994-03-01","Niederösterreich",20.03333333333334,-4.366666666666667,,101.50000000000001,7.444476885820827,76.95555555555558
"1994-03-01","Oberösterreich",20.9,-2.6666666666666665,,101.83333333333331,7.274596774193549,68.1333333333333
"1994-03-01","Salzburg",9.7,-11.666666666666666,4843,141.13333333333333,-0.14632616487455197,83.79999999999998
"1994-03-01","Steiermark",22.566666666666666,-3.533333333333333,,143.20000000000002,8.835752688172043,-2.4555555555555557
"1994-03-01","Tirol",23.400000000000002,-2.633333333333333,,182.90000000000003,8.55358422939068,20.16666666666667
"1994-03-01","Vorarlberg",21.15,0,,110.74999999999997,9.893548387096772,71.25
"1994-03-01","Wien",22.06666666666667,-1.8666666666666665,,142.2,8.51783154121864,46.40000000000001
"1994-04-01","Burgenland",24.3,-1.8,,190.4000000000001,10.5361111111111,66.70000000000002
"1994-04-01","Kärnten",19.6,-3.7333333333333334,,130.66666666666669,6.125138888888891,126.32222222222218
"1994-04-01","Niederösterreich",23.200000000000003,-3.1333333333333333,,150.25000000000003,8.179598464946169,111.17777777777775
"1994-04-01","Oberösterreich",22.566666666666666,-0.9999999999999999,,164.50000000000003,8.223657407407412,106.22222222222223
"1994-04-01","Salzburg",10.866666666666667,-11.2,9816,115.23333333333333,-1.3201388888888883,132.42222222222222
"1994-04-01","Steiermark",24.866666666666664,-1.6,,155.70000000000002,9.918657407407407,92.95555555555555
"1994-04-01","Tirol",24.599999999999998,-2.5,,153.45000000000002,8.25472222222222,64.21111111111112
"1994-04-01","Vorarlberg",24.25,-0.4,,124.95,8.486666666666666,100.8
"1994-04-01","Wien",24.000000000000004,-0.7,,195.90000000000003,10.199953703703697,90.01111111111109
"1994-05-01","Burgenland",28.6,3,,207.99999999999986,15.232871012482663,53.40000000000001
"1994-05-01","Kärnten",21.96666666666667,-0.13333333333333328,,210.13333333333327,12.272848492983155,45.38888888888891
"1994-05-01","Niederösterreich",26.5,-0.43333333333333324,,181.14999999999992,13.36411545096168,104.5333333333333
"1994-05-01","Oberösterreich",24.933333333333334,2.9000000000000004,,209.9666666666666,13.692426389075314,61.52222222222222
"1994-05-01","Salzburg",13.233333333333334,-5.8999999999999995,45009,174.46666666666658,4.874936814871313,139.88888888888886
"1994-05-01","Steiermark",27.799999999999997,1.4666666666666666,,219.07499999999993,14.828589324862422,86.2222222222222
"1994-05-01","Tirol",26,2.033333333333333,,197.81249999999997,13.88254664220841,81.65555555555558
"1994-05-01","Vorarlberg",25.75,4.55,,141.05,14.614516129032255,147.5
"1994-05-01","Wien",27.700000000000003,2.8666666666666663,,206,15.003999821037086,46.12222222222223
"1994-06-01","Burgenland",34.4,9.3,,240.70000000000007,19.16504178272982,34.500000000000014
"1994-06-01","Kärnten",27.700000000000003,2.9333333333333336,,213.9333333333333,15.883509181991453,95.13333333333331
"1994-06-01","Niederösterreich",31.9,5.533333333333334,,191.44999999999993,16.951827190542417,66.27777777777777
"1994-06-01","Oberösterreich",32.266666666666666,6.333333333333333,,212.16666666666669,17.100694444444446,39.62222222222223
"1994-06-01","Salzburg",20.233333333333334,-3.3666666666666663,58293,166.69999999999993,7.763425925925926,131.53333333333325
"1994-06-01","Steiermark",33.133333333333326,4.9,,228.49999999999997,18.543472222222224,73.44444444444446
"1994-06-01","Tirol",32.10000000000001,5.733333333333333,,201.04999999999995,17.14476851851852,62.66666666666667
"1994-06-01","Vorarlberg",30.25,6.949999999999999,,203.25000000000006,18.235,94.95
"1994-06-01","Wien",34.3,8.566666666666666,,243.40000000000006,18.90277777777778,32.97777777777779
"1994-07-01","Burgenland",35.2,15.2,,319.5999999999999,23.600134770889483,9.599999999999998
"1994-07-01","Kärnten",29.3,9.200000000000001,,241.33333333333337,18.888061294349804,44.2888888888889
"1994-07-01","Niederösterreich",33.93333333333333,9.733333333333333,,277.55,20.682447526978194,35.37777777777778
"1994-07-01","Oberösterreich",33.3,12.066666666666666,,311.1333333333334,21.65967741935483,52.766666666666666
"1994-07-01","Salzburg",21.06666666666667,2.9666666666666672,,218.93333333333337,11.925806451612903,74.39999999999999
"1994-07-01","Steiermark",32.633333333333326,12.033333333333335,,284.54999999999995,21.844578853046595,70.01111111111112
"1994-07-01","Tirol",34.266666666666666,10.099999999999998,,260,20.708512544802883,86.46666666666667
"1994-07-01","Vorarlberg",32.85,12.3,,266.35,22.230645161290322,132.2
"1994-07-01","Wien",34.43333333333333,13.366666666666667,,336.1000000000001,23.060976702508956,78.87777777777777
"1994-08-01","Burgenland",35.2,10.6,,250.39999999999998,22.071908602150543,38.500000000000014
"1994-08-01","Kärnten",29.333333333333336,7.433333333333334,,232.6666666666667,18.41517577070658,167.81111111111107
"1994-08-01","Niederösterreich",33.9,5.166666666666666,,216.45,19.58070578403811,79.97777777777776
"1994-08-01","Oberösterreich",32.8,8.333333333333334,,247.96666666666658,19.74628136200715,62.38888888888891
"1994-08-01","Salzburg",21.266666666666666,1.4666666666666663,90464,214.36666666666662,11.149872665534808,206.68888888888887
"1994-08-01","Steiermark",33.63333333333334,10.133333333333333,,240.65,20.98862007168459,138.49999999999997
"1994-08-01","Tirol",33.5,8.466666666666667,,245.39999999999995,19.680152329749106,148.98888888888877
"1994-08-01","Vorarlberg",32.599999999999994,10.899999999999999,,205.55,20.409677419354843,155.04999999999998
"1994-08-01","Wien",34.50000000000001,10.366666666666667,,274.4000000000001,21.659768797645057,54.777777777777764
"1994-09-01","Burgenland",29.1,6.6,,197.39999999999998,17.952367288378767,31.60000000000001
"1994-09-01","Kärnten",22.733333333333334,1.5666666666666667,,171.76666666666665,13.86301450661566,96.98888888888887
"1994-09-01","Niederösterreich",28.1,1.6666666666666667,,171.36250000000004,15.328944284336616,32.94444444444446
"1994-09-01","Oberösterreich",27.599999999999998,4.133333333333333,,158.3,14.987362240289066,36.933333333333344
"1994-09-01","Salzburg",16.96666666666667,-3.6333333333333337,77453,138.46666666666664,7.392305648546681,95.17777777777778
"1994-09-01","Steiermark",28.4,4.366666666666666,,178.8375000000001,17.05313459801265,67.64444444444445
"1994-09-01","Tirol",27.366666666666664,3.2333333333333334,,173.125,14.922615441840703,124.56666666666665
"1994-09-01","Vorarlberg",25.2,4,,99.84999999999998,15.313333333333333,183.15
"1994-09-01","Wien",29.133333333333333,6.300000000000001,,181.26,17.458552693574383,14.844444444444443
"1994-10-01","Burgenland",23.3,-0.4,,143.70000000000002,8.723118279569889,71.69999999999997
"1994-10-01","Kärnten",20.333333333333332,-3.9333333333333327,,125.66666666666663,6.2210822245693285,112.3
"1994-10-01","Niederösterreich",20.733333333333334,-3.666666666666667,,141.5,6.7128136200716835,48.700000000000024
"1994-10-01","Oberösterreich",20.300000000000004,-2.0999999999999996,,148.93333333333334,7.319130824372756,35.7888888888889
"1994-10-01","Salzburg",12.466666666666667,-9.866666666666667,60630,158.7,2.631451612903226,77.3888888888889
"1994-10-01","Steiermark",24.03333333333333,-1.4666666666666666,,135.49999999999997,8.622267025089604,58.855555555555554
"1994-10-01","Tirol",22.066666666666666,-2.466666666666667,,167.74999999999997,8.434229390681006,35.57777777777778
"1994-10-01","Vorarlberg",21.45,0.8500000000000001,,107.05,9.606451612903225,46.30000000000001
"1994-10-01","Wien",22.2,-0.35,,131.80000000000004,8.430492842325954,34.81428571428573
"1994-11-01","Burgenland",18.5,-0.3,,49.69999999999998,6.9873611111111105,40.600000000000044
"1994-11-01","Kärnten",14.6,-0.6333333333333333,,74.43333333333332,5.433248467521764,67.03333333333335
"1994-11-01","Niederösterreich",16.96666666666667,-0.8666666666666667,,50.06666666666666,6.397009194509193,70.46666666666665
"1994-11-01","Oberösterreich",18.133333333333336,0.9999999999999999,,56.900000000000006,6.925185185185183,44.10000000000001
"1994-11-01","Salzburg",10.766666666666666,-6.133333333333333,37761,89.33333333333331,1.2589814814814813,69.82222222222224
"1994-11-01","Steiermark",17.266666666666666,-1.4333333333333331,,61.5,7.472685185185186,38.42222222222222
"1994-11-01","Tirol",19.333333333333332,-1.6333333333333333,,91.6,6.5075466853408,42.444444444444464
"1994-11-01","Vorarlberg",25.299999999999997,1.35,,36.80000000000001,8.678333333333335,60.35000000000001
"1994-11-01","Wien",18.700000000000003,-0.55,,59.8,7.140520833333336,54.75714285714287
"1994-12-01","Burgenland",14.2,-5.9,,66.9,1.9198924731182803,33.40000000000002
"1994-12-01","Kärnten",10.399999999999999,-8.7,,82.26666666666667,0.1838615609487847,41.70000000000001
"1994-12-01","Niederösterreich",12.866666666666667,-10.333333333333334,,62.733333333333334,0.9198088246572113,43.137500000000024
"1994-12-01","Oberösterreich",11.300000000000002,-8.399999999999999,,55.5,1.3710125448028674,56.033333333333346
"1994-12-01","Salzburg",5.666666666666666,-14.9,17226,88.23333333333335,-3.3963709677419356,73.91111111111113
"1994-12-01","Steiermark",12.833333333333332,-7.666666666666667,,86.1,1.2126344086021503,44.000000000000014
"1994-12-01","Tirol",10.266666666666667,-9.966666666666667,,70.55000000000001,-0.6563801574552455,30.94444444444445
"1994-12-01","Vorarlberg",13.2,-4.2,,44.84999999999999,3.4725806451612904,121.1
"1994-12-01","Wien",13.6,-5.35,,74.9,2.2869959677419343,26.52857142857144
"1995-01-01","Burgenland",12.5,-10.4,,68.90000000000003,-0.10097087378640734,16.199999999999996
"1995-01-01","Kärnten",6.666666666666666,-14.166666666666666,,118.63333333333335,-3.993678135206477,25.01111111111111
"1995-01-01","Niederösterreich",13.533333333333333,-12.5,,55.63333333333334,-0.9962910276826137,35.73333333333337
"1995-01-01","Oberösterreich",12.233333333333334,-12.766666666666666,,54.4,-1.7117866960961219,77.53333333333333
"1995-01-01","Salzburg",4.866666666666667,-19.9,7140,67.76666666666665,-7.631850426776832,106.90000000000002
"1995-01-01","Steiermark",10.666666666666666,-13,,91.80000000000003,-1.3284575882759415,7.166666666666666
"1995-01-01","Tirol",9.500000000000002,-15.766666666666666,,94.56250000000001,-3.29440144363414,62.199999999999996
"1995-01-01","Vorarlberg",13.05,-13.6,,62.50000000000002,-0.1280017921146963,126.12499999999991
"1995-01-01","Wien",15.8,-8.25,,75.44000000000001,0.3960763118697404,21.9857142857143
"1995-02-01","Burgenland",15.6,-3.8,,94.89999999999992,5.436011904761905,39.000000000000014
"1995-02-01","Kärnten",12.266666666666667,-8.3,,106,0.6430059523809525,57.66666666666667
"1995-02-01","Niederösterreich",15.4,-6.533333333333333,,86.96666666666667,4.14355158730159,55.233333333333334
"1995-02-01","Oberösterreich",14.233333333333334,-4.966666666666667,,68.03333333333335,4.115823412698411,50.34444444444446
"1995-02-01","Salzburg",5,-13.133333333333333,75878,84.33333333333331,-2.959722222222222,74.49999999999996
"1995-02-01","Steiermark",15.833333333333334,-6.966666666666667,,111.55000000000003,4.015079365079366,46.95555555555556
"1995-02-01","Tirol",15.333333333333334,-7.666666666666667,,106.25,2.4776785714285703,29.84444444444445
"1995-02-01","Vorarlberg",16.700000000000003,-1.4499999999999997,,84.94999999999999,6.080458422174842,79.475
"1995-02-01","Wien",15.5,-3.9,,97.99999999999999,5.975482260338345,26.74285714285714
"1995-03-01","Burgenland",18.1,-2.8,,138.19999999999996,4.559139784946233,55.10000000000002
"1995-03-01","Kärnten",14.533333333333333,-9.2,,154.13333333333335,0.9273745519713261,91.93333333333335
"1995-03-01","Niederösterreich",16.7,-6.066666666666666,,121.29999999999998,2.869362446743761,65.13333333333335
"1995-03-01","Oberösterreich",16.733333333333334,-4.9,,134.0333333333333,3.323012151647151,84.93333333333334
"1995-03-01","Salzburg",5.833333333333333,-16.766666666666666,110578,121.69999999999997,-5.751329937747595,94.88888888888881
"1995-03-01","Steiermark",20.333333333333336,-4.633333333333334,,140.70000000000007,4.879211469534049,57.522222222222226
"1995-03-01","Tirol",19.8,-5.433333333333333,,172.19999999999996,3.4674283154121857,49.90000000000002
"1995-03-01","Vorarlberg",16.9,-4.6,,144.2,4.523118279569894,83.69999999999999
"1995-03-01","Wien",18.85,-3.5,,143.5,4.857847327980062,55.14285714285716
"1995-04-01","Burgenland",27.1,-1.1,,173.10000000000002,11.006675938803877,49.20000000000003
"1995-04-01","Kärnten",21.03333333333333,-5.266666666666667,,187.93333333333328,8.041018518518518,30.211111111111112
"1995-04-01","Niederösterreich",25.633333333333333,-1.2333333333333332,,128.03333333333333,8.830879629629626,82.96666666666663
"1995-04-01","Oberösterreich",25.933333333333334,-0.033333333333333354,,126.16666666666669,9.430787037037035,55.28888888888892
"1995-04-01","Salzburg",9.866666666666667,-11.266666666666666,116083,103.63333333333328,-0.36768518518518534,93.65555555555557
"1995-04-01","Steiermark",26.233333333333334,-1.3666666666666667,,173.6,10.777916666666666,29.377777777777776
"1995-04-01","Tirol",24.266666666666666,-2.1666666666666665,,159.39999999999992,9.366388888888887,65
"1995-04-01","Vorarlberg",22.15,0.5,,137.7,10.291388888888882,123.85000000000001
"1995-04-01","Wien",26.5,0.15000000000000002,,173.5,10.87467414529915,76.07142857142858
"1995-05-01","Burgenland",29.3,2.1,,238.9000000000001,14.801803051317613,55.900000000000006
"1995-05-01","Kärnten",24.666666666666664,0.7,,175.89999999999992,12.04166803374445,65.45555555555556
"1995-05-01","Niederösterreich",28.266666666666666,-0.9333333333333333,,188.96666666666664,12.521824112600806,66.30000000000001
"1995-05-01","Oberösterreich",28.433333333333334,2.1333333333333333,,217.87499999999994,13.383317176959531,67.2222222222222
"1995-05-01","Salzburg",16.199999999999996,-6.433333333333333,37489,158.825,3.7956447785085436,94.85
"1995-05-01","Steiermark",28.1,1.6666666666666667,,212.18750000000003,14.774118980507959,51.977777777777774
"1995-05-01","Tirol",28.833333333333336,2.3666666666666667,,194.5375,13.387371183988783,85.22222222222221
"1995-05-01","Vorarlberg",26.65,2.55,,188.5,14.479512102366776,135.45
"1995-05-01","Wien",28.450000000000003,3.5,,253.98,14.900595419142602,51.74285714285715
"1995-06-01","Burgenland",29.3,6.9,,192.9,17.495972222222207,63.20000000000004
"1995-06-01","Kärnten",27,4.8,,137.53333333333336,13.765648148148145,101.82222222222221
"1995-06-01","Niederösterreich",28.566666666666666,5.366666666666667,,132.69999999999996,14.666018518518516,111.1666666666666
"1995-06-01","Oberösterreich",28.5,6.7,,154.16666666666663,15.061759259259262,106.86666666666662
"1995-06-01","Salzburg",17.933333333333334,-2.2,1630,101.53333333333333,5.434722222222222,169.3
"1995-06-01","Steiermark",30.366666666666667,7.233333333333333,,168.79999999999998,16.78870370370371,116.19999999999997
"1995-06-01","Tirol",29.6,7.266666666666667,,150.34999999999997,14.74143518518519,132.04444444444428
"1995-06-01","Vorarlberg",28.2,7.25,,174.85000000000005,15.155103648424543,168.57499999999996
"1995-06-01","Wien",28.8,8.8,,192.59999999999994,17.229843750000008,97.87142857142855
"1995-07-01","Burgenland",33,12.9,,323.1,23.27916666666667,12.2
"1995-07-01","Kärnten",29.300000000000004,9.8,,237.13333333333335,19.03709677419354,67.56666666666666
"1995-07-01","Niederösterreich",33.733333333333334,9.033333333333333,,250.49999999999997,19.909856630824358,50.40000000000002
"1995-07-01","Oberösterreich",33.63333333333333,12.233333333333334,,290.3333333333333,21.03333333333334,44.755555555555574
"1995-07-01","Salzburg",21.566666666666666,3.2666666666666666,1320,212.33333333333334,12.268548387096773,113.04444444444444
"1995-07-01","Steiermark",31.133333333333333,11.933333333333332,,271.75,21.857571684587807,82.62222222222222
"1995-07-01","Tirol",33.73333333333333,11.366666666666665,,259.45000000000005,20.626881720430113,82.94444444444446
"1995-07-01","Vorarlberg",34.45,13.25,,275.09999999999997,21.275201612903217,58.19999999999999
"1995-07-01","Wien",33.95,13.8,,326.00000000000006,22.87620967741935,23
"1995-08-01","Burgenland",32.3,8.6,,223.4999999999999,19.981451612903246,64.9
"1995-08-01","Kärnten",26.43333333333333,2.166666666666667,,179.0333333333331,15.880958781362002,108.5
"1995-08-01","Niederösterreich",29.133333333333333,5.733333333333333,,167.36666666666656,16.490473292177498,106.69999999999992
"1995-08-01","Oberösterreich",29.4,7.300000000000001,,184.43333333333328,17.647759856630827,128.28888888888883
"1995-08-01","Salzburg",18.666666666666664,-3.4000000000000004,4075,134.23333333333326,8.397580645161295,190.50000000000003
"1995-08-01","Steiermark",30.166666666666668,5.266666666666667,,218.64999999999998,18.548028673835134,128.18888888888887
"1995-08-01","Tirol",29.86666666666667,5.5,,167.34999999999994,16.994531820172234,136.98888888888885
"1995-08-01","Vorarlberg",28.75,6.65,,184.4999999999999,17.957728494623673,233.525
"1995-08-01","Wien",31.15,9.35,,234.60000000000008,19.728897484221616,52.699999999999996
"1995-09-01","Burgenland",25.5,5.6,,162.30000000000004,14.819418960244649,88.79999999999998
"1995-09-01","Kärnten",20.6,-1.1333333333333335,,147.5999999999999,11.240481432166558,111.47777777777773
"1995-09-01","Niederösterreich",23.4,2.2,,135.79999999999995,12.306408417025349,94.1333333333333
"1995-09-01","Oberösterreich",24.06666666666667,3.5333333333333337,,148.86666666666667,12.808929204596355,78.92222222222225
"1995-09-01","Salzburg",12.533333333333335,-6.699999999999999,3083,111.83333333333331,4.161839630161007,115.94999999999999
"1995-09-01","Steiermark",25.1,1.5999999999999999,,165.23749999999995,14.28961475104947,111.18888888888885
"1995-09-01","Tirol",23.966666666666665,-0.26666666666666666,,163.33750000000003,12.32142404297509,63.59999999999999
"1995-09-01","Vorarlberg",26.35,1.9500000000000002,,131.15,12.815948110951693,79.97500000000002
"1995-09-01","Wien",24.7,6.550000000000001,,166.60000000000002,14.519094930655191,117.24285714285713
"1995-10-01","Burgenland",23.2,-0.2,,151.9000000000001,11.61290322580645,8.399999999999999
"1995-10-01","Kärnten",20.03333333333333,-2.033333333333333,,209.13333333333335,9.604749103942654,-7.33333333333333
"1995-10-01","Niederösterreich",22.499999999999996,-3.1000000000000005,,145.9666666666667,10.141173835125448,24.266666666666673
"1995-10-01","Oberösterreich",23.233333333333334,-1,,131.13333333333333,11.001209677419357,11.777777777777775
"1995-10-01","Salzburg",15.299999999999999,-5.366666666666667,2661,212.03333333333327,6.860483870967745,-3.5714285714285707
"1995-10-01","Steiermark",23.23333333333333,-2.4999999999999996,,151.35000000000002,11.640770609318997,-12.933333333333335
"1995-10-01","Tirol",23.866666666666667,-1.4666666666666663,,238.95,10.820521840592042,-5.966666666666666
"1995-10-01","Vorarlberg",22.2,2.1,,169.05000000000004,12.465322580645159,-3.825000000000001
"1995-10-01","Wien",22.35,0.44999999999999996,,134.60000000000002,11.603182132811808,3.9000000000000012
"1995-11-01","Burgenland",13.1,-6.9,,38.2,2.6241666666666656,38.40000000000003
"1995-11-01","Kärnten",12.666666666666666,-10.600000000000001,,118.13333333333333,1.4195833333333348,4.377777777777778
"1995-11-01","Niederösterreich",13.899999999999999,-10.433333333333334,,34.56666666666667,0.7930826636789767,73.43333333333334
"1995-11-01","Oberösterreich",12.3,-9.133333333333331,,40.733333333333334,1.1278205128205128,73.25555555555557
"1995-11-01","Salzburg",7.500000000000001,-17.5,32935,83.93333333333334,-3.394814814814814,60.42222222222223
"1995-11-01","Steiermark",13.866666666666667,-9.266666666666667,,73.00000000000001,3.0025925925925923,11.51111111111111
"1995-11-01","Tirol",15.066666666666666,-10.233333333333336,,111.94999999999999,2.3697257089725703,24.44444444444445
"1995-11-01","Vorarlberg",18.65,-5.9,,98.19999999999997,4.028194444444441,89.15
"1995-11-01","Wien",12.45,-7.4,,37.599999999999994,2.4308333333333327,56.54285714285718
"1995-12-01","Burgenland",9.6,-12.5,,20.699999999999996,-0.24368932038834945,43.60000000000003
"1995-12-01","Kärnten",6,-15.033333333333333,,31.900000000000006,-2.4812029290262925,64.15555555555555
"1995-12-01","Niederösterreich",11.433333333333334,-16.133333333333333,,29.33333333333333,-1.570050277392511,55.77777777777779
"1995-12-01","Oberösterreich",10.366666666666665,-12.466666666666667,,35.099999999999994,-1.0493778553283721,54.088888888888896
"1995-12-01","Salzburg",4.333333333333333,-18.766666666666666,46135,58.43333333333334,-5.209472819593787,51.16666666666667
"1995-12-01","Steiermark",7.233333333333333,-15.533333333333333,,12.850000000000001,-0.9274051869416732,74.56666666666668
"1995-12-01","Tirol",8.066666666666666,-14.199999999999998,,64.25,-2.0122423204588236,43.07777777777778
"1995-12-01","Vorarlberg",14.05,-10.35,,44.35000000000001,-0.110676523297491,121.34999999999995
"1995-12-01","Wien",12.6,-14.25,,23.2,-0.16929656055177408,64.64285714285717
"1996-01-01","Burgenland",9.9,-16.7,,42.99999999999999,-2.7643817204301038,31.5
"1996-01-01","Kärnten",5.133333333333334,-12.3,,58.9,-3.179928315412186,19.22222222222223
"1996-01-01","Niederösterreich",6.533333333333334,-15.733333333333333,,44.6,-3.644700877116296,12.22222222222222
"1996-01-01","Oberösterreich",3.4,-14.500000000000002,,60.19999999999999,-3.8761648745519706,9.866666666666665
"1996-01-01","Salzburg",5.699999999999999,-15.366666666666667,47971,117.23333333333335,-2.8665281980272486,9.266666666666662
"1996-01-01","Steiermark",7.466666666666667,-10.433333333333334,,35.35,-1.898835125448028,24.566666666666677
"1996-01-01","Tirol",11.733333333333333,-11.2,,95,-1.381293431351035,8.100000000000001
"1996-01-01","Vorarlberg",12.149999999999999,-6.35,,45.6,-0.25483870967741923,-6.6
"1996-01-01","Wien",6.3,-12.45,,26.500000000000004,-3.172723188220698,29.000000000000018
"1996-02-01","Burgenland",7.9,-17.3,,133.30000000000004,-2.9522988505747136,19.5
"1996-02-01","Kärnten",5.233333333333333,-15.666666666666666,,152.66666666666666,-4.552298850574715,62.56666666666666
"1996-02-01","Niederösterreich",6.466666666666667,-17.56666666666667,,96.30000000000004,-3.812404214559388,20.166666666666668
"1996-02-01","Oberösterreich",6.8,-15.033333333333333,,108.19999999999997,-3.3468869731800788,13.833333333333336
"1996-02-01","Salzburg",2.5999999999999996,-20.4,67009,119.36666666666666,-7.926819923371649,33.27777777777778
"1996-02-01","Steiermark",8.633333333333335,-14.533333333333333,,121.79999999999998,-2.155253452410486,32.57777777777777
"1996-02-01","Tirol",11.5,-13.366666666666667,,154.29999999999998,-1.6321839080459777,12.600000000000001
"1996-02-01","Vorarlberg",12.4,-9.5,,91.5,-0.20926724137931088,33.22500000000001
"1996-02-01","Wien",7.35,-16,,110.54999999999998,-2.6644396551724143,30.200000000000024
"1996-03-01","Burgenland",10.6,-7.4,,120.29999999999998,2.3089918256130773,13.1
"1996-03-01","Kärnten",9.866666666666665,-14,,148.40000000000006,-0.8864695340501774,10.688888888888886
"1996-03-01","Niederösterreich",11.133333333333333,-14.433333333333335,,103.53333333333333,0.12432795698924765,33.666666666666686
"1996-03-01","Oberösterreich",14.066666666666666,-13.033333333333335,,147.43333333333322,1.1281362007168463,20.56666666666667
"1996-03-01","Salzburg",6.833333333333333,-19.566666666666666,85405,156.4333333333333,-6.075089605734764,56.666666666666664
"1996-03-01","Steiermark",12.133333333333333,-11.933333333333334,,102.10000000000002,2.0143991471174205,12.322222222222226
"1996-03-01","Tirol",17.733333333333334,-11.333333333333334,,198.95000000000007,2.7878319512583394,20.911111111111115
"1996-03-01","Vorarlberg",17.9,-9.100000000000001,,159.6999999999999,3.083602150537634,59.30000000000002
"1996-03-01","Wien",10.85,-6.05,,103.59999999999998,1.9819052419354841,19.725000000000005
"1996-04-01","Burgenland",25.3,-2.8,,190.29999999999998,10.15475841874086,72.59999999999994
"1996-04-01","Kärnten",20.03333333333333,-3.9333333333333336,,158.5666666666666,7.004217351131047,89.6111111111111
"1996-04-01","Niederösterreich",25.43333333333333,-5.066666666666666,,158.73333333333332,7.221186035389768,88.3333333333334
"1996-04-01","Oberösterreich",25.566666666666666,-3.6333333333333337,,164.3,8.368082788671023,62.26666666666669
"1996-04-01","Salzburg",11.833333333333334,-12,36856,137.6,0.0651086667729418,70.18888888888891
"1996-04-01","Steiermark",26.099999999999998,-1.7,,162.81249999999997,9.946760189170517,88.38888888888889
"1996-04-01","Tirol",24.7,-2.6,,171.61250000000007,9.300331262862308,35.51111111111112
"1996-04-01","Vorarlberg",26.1,-2.1,,183.79999999999995,9.788405172413794,38.425000000000004
"1996-04-01","Wien",25.15,-3.2,,196.2625,9.840969033955048,84.89999999999998
"1996-05-01","Burgenland",27.6,5.5,,217.00000000000003,15.915512465373965,95.8
"1996-05-01","Kärnten",24.4,1.7000000000000002,,187.96666666666667,12.491218637992834,135.9111111111111
"1996-05-01","Niederösterreich",27.6,2.5999999999999996,,164.53333333333336,13.23212494653156,173.96666666666664
"1996-05-01","Oberösterreich",28.566666666666666,4.1000000000000005,,192.7999999999999,13.669440042547652,135.49999999999991
"1996-05-01","Salzburg",17.066666666666666,-5.066666666666666,2932,153.46666666666664,4.876702508960573,166.67777777777775
"1996-05-01","Steiermark",28.133333333333333,3.8000000000000003,,192.45,15.613216845878137,125.4222222222222
"1996-05-01","Tirol",29.633333333333333,2.4,,199.79999999999998,13.710440583173176,119.57777777777775
"1996-05-01","Vorarlberg",27.45,4.4,,180.4,13.288776881720432,117.82499999999996
"1996-05-01","Wien",28.45,5.85,,211.59999999999997,15.386391129032264,86.8125
"1996-06-01","Burgenland",32.6,7.9,,278.7,19.386695278969956,53.200000000000024
"1996-06-01","Kärnten",29,4,,237.8333333333333,16.31481861381548,115.74444444444441
"1996-06-01","Niederösterreich",30.766666666666666,5.800000000000001,,204.76666666666662,16.506522448737343,82.96666666666665
"1996-06-01","Oberösterreich",30.966666666666665,7.033333333333333,,252.2,17.592364718614732,83.89999999999996
"1996-06-01","Salzburg",20.766666666666666,-2.533333333333333,,210.69999999999996,8.745676608458245,134.09999999999994
"1996-06-01","Steiermark",32.06666666666666,6.633333333333334,,259,19.00810185185186,87.93333333333335
"1996-06-01","Tirol",32.03333333333333,5.7,,253.60000000000008,17.8797804972805,84.12222222222222
"1996-06-01","Vorarlberg",30.35,6.85,,236.74999999999994,17.78069444444446,128.44999999999996
"1996-06-01","Wien",30.95,8.899999999999999,,292.2000000000001,18.79645574027976,70.06249999999999
"1996-07-01","Burgenland",30.1,8.7,,251.7999999999999,18.827839335180023,43.90000000000002
"1996-07-01","Kärnten",25.5,5.366666666666666,,221.99999999999994,15.70546594982079,97.19999999999996
"1996-07-01","Niederösterreich",28.666666666666664,4.6,,185.03333333333342,16.160283735413444,79.06666666666666
"1996-07-01","Oberösterreich",28.366666666666667,7.166666666666668,,236.10000000000014,16.91675627240144,83.54444444444442
"1996-07-01","Salzburg",18.233333333333334,-1.966666666666667,,152.03333333333333,8.105376344086023,156.1444444444444
"1996-07-01","Steiermark",29.166666666666664,6.833333333333334,,254.40000000000003,18.231541218638,82.33333333333333
"1996-07-01","Tirol",30.433333333333334,7.033333333333333,,238.54999999999993,17.638351254480288,109.36666666666662
"1996-07-01","Vorarlberg",29.799999999999997,8.55,,247.19999999999987,17.550201612903226,138.52499999999995
"1996-07-01","Wien",29.35,9.35,,255.85,18.40473790322581,24.825000000000003
"1996-08-01","Burgenland",30.8,11.2,,217.20000000000002,19.446857142857123,93.59999999999995
"1996-08-01","Kärnten",27.36666666666667,7.133333333333334,,165.89999999999998,15.821364592431959,142.13333333333327
"1996-08-01","Niederösterreich",28.766666666666666,7.3,,161.03333333333336,16.284466019417472,110.79999999999995
"1996-08-01","Oberösterreich",28.766666666666666,8.3,,180.53333333333333,17.108793526216555,87.6
"1996-08-01","Salzburg",17.966666666666665,1.1333333333333329,,113.26666666666667,8.460070392077913,181.66666666666657
"1996-08-01","Steiermark",30,8.8,,199.97500000000005,18.856767532151185,118.10000000000001
"1996-08-01","Tirol",29.433333333333334,8.2,,166.41250000000002,17.080655197745187,154.25555555555547
"1996-08-01","Vorarlberg",27.6,9.2,,198.94999999999993,17.548856874412785,130.09999999999997
"1996-08-01","Wien",30.65,11.1,,209.01250000000002,19.015375047228083,61.05
"1996-09-01","Burgenland",22.9,4.3,,94.40000000000003,12.555021216407354,
"1996-09-01","Kärnten",19.7,1.1,,118.79999999999995,8.816342592592594,93.33333333333331
"1996-09-01","Niederösterreich",24.23333333333333,1.8666666666666667,,67.80000000000001,10.44726851851852,123.2666666666666
"1996-09-01","Oberösterreich",21.933333333333334,3.9666666666666663,,81.63333333333335,11.092173659673666,70.2
"1996-09-01","Salzburg",11.933333333333334,-5.2,203,97.96666666666668,2.1025000000000005,163.64444444444442
"1996-09-01","Steiermark",22.9,3.533333333333333,,110.44999999999996,12.353807150131317,98.5888888888889
"1996-09-01","Tirol",22.566666666666666,2.666666666666667,,158.09999999999997,11.315882931594299,74.23333333333333
"1996-09-01","Vorarlberg",21.2,3.95,,142.69999999999993,11.404791666666666,72.77500000000003
"1996-09-01","Wien",22.299999999999997,5.75,,84.75000000000001,12.33484375,107.88749999999999
"1996-10-01","Burgenland",22.7,0,,140.39999999999998,11.255313351498643,29.999999999999996
"1996-10-01","Kärnten",17.066666666666666,-1.6666666666666665,,103.73333333333336,7.4902927931213945,130.39999999999995
"1996-10-01","Niederösterreich",21.43333333333333,-2,,90.03333333333332,9.128799741433784,128.7
"1996-10-01","Oberösterreich",23.533333333333335,-2.1333333333333333,,103.8333333333333,9.345295698924728,90.76666666666665
"1996-10-01","Salzburg",12.9,-7.5,423,120.73333333333336,2.2510304659498215,175.43333333333328
"1996-10-01","Steiermark",23.666666666666668,-0.6,,110.04999999999998,10.702016129032264,89.38888888888887
"1996-10-01","Tirol",22.2,-1.6333333333333333,,132.29999999999998,8.389074074074077,101.48888888888887
"1996-10-01","Vorarlberg",24.1,0.25,,117.3,10.062836021505376,105.29999999999998
"1996-10-01","Wien",22.8,-0.7,,136.25,11.188608870967744,42.41250000000001
"1996-11-01","Burgenland",19.1,-3.4,,92.99999999999999,7.348184357541883,10.399999999999999
"1996-11-01","Kärnten",16.866666666666667,-7.733333333333333,,89.60000000000004,3.7149725317239226,104.39999999999999
"1996-11-01","Niederösterreich",19.633333333333333,-6.133333333333333,,82.76666666666667,5.0747222222222215,45.36666666666668
"1996-11-01","Oberösterreich",20.033333333333335,-5.266666666666666,,72.3,4.621574074074073,50.8888888888889
"1996-11-01","Salzburg",10.966666666666665,-15.466666666666667,,87.10000000000001,-1.6706944444444443,158.9111111111111
"1996-11-01","Steiermark",19.766666666666666,-5.033333333333333,,88.1,6.714537037037038,32.022222222222226
"1996-11-01","Tirol",18.8,-6.199999999999999,,108,4.170850379668374,125.59999999999994
"1996-11-01","Vorarlberg",21.8,-3.6999999999999997,,75.35,5.630486111111113,134.55
"1996-11-01","Wien",19.35,-2.65,,85.80000000000004,7.130833333333339,16.250000000000007
"1996-12-01","Burgenland",8.4,-19.8,,57.1,-2.030374479889044,7.899999999999999
"1996-12-01","Kärnten",4.166666666666667,-19.2,,92.36666666666663,-3.9558821794368306,6.877777777777776
"1996-12-01","Niederösterreich",7.166666666666668,-22.6,,63.83333333333334,-3.855016181229774,20.766666666666662
"1996-12-01","Oberösterreich",5.633333333333334,-19.166666666666668,,63.13333333333333,-3.289775749531466,18.288888888888884
"1996-12-01","Salzburg",5.966666666666666,-24.1,46625,80.1,-4.9054829914022475,13.955555555555552
"1996-12-01","Steiermark",7.333333333333333,-17.033333333333335,,52.1,-2.1468271367425764,7.633333333333333
"1996-12-01","Tirol",7.7,-16.266666666666666,,80.3,-3.824794628593172,10.599999999999998
"1996-12-01","Vorarlberg",10.7,-11.7,,38.150000000000006,-0.3575936199722609,33.87499999999999
"1996-12-01","Wien",7.55,-18.5,,56.42499999999999,-2.179493646816699,11.587500000000006
"1997-01-01","Burgenland",4.8,-12.7,,32.6,-2.4671601615074037,9.3
"1997-01-01","Kärnten",7.199999999999999,-11.766666666666667,,83.53333333333333,-2.2087363782399145,28.044444444444448
"1997-01-01","Niederösterreich",4.166666666666667,-15.533333333333333,,50.533333333333346,-3.9640683415582463,2.866666666666667
"1997-01-01","Oberösterreich",3.5333333333333337,-15.2,,34.833333333333336,-3.9441605919071083,-2.677777777777777
"1997-01-01","Salzburg",8.166666666666668,-13.233333333333333,49919,127.83333333333334,-2.412346054212072,-1.5444444444444434
"1997-01-01","Steiermark",6.266666666666667,-13.433333333333334,,26.800000000000004,-2.046863799283155,10.588888888888896
"1997-01-01","Tirol",8.5,-12.933333333333334,,92.9,-2.340574332961885,6.066666666666673
"1997-01-01","Vorarlberg",5.75,-10,,33.35,-1.7657258064516135,-4.7
"1997-01-01","Wien",4.5,-9.433333333333334,,27.333333333333336,-2.0756194904582017,7.73333333333333
"1997-02-01","Burgenland",17,-9.1,,123.50000000000004,3.3896706586826357,4.5
"1997-02-01","Kärnten",11.866666666666667,-8.833333333333332,,181.23333333333335,0.8515873015873011,-0.7111111111111117
"1997-02-01","Niederösterreich",15.5,-13.200000000000001,,112.63333333333335,2.0339781746031758,38.966666666666676
"1997-02-01","Oberösterreich",15.533333333333333,-11.366666666666665,,105.76666666666667,2.1566468253968263,46.088888888888896
"1997-02-01","Salzburg",7.133333333333333,-13.466666666666665,45589,150.9666666666667,-3.247767857142857,46.788888888888884
"1997-02-01","Steiermark",18.03333333333333,-10.5,,166.8,3.6325892857142854,-11.077777777777776
"1997-02-01","Tirol",15.933333333333334,-9.1,,168.05,1.6510060782893639,16.61111111111111
"1997-02-01","Vorarlberg",17.85,-4.45,,119.94999999999999,4.472991071428572,60.22500000000001
"1997-02-01","Wien",16.633333333333333,-9.566666666666666,,126.6,3.657589285714286,18.66666666666667
"1997-03-01","Burgenland",17.8,-7,,171.9,5.6883940620782765,62.20000000000003
"1997-03-01","Kärnten",15,-5.6,,181.3666666666666,4.121470040569813,6.255555555555553
"1997-03-01","Niederösterreich",17.966666666666665,-4.933333333333334,,113.06666666666662,4.341917755683875,116.60000000000001
"1997-03-01","Oberösterreich",16.299999999999997,-2.3666666666666667,,103.76666666666662,5.226836917562722,65.24444444444445
"1997-03-01","Salzburg",8.366666666666667,-11.666666666666666,81689,111.69999999999996,-1.957840501792115,169.07777777777775
"1997-03-01","Steiermark",19.8,-3.2333333333333334,,157.50000000000003,6.07244623655914,16.577777777777776
"1997-03-01","Tirol",18.799999999999997,-2.1666666666666665,,177.35,6.393327543570564,49.16666666666668
"1997-03-01","Vorarlberg",19,-0.35,,133.45,7.7993279569892495,53.17500000000001
"1997-03-01","Wien",16.633333333333333,-2.9333333333333336,,147.73333333333326,5.605108491681016,88.76666666666661
"1997-04-01","Burgenland",20,-4.3,,197.49999999999997,7.982179930795845,35.400000000000006
"1997-04-01","Kärnten",16.8,-7.7333333333333325,,197.70000000000002,5.017069449555317,21.522222222222222
"1997-04-01","Niederösterreich",19.333333333333332,-4.933333333333334,,136.8333333333333,5.534922344056301,87.0333333333333
"1997-04-01","Oberösterreich",19.200000000000003,-4.133333333333333,,147.06666666666658,6.087467984483768,62.1888888888889
"1997-04-01","Salzburg",6,-14.5,117639,126.36666666666663,-3.699572857529062,127.06666666666663
"1997-04-01","Steiermark",21.766666666666666,-3.8,,188.425,7.7001438848920865,26.422222222222228
"1997-04-01","Tirol",21.066666666666666,-4.066666666666666,,207.42499999999998,7.178058504629112,60.67777777777777
"1997-04-01","Vorarlberg",20,-2.2,,200.25000000000006,7.870448350071734,110.77499999999998
"1997-04-01","Wien",20.700000000000003,-2.466666666666667,,184.89999999999995,7.203406610985267,56.60000000000003
"1997-05-01","Burgenland",29.6,5.8,,271.7,16.234677419354853,59.70000000000002
"1997-05-01","Kärnten",24.5,0.6000000000000001,,241.10000000000014,12.770149214078003,41.144444444444446
"1997-05-01","Niederösterreich",28.6,2.433333333333333,,221.5333333333334,13.519992705948267,78.39999999999996
"1997-05-01","Oberösterreich",28.966666666666665,2.1999999999999997,,259.0666666666667,14.22383512544803,47.21111111111112
"1997-05-01","Salzburg",15.666666666666666,-7.166666666666666,53141,205.4333333333333,4.592025089605733,99.27777777777779
"1997-05-01","Steiermark",29.133333333333333,3.266666666666667,,277.7000000000001,15.688606643032243,37.53333333333333
"1997-05-01","Tirol",29.36666666666667,0.16666666666666669,,262.6500000000001,14.242176542776999,45.3888888888889
"1997-05-01","Vorarlberg",26.1,2.05,,249.75000000000006,14.187298387096764,50.125000000000014
"1997-05-01","Wien",28.6,5.566666666666666,,252.33333333333334,15.438126937011646,54.26666666666669
"1997-06-01","Burgenland",32.4,4.8,,232.8000000000002,18.71347222222222,85.49999999999997
"1997-06-01","Kärnten",25.599999999999998,4.233333333333333,,164.93333333333337,15.31523044980913,142.82222222222214
"1997-06-01","Niederösterreich",31.633333333333333,1.4,,183.3333333333334,16.44407407407407,87.89999999999998
"1997-06-01","Oberösterreich",32.166666666666664,3.4,,236.20000000000002,17.31056640322332,61.51111111111112
"1997-06-01","Salzburg",16.8,-2.433333333333333,0,134.5999999999999,7.678451553082988,171.81111111111102
"1997-06-01","Steiermark",30.06666666666667,4.9,,204.50000000000003,18.204768518518517,155.5111111111111
"1997-06-01","Tirol",29.833333333333336,6.133333333333334,,163.25,16.785424983366603,146.74444444444444
"1997-06-01","Vorarlberg",26.950000000000003,8.45,,163.4999999999999,16.61986111111112,136.54999999999995
"1997-06-01","Wien",30.96666666666667,3.5333333333333328,,243.06666666666666,18.196388888888897,52.56666666666667
"1997-07-01","Burgenland",30.2,11.3,,205.39999999999998,19.30862533692724,206.79999999999995
"1997-07-01","Kärnten",24.833333333333332,6.933333333333334,,208.00000000000003,16.075853606178566,142.66666666666663
"1997-07-01","Niederösterreich",27.43333333333333,8.566666666666666,,151.73333333333338,16.904843118642653,207.4666666666667
"1997-07-01","Oberösterreich",27.533333333333335,9.966666666666667,,194.26666666666668,17.436603942652336,219.48888888888874
"1997-07-01","Salzburg",16.466666666666665,-0.5333333333333337,0,127.86666666666662,7.749523147947149,219.78888888888892
"1997-07-01","Steiermark",28.733333333333334,9.533333333333331,,210.34999999999997,18.954697952490836,155.32222222222225
"1997-07-01","Tirol",27.8,8.866666666666667,,202,17.075521594620273,121.3222222222222
"1997-07-01","Vorarlberg",26.15,9.8,,200.1500000000001,17.334005376344074,229.8749999999999
"1997-07-01","Wien",29.2,11.266666666666667,,198.66666666666669,18.605465949820793,227.3333333333334
"1997-08-01","Burgenland",30.7,12.4,,287.6000000000002,20.88149717514125,14.599999999999996
"1997-08-01","Kärnten",25.26666666666667,6.5666666666666655,,198.00000000000006,16.535903973970843,109.55555555555556
"1997-08-01","Niederösterreich",27.9,8.566666666666666,,210.66666666666666,17.350250096933046,59.50000000000001
"1997-08-01","Oberösterreich",28.633333333333333,9.766666666666667,,254.36666666666665,18.665090825748134,60.93333333333334
"1997-08-01","Salzburg",17.966666666666665,-0.2666666666666666,3,165.5666666666666,10.147225329217184,99.03333333333333
"1997-08-01","Steiermark",29.266666666666666,9.7,,229.88749999999996,19.495835632509607,55.31111111111112
"1997-08-01","Tirol",29.666666666666668,8.433333333333334,,222.3375,18.61363379785176,71.82222222222222
"1997-08-01","Vorarlberg",27.950000000000003,9.899999999999999,,241.70000000000002,19.485193056239105,91.85
"1997-08-01","Wien",28.933333333333334,12,,276.4000000000001,19.749006010171072,52.33333333333336
"1997-09-01","Burgenland",30.5,3.5,,276.0000000000001,16.275348189415027,15.8
"1997-09-01","Kärnten",24.900000000000002,2.3666666666666667,,244.39999999999998,13.63212962962963,69.54444444444444
"1997-09-01","Niederösterreich",27.833333333333332,0.5666666666666667,,237.83333333333331,13.128195059793818,21.266666666666666
"1997-09-01","Oberösterreich",26.66666666666667,2.5999999999999996,,263.0333333333334,14.079681721011692,21.444444444444446
"1997-09-01","Salzburg",18.5,-2.8000000000000003,18,242.93333333333337,8.776481481481477,35.855555555555554
"1997-09-01","Steiermark",28.166666666666668,4.5,,260.95000000000005,15.915694444444437,45.95555555555556
"1997-09-01","Tirol",28.166666666666668,4.6000000000000005,,260.45,15.663779132338755,34.36666666666667
"1997-09-01","Vorarlberg",25.950000000000003,5.7,,203.29999999999995,15.25819444444445,46.00000000000001
"1997-09-01","Wien",29.166666666666668,3.1999999999999997,,270.73333333333335,15.403906943154855,26.33333333333334
"1997-10-01","Burgenland",23.4,-5.9,,165.39999999999998,8.448655913978493,36.80000000000003
"1997-10-01","Kärnten",21.066666666666666,-10.166666666666666,,150.0666666666667,6.287275985663076,7.155555555555552
"1997-10-01","Niederösterreich",23.4,-8.999999999999998,,125.56666666666663,6.199165750107325,58.99999999999999
"1997-10-01","Oberösterreich",23.666666666666668,-5.933333333333334,,123.53333333333336,7.04923835125448,48.24444444444445
"1997-10-01","Salzburg",14.533333333333335,-14.733333333333333,362,155.3,1.8008960573476696,142.0777777777777
"1997-10-01","Steiermark",24.133333333333333,-7.433333333333334,,141.04999999999998,8.141397849462365,6.044444444444444
"1997-10-01","Tirol",23.866666666666664,-7.933333333333334,,176.80000000000004,8.30201600826981,43.011111111111106
"1997-10-01","Vorarlberg",23.65,-4.75,,126.70000000000002,9.39798387096775,86.175
"1997-10-01","Wien",21.76666666666667,-6.066666666666666,,152.3666666666667,7.98758960573476,35.30000000000001
"1997-11-01","Burgenland",21.1,-4.5,,85.6,5.462586926286509,63.300000000000026
"1997-11-01","Kärnten",13.766666666666667,-10.066666666666666,,76.53333333333335,2.4007736439499316,79.64444444444446
"1997-11-01","Niederösterreich",21.400000000000002,-6.566666666666667,,76.23333333333335,3.3575347079934996,69.60000000000001
"1997-11-01","Oberösterreich",22.200000000000003,-6.266666666666667,,78,3.570632673063037,58.42222222222223
"1997-11-01","Salzburg",9.233333333333334,-11.73333333333333,1268,108.9,-0.9100462962962954,88
"1997-11-01","Steiermark",21.200000000000003,-7.866666666666666,,77.9,4.74125,77.93333333333337
"1997-11-01","Tirol",19.566666666666666,-4.666666666666666,,105.55000000000001,3.8612477495839954,85.7666666666667
"1997-11-01","Vorarlberg",23.15,-2.35,,70.2,5.19736111111111,24.600000000000005
"1997-11-01","Wien",21.066666666666666,-4.466666666666667,,81.73333333333335,5.2168340057935,72.76666666666665
"1997-12-01","Burgenland",10.3,-7.2,,25.899999999999995,2.3449860724233984,34.80000000000003
"1997-12-01","Kärnten",7.133333333333332,-9.533333333333333,,56.6,-0.6898622482712685,57.85555555555556
"1997-12-01","Niederösterreich",11.4,-8.233333333333333,,32.666666666666664,1.3252163217939907,59.566666666666684
"1997-12-01","Oberösterreich",10.5,-8.433333333333334,,35.666666666666664,1.2756918656386242,60.84444444444442
"1997-12-01","Salzburg",4.233333333333333,-15.866666666666667,42062,51.733333333333334,-4.4439960429312135,92.11111111111111
"1997-12-01","Steiermark",9.166666666666666,-7.833333333333333,,49.60000000000001,1.6666433020645364,52.844444444444456
"1997-12-01","Tirol",11.633333333333333,-7.433333333333334,,66.2375,1.090354958443342,53.00000000000002
"1997-12-01","Vorarlberg",15.3,-5.7,,49.60000000000002,3.5881135072256263,110.62499999999999
"1997-12-01","Wien",12.166666666666666,-7.300000000000001,,22.366666666666667,2.3133982395547217,43.133333333333375
"1998-01-01","Burgenland",14.6,-9.8,,77.89999999999998,1.8426075268817197,6.799999999999997
"1998-01-01","Kärnten",10.433333333333334,-12.166666666666664,,136.16666666666663,-0.5483870967741935,-2.377777777777777
"1998-01-01","Niederösterreich",12.933333333333334,-13.200000000000001,,83.83333333333334,0.35037416122761056,22.433333333333344
"1998-01-01","Oberösterreich",12.633333333333333,-11.566666666666666,,78.23333333333333,0.38432996854655854,25.066666666666663
"1998-01-01","Salzburg",8.533333333333335,-16.066666666666666,62242,126.99999999999999,-4.699417562724014,43.64444444444446
"1998-01-01","Steiermark",12.766666666666667,-10.4,,127.94999999999997,1.4456629859573455,-12
"1998-01-01","Tirol",11.066666666666666,-10.933333333333332,,120.15000000000002,0.14794136759868465,14.488888888888889
"1998-01-01","Vorarlberg",12.45,-10.15,,103,1.6531118395345812,43.425000000000004
"1998-01-01","Wien",14,-11.066666666666666,,70.49999999999999,1.843940517711305,25.366666666666678
"1998-02-01","Burgenland",19,-11.8,,165.89999999999995,5.852232142857145,0.2
"1998-02-01","Kärnten",16.833333333333336,-12.766666666666667,,207.36666666666662,3.6460899758454106,-4.0666666666666655
"1998-02-01","Niederösterreich",16.9,-19.333333333333332,,140.76666666666662,3.078285489555983,8.799999999999997
"1998-02-01","Oberösterreich",15.866666666666665,-17.433333333333334,,129.86666666666665,2.477430555555555,3.122222222222219
"1998-02-01","Salzburg",9.733333333333333,-15.633333333333333,55913,210.8,-1.3401397773039565,4.98888888888889
"1998-02-01","Steiermark",19.93333333333333,-11.400000000000002,,197.45,5.067162698412698,-11.066666666666666
"1998-02-01","Tirol",19.333333333333332,-10.966666666666667,,204.5,3.2228189454424476,1.388888888888888
"1998-02-01","Vorarlberg",16.7,-9.1,,173.24999999999991,3.0909226190476193,14.175
"1998-02-01","Wien",18.066666666666666,-16.333333333333332,,160.26666666666668,5.9630456349206336,4.1000000000000005
"1998-03-01","Burgenland",19.1,-6,,169.49999999999994,4.9715053763440835,19.799999999999997
"1998-03-01","Kärnten",15.799999999999999,-9.133333333333333,,199.93333333333337,1.9997285260218922,18.644444444444456
"1998-03-01","Niederösterreich",20.53333333333333,-10.233333333333334,,139.73333333333332,3.584901433691757,106.69999999999996
"1998-03-01","Oberösterreich",20.233333333333334,-6,,147.06666666666666,4.477233020829462,64.56666666666666
"1998-03-01","Salzburg",10.200000000000001,-16.633333333333333,95155,131.9333333333333,-4.5917471599538295,149.43333333333322
"1998-03-01","Steiermark",19.2,-6.933333333333334,,181.60000000000002,5.007482078853046,29.833333333333336
"1998-03-01","Tirol",22.333333333333332,-6.4,,190.4,4.8504450866440445,43.655555555555566
"1998-03-01","Vorarlberg",19.25,-4.199999999999999,,119.5,5.59249229366561,97.27499999999998
"1998-03-01","Wien",19.333333333333332,-6.866666666666667,,154.13333333333335,5.2183691756272435,58.83333333333332
"1998-04-01","Burgenland",24.3,-0.7,,194.90000000000012,12.238737446197993,19.700000000000003
"1998-04-01","Kärnten",19.500000000000004,-3.1,,93.39999999999996,7.47294006019479,55.199999999999996
"1998-04-01","Niederösterreich",23.733333333333334,-3.033333333333333,,153.8,9.31707317073171,48.86666666666668
"1998-04-01","Oberösterreich",25.266666666666666,-2.1,,171.73333333333335,9.879991497954197,42.288888888888906
"1998-04-01","Salzburg",11.933333333333334,-9.466666666666669,76429,113.7,0.13913345263272092,99.80000000000003
"1998-04-01","Steiermark",23.466666666666665,-1.466666666666667,,156.82499999999996,11.058718452966236,47.38888888888889
"1998-04-01","Tirol",23.733333333333334,-0.9666666666666667,,150.6624999999999,9.242679593640851,85.34444444444443
"1998-04-01","Vorarlberg",24.65,0.3,,161.55,10.16315295815296,95.79999999999998
"1998-04-01","Wien",23.566666666666666,-0.7000000000000001,,194.9,11.684074605451935,23.400000000000002
"1998-05-01","Burgenland",29,5.7,,240.20000000000007,15.681601123595495,20.800000000000004
"1998-05-01","Kärnten",23.9,1.1333333333333333,,213.56666666666655,12.112320788530466,40.311111111111124
"1998-05-01","Niederösterreich",27.833333333333332,2.2333333333333334,,194.16666666666666,13.276120071684584,77.63333333333334
"1998-05-01","Oberösterreich",27.93333333333333,4.266666666666667,,238.09999999999985,14.497491039426523,35.644444444444446
"1998-05-01","Salzburg",15.433333333333332,-5.333333333333334,18272,173.69999999999993,4.6761916477324785,73.63333333333334
"1998-05-01","Steiermark",27.8,3.1,,226.2,14.774551971326163,28.922222222222217
"1998-05-01","Tirol",29.233333333333334,4.166666666666667,,232.14999999999995,14.506699807522544,25.811111111111117
"1998-05-01","Vorarlberg",27.4,3.7,,260.3500000000001,14.981653225806452,50.72500000000001
"1998-05-01","Wien",27.866666666666667,6.1000000000000005,,252,15.308378136200712,48.76666666666668
"1998-06-01","Burgenland",34.5,8,,237.2,19.716828929068146,18.400000000000002
"1998-06-01","Kärnten",27.8,3.6333333333333333,,191.6,16.3039351851852,117.63333333333333
"1998-06-01","Niederösterreich",32.46666666666666,4.9,,179.13333333333333,17.091884935029285,107.43333333333328
"1998-06-01","Oberösterreich",32.8,6.8,,223.83333333333326,17.677592592592585,122.17777777777773
"1998-06-01","Salzburg",18.866666666666664,-2.2,0,159.39999999999998,8.534768518518518,201.89999999999992
"1998-06-01","Steiermark",32.36666666666667,6.299999999999999,,209.85,19.211404728789976,124.25555555555553
"1998-06-01","Tirol",33,4.433333333333333,,211.7,17.61874727668847,158.01111111111106
"1998-06-01","Vorarlberg",33.25,6.3,,235.95000000000002,18.185696378830084,149.32499999999993
"1998-06-01","Wien",34.733333333333334,7.433333333333333,,246.20000000000005,19.088935185185186,63.76666666666667
"1998-07-01","Burgenland",33.4,10.7,,225.20000000000007,20.325151515151497,119.30000000000004
"1998-07-01","Kärnten",28.866666666666667,5,,221.13333333333335,17.407392473118286,202.79999999999998
"1998-07-01","Niederösterreich",33.83333333333333,7.433333333333334,,151.30000000000007,16.733319660778818,131.0999999999999
"1998-07-01","Oberösterreich",34.56666666666666,8.266666666666666,,180.20000000000005,18.265905017921146,143.6111111111111
"1998-07-01","Salzburg",21.166666666666668,-1.6,9,157.06666666666666,9.763156244422255,253.35555555555553
"1998-07-01","Steiermark",31.666666666666664,8.166666666666666,,212.39999999999998,20.08772401433692,154.5333333333333
"1998-07-01","Tirol",33.233333333333334,7.699999999999999,,208.40000000000003,18.73158448925957,153.06666666666663
"1998-07-01","Vorarlberg",30.700000000000003,9.05,,185.39999999999998,19.0637987880948,159.44999999999993
"1998-07-01","Wien",33.699999999999996,10.066666666666666,,222.10000000000002,19.975627551707134,107.0333333333333
"1998-08-01","Burgenland",35,9.5,,259.69999999999993,20.722050561797733,53.4
"1998-08-01","Kärnten",28.966666666666665,3.166666666666667,,244.3499999999999,17.57575847961067,140.38888888888889
"1998-08-01","Niederösterreich",34.06666666666666,5.566666666666666,,209.63333333333327,17.74676582028375,61.933333333333366
"1998-08-01","Oberösterreich",33.03333333333334,8.200000000000001,,252.2333333333333,18.346949428064367,53.14444444444445
"1998-08-01","Salzburg",21.666666666666664,-2,0,195.53333333333327,10.372645812968395,122.83333333333333
"1998-08-01","Steiermark",32.46666666666667,6.566666666666667,,243.65000000000003,20.179800555779256,86.35555555555555
"1998-08-01","Tirol",33.03333333333333,5.566666666666666,,243.4375,18.46344632852618,37.333333333333336
"1998-08-01","Vorarlberg",32.7,7.5,,224.49999999999994,18.946907667459275,79.625
"1998-08-01","Wien",35.4,9.066666666666668,,255.93333333333337,20.142857142857142,41.90000000000001
"1998-09-01","Burgenland",23.9,7.4,,129.90000000000006,15.08997214484679,97.19999999999997
"1998-09-01","Kärnten",22.133333333333336,1.8333333333333333,,127.16666666666666,11.954814814814817,134.05555555555554
"1998-09-01","Niederösterreich",24.866666666666667,3.4666666666666663,,100.0666666666667,12.942916666666667,103.59999999999998
"1998-09-01","Oberösterreich",26.46666666666667,5.533333333333332,,130.83333333333334,13.559074074074074,107.98888888888887
"1998-09-01","Salzburg",17.76666666666667,-4.800000000000001,1,136.03333333333336,5.724074074074073,177.21111111111108
"1998-09-01","Steiermark",24.633333333333336,5.133333333333334,,126.30000000000003,14.83625,126.58888888888887
"1998-09-01","Tirol",27.900000000000002,5.033333333333333,,167.34999999999994,13.689439672959866,103.45555555555556
"1998-09-01","Vorarlberg",25.200000000000003,5.7,,110.40000000000002,14.065344506517693,178.57499999999982
"1998-09-01","Wien",24.266666666666666,6.766666666666667,,123.46666666666665,14.566759259259259,113.89999999999992
"1998-10-01","Burgenland",20.3,3.5,,96.80000000000003,11.032653061224485,92.49999999999991
"1998-10-01","Kärnten",16.6,-1.5,,136.86666666666667,8.131706018418015,138.9666666666666
"1998-10-01","Niederösterreich",19.3,0.19999999999999996,,74.16666666666667,9.280913978494628,77.03333333333333
"1998-10-01","Oberösterreich",20,1.1333333333333333,,76.53333333333332,9.634946236559141,100.23333333333333
"1998-10-01","Salzburg",10.833333333333332,-8.1,806,104.06666666666669,2.334498207885305,116.67777777777779
"1998-10-01","Steiermark",19.96666666666667,0.4666666666666666,,116.19999999999999,11.031720430107528,88.47777777777777
"1998-10-01","Tirol",20.43333333333333,0.033333333333333326,,137.79999999999998,9.172265213652922,129.06666666666663
"1998-10-01","Vorarlberg",22.3,2.3,,83.44999999999999,10.514088282925544,143.39999999999998
"1998-10-01","Wien",20.400000000000002,2.5666666666666664,,90.9666666666667,10.572715053763442,84.73333333333336
"1998-11-01","Burgenland",14.4,-7,,83.80000000000001,2.2327988338192375,42.20000000000001
"1998-11-01","Kärnten",12.700000000000001,-10.966666666666667,,96.26666666666664,-0.1500925925925928,61.03333333333333
"1998-11-01","Niederösterreich",14.266666666666666,-8.633333333333333,,64.26666666666665,1.3455028164445155,58.83333333333333
"1998-11-01","Oberösterreich",12.533333333333335,-10.466666666666667,,58.600000000000016,1.4710244423839718,55.97777777777782
"1998-11-01","Salzburg",6.866666666666666,-19.266666666666666,16887,85.53333333333333,-5.706990740740742,84.9
"1998-11-01","Steiermark",16.866666666666667,-6.866666666666667,,103.35,2.9280092592592606,45.33333333333334
"1998-11-01","Tirol",13.033333333333333,-11.766666666666667,,104.50000000000001,0.6639926853139644,46.61111111111113
"1998-11-01","Vorarlberg",12.55,-10.850000000000001,,88.69999999999999,2.153702414113277,95.77499999999998
"1998-11-01","Wien",16.400000000000002,-7.066666666666667,,89.86666666666666,2.6019907407407397,35.433333333333344
"1998-12-01","Burgenland",10.9,-13,,39.50000000000001,-1.4264909847434126,20.2
"1998-12-01","Kärnten",7.633333333333332,-12.266666666666667,,103.60000000000001,-3.895873910687569,8.51111111111111
"1998-12-01","Niederösterreich",10.166666666666666,-13.633333333333333,,53.366666666666674,-1.861597662546931,43.13333333333334
"1998-12-01","Oberösterreich",8.733333333333333,-14.6,,55.333333333333336,-1.6140973047263547,28.855555555555565
"1998-12-01","Salzburg",4.9,-18.4,52292,111.89999999999998,-5.667954297336506,65.93333333333332
"1998-12-01","Steiermark",11.233333333333333,-13.433333333333334,,60.400000000000006,-1.767686755253307,16.422222222222224
"1998-12-01","Tirol",10.766666666666667,-13.4,,93.34999999999998,-2.762373521160179,17.288888888888888
"1998-12-01","Vorarlberg",13.3,-9.899999999999999,,62.900000000000006,1.068480236256247,40.47500000000001
"1998-12-01","Wien",9.533333333333333,-12.4,,46.400000000000006,-1.1823855755894594,24.1
"1999-01-01","Burgenland",9.8,-9,,53,0.3737756714060035,5.9
"1999-01-01","Kärnten",9.900000000000002,-15.833333333333336,,124.39999999999999,-2.581586021505375,9.68888888888889
"1999-01-01","Niederösterreich",13.833333333333332,-11.9,,68.56666666666666,-0.09237736194928084,26.533333333333342
"1999-01-01","Oberösterreich",10.966666666666667,-9.7,,44.599999999999994,-0.08324372759856631,34.01111111111112
"1999-01-01","Salzburg",8.633333333333336,-20.866666666666667,72820,101.79999999999997,-4.006989247311828,60.544444444444466
"1999-01-01","Steiermark",9.133333333333333,-9.033333333333335,,81.8,-0.47343189964157684,-2.8666666666666663
"1999-01-01","Tirol",7.533333333333333,-11.966666666666667,,109.89999999999999,-2.1943890693896506,55.14444444444445
"1999-01-01","Vorarlberg",13.7,-9.45,,87.65,1.6851824039005707,50.02500000000001
"1999-01-01","Wien",12.866666666666667,-8.600000000000001,,55.03333333333334,0.5367215878666834,14.266666666666666
"1999-02-01","Burgenland",13.6,-13.3,,81.80000000000003,1.1878923766816147,45.40000000000002
"1999-02-01","Kärnten",11.266666666666666,-13.233333333333333,,140.2,-2.6270337301587303,22.988888888888887
"1999-02-01","Niederösterreich",13.6,-14.366666666666667,,51.6,-0.5840773809523805,81.36666666666666
"1999-02-01","Oberösterreich",10.533333333333335,-15.133333333333333,,37.33333333333332,-1.3455357142857136,96.85555555555551
"1999-02-01","Salzburg",3.866666666666666,-22.3,130846,51.1,-8.940426587301587,190.26666666666668
"1999-02-01","Steiermark",15.966666666666667,-11.666666666666668,,126.7,1.1250992063492065,2.2777777777777777
"1999-02-01","Tirol",11.633333333333333,-16.866666666666667,,93.45,-1.889764260020555,71.05555555555553
"1999-02-01","Vorarlberg",7.3,-13.85,,57.65,-1.176518391787853,190.54999999999998
"1999-02-01","Wien",14.133333333333335,-10.633333333333333,,73.7,0.9506448412698414,75.86666666666663
"1999-03-01","Burgenland",20.6,-2.7,,166.8,7.411440107671601,15.499999999999995
"1999-03-01","Kärnten",15.033333333333333,-6.766666666666667,,150.66666666666663,4.089202508960576,27.84444444444444
"1999-03-01","Niederösterreich",20.166666666666668,-6.333333333333333,,135.03333333333327,5.094310035842295,39.50000000000002
"1999-03-01","Oberösterreich",19.03333333333333,-5.033333333333333,,125.13333333333331,5.459005376344084,31.377777777777787
"1999-03-01","Salzburg",6.699999999999998,-13.966666666666665,154681,129.46666666666667,-2.569847670250895,65.26666666666667
"1999-03-01","Steiermark",19.666666666666664,-4.6,,160.89999999999998,7.4679204214008985,23.599999999999998
"1999-03-01","Tirol",19.53333333333333,-4.866666666666666,,183.5,5.633557347670251,53.000000000000014
"1999-03-01","Vorarlberg",20,-2.15,,137.2499999999999,6.56331679073614,60.77500000000001
"1999-03-01","Wien",21,-3.333333333333333,,166.13333333333335,6.946684587813621,28.100000000000012
"1999-04-01","Burgenland",21.9,3.4,,189.3,11.992109038737453,54.800000000000004
"1999-04-01","Kärnten",19.26666666666667,-2.1,,158.53333333333333,8.174029969711466,60.63333333333333
"1999-04-01","Niederösterreich",21.4,-2.3666666666666663,,149.19999999999996,9.247967479674793,37.70000000000001
"1999-04-01","Oberösterreich",21.733333333333334,-0.1999999999999999,,169.43333333333337,9.559838461129713,58.93333333333332
"1999-04-01","Salzburg",12.266666666666666,-8.633333333333333,125288,118.96666666666664,0.012025081035124119,138.5444444444444
"1999-04-01","Steiermark",22.5,-0.23333333333333334,,166.04999999999995,11.340572825336096,58.52222222222221
"1999-04-01","Tirol",23.233333333333334,-1.0666666666666667,,184.9125,9.627577884483367,95.63333333333328
"1999-04-01","Vorarlberg",21.799999999999997,0.4,,148.15,9.654441205053448,108.27499999999996
"1999-04-01","Wien",20.833333333333332,-0.09999999999999998,,182.66666666666663,11.445167782560183,47.13333333333334
"1999-05-01","Burgenland",31.8,4.8,,248.80000000000018,16.102419354838695,52.5
"1999-05-01","Kärnten",26.566666666666666,3.4,,173.73333333333335,12.800627240143374,103.09999999999997
"1999-05-01","Niederösterreich",29.266666666666666,1.9333333333333333,,184.03333333333342,13.740750469133658,100.23333333333333
"1999-05-01","Oberösterreich",28.6,4.4,,235.50000000000003,14.840501792114688,73.91111111111111
"1999-05-01","Salzburg",17.533333333333335,-2.3333333333333335,45057,171.66666666666677,6.143951612903226,126.44444444444443
"1999-05-01","Steiermark",31.4,4.666666666666667,,191.69999999999996,15.487096774193548,96.42222222222223
"1999-05-01","Tirol",30.133333333333336,4.533333333333333,,190.50000000000003,14.590248951126668,110.73333333333333
"1999-05-01","Vorarlberg",28.55,6.6,,191.55000000000007,15.513998782714545,285.52500000000015
"1999-05-01","Wien",30.03333333333333,4.066666666666666,,246.96666666666667,15.404480286738353,97.13333333333334
"1999-06-01","Burgenland",28.5,8.3,,242.90000000000006,18.59248956884563,78.89999999999999
"1999-06-01","Kärnten",25.566666666666666,4.566666666666667,,202.53333333333322,15.070231481481482,101.28888888888883
"1999-06-01","Niederösterreich",28.066666666666663,5.066666666666667,,172.1666666666666,15.905114598025389,80.33333333333334
"1999-06-01","Oberösterreich",27.16666666666667,6.3,,214.2666666666666,16.293425925925927,67.27777777777776
"1999-06-01","Salzburg",17.833333333333336,-2.6333333333333337,,144.65,7.210138888888889,139.07777777777775
"1999-06-01","Steiermark",28.266666666666666,6.966666666666667,,226,18.36597222222223,122.22222222222223
"1999-06-01","Tirol",29.46666666666667,5.466666666666667,,188.6,16.027891354527327,88.43333333333332
"1999-06-01","Vorarlberg",31.200000000000003,5.15,,191.24999999999994,15.875429433611878,210.1249999999999
"1999-06-01","Wien",28.666666666666664,8.066666666666666,,236.9,17.722916666666674,63.99999999999999
"1999-07-01","Burgenland",34.2,13.3,,246.9,21.226280323450137,39.50000000000002
"1999-07-01","Kärnten",28.733333333333334,6.433333333333333,,210.0333333333332,17.295502949873857,198.6222222222222
"1999-07-01","Niederösterreich",33,7.800000000000001,,202.46666666666673,18.48879928315413,143.69999999999993
"1999-07-01","Oberösterreich",33.6,8.633333333333333,,253.73333333333338,19.236923894219405,136.59999999999994
"1999-07-01","Salzburg",20.900000000000002,0.4,,170.26666666666668,9.935259856630829,146.4111111111111
"1999-07-01","Steiermark",32.16666666666667,11.433333333333334,,233.80000000000004,20.47836021505376,157.8111111111111
"1999-07-01","Tirol",33.13333333333333,8.799999999999999,,212.04999999999995,18.70824372759856,116.61111111111111
"1999-07-01","Vorarlberg",31.8,9.7,,222.5499999999999,19.148457510011887,169.99999999999997
"1999-07-01","Wien",34.83333333333333,12.200000000000001,,256.5333333333335,20.5535394265233,95.43333333333334
"1999-08-01","Burgenland",32.9,9.8,,212.9000000000001,19.312621359223336,132.30000000000007
"1999-08-01","Kärnten",26.9,6.266666666666667,,153.19999999999993,16.29115376393798,181.09999999999997
"1999-08-01","Niederösterreich",30.533333333333328,5.933333333333334,,172.7666666666667,16.762413314840508,122.56666666666656
"1999-08-01","Oberösterreich",29.866666666666667,8,,192.63333333333333,17.845157313369036,69.99999999999999
"1999-08-01","Salzburg",19.833333333333336,0.9666666666666666,,124.33333333333334,9.70240292712067,196.6444444444444
"1999-08-01","Steiermark",31.9,8.5,,176.57499999999996,18.965752961587587,166.7666666666666
"1999-08-01","Tirol",29.299999999999997,9.033333333333333,,180.31249999999997,18.025188035335237,179.76666666666662
"1999-08-01","Vorarlberg",28,10.25,,181,18.19326229951342,144.79999999999995
"1999-08-01","Wien",31.999999999999996,8.933333333333334,,221.26666666666665,18.810864539990764,83.06666666666668
"1999-09-01","Burgenland",27.3,11.5,,200.59999999999994,18.158333333333303,26.700000000000003
"1999-09-01","Kärnten",22.5,6.1000000000000005,,182.40000000000003,14.60879629629629,53.01111111111111
"1999-09-01","Niederösterreich",26.5,7.1,,180.56666666666666,15.525138888888884,57.86666666666667
"1999-09-01","Oberösterreich",27.133333333333336,9.433333333333334,,198.53333333333336,16.79333333333333,26.83333333333334
"1999-09-01","Salzburg",17.5,-0.16666666666666663,,162.89999999999995,8.791620370370369,108.58888888888889
"1999-09-01","Steiermark",27.5,8.6,,179.8,17.59074074074075,42.511111111111106
"1999-09-01","Tirol",27.133333333333333,7.9,,199.64999999999995,16.10705169197975,76.02222222222223
"1999-09-01","Vorarlberg",25.9,9.35,,196.99999999999991,17.192500000000003,129.52499999999998
"1999-09-01","Wien",26.566666666666666,9.4,,201.10000000000002,17.41037037037038,55.466666666666676
"1999-10-01","Burgenland",24.4,-2.2,,136.19999999999996,11.086155913978514,23.000000000000004
"1999-10-01","Kärnten",18.56666666666667,-2.6333333333333333,,132.89999999999992,8.437410394265232,94.87777777777777
"1999-10-01","Niederösterreich",23.2,-2,,111.76666666666665,9.175323388664575,29.966666666666676
"1999-10-01","Oberösterreich",21.833333333333332,-1.3666666666666667,,140.3,9.264381720430112,14.022222222222224
"1999-10-01","Salzburg",12.966666666666665,-7.2666666666666675,33,165.63333333333333,3.5592293906810033,47.222222222222236
"1999-10-01","Steiermark",23.933333333333334,-0.3333333333333333,,123.34999999999998,11.299775985663084,15.488888888888887
"1999-10-01","Tirol",21.9,-0.8,,163.75000000000006,10.111151566530443,39.31111111111112
"1999-10-01","Vorarlberg",19.45,2.2,,115.44999999999999,10.19260752688172,36.625
"1999-10-01","Wien",22.2,-1.7666666666666666,,131.9,10.581182795698933,20.366666666666667
"1999-11-01","Burgenland",18.8,-7.9,,50.100000000000016,3.5901388888888937,56.300000000000026
"1999-11-01","Kärnten",13.399999999999999,-10.133333333333333,,89.66666666666666,0.4329166666666662,54.52222222222224
"1999-11-01","Niederösterreich",15.7,-11.7,,68.1,2.0565277777777777,47.46666666666669
"1999-11-01","Oberösterreich",16.833333333333332,-8.966666666666667,,43.73333333333334,2.2585648148148167,39.255555555555574
"1999-11-01","Salzburg",12.366666666666667,-15.766666666666667,19510,95.16666666666666,-3.4159259259259254,63.21111111111113
"1999-11-01","Steiermark",16.333333333333332,-9.766666666666667,,70.95,2.9464389841858525,32.422222222222224
"1999-11-01","Tirol",17.566666666666666,-10.1,,96.70000000000005,1.4123611111111114,66.61111111111113
"1999-11-01","Vorarlberg",16.55,-10.4,,55.45000000000002,0.36165742452248906,111.125
"1999-11-01","Wien",16.333333333333332,-8.166666666666666,,50.83333333333335,3.22361111111111,45.90000000000002
"1999-12-01","Burgenland",12.1,-8.9,,70.4,0.6901525658807202,43.80000000000001
"1999-12-01","Kärnten",6.966666666666667,-14.566666666666665,,98.79999999999998,-3.713259660268744,36.53333333333334
"1999-12-01","Niederösterreich",11.4,-13.466666666666667,,54.00000000000001,0.2081278870848369,54.73333333333334
"1999-12-01","Oberösterreich",10.1,-12.966666666666669,,53.13333333333335,0.05966225721941254,74.5111111111111
"1999-12-01","Salzburg",3.933333333333334,-18.1,60944,58.5,-5.964656813764236,93.8
"1999-12-01","Steiermark",9.933333333333334,-13.766666666666664,,89.7875,-0.620157189089228,35.33333333333333
"1999-12-01","Tirol",8.3,-12.966666666666667,,82.44999999999999,-1.8703622507568642,39.63333333333333
"1999-12-01","Vorarlberg",12.35,-10.05,,55.4,1.37814191758758,107.10000000000001
"1999-12-01","Wien",12.166666666666668,-8.666666666666666,,64.5,1.1552473416551092,52.56666666666667
"2000-01-01","Burgenland",13.7,-12.2,,57.39999999999999,-1.5549731182795714,39.5
"2000-01-01","Kärnten",10.366666666666667,-17.500000000000004,,153.36666666666673,-5.013860578814495,-2.911111111111112
"2000-01-01","Niederösterreich",11.133333333333333,-19.23333333333333,,61.20000000000002,-2.4874681808207146,68.43333333333335
"2000-01-01","Oberösterreich",10.299999999999999,-17.6,,51.7,-2.7612455197132606,52.72222222222222
"2000-01-01","Salzburg",2.666666666666667,-22.93333333333333,94211,113.5,-6.3113830181683355,111.05555555555556
"2000-01-01","Steiermark",14.833333333333332,-14.866666666666665,,111.64999999999999,-2.199910394265233,10.422222222222217
"2000-01-01","Tirol",11.733333333333334,-17.433333333333334,,130.39999999999998,-3.9923078963998506,25.95555555555556
"2000-01-01","Vorarlberg",10.649999999999999,-16.15,,91.39999999999998,-0.567137096774194,20.925
"2000-01-01","Wien",12.600000000000001,-10.333333333333334,,61.33333333333333,-0.7938172043010743,38.93333333333335
"2000-02-01","Burgenland",15.2,-4.2,,128.1,4.092528735632185,44.80000000000003
"2000-02-01","Kärnten",10.100000000000001,-9.633333333333335,,181.1,0.4886660836248544,0.6222222222222218
"2000-02-01","Niederösterreich",16.366666666666667,-5.633333333333333,,104.2333333333333,3.2051724137931052,51.36666666666672
"2000-02-01","Oberösterreich",14.399999999999999,-5.933333333333333,,90.5,2.9732279693486587,62.43333333333332
"2000-02-01","Salzburg",5.299999999999999,-16.6,128711,117.23333333333335,-4.706625768249798,131.68888888888887
"2000-02-01","Steiermark",14.35,-5.55,,174.60000000000002,4.141440886699507,-7.1000000000000005
"2000-02-01","Tirol",14.533333333333333,-7.833333333333333,,155,2.288487199078688,32.26666666666667
"2000-02-01","Vorarlberg",17.2,-4.8,,93.65,4.169064839810524,96.12499999999997
"2000-02-01","Wien",15,-4.333333333333333,,123.13333333333334,4.782408199233718,37.90000000000002
"2000-03-01","Burgenland",18.4,-3.4,,125.29999999999997,6.491767881241561,95.1
"2000-03-01","Kärnten",16.166666666666668,-7.166666666666667,,184.86666666666656,3.968270029659258,41.02222222222222
"2000-03-01","Niederösterreich",17.766666666666666,-4.466666666666667,,94.33333333333333,4.676075268817203,119.26666666666661
"2000-03-01","Oberösterreich",17.233333333333338,-4.166666666666667,,114.16666666666667,5.0624527818837,125.02222222222221
"2000-03-01","Salzburg",6.2666666666666675,-15.266666666666667,171586,111.76666666666667,-3.4814068100358426,240.68888888888884
"2000-03-01","Steiermark",19.9,-4.25,,160.9,6.597753456221195,84.94285714285714
"2000-03-01","Tirol",18.8,-6.133333333333334,,162.49999999999997,5.6010752688172065,147.23333333333332
"2000-03-01","Vorarlberg",17.35,-2.1,,122.25000000000001,6.104128420316461,170.85
"2000-03-01","Wien",18.7,-2.0666666666666664,,109.73333333333338,6.285314255481379,76.56666666666665
"2000-04-01","Burgenland",27.9,-1.8,,247.20000000000002,14.100573888091818,25.900000000000006
"2000-04-01","Kärnten",22.799999999999997,-3.466666666666667,,158.50000000000003,9.779191961590938,68.82222222222221
"2000-04-01","Niederösterreich",26.53333333333333,-1.7333333333333332,,205.96666666666673,11.271353419416545,15.066666666666663
"2000-04-01","Oberösterreich",26.5,-1.0666666666666669,,207.0333333333333,11.91773633030448,8.711111111111112
"2000-04-01","Salzburg",13.866666666666667,-12.233333333333333,139491,144.0666666666666,2.2150830140485307,47.699999999999996
"2000-04-01","Steiermark",26.9,-0.3000000000000001,,194.57999999999996,13.277105964336958,13.77142857142857
"2000-04-01","Tirol",26.533333333333335,-2.1666666666666665,,168.41250000000002,11.042276584487922,47.400000000000006
"2000-04-01","Vorarlberg",26.1,-1.15,,162.24999999999997,11.29859990393852,53.975
"2000-04-01","Wien",26.633333333333333,-0.30000000000000004,,266.6333333333334,13.51348637015781,11.566666666666668
"2000-05-01","Burgenland",30.2,5.3,,309.49999999999994,17.66317204301075,23.700000000000003
"2000-05-01","Kärnten",24.599999999999998,1.4666666666666668,,231.3333333333334,13.4663444517592,124.69999999999999
"2000-05-01","Niederösterreich",29.233333333333334,2.6333333333333333,,222.13333333333333,14.637365591397852,83.7
"2000-05-01","Oberösterreich",28.566666666666666,3.9000000000000004,,269.93333333333334,15.795250896057349,76.26666666666668
"2000-05-01","Salzburg",16.566666666666666,-4.7666666666666675,38291,186.93333333333325,7.031059167202557,128.66666666666663
"2000-05-01","Steiermark",29.1,2.7,,255.90000000000003,16.2817396313364,83.21428571428572
"2000-05-01","Tirol",28.733333333333334,3.3666666666666667,,221.20000000000002,15.6271953405018,68.9
"2000-05-01","Vorarlberg",27.55,5.5,,223.2999999999999,16.05450268817203,92.97500000000001
"2000-05-01","Wien",30.400000000000002,5.866666666666667,,304.7333333333334,16.98678315412186,38.53333333333334
"2000-06-01","Burgenland",36.3,5.6,,315.20000000000005,20.62888888888889,17.2
"2000-06-01","Kärnten",28.7,4.2666666666666675,,269.19999999999993,16.724727212242186,122.65555555555555
"2000-06-01","Niederösterreich",33.63333333333333,3.7666666666666666,,239.5666666666668,17.625105572213897,53.3
"2000-06-01","Oberösterreich",33.13333333333333,5.6000000000000005,,303.4666666666665,18.871600529100512,52.47777777777778
"2000-06-01","Salzburg",20.96666666666667,-1.1333333333333335,,215.2666666666666,9.993978532672799,121.7111111111111
"2000-06-01","Steiermark",34.05,6.15,,304.79999999999995,19.569345238095238,81.8
"2000-06-01","Tirol",32.333333333333336,6.866666666666666,,259.9,18.3666843192113,95.6111111111111
"2000-06-01","Vorarlberg",30.45,8.15,,267.3499999999999,18.573541666666657,77.075
"2000-06-01","Wien",35.833333333333336,7.333333333333334,,320.39999999999986,19.8848611111111,19.066666666666663
"2000-07-01","Burgenland",33.1,10.5,,189.90000000000003,19.26102150537636,77.39999999999998
"2000-07-01","Kärnten",25.83333333333333,5.2,,201.6333333333332,15.289190401446652,134.73333333333335
"2000-07-01","Niederösterreich",30.1,6.4,,131.13333333333324,16.206541340716647,103.59999999999995
"2000-07-01","Oberösterreich",28.733333333333338,8.4,,178.73333333333326,16.435229216371972,114.34444444444443
"2000-07-01","Salzburg",19.400000000000002,-0.8000000000000002,,139.56666666666658,8.158847194791896,164.03333333333336
"2000-07-01","Steiermark",31.85,6.95,,201.29999999999993,18.45128454651615,117.79999999999998
"2000-07-01","Tirol",29.5,7.2666666666666675,,214.39999999999998,16.81169855361205,157.16666666666657
"2000-07-01","Vorarlberg",28.35,6.75,,181.3,16.334879032258073,291.55
"2000-07-01","Wien",32.7,10.166666666666664,,177.20000000000002,18.386559139784943,53.733333333333356
"2000-08-01","Burgenland",35.9,10.3,,310.59999999999985,22.062690707350903,33.900000000000006
"2000-08-01","Kärnten",29.733333333333338,7.699999999999999,,262.33333333333337,18.06716428298013,66.73333333333335
"2000-08-01","Niederösterreich",33.83333333333333,6.233333333333333,,229.66666666666663,18.483587995068568,96.33333333333334
"2000-08-01","Oberösterreich",32.766666666666666,9.399999999999999,,267.3333333333334,19.460344078978977,64.05555555555557
"2000-08-01","Salzburg",22.066666666666666,2.3999999999999995,,219.56666666666663,12.630967442834281,172.85555555555558
"2000-08-01","Steiermark",35.05,9.95,,268.4000000000001,21.18034462031657,35.71428571428572
"2000-08-01","Tirol",32.23333333333333,10.1,,247.69999999999993,19.162493351030765,127.94444444444444
"2000-08-01","Vorarlberg",34.75,11.3,,251.74999999999997,19.658898930696612,159.27499999999998
"2000-08-01","Wien",36.733333333333334,8.633333333333333,,282.0666666666667,21.2887656033287,39.13333333333334
"2000-09-01","Burgenland",28,8.2,,183.3999999999998,15.805416666666668,51.50000000000001
"2000-09-01","Kärnten",22.766666666666666,3.8000000000000003,,205.30000000000004,12.988379629629625,73.92222222222222
"2000-09-01","Niederösterreich",25.7,4.6,,132.39999999999998,13.081296296296289,55.366666666666674
"2000-09-01","Oberösterreich",24.966666666666665,5.9,,159.3333333333334,14.02041666666666,68.01111111111112
"2000-09-01","Salzburg",16.766666666666666,-1.9333333333333333,,175.2333333333333,8.153413848631239,115.6111111111111
"2000-09-01","Steiermark",26.7,6.949999999999999,,173.6999999999999,15.670178571428577,54.68571428571428
"2000-09-01","Tirol",25.766666666666666,5.833333333333334,,207.05000000000004,14.630972222222221,98.86666666666663
"2000-09-01","Vorarlberg",26.65,5.9,,190.20000000000005,15.127371794871795,148.275
"2000-09-01","Wien",28.233333333333334,7.366666666666668,,170.86666666666667,15.080439718230053,50.06666666666665
"2000-10-01","Burgenland",24.8,1.2,,146.49999999999997,13.108870967741943,80.80000000000001
"2000-10-01","Kärnten",20.266666666666666,1.6,,102.8,9.505903872309837,138.77777777777771
"2000-10-01","Niederösterreich",23,-0.06666666666666668,,115.10000000000001,11.104211469534052,55.366666666666674
"2000-10-01","Oberösterreich",24.366666666666667,2.5666666666666664,,98.43333333333331,11.23418458781361,89.08888888888887
"2000-10-01","Salzburg",13.366666666666667,-4.699999999999999,3320,124.73333333333332,4.538672482586055,160.2
"2000-10-01","Steiermark",23.4,2.85,,134.3,12.54671658986175,98.08571428571429
"2000-10-01","Tirol",22.76666666666667,1.8,,115.15000000000003,10.5926369117583,145.21111111111105
"2000-10-01","Vorarlberg",19.5,2.95,,75.70000000000002,10.78051075268818,86.60000000000002
"2000-10-01","Wien",24.133333333333336,2.1333333333333337,,138.36666666666673,12.671057347670265,38.36666666666668
"2000-11-01","Burgenland",19.9,-0.9,,93.8,8.306527777777774,55.30000000000002
"2000-11-01","Kärnten",13.499999999999998,-2.966666666666667,,62.233333333333334,4.6064903796554235,184.8555555555555
"2000-11-01","Niederösterreich",16.800000000000004,-3.0999999999999996,,72.50000000000001,5.643564814814811,43.26666666666667
"2000-11-01","Oberösterreich",16.433333333333334,-2.8,,73.13333333333333,5.1316203703703716,25.48888888888889
"2000-11-01","Salzburg",10,-9.3,20768,71.63333333333333,-0.36449074074074095,146.2888888888889
"2000-11-01","Steiermark",18.4,-1.7,,86.89999999999998,7.476130952380952,96.87142857142857
"2000-11-01","Tirol",16.700000000000003,-2,,83.95,4.670740740740738,170.18888888888875
"2000-11-01","Vorarlberg",19.35,-1.85,,93,6.702430555555555,126.29999999999998
"2000-11-01","Wien",17.566666666666666,-1.3,,79.2,7.199675925925923,36.90000000000003
"2000-12-01","Burgenland",15.2,-8.7,,44.60000000000001,2.051595006934812,37.90000000000001
"2000-12-01","Kärnten",11.766666666666667,-11.1,,78.99999999999999,0.4041226094780746,44.54444444444445
"2000-12-01","Niederösterreich",14.333333333333336,-13.133333333333335,,44.633333333333326,0.7088788719371244,58.900000000000006
"2000-12-01","Oberösterreich",12.666666666666668,-10.866666666666667,,45.46666666666666,0.9954051272873694,63.077777777777776
"2000-12-01","Salzburg",8.566666666666668,-15.100000000000001,27907,76.3,-2.1280907738540953,61.17777777777778
"2000-12-01","Steiermark",11.6,-9.75,,66.80000000000001,2.2242392478444537,36.44285714285716
"2000-12-01","Tirol",14.533333333333333,-7.866666666666667,,86.33749999999998,1.555583392153336,27.366666666666667
"2000-12-01","Vorarlberg",18.9,-6.85,,56.050000000000004,3.939445706497044,10.674999999999994
"2000-12-01","Wien",15.600000000000001,-9.866666666666665,,35.400000000000006,2.185436893203885,35.03333333333334
"2001-01-01","Burgenland",8.6,-8.6,,62.699999999999996,0.6844086021505377,9.999999999999998
"2001-01-01","Kärnten",9.833333333333332,-12.466666666666667,,62.566666666666684,-1.5320340501792118,66.8111111111111
"2001-01-01","Niederösterreich",8.899999999999999,-13.8,,66.5,-1.1852187006851755,27.30000000000001
"2001-01-01","Oberösterreich",6.933333333333334,-11.633333333333333,,71.33333333333336,-1.4876344086021511,29.555555555555568
"2001-01-01","Salzburg",4.666666666666667,-16.166666666666664,53713,95.10000000000001,-5.218010752688172,81.05555555555554
"2001-01-01","Steiermark",11.05,-10,,62.10000000000002,0.32170861396667844,22.457142857142856
"2001-01-01","Tirol",9.9,-10.1,,69.39999999999998,-0.40201528369513706,48.366666666666674
"2001-01-01","Vorarlberg",15.5,-7.3,,80.50000000000001,2.353952378868125,39.95
"2001-01-01","Wien",9.233333333333333,-9.533333333333335,,61.666666666666664,0.2625448028673835,20.13333333333334
"2001-02-01","Burgenland",16.3,-8.1,,133.4,3.4219402985074634,9.199999999999996
"2001-02-01","Kärnten",12.666666666666666,-10.6,,153.29999999999998,0.8406746031746036,1.3
"2001-02-01","Niederösterreich",13.366666666666667,-10.6,,104,1.307986111111112,30.700000000000006
"2001-02-01","Oberösterreich",10.866666666666667,-7.7666666666666675,,92.06666666666666,1.3268849206349211,34.2888888888889
"2001-02-01","Salzburg",6.866666666666666,-18.599999999999998,76139,104.33333333333331,-5.131470392548236,147.98888888888882
"2001-02-01","Steiermark",15.55,-6.75,,157.8,3.560648796832165,12.814285714285715
"2001-02-01","Tirol",14.966666666666667,-8.466666666666667,,134.25,2.017757936507936,46.92222222222221
"2001-02-01","Vorarlberg",18.3,-6.05,,103.35000000000001,4.037723214285714,69.07499999999999
"2001-02-01","Wien",14.166666666666666,-8.133333333333333,,116.03333333333332,2.898541933589581,17.099999999999998
"2001-03-01","Burgenland",19.8,-2.5,,108.39999999999998,7.196102150537632,56.399999999999984
"2001-03-01","Kärnten",16.133333333333333,-6.7,,129.26666666666665,5.181773494068899,76.41111111111108
"2001-03-01","Niederösterreich",18.23333333333333,-5.066666666666666,,98.33333333333333,5.7304659498207915,55.333333333333314
"2001-03-01","Oberösterreich",17.733333333333334,-3.5,,108.23333333333332,6.110349462365592,88.13333333333331
"2001-03-01","Salzburg",8.899999999999999,-13.466666666666667,77212,112.69999999999996,-0.6541666666666666,119.55555555555554
"2001-03-01","Steiermark",20.5,-3.2,,114.4,7.67624112591854,32.457142857142856
"2001-03-01","Tirol",19.26666666666667,-7.1,,135.75,7.266843285238088,72.97777777777777
"2001-03-01","Vorarlberg",21.15,-0.75,,86.35,7.81081989247312,161.14999999999992
"2001-03-01","Wien",20.133333333333333,-3.6666666666666665,,106.06666666666663,7.0305555555555515,47.33333333333335
"2001-04-01","Burgenland",25.9,-2.3,,172.90000000000003,9.849497847919647,29.100000000000016
"2001-04-01","Kärnten",20.900000000000002,-6.1000000000000005,,173.86666666666665,5.961897018970191,58.88888888888889
"2001-04-01","Niederösterreich",25.533333333333335,-3.6666666666666665,,136.10000000000005,7.288088793475652,66.63333333333334
"2001-04-01","Oberösterreich",26.1,-1.8666666666666667,,140.13333333333333,7.686811201445349,77.92222222222225
"2001-04-01","Salzburg",10.433333333333334,-13.5,79201,121.2,-1.835570434135713,198.4444444444444
"2001-04-01","Steiermark",25,-1.5,,192.36,9.36874458874458,43.51428571428573
"2001-04-01","Tirol",22.96666666666667,-2.933333333333333,,171.67499999999998,7.486613405197607,117.02222222222218
"2001-04-01","Vorarlberg",23.45,-1.2,,122.34999999999998,7.505803443328551,160.97500000000002
"2001-04-01","Wien",24.999999999999996,-0.5333333333333333,,176.0666666666667,9.289239598278337,33.700000000000024
"2001-05-01","Burgenland",29.9,5.6,,294.69999999999993,17.410228802153437,18.800000000000004
"2001-05-01","Kärnten",27.566666666666666,3.533333333333333,,227.16666666666666,14.051769531136175,63.07777777777779
"2001-05-01","Niederösterreich",27.700000000000003,2.2333333333333334,,232.76666666666674,14.893955260355115,52.300000000000004
"2001-05-01","Oberösterreich",28.333333333333336,4.766666666666667,,269.26666666666665,16.087948028673843,36.866666666666674
"2001-05-01","Salzburg",16.1,-3.9333333333333336,20618,190.13333333333335,6.986155913978496,74.04444444444445
"2001-05-01","Steiermark",30.1,4.95,,280.5,16.868253139051102,36.57142857142856
"2001-05-01","Tirol",31.2,4.266666666666667,,234.75000000000003,16.216654063975845,24.95555555555556
"2001-05-01","Vorarlberg",28,6.2,,260.8000000000001,16.468274866495893,45.475
"2001-05-01","Wien",28.866666666666667,5.366666666666667,,297.4666666666666,16.724999999999984,24.26666666666667
"2001-06-01","Burgenland",32.2,7.3,,210.1000000000001,17.767222222222234,28.700000000000006
"2001-06-01","Kärnten",27,1.7666666666666666,,239.9,14.448184721578318,81.67777777777778
"2001-06-01","Niederösterreich",29.799999999999997,3.3,,154.4333333333333,14.756018518518518,74.4
"2001-06-01","Oberösterreich",30.533333333333335,5.633333333333333,,192.26666666666665,15.176452699222171,96.1888888888889
"2001-06-01","Salzburg",19.799999999999997,-4.933333333333334,,164.40000000000003,6.1324537037037015,197.6777777777778
"2001-06-01","Steiermark",30.35,5.5,,250.10000000000002,17.20355635925256,88.18571428571428
"2001-06-01","Tirol",32.13333333333333,3.333333333333333,,229.15000000000006,15.825717867268839,88.92222222222219
"2001-06-01","Vorarlberg",28.7,5.15,,216.4000000000001,15.581624883936865,707.8999999999994
"2001-06-01","Wien",30.5,6.4,,218.16666666666666,16.849490740740737,44.80000000000002
"2001-07-01","Burgenland",35.5,11.1,,228.40000000000006,20.9728494623656,107.79999999999998
"2001-07-01","Kärnten",27.433333333333334,7.5,,224.2,17.6171801485861,97.88888888888887
"2001-07-01","Niederösterreich",32.56666666666666,7.033333333333333,,178.96666666666675,18.336827956989257,84.3333333333333
"2001-07-01","Oberösterreich",32.73333333333333,9.000000000000002,,237.96666666666675,18.88539426523298,93.13333333333331
"2001-07-01","Salzburg",20.633333333333333,0.6666666666666665,,199.36666666666667,10.047452481072456,126.67777777777776
"2001-07-01","Steiermark",33.150000000000006,9.55,,212.30000000000004,20.649539170506916,49.47142857142858
"2001-07-01","Tirol",31.633333333333333,8.666666666666668,,239.39999999999995,19.087499999999995,99.29999999999997
"2001-07-01","Vorarlberg",32.25,10.4,,266.65,19.095698924731177,99.175
"2001-07-01","Wien",35.36666666666667,10.633333333333335,,227.23333333333338,20.428629032258065,75.30000000000001
"2001-08-01","Burgenland",33,8.8,,294.79999999999995,21.86402777777778,57.99999999999999
"2001-08-01","Kärnten",28.933333333333334,6.533333333333334,,255.6666666666667,18.618726977167306,43.53333333333333
"2001-08-01","Niederösterreich",31.366666666666667,5.366666666666666,,215.96666666666667,18.55705039297272,87.69999999999999
"2001-08-01","Oberösterreich",31.366666666666667,8.433333333333334,,238.23333333333335,19.21430162209993,125.42222222222219
"2001-08-01","Salzburg",21.633333333333333,0.8999999999999999,,187.69999999999996,11.446816200120304,168.55555555555554
"2001-08-01","Steiermark",33.1,9.4,,269.80000000000007,21.486512024164497,34.15714285714286
"2001-08-01","Tirol",32.833333333333336,7.533333333333333,,223.28750000000002,19.536060175006508,78.19999999999999
"2001-08-01","Vorarlberg",31,9.149999999999999,,232.74999999999991,19.443162498322216,148.62499999999994
"2001-08-01","Wien",32.733333333333334,7.900000000000001,,278.8333333333334,21.21095481794267,34.800000000000004
"2001-09-01","Burgenland",23.8,6,,106.00000000000007,14.128041543026722,101.89999999999996
"2001-09-01","Kärnten",20.766666666666666,1.8000000000000003,,125.33333333333331,10.47391106984422,144.05555555555554
"2001-09-01","Niederösterreich",21.56666666666667,3.2666666666666666,,78.63333333333333,11.635231481481478,132.36666666666662
"2001-09-01","Oberösterreich",21.06666666666667,3.2,,69.35000000000002,11.696781087415646,109.89999999999993
"2001-09-01","Salzburg",11.866666666666667,-4.3,,71.33333333333336,2.96199074074074,191.15555555555542
"2001-09-01","Steiermark",24.35,4.65,,131.3,13.688116461069106,123.37142857142854
"2001-09-01","Tirol",23.366666666666667,2.8000000000000003,,121.10000000000001,11.692521043771048,109.68888888888885
"2001-09-01","Vorarlberg",21.25,4.05,,86.90000000000002,11.824583333333335,178.7749999999999
"2001-09-01","Wien",23.533333333333335,5.466666666666667,,114.56666666666663,13.27313426907046,116.86666666666657
"2001-10-01","Burgenland",25.6,1.7,,142.5,13.557795698924716,12.699999999999996
"2001-10-01","Kärnten",20.633333333333333,2.5666666666666664,,186.70000000000002,10.9246036659619,13.91111111111111
"2001-10-01","Niederösterreich",25.833333333333332,2.433333333333333,,141.03333333333333,11.604647137367024,14.433333333333334
"2001-10-01","Oberösterreich",25.199999999999996,4.133333333333334,,135.8,11.906195265339246,9.944444444444443
"2001-10-01","Salzburg",17,-3.366666666666667,,201.33333333333334,7.060976702508956,24.444444444444454
"2001-10-01","Steiermark",25.8,3.95,,168.39999999999998,13.509526083693583,3.2285714285714273
"2001-10-01","Tirol",24,1.3333333333333335,,220.13750000000005,11.91937191792267,25.97777777777778
"2001-10-01","Vorarlberg",24.200000000000003,4.6,,180.85000000000005,13.083400537634407,59.60000000000001
"2001-10-01","Wien",26.1,2.1333333333333333,26025,124.70000000000002,13.228508372045905,8.933333333333332
"2001-11-01","Burgenland",17,-5.5,,75.9,4.078591954022987,32.00000000000001
"2001-11-01","Kärnten",12.566666666666666,-7.8999999999999995,,135.375,1.0474527901431432,24.900000000000006
"2001-11-01","Niederösterreich",15.266666666666667,-6.366666666666667,,70.50000000000001,2.7068866571018666,50.16666666666665
"2001-11-01","Oberösterreich",14.466666666666667,-5.066666666666667,,64.1,2.834655401455977,68.04444444444444
"2001-11-01","Salzburg",8.9,-15.733333333333334,10525,106.59999999999998,-3.386696423826984,99.32222222222225
"2001-11-01","Steiermark",14.45,-6.85,,135.71999999999994,3.488349753694583,-4.328571428571427
"2001-11-01","Tirol",13.233333333333334,-7.033333333333333,,108.1625,1.7042572249544568,41.944444444444436
"2001-11-01","Vorarlberg",16.15,-4.449999999999999,,65.50000000000001,2.6001494500239106,90.72500000000002
"2001-11-01","Wien",17.566666666666666,-3.7,,76.30000000000004,4.009251403112413,44.40000000000001
"2001-12-01","Burgenland",7,-13,,80.1,-2.5814516129032254,28.30000000000002
"2001-12-01","Kärnten",5.333333333333334,-16.366666666666667,,127.6,-5.2919802867383545,-0.9000000000000007
"2001-12-01","Niederösterreich",7.533333333333332,-19.6,,52,-2.7795250896057344,62.5666666666667
"2001-12-01","Oberösterreich",7.533333333333334,-18.633333333333333,,49.16666666666667,-2.454704301075269,92.64444444444449
"2001-12-01","Salzburg",1.3666666666666663,-23.566666666666666,66488,85.43333333333334,-9.294713261648749,122.61111111111104
"2001-12-01","Steiermark",8.4,-14.100000000000001,,114.4,-2.3907276848326977,-0.8000000000000002
"2001-12-01","Tirol",8.433333333333334,-17.466666666666665,,83.6,-3.896103237399645,12.51111111111111
"2001-12-01","Vorarlberg",11.600000000000001,-14,,73.89999999999998,-0.8966397849462359,74.05
"2001-12-01","Wien",9.6,-14.133333333333333,,59.866666666666674,-1.8092741935483851,48.73333333333337
"2002-01-01","Burgenland",18.8,-12.3,,66.2,0.6794354838709673,9.299999999999999
"2002-01-01","Kärnten",11.8,-15.433333333333332,,157.93333333333337,-3.1012047122057855,-5.277777777777778
"2002-01-01","Niederösterreich",15.933333333333337,-17.8,,79.83333333333334,-0.6706093189964161,18.833333333333336
"2002-01-01","Oberösterreich",15.3,-15.166666666666668,,64.63333333333333,-1.3168906810035814,17.999999999999996
"2002-01-01","Salzburg",5.733333333333333,-20.366666666666667,70195,123.9,-4.949551971326164,15.88888888888889
"2002-01-01","Steiermark",14.7,-14.5,,130.5,-0.8707420167699416,-5.928571428571429
"2002-01-01","Tirol",11.333333333333332,-14.2,,135.2,-2.981496415770608,-11.911111111111111
"2002-01-01","Vorarlberg",15.6,-12.25,,105.04999999999998,-1.0884839143837117,5.125
"2002-01-01","Wien",18.799999999999997,-12.833333333333332,,71.23333333333335,1.307213261648746,9.133333333333333
"2002-02-01","Burgenland",16.2,-3.8,,78.49999999999999,5.471875000000003,31
"2002-02-01","Kärnten",14.133333333333335,-9.2,,112.2666666666667,1.8681586059659832,22.37777777777778
"2002-02-01","Niederösterreich",16.066666666666666,-6.666666666666667,,87.29999999999997,4.635456793413883,44.70000000000001
"2002-02-01","Oberösterreich",15.533333333333333,-6.1,,76.73333333333332,4.619940476190473,93.55555555555551
"2002-02-01","Salzburg",8.366666666666667,-15.566666666666666,66652,99.43333333333334,-2.2980158730158733,87.13333333333333
"2002-02-01","Steiermark",18.1,-4.25,,118.39999999999998,4.822662837590128,22.88571428571429
"2002-02-01","Tirol",17.000000000000004,-5.7666666666666675,,125.00000000000001,3.722801172707888,33.35555555555556
"2002-02-01","Vorarlberg",18.200000000000003,-3.5,,61.900000000000006,5.766220238095238,73.875
"2002-02-01","Wien",16.733333333333334,-4.633333333333334,12260,92.53333333333333,6.041369047619051,35.70000000000002
"2002-03-01","Burgenland",20,-1.9,,192.99999999999991,7.330235783633844,56.100000000000016
"2002-03-01","Kärnten",16.733333333333334,-7.333333333333334,,207.36666666666673,5.126543150875099,6.433333333333332
"2002-03-01","Niederösterreich",19.033333333333335,-4.7,,161.19999999999996,5.089324187364864,120.4333333333333
"2002-03-01","Oberösterreich",18.033333333333335,-3.3,,168.4333333333333,5.671169572328356,104.8444444444444
"2002-03-01","Salzburg",7.933333333333333,-13.133333333333335,88720,168.59999999999997,-1.1108749794938333,173.37777777777774
"2002-03-01","Steiermark",20.45,-4.25,,229.96000000000004,7.587133205928789,10.84285714285714
"2002-03-01","Tirol",21.23333333333333,-4.4,,203.58749999999998,7.103982918984489,76.81111111111112
"2002-03-01","Vorarlberg",18.8,-2.9000000000000004,,175.74999999999994,7.389321506867697,54.050000000000004
"2002-03-01","Wien",18.866666666666664,-1.6999999999999997,,182.8333333333333,6.970457697642165,73.2333333333333
"2002-04-01","Burgenland",22,-1.7,,188.5,10.322777777777777,40.30000000000001
"2002-04-01","Kärnten",17.033333333333335,-5.366666666666667,,117.9666666666666,5.252871015165583,87.56666666666668
"2002-04-01","Niederösterreich",20.366666666666667,-4.9,,142.83333333333331,8.277083333333335,33.466666666666676
"2002-04-01","Oberösterreich",20.33333333333333,-3.0333333333333337,,166.53333333333327,9.10203703703703,25.566666666666666
"2002-04-01","Salzburg",8.066666666666668,-9.866666666666667,40862,121.49999999999996,-0.49310185185185185,114.67777777777776
"2002-04-01","Steiermark",20.85,-2.05,,138.3,9.593214285714287,62.21428571428572
"2002-04-01","Tirol",22.133333333333333,-3,,166.64999999999998,8.894941968430823,69.6222222222222
"2002-04-01","Vorarlberg",21.15,-1.35,,179.5,9.231319444444445,88.45
"2002-04-01","Wien",21.333333333333332,-2.3333333333333335,,167.6333333333333,9.865324074074072,57.733333333333356
"2002-05-01","Burgenland",29.6,9.6,,268.1999999999999,18.180645161290315,26.6
"2002-05-01","Kärnten",26.066666666666663,1.9333333333333331,,190.06666666666666,12.333459912173627,61.99999999999999
"2002-05-01","Niederösterreich",28,4.266666666666667,,192.7666666666667,15.266577060931898,44.36666666666667
"2002-05-01","Oberösterreich",28.066666666666666,5.366666666666666,,223.6000000000001,15.992607526881718,36.6
"2002-05-01","Salzburg",16.2,-3.0666666666666664,,157.23333333333332,6.023534639367604,83.61111111111111
"2002-05-01","Steiermark",29,5.15,,238.10000000000005,16.756278801843315,77.8142857142857
"2002-05-01","Tirol",29.333333333333336,3.6333333333333333,,206.99999999999997,15.177809157923765,90.62222222222223
"2002-05-01","Vorarlberg",28.4,4.8,,201.60000000000005,14.237567204301076,141
"2002-05-01","Wien",28.26666666666667,6.566666666666666,,260.23333333333335,17.160349462365584,41.933333333333344
"2002-06-01","Burgenland",35.9,7.1,,290.5000000000002,20.682222222222236,46.099999999999994
"2002-06-01","Kärnten",30.96666666666666,4.833333333333332,,236.6000000000001,16.605902732402733,92.23333333333335
"2002-06-01","Niederösterreich",33.599999999999994,4.033333333333333,,210.20000000000013,18.11170924574208,93.89999999999998
"2002-06-01","Oberösterreich",33.03333333333333,6.433333333333334,,282.6666666666668,19.107546296296288,87.89999999999999
"2002-06-01","Salzburg",22.799999999999997,-1.133333333333333,,210.56666666666666,10.284342815233906,138.45555555555552
"2002-06-01","Steiermark",34.2,7.6000000000000005,,289.3,20.311666666666667,55.371428571428574
"2002-06-01","Tirol",34.833333333333336,6.966666666666667,,257.5500000000001,19.485427241308148,136.46666666666664
"2002-06-01","Vorarlberg",31.15,9.25,,261.4,19.527847222222228,126.74999999999999
"2002-06-01","Wien",34.7,7.999999999999999,,282.4333333333335,19.938750778089016,83.39999999999999
"2002-07-01","Burgenland",34.3,9.9,,283.6000000000001,22.11416666666667,94.39999999999999
"2002-07-01","Kärnten",27.366666666666667,5.533333333333334,,208.76666666666662,16.61067967193225,148.93333333333325
"2002-07-01","Niederösterreich",32.06666666666666,7.433333333333334,,200.03333333333333,18.766758680733055,140.76666666666662
"2002-07-01","Oberösterreich",32.7,8.7,,241.70000000000005,19.434890310649777,94.5333333333333
"2002-07-01","Salzburg",20.2,0.6666666666666667,,177.83333333333334,10.220347088621443,189.71111111111105
"2002-07-01","Steiermark",31.2,8.85,,257.24000000000007,21.118872217557666,77.50000000000001
"2002-07-01","Tirol",31.666666666666668,7.833333333333333,,229.46249999999995,19.298266799114703,104.23333333333332
"2002-07-01","Vorarlberg",28.15,8.95,,207.79999999999987,18.676166614469153,110.85000000000001
"2002-07-01","Wien",33.333333333333336,11.466666666666667,,280.0333333333333,21.079309116465648,61.43333333333335
"2002-08-01","Burgenland",30.3,14.6,,222.49999999999994,20.98360215053762,83.19999999999997
"2002-08-01","Kärnten",25.866666666666667,8.866666666666667,,179.63333333333327,15.491845153561531,174.3333333333333
"2002-08-01","Niederösterreich",27.633333333333333,10.566666666666666,,177.40000000000003,18.55810931899641,246.74444444444447
"2002-08-01","Oberösterreich",28.466666666666665,12.166666666666668,,203.16666666666677,18.99431003584229,355.59999999999997
"2002-08-01","Salzburg",18.03333333333334,2.733333333333333,,120.93333333333335,9.558646953405018,260.4888888888888
"2002-08-01","Steiermark",28.8,12.25,,181.39999999999995,19.745980611668973,217.35714285714286
"2002-08-01","Tirol",29.8,9.6,,201,18.447910778620415,143.9222222222222
"2002-08-01","Vorarlberg",27.5,10.850000000000001,,207.74999999999997,18.073319892473123,228.87499999999994
"2002-08-01","Wien",28.966666666666665,13.4,,227.03333333333345,20.053946113495464,164.1333333333333
"2002-09-01","Burgenland",28.3,5.4,,202.99999999999997,15.139999999999969,45.9
"2002-09-01","Kärnten",22.3,-0.4000000000000001,,164.66666666666666,10.45893710893702,90.23333333333333
"2002-09-01","Niederösterreich",26.266666666666666,-0.2,,151.29999999999995,12.317783605283603,88.99999999999997
"2002-09-01","Oberösterreich",26.299999999999997,1.3333333333333335,,167.70000000000002,12.98513888888889,71.03333333333333
"2002-09-01","Salzburg",14.633333333333333,-6.566666666666666,,129.46666666666664,4.497731481481484,137.97777777777773
"2002-09-01","Steiermark",25.05,1.5499999999999998,,193.7,14.292440476190471,58.94285714285714
"2002-09-01","Tirol",26.766666666666666,0.20000000000000007,,166.39999999999998,12.991418549468698,108.04444444444441
"2002-09-01","Vorarlberg",25.4,2,,147.64999999999995,13.170833333333336,122.125
"2002-09-01","Wien",26.933333333333334,4.333333333333333,,202.8333333333334,14.38863197512683,54.40000000000002
"2002-10-01","Burgenland",20.4,0.8,,107.10000000000001,9.821639784946232,61.60000000000002
"2002-10-01","Kärnten",17.966666666666665,-1.5666666666666667,,136.96666666666667,7.1290573053368345,82.5
"2002-10-01","Niederösterreich",19.633333333333333,-0.7333333333333334,,98.83333333333334,7.894534774753883,107.93333333333331
"2002-10-01","Oberösterreich",19.799999999999997,0.8666666666666667,,99.96666666666665,8.096639784946241,127.84444444444438
"2002-10-01","Salzburg",13.3,-7.433333333333334,2628,127.93333333333331,2.7589605734767018,108.42222222222222
"2002-10-01","Steiermark",20.85,0.6000000000000001,,147.5,10.091532258064518,68.68571428571425
"2002-10-01","Tirol",20.733333333333334,-1,,158.3,9.275697971991878,49.94444444444445
"2002-10-01","Vorarlberg",21.95,1.7,,126.4,10.259341397849466,126.37500000000003
"2002-10-01","Wien",19.53333333333333,1.3333333333333335,,97.56666666666669,9.07045151774669,94.13333333333331
"2002-11-01","Burgenland",21.4,-0.8,,53.2,7.861836441893825,54.20000000000001
"2002-11-01","Kärnten",16.466666666666665,-7.066666666666667,,77.56666666666668,4.571623321142226,92.1333333333333
"2002-11-01","Niederösterreich",20.633333333333336,-4.766666666666667,,46.5,6.018310479504387,89.73333333333332
"2002-11-01","Oberösterreich",21.466666666666665,-3.833333333333333,,39.73333333333333,5.65280461235985,87.95555555555556
"2002-11-01","Salzburg",8.733333333333334,-10.833333333333334,6281,61.13333333333333,0.10825973749933582,177.2666666666667
"2002-11-01","Steiermark",21.45,-3.5999999999999996,,78.48000000000003,7.449537473525992,34.77142857142858
"2002-11-01","Tirol",18.3,-3.1333333333333337,,69.0125,6.222552272863678,213.16666666666663
"2002-11-01","Vorarlberg",19.1,-0.7500000000000001,,64.15,7.454519230769232,168.04999999999995
"2002-11-01","Wien",19.799999999999997,-2.433333333333333,,49.33333333333334,7.101314604117311,62.166666666666664
"2002-12-01","Burgenland",12.6,-12.4,,38.900000000000006,-0.6677419354838714,43.20000000000002
"2002-12-01","Kärnten",7.2,-12.133333333333333,,45.60000000000002,-1.288481373917148,55.7
"2002-12-01","Niederösterreich",12.200000000000001,-12.966666666666667,,35.80000000000001,-1.2015758790527602,68.76666666666665
"2002-12-01","Oberösterreich",11.866666666666667,-10.3,,41.43333333333333,-0.3386648745519713,64.0111111111111
"2002-12-01","Salzburg",4.666666666666667,-13.666666666666666,15602,75,-3.4960125448028667,80.16666666666667
"2002-12-01","Steiermark",9.25,-7.2,,25.400000000000002,0.6070852534562214,81.91428571428571
"2002-12-01","Tirol",9.6,-7.466666666666667,,61.80000000000001,1.0903167840477646,42.76666666666668
"2002-12-01","Vorarlberg",14.85,-4.300000000000001,,28.200000000000003,3.709744623655914,87.175
"2002-12-01","Wien",14.3,-10.100000000000001,,32.23333333333333,-0.6671342615440605,64.63333333333334
"2003-01-01","Burgenland",12,-14.9,,68.5,-0.8549731182795719,41.499999999999986
"2003-01-01","Kärnten",7.266666666666667,-17.899999999999995,,93.9333333333333,-3.9373300844858754,29.06666666666668
"2003-01-01","Niederösterreich",11.866666666666665,-19.26666666666667,,54.09999999999999,-1.6026883529428808,58.466666666666676
"2003-01-01","Oberösterreich",11.466666666666669,-17.5,,44.10000000000001,-1.690098566308242,67.54444444444445
"2003-01-01","Salzburg",4.833333333333334,-20.9,45963,82.93333333333332,-7.302195340501792,72.54444444444444
"2003-01-01","Steiermark",10.75,-18.2,,108.30000000000001,-1.608352534562213,18.3
"2003-01-01","Tirol",11.266666666666667,-15.866666666666667,,79.79999999999994,-2.614276798506492,47.79999999999999
"2003-01-01","Vorarlberg",13.850000000000001,-11.2,,71,0.05295698924731129,93.275
"2003-01-01","Wien",12.633333333333335,-14.833333333333334,,60.73333333333335,-0.5061827956989244,52.466666666666676
"2003-02-01","Burgenland",8.2,-9.2,,136.70000000000002,-1.6968749999999997,0.1
"2003-02-01","Kärnten",9.2,-14.566666666666668,,168.6333333333334,-5.1668035820895515,9.266666666666664
"2003-02-01","Niederösterreich",10.700000000000001,-15.866666666666667,,125.06666666666663,-3.5706899847094795,6.8666666666666645
"2003-02-01","Oberösterreich",8.733333333333334,-13.333333333333332,,136.56666666666666,-3.1298115079365094,10.144444444444442
"2003-02-01","Salzburg",3.2333333333333334,-19.433333333333334,67756,186.2333333333333,-8.15659722222222,12.411111111111111
"2003-02-01","Steiermark",14.15,-11.55,,165.5,-1.4204719387755094,-10.742857142857142
"2003-02-01","Tirol",12.966666666666665,-14.133333333333333,,167.9,-2.840937269510797,21.666666666666664
"2003-02-01","Vorarlberg",12.600000000000001,-12.45,,116.39999999999999,-2.3334821428571435,39.700000000000024
"2003-02-01","Wien",9.733333333333333,-12.2,,127.46666666666664,-2.061855158730157,1.5666666666666669
"2003-03-01","Burgenland",21.6,-5.6,,194.2,6.105825242718434,8.999999999999998
"2003-03-01","Kärnten",17.2,-8.266666666666667,,192.26666666666668,3.2714222472817793,5.8999999999999995
"2003-03-01","Niederösterreich",19.96666666666667,-6.999999999999999,,151.79999999999998,4.302126675913083,30.700000000000003
"2003-03-01","Oberösterreich",19.5,-4.733333333333333,,152.56666666666666,4.879767248793244,23.700000000000003
"2003-03-01","Salzburg",8.100000000000001,-13.366666666666667,63295,170.4333333333333,-2.099087786278516,30.2888888888889
"2003-03-01","Steiermark",20.9,-6.1,,187.46000000000004,6.636726464779461,-8.228571428571428
"2003-03-01","Tirol",20.666666666666668,-3.733333333333333,,208.39999999999998,5.786801286267916,21.7
"2003-03-01","Vorarlberg",19.6,-2.85,,213.15000000000006,7.197959229390685,25.475
"2003-03-01","Wien",21.366666666666667,-5.800000000000001,,169.06666666666666,6.202404068423483,15.2
"2003-04-01","Burgenland",27.4,-4.2,,215.20000000000002,10.232222222222221,17.3
"2003-04-01","Kärnten",20.266666666666666,-8.633333333333333,,162.2,4.859678607499221,52.70000000000001
"2003-04-01","Niederösterreich",26.999999999999996,-5.966666666666667,,199.83333333333337,7.569264922817551,18.8
"2003-04-01","Oberösterreich",27.833333333333336,-4.800000000000001,,222.9333333333334,8.84905364163046,16.77777777777778
"2003-04-01","Salzburg",14.033333333333335,-17.9,55335,148.39999999999995,-1.0673611111111116,800.0111111111105
"2003-04-01","Steiermark",27.45,-4.5,,194,9.117916666666668,16.71428571428572
"2003-04-01","Tirol",26.3,-6.933333333333334,,201.0333333333334,8.770080470442593,46.166666666666686
"2003-04-01","Vorarlberg",25.15,-4.65,,218.54999999999998,10.00194444444444,37.150000000000006
"2003-04-01","Wien",27.6,-3.5,,222.06666666666672,9.737737598516464,28.433333333333334
"2003-05-01","Burgenland",31.2,4.5,,294.2,18.154704301075277,46.500000000000014
"2003-05-01","Kärnten",28.03333333333333,-0.7,,244.7333333333333,13.303973765345154,98.96666666666667
"2003-05-01","Niederösterreich",30.233333333333338,0.43333333333333324,,213.40000000000003,15.506984105999186,88.36666666666667
"2003-05-01","Oberösterreich",30.633333333333333,1.8333333333333333,,240.59999999999997,16.16182795698925,69.1
"2003-05-01","Salzburg",18.900000000000002,-6.966666666666667,657,195.1,6.956272401433689,172.16666666666663
"2003-05-01","Steiermark",31.333333333333332,1.8333333333333333,,284.4,17.324115882043635,36.67777777777778
"2003-05-01","Tirol",31.700000000000003,1.4333333333333336,,237.76666666666674,15.526567101388606,97.0333333333333
"2003-05-01","Vorarlberg",32.05,3.4000000000000004,,192.6,15.676002908869881,84.875
"2003-05-01","Wien",31.233333333333334,4.8,,281.4333333333334,17.387256459448665,77.00000000000001
"2003-06-01","Burgenland",35.6,10.3,,312.19999999999993,22.696944444444437,28.200000000000014
"2003-06-01","Kärnten",30.133333333333333,9.566666666666668,,237.13333333333327,17.911484212866974,89.63333333333331
"2003-06-01","Niederösterreich",32.233333333333334,7.733333333333333,,235.09999999999997,19.775253944773162,66.8
"2003-06-01","Oberösterreich",32.8,9.766666666666667,,294.73333333333323,20.82626672891381,47.33333333333334
"2003-06-01","Salzburg",21.766666666666666,3.8666666666666667,,235.20000000000007,12.3491532892666,92.22222222222223
"2003-06-01","Steiermark",33.833333333333336,10.933333333333334,,301.04999999999995,21.892268518518524,68.25555555555555
"2003-06-01","Tirol",33.86666666666667,11.033333333333333,,274.3333333333333,21.073386075949372,82.56666666666665
"2003-06-01","Vorarlberg",35.2,13.3,,313.2500000000001,22.638888888888893,97.85
"2003-06-01","Wien",34.400000000000006,10.566666666666666,20236,317.79999999999984,22.05064814814815,23.233333333333334
"2003-07-01","Burgenland",34.7,10.1,,263.0000000000001,21.611650485436908,52.80000000000002
"2003-07-01","Kärnten",30.200000000000003,7.933333333333334,,224.26666666666665,16.94501020825341,110.63333333333324
"2003-07-01","Niederösterreich",34.233333333333334,8.066666666666666,,194.79999999999993,18.814147018030493,86.96666666666667
"2003-07-01","Oberösterreich",33.56666666666667,10.166666666666666,,235.83333333333337,19.64137672189661,116.46666666666665
"2003-07-01","Salzburg",21.500000000000004,1.7333333333333334,,196.26666666666674,10.602190474746092,191.36666666666665
"2003-07-01","Steiermark",34.400000000000006,11.433333333333334,,283.3000000000001,21.268705849601567,84.04444444444445
"2003-07-01","Tirol",34.166666666666664,9.833333333333332,,251.53333333333325,19.584980809505158,110.89999999999996
"2003-07-01","Vorarlberg",32.6,11.8,,258.70000000000005,20.077575261339675,132.8
"2003-07-01","Wien",35.266666666666666,10.833333333333334,,251.46666666666667,20.93640460442875,46.93333333333334
"2003-08-01","Burgenland",38.5,11.9,,328.10000000000025,23.82567204301075,28.199999999999992
"2003-08-01","Kärnten",32,7.566666666666666,,251.03333333333325,18.98120300557212,172.63333333333335
"2003-08-01","Niederösterreich",35.400000000000006,7.8,,275.2666666666667,20.42665530923197,63.23333333333332
"2003-08-01","Oberösterreich",34.800000000000004,10.733333333333333,,298.9000000000001,21.600968356995036,43.688888888888904
"2003-08-01","Salzburg",21.43333333333333,0.19999999999999996,,244.9000000000001,13.38184930674098,124.44444444444446
"2003-08-01","Steiermark",36.699999999999996,11.333333333333334,,291.95000000000005,22.83425311902888,48.41111111111111
"2003-08-01","Tirol",37.099999999999994,11,,275.5666666666667,21.581700625066418,79.2
"2003-08-01","Vorarlberg",35.65,11.8,,289.6500000000001,22.508377111101463,69.05000000000001
"2003-08-01","Wien",37.53333333333333,11.933333333333332,,321.96666666666664,23.303942652329717,17.733333333333334
"2003-09-01","Burgenland",30.3,5.4,,237,16.280972222222218,17.400000000000002
"2003-09-01","Kärnten",23.833333333333336,0.5333333333333333,,213.66666666666663,10.672143031189075,61.66666666666668
"2003-09-01","Niederösterreich",27.4,1.4666666666666668,,208.86666666666662,12.871389226775985,62.733333333333334
"2003-09-01","Oberösterreich",27.033333333333335,3.033333333333333,,225,14.161759259259252,24.388888888888893
"2003-09-01","Salzburg",18.066666666666666,-3.533333333333333,,184.83333333333334,6.6181944444444465,107.17777777777775
"2003-09-01","Steiermark",27.666666666666664,2.8666666666666667,,245.65000000000006,14.708009259259258,59.07777777777778
"2003-09-01","Tirol",27.633333333333333,3.3,,200.36666666666667,13.687685185185185,53.56666666666668
"2003-09-01","Vorarlberg",25.3,4.95,,220.80000000000004,14.732361111111114,53.275
"2003-09-01","Wien",30.166666666666668,4.466666666666667,,243.46666666666673,15.46481481481481,48.93333333333333
"2003-10-01","Burgenland",24.3,-4.6,,146.60000000000005,8.118548387096784,54.80000000000002
"2003-10-01","Kärnten",20.433333333333334,-7.8999999999999995,,142.70000000000005,4.118437857277239,91.79999999999995
"2003-10-01","Niederösterreich",22.6,-8.1,,119.86666666666665,5.7073924731182855,74.30000000000003
"2003-10-01","Oberösterreich",21.7,-5.966666666666667,,128.26666666666668,6.287275985663083,80.96666666666664
"2003-10-01","Salzburg",12.833333333333332,-14.566666666666668,,152.66666666666666,-0.15389784946236518,218.77777777777774
"2003-10-01","Steiermark",24.500000000000004,-5.566666666666666,,142.5,7.7940328972440485,84.5222222222222
"2003-10-01","Tirol",21.766666666666666,-5.333333333333333,,139.9333333333333,6.435663082437275,111.79999999999997
"2003-10-01","Vorarlberg",21.85,-3.35,,116.84999999999997,7.085080645161288,181.57499999999996
"2003-10-01","Wien",23.56666666666667,-4.1,,128.4333333333333,7.754838709677423,34.300000000000004
"2003-11-01","Burgenland",18.9,-2.7,,84,6.738020086083217,19.8
"2003-11-01","Kärnten",14.933333333333334,-3.433333333333333,,66.10000000000001,3.5792153458396694,101.56666666666666
"2003-11-01","Niederösterreich",16.9,-2.933333333333333,,74.63333333333334,4.680870396939262,31.366666666666674
"2003-11-01","Oberösterreich",15.333333333333332,-2.2333333333333334,,64.63333333333334,4.982833838142303,12.166666666666666
"2003-11-01","Salzburg",9.466666666666667,-8.033333333333333,,123.89999999999999,1.0278548275678836,83.31111111111112
"2003-11-01","Steiermark",18.066666666666666,-2.3000000000000003,,83.5,6.370224772835963,41.71111111111112
"2003-11-01","Tirol",16.03333333333333,-2.9666666666666663,,102.66666666666669,4.535628885700619,80.93333333333337
"2003-11-01","Vorarlberg",18.700000000000003,-0.8,,69.70000000000002,5.555388570062174,68.675
"2003-11-01","Wien",17.766666666666666,-1.6333333333333333,,65.13333333333335,6.304734576757529,26.133333333333358
"2003-12-01","Burgenland",9.4,-12.8,,87.5,1.2423387096774217,20.699999999999996
"2003-12-01","Kärnten",9.966666666666665,-14.466666666666665,,109.43333333333334,-1.2844377215969955,33.6
"2003-12-01","Niederösterreich",13,-17.9,,77.13333333333334,-0.73073476702509,44.733333333333356
"2003-12-01","Oberösterreich",10.066666666666666,-15.466666666666669,,70.4,-0.5740591397849462,33.333333333333336
"2003-12-01","Salzburg",8.266666666666666,-21.03333333333333,,80.89999999999999,-3.693458781362007,72.54444444444447
"2003-12-01","Steiermark",10.333333333333332,-13.5,,95.70000000000002,0.30896057347670264,35.6
"2003-12-01","Tirol",15.566666666666666,-15.033333333333335,,90.36666666666667,-0.3122311827956986,41.833333333333336
"2003-12-01","Vorarlberg",18.75,-11.85,,74.4,1.5465725806451625,23.575000000000003
"2003-12-01","Wien",10.333333333333332,-13.2,,71.53333333333335,0.8711021505376345,29.833333333333325
"2004-01-01","Burgenland",9.5,-15.9,,105.70000000000005,-1.7520215633423173,39.80000000000003
"2004-01-01","Kärnten",7.499999999999999,-15.9,,107.63333333333334,-4.3093964172702846,24.366666666666667
"2004-01-01","Niederösterreich",8.266666666666666,-19.6,,69.83333333333334,-2.6117831541218623,54.50000000000003
"2004-01-01","Oberösterreich",7.833333333333333,-15.7,,58.966666666666676,-2.2753584229390684,83.43333333333328
"2004-01-01","Salzburg",3.3000000000000003,-19.8,81972,74.89999999999999,-8.285259856630825,116.01111111111109
"2004-01-01","Steiermark",10.899999999999999,-13.333333333333332,,94.95,-1.7139784946236558,15.233333333333338
"2004-01-01","Tirol",7.933333333333334,-14.600000000000001,,68.80000000000003,-2.140860215053763,62.66666666666664
"2004-01-01","Vorarlberg",12.3,-8.15,,43.15,1.2843413978494627,127.64999999999998
"2004-01-01","Wien",8.966666666666665,-13.733333333333334,6018,88.26666666666667,-1.5705197132616486,64.06666666666666
"2004-02-01","Burgenland",19.3,-6,,84.6,2.943247126436779,46.80000000000005
"2004-02-01","Kärnten",13.433333333333334,-12.133333333333333,,121.03333333333333,-0.8839501915708804,44.33333333333334
"2004-02-01","Niederösterreich",16.733333333333334,-11.566666666666668,,77.60000000000001,1.8386494252873562,92.8666666666666
"2004-02-01","Oberösterreich",16.066666666666666,-10.933333333333334,,85.40000000000002,1.5757183908045969,54.82222222222226
"2004-02-01","Salzburg",6.6,-17.6,97562,86.5666666666667,-5.598419540229886,70.40000000000002
"2004-02-01","Steiermark",18.366666666666667,-8.233333333333333,,88.49999999999997,1.521168582375479,29.866666666666667
"2004-02-01","Tirol",13.566666666666666,-10.933333333333334,,109.5,0.5741858237547892,35.43333333333335
"2004-02-01","Vorarlberg",14.8,-9.15,,123.79999999999998,2.116307471264369,3531.4999999999995
"2004-02-01","Wien",17.8,-7.1,14644,88.6666666666667,3.1921934865900368,83.93333333333334
"2004-03-01","Burgenland",22.6,-8.9,,130.70000000000002,4.346250000000003,38.70000000000002
"2004-03-01","Kärnten",17,-12.566666666666666,,138.0333333333333,0.15250005025226615,82.0333333333333
"2004-03-01","Niederösterreich",22.133333333333333,-11.933333333333334,,142.7333333333333,2.536754507628293,59.96666666666666
"2004-03-01","Oberösterreich",20.666666666666668,-10.066666666666666,,146.53333333333333,3.122322143180268,45.55555555555556
"2004-03-01","Salzburg",10.533333333333335,-17.299999999999997,103001,160.5333333333333,-3.9921405455386,76.97777777777777
"2004-03-01","Steiermark",22.5,-10.433333333333334,,134.42499999999998,3.921354749228223,64.82222222222224
"2004-03-01","Tirol",22.333333333333336,-9.233333333333333,,178.00000000000009,3.5467406380027726,47.13333333333332
"2004-03-01","Vorarlberg",19.95,-7.050000000000001,,170.5,4.577091629009888,47.075
"2004-03-01","Wien",21.800000000000004,-10.866666666666667,25945,135.63333333333335,4.039898289412851,87.39999999999999
"2004-04-01","Burgenland",23.8,0.6,,181.89999999999998,11.614166666666677,45.199999999999996
"2004-04-01","Kärnten",20.133333333333333,-3.8333333333333335,,122.76666666666664,6.296846359070933,54.233333333333334
"2004-04-01","Niederösterreich",23.066666666666666,-2.2333333333333334,,177.86666666666665,9.234055609077288,45.26666666666668
"2004-04-01","Oberösterreich",24,-1.5666666666666667,,205.20000000000002,10.007824074074076,33.45555555555556
"2004-04-01","Salzburg",9.833333333333334,-9.433333333333335,,125.26666666666671,0.24009259259259275,76.36666666666667
"2004-04-01","Steiermark",24.133333333333333,-1.2,,143.64999999999998,10.445555555555558,45.144444444444446
"2004-04-01","Tirol",23.5,-1.7666666666666668,,178.96666666666664,9.885841877285005,44.133333333333354
"2004-04-01","Vorarlberg",24.15,0.5,,188.30000000000004,10.346180555555557,46.7
"2004-04-01","Wien",23.5,0.29999999999999993,72249,189.29999999999995,11.277361111111107,32.23333333333334
"2004-05-01","Burgenland",25.5,4.2,,215.00000000000006,13.973118279569897,60.90000000000003
"2004-05-01","Kärnten",23.9,-0.7000000000000001,,185.10000000000008,9.257351027943802,110.86666666666665
"2004-05-01","Niederösterreich",25.2,1.6,,156.63333333333338,11.74991039426524,84.66666666666667
"2004-05-01","Oberösterreich",24.533333333333335,2.1,,193.5666666666667,12.327240143369174,55.96666666666668
"2004-05-01","Salzburg",13.700000000000001,-7.133333333333333,,133.46666666666667,2.426478494623656,191.87777777777774
"2004-05-01","Steiermark",26.96666666666667,2.533333333333333,,212.70000000000002,13.112188012421466,87.15555555555555
"2004-05-01","Tirol",27.66666666666667,1.7666666666666666,,190.90000000000003,12.05936379928315,84.73333333333335
"2004-05-01","Vorarlberg",25,2.25,,214.75000000000006,12.468548387096764,103.04999999999998
"2004-05-01","Wien",26.266666666666666,3.966666666666667,108970,216.4,13.766756272401434,59.566666666666684
"2004-06-01","Burgenland",29.5,9.6,,217.60000000000008,17.999861111111095,91.59999999999997
"2004-06-01","Kärnten",28.033333333333335,4.4,,172.40000000000003,13.62140494025325,189.8999999999999
"2004-06-01","Niederösterreich",29.5,6.4,,153.66666666666666,15.615291816852109,145.46666666666664
"2004-06-01","Oberösterreich",29.266666666666666,6.999999999999999,,198.4666666666666,15.968657407407411,134.88888888888877
"2004-06-01","Salzburg",18.266666666666666,-1.1666666666666667,,167.26666666666662,6.963333333333332,183.73333333333332
"2004-06-01","Steiermark",30.833333333333336,7.4,,212.20000000000002,17.383781103084516,168.6333333333333
"2004-06-01","Tirol",32.13333333333333,6.800000000000001,,197.76666666666668,16.391481481481478,113.99999999999999
"2004-06-01","Vorarlberg",29.1,8.25,,199.79999999999993,16.75576388888889,172.89999999999995
"2004-06-01","Wien",29.933333333333334,9.933333333333334,131891,213.76666666666677,17.52569444444444,117.06666666666659
"2004-07-01","Burgenland",32.7,7.1,,234.2,20.189736477115122,18
"2004-07-01","Kärnten",28.366666666666664,3.8666666666666667,,212.13333333333338,15.560333926883922,107.1333333333333
"2004-07-01","Niederösterreich",30.133333333333333,6.966666666666667,,168.93333333333328,17.42422561257513,90.59999999999998
"2004-07-01","Oberösterreich",29.900000000000002,8.366666666666667,,212.33333333333331,18.123606202059065,84.68888888888885
"2004-07-01","Salzburg",18.866666666666667,-0.10000000000000009,,154.10000000000002,9.168312628318892,187.74444444444438
"2004-07-01","Steiermark",31.6,7.366666666666667,,227.73749999999995,19.254047922722606,74.81111111111107
"2004-07-01","Tirol",31.3,8.066666666666666,,205.43333333333337,18.039158576051772,122.16666666666661
"2004-07-01","Vorarlberg",28.85,10.15,,216.7,18.537705248087327,147.42499999999998
"2004-07-01","Wien",31.466666666666665,9.966666666666667,148504,232.26666666666668,19.623948220064726,52.76666666666668
"2004-08-01","Burgenland",34.6,12.2,,287.2999999999998,21.38746397694524,35.70000000000002
"2004-08-01","Kärnten",26.8,6.833333333333333,,232.1666666666666,15.853280909555082,164.8
"2004-08-01","Niederösterreich",31.4,6.500000000000001,,215.76666666666665,17.969668458781356,63.16666666666665
"2004-08-01","Oberösterreich",30.633333333333333,8.033333333333333,,256.66666666666663,19.012186379928302,73.11111111111113
"2004-08-01","Salzburg",19.5,0.33333333333333337,,172.1,10.42844982078853,183.2
"2004-08-01","Steiermark",33.33333333333333,9.066666666666668,,257,19.5633064516129,101.7111111111111
"2004-08-01","Tirol",31.433333333333334,8.233333333333334,,222.5666666666667,18.882347670250894,111.3
"2004-08-01","Vorarlberg",29.6,11.3,,211.4999999999999,19.281989247311834,95.60000000000001
"2004-08-01","Wien",32.56666666666666,10.066666666666665,154487,276.9,20.3209229390681,26.400000000000013
"2004-09-01","Burgenland",29.4,6.3,,225.59999999999988,16.380416666666676,28.20000000000001
"2004-09-01","Kärnten",22.266666666666666,1.2333333333333334,,191.26666666666665,11.496574074074081,73.5333333333333
"2004-09-01","Niederösterreich",27.133333333333333,1.766666666666667,,177.33333333333323,13.128564814814805,57.2
"2004-09-01","Oberösterreich",26.400000000000002,4.4,,185.7666666666666,14.209680581419416,55.88888888888891
"2004-09-01","Salzburg",15.966666666666663,-3.166666666666667,,184.06666666666663,6.801574074074078,130.29999999999998
"2004-09-01","Steiermark",25.933333333333334,4.233333333333333,,220.15000000000006,14.836620370370374,39.57777777777779
"2004-09-01","Tirol",27.733333333333334,4.699999999999999,,194.23333333333326,14.347212870765512,69.03333333333335
"2004-09-01","Vorarlberg",26.5,6.2,,176.29999999999995,15.28555555555555,105.14999999999999
"2004-09-01","Wien",26.8,4.833333333333334,122128,215.0666666666666,15.249799855565865,42.10000000000001
"2004-10-01","Burgenland",23.9,0.7,,117.79999999999998,12.110483870967743,34
"2004-10-01","Kärnten",20.6,-0.7000000000000001,,114.76666666666667,8.698166004363411,100.7333333333333
"2004-10-01","Niederösterreich",22.2,-1.3333333333333333,,128.63333333333333,9.628673835125449,52.93333333333334
"2004-10-01","Oberösterreich",22.366666666666667,0.19999999999999996,,124.96666666666665,10.100851254480286,60.92222222222224
"2004-10-01","Salzburg",15.266666666666666,-6.366666666666666,,135.19999999999996,5.481406810035841,115.25555555555556
"2004-10-01","Steiermark",22.53333333333333,1.2000000000000002,,115.49999999999999,11.708019713261649,77.41111111111111
"2004-10-01","Tirol",23.599999999999998,1.5333333333333332,,144.9333333333333,11.134856630824377,82.10000000000001
"2004-10-01","Vorarlberg",23.700000000000003,3.8499999999999996,,124.64999999999996,12.401881720430108,93.69999999999996
"2004-10-01","Wien",22.8,-0.7666666666666666,94043,108.56666666666665,11.225985663082433,35.33333333333335
"2004-11-01","Burgenland",16.8,-4.4,,58.60000000000002,6.096413199426121,31.600000000000005
"2004-11-01","Kärnten",15.066666666666666,-8.033333333333333,,94.96666666666663,1.7594930655188923,35.53333333333334
"2004-11-01","Niederösterreich",16.133333333333333,-6.633333333333334,,47.266666666666666,4.3806791009086625,44.26666666666669
"2004-11-01","Oberösterreich",15.533333333333333,-5.999999999999999,,42.833333333333336,3.9754179286890907,42.877777777777794
"2004-11-01","Salzburg",13.066666666666666,-15.066666666666666,,59.866666666666674,-2.404842977841543,73.25555555555556
"2004-11-01","Steiermark",14.5,-6.533333333333333,,65.94999999999999,4.66922312556459,28.922222222222228
"2004-11-01","Tirol",14.933333333333334,-6.3,,62.56666666666667,2.6004304160688663,55.000000000000014
"2004-11-01","Vorarlberg",14.55,-4.05,,60.44999999999999,4.133395504543282,27.60000000000001
"2004-11-01","Wien",15.4,-5.3999999999999995,55592,59.86666666666666,5.971975131516019,37.93333333333335
"2004-12-01","Burgenland",11.1,-7.8,,49.90000000000002,1.374193548387098,23.800000000000004
"2004-12-01","Kärnten",7.833333333333333,-11.766666666666667,,127.39999999999996,-1.114765968507625,33.96666666666667
"2004-12-01","Niederösterreich",10.533333333333333,-11.733333333333334,,57.300000000000004,-0.1251792114695341,8.5
"2004-12-01","Oberösterreich",10.9,-11.833333333333334,,58.93333333333334,-0.5281362007168456,4.477777777777777
"2004-12-01","Salzburg",6.333333333333333,-17.266666666666666,,114.96666666666665,-3.4362903225806445,20.211111111111116
"2004-12-01","Steiermark",10.933333333333334,-10.000000000000002,,74.5,0.36187275985663087,22.21111111111112
"2004-12-01","Tirol",8.23333333333333,-14.066666666666668,,107.50000000000003,-2.354124215497571,27.833333333333346
"2004-12-01","Vorarlberg",9,-7.65,,56.45000000000002,-0.27237903225806476,36.775000000000006
"2004-12-01","Wien",11.266666666666667,-7.533333333333333,32745,41.7,1.2240591397849465,13.600000000000001
"2005-01-01","Burgenland",12.7,-10,,107.80000000000004,1.589247311827956,34.70000000000001
"2005-01-01","Kärnten",9.299999999999999,-15.733333333333334,,150.56666666666666,-3.2572024201385625,4.7333333333333325
"2005-01-01","Niederösterreich",13.733333333333333,-14.633333333333333,,78.90000000000002,0.2305555555555563,69.43333333333328
"2005-01-01","Oberösterreich",10.933333333333334,-13.733333333333334,,75.10000000000002,-0.2053763440860215,78.06666666666665
"2005-01-01","Salzburg",5.933333333333334,-22.266666666666666,,99.00000000000003,-7.469041218637991,118.54444444444445
"2005-01-01","Steiermark",11.633333333333333,-13.633333333333333,,121.93333333333334,-0.9497077864127317,15.133333333333335
"2005-01-01","Tirol",8.399999999999999,-14.366666666666667,,95.53333333333332,-3.5115143369175654,34.26666666666663
"2005-01-01","Vorarlberg",10.75,-14.45,,107.30000000000004,-0.09758064516128984,38.275000000000006
"2005-01-01","Wien",12.9,-9.899999999999999,27119,86.76666666666667,1.8724014336917574,51.46666666666668
"2005-02-01","Burgenland",8.8,-11.6,,114.1,-1.2391369047619065,56.800000000000004
"2005-02-01","Kärnten",5.966666666666667,-16.333333333333336,,129.26666666666665,-4.818700396825399,25.433333333333334
"2005-02-01","Niederösterreich",8.366666666666667,-18.7,,90.46666666666665,-2.8347718253968255,64.96666666666668
"2005-02-01","Oberösterreich",8.233333333333334,-14.566666666666666,,89.50000000000001,-2.3492063492063497,67.83333333333334
"2005-02-01","Salzburg",1.5000000000000002,-23,,86.36666666666666,-10.088144841269841,62.10000000000001
"2005-02-01","Steiermark",8.266666666666667,-17.166666666666664,,119.73333333333332,-2.534008768177929,46.63333333333334
"2005-02-01","Tirol",8.233333333333333,-13.166666666666666,,120.60000000000001,-2.288045634920633,54.56666666666664
"2005-02-01","Vorarlberg",9.25,-12.2,,94.80000000000001,-1.4749824929971977,64.67499999999998
"2005-02-01","Wien",9.333333333333334,-13.266666666666667,12438,88.93333333333331,-1.3358891904998462,75.16666666666667
"2005-03-01","Burgenland",22.7,-10.3,,208.8,4.5540915395284305,17.9
"2005-03-01","Kärnten",18.166666666666664,-19.566666666666666,,185.86666666666667,1.028196942252331,23.96666666666667
"2005-03-01","Niederösterreich",17.833333333333336,-19.299999999999997,,172.00000000000006,1.865973185390661,42.733333333333334
"2005-03-01","Oberösterreich",18.53333333333333,-17.166666666666664,,172.9,2.528261286262773,21.777777777777782
"2005-03-01","Salzburg",9.999999999999998,-24.3,,149.66666666666666,-3.8384382503392813,63.81111111111112
"2005-03-01","Steiermark",21.366666666666667,-17.000000000000004,,189.13333333333333,3.16319926028664,28.566666666666666
"2005-03-01","Tirol",20.1,-16.966666666666665,,174.26666666666668,3.709338881183543,30.56666666666668
"2005-03-01","Vorarlberg",20.799999999999997,-14.55,,157.50000000000009,5.597512415551877,46.699999999999996
"2005-03-01","Wien",19.933333333333334,-13.799999999999999,25993,198.23333333333332,3.8575127138233913,17.13333333333333
"2005-04-01","Burgenland",23.6,-0.6,,234.79999999999995,12.007757404795495,41.2
"2005-04-01","Kärnten",18.966666666666665,-4.7333333333333325,,179.46666666666673,6.027286776212837,109.89999999999992
"2005-04-01","Niederösterreich",20.46666666666667,-4.333333333333333,,182.43333333333328,8.981224466109559,87.93333333333334
"2005-04-01","Oberösterreich",21.066666666666666,-2.1333333333333333,,193.59999999999997,9.768240740740746,95.41111111111111
"2005-04-01","Salzburg",9.666666666666668,-9.766666666666666,,147.86666666666662,0.2406018518518518,125.14444444444442
"2005-04-01","Steiermark",22.866666666666664,-2.1333333333333333,,210.19999999999993,9.939814814814811,72.96666666666668
"2005-04-01","Tirol",24.733333333333334,-1.6666666666666665,,172.66666666666657,9.603721007027,72.5
"2005-04-01","Vorarlberg",23.9,0.44999999999999996,,169.89999999999995,10.325416666666671,89.75
"2005-04-01","Wien",21.833333333333336,-1.7666666666666666,73856,211.23333333333332,11.008842592592597,35.06666666666666
"2005-05-01","Burgenland",33.8,4.5,,294.0999999999999,16.58489795918368,58.30000000000003
"2005-05-01","Kärnten",28.633333333333333,-0.7000000000000001,,242.43333333333325,11.971164580762668,88.26666666666668
"2005-05-01","Niederösterreich",31.06666666666667,-0.4333333333333334,,213.9666666666667,13.436894889208128,109.49999999999997
"2005-05-01","Oberösterreich",30.33333333333333,0.8000000000000002,,270.4333333333332,13.886376900674549,88.66666666666667
"2005-05-01","Salzburg",19.066666666666666,-6.533333333333334,,185.4666666666666,5.171370967741937,149.6333333333333
"2005-05-01","Steiermark",31.866666666666667,1.4666666666666668,,259.2,15.146684587813633,62.56666666666666
"2005-05-01","Tirol",32.23333333333333,0.8333333333333333,,236.53333333333345,14.504077060931905,93.83333333333333
"2005-05-01","Vorarlberg",29.15,2.65,,224.9,14.570698924731184,114.34999999999998
"2005-05-01","Wien",33.333333333333336,2.533333333333333,110174,281.3666666666667,15.380241935483879,61.06666666666669
"2005-06-01","Burgenland",33.1,8.6,,271.59999999999997,19.707916666666677,31.700000000000003
"2005-06-01","Kärnten",28.766666666666666,1.1666666666666665,,215.80000000000007,14.897731481481479,80.16666666666667
"2005-06-01","Niederösterreich",29.866666666666667,5.633333333333334,,183.63333333333344,16.547731481481488,71.43333333333332
"2005-06-01","Oberösterreich",29.966666666666665,5.933333333333334,,235.03333333333333,17.06362303290415,52.688888888888904
"2005-06-01","Salzburg",20.066666666666666,-4.7333333333333325,,155.99999999999994,8.167175925925928,103.08888888888892
"2005-06-01","Steiermark",31.53333333333333,6.533333333333333,,248.13333333333338,18.160231481481475,63.83333333333334
"2005-06-01","Tirol",33.566666666666656,4.3,,215.66666666666674,17.972175925925928,65.53333333333333
"2005-06-01","Vorarlberg",31.15,4.1,,271.1000000000001,18.642629990714944,104.075
"2005-06-01","Wien",31.4,7.4,133058,258.8666666666668,18.59100592747559,48.90000000000002
"2005-07-01","Burgenland",35.8,10.8,,254.3000000000001,21.513176144244095,51.69999999999999
"2005-07-01","Kärnten",29.5,5.066666666666666,,200.9333333333333,15.957191149710821,209.1333333333332
"2005-07-01","Niederösterreich",33.9,7.333333333333334,,164.33333333333331,18.151410078594537,154.16666666666654
"2005-07-01","Oberösterreich",34.13333333333333,7.566666666666666,,207.43333333333325,18.618632524520404,140.75555555555553
"2005-07-01","Salzburg",23.133333333333333,-1.8333333333333335,,174.13333333333333,9.489577896092147,275.5666666666666
"2005-07-01","Steiermark",32.733333333333334,7.300000000000001,,211.46666666666673,19.21054091539528,192.9666666666666
"2005-07-01","Tirol",33.93333333333333,7.699999999999999,,202.6,18.272954230235786,99.23333333333326
"2005-07-01","Vorarlberg",31.75,8.5,,195.74999999999997,18.880939331573533,174.29999999999993
"2005-07-01","Wien",35.16666666666667,10.666666666666666,147700,232.86666666666667,20.308876560332877,75.33333333333334
"2005-08-01","Burgenland",31.8,11.2,,197.29999999999995,19.24641407307172,139.89999999999995
"2005-08-01","Kärnten",23.96666666666667,3.5666666666666664,,151.0666666666666,13.715854371201482,246.2333333333332
"2005-08-01","Niederösterreich",28.000000000000004,5.933333333333334,,152.76666666666662,15.990548575219309,151.59999999999988
"2005-08-01","Oberösterreich",28.4,7.633333333333333,,185.63333333333327,16.64923835125448,84.42222222222219
"2005-08-01","Salzburg",17.2,-2.2666666666666666,,127.8,7.6673486860244076,191.1111111111111
"2005-08-01","Steiermark",28.233333333333334,5.966666666666667,,163.6,17.1739263010946,221.9999999999999
"2005-08-01","Tirol",28.366666666666667,5.6,,176,16.250492831541226,168.93333333333328
"2005-08-01","Vorarlberg",25.5,8.4,,180.29999999999995,16.63696236559139,243.57499999999993
"2005-08-01","Wien",29.8,9.533333333333333,150946,203.83333333333334,18.27029569892474,96.29999999999998
"2005-09-01","Burgenland",28.9,7.7,,210.10000000000005,17.273611111111116,57.000000000000014
"2005-09-01","Kärnten",23.700000000000003,3.3666666666666667,,159.50000000000006,12.018630878792559,127.33333333333329
"2005-09-01","Niederösterreich",26.8,3.8666666666666667,,156.3333333333333,14.168935185185186,75.36666666666667
"2005-09-01","Oberösterreich",27.633333333333333,5.1,,181.9,15.125370370370364,73.90000000000002
"2005-09-01","Salzburg",16.366666666666664,-3.433333333333333,,127.39999999999996,7.12668214175178,168.37777777777774
"2005-09-01","Steiermark",28.099999999999998,6.8,,177.56666666666666,15.346182020628238,84.79999999999998
"2005-09-01","Tirol",29.03333333333334,5.6000000000000005,,181.0666666666666,15.16449074074075,66
"2005-09-01","Vorarlberg",28.7,6.4,,198.9499999999999,16.306250000000006,35.85
"2005-09-01","Wien",28.366666666666664,6.466666666666666,136265,196.53333333333333,16.26800925925926,49.86666666666668
"2005-10-01","Burgenland",22.2,-0.1,,187.10000000000005,11.768279569892472,0.9000000000000001
"2005-10-01","Kärnten",17.96666666666666,-2.1333333333333333,,142.99999999999997,7.605152329749106,85.06666666666665
"2005-10-01","Niederösterreich",20.166666666666668,-1.0666666666666669,,176.26666666666665,9.126210161774681,10
"2005-10-01","Oberösterreich",20.433333333333334,-0.6333333333333334,,196.36666666666667,10.187544802867384,5.0888888888888895
"2005-10-01","Salzburg",13.6,-5.233333333333333,,195.60000000000002,5.580439723752074,36.466666666666676
"2005-10-01","Steiermark",20.766666666666666,-1.2,,159.60000000000002,10.146774193548383,26.466666666666665
"2005-10-01","Tirol",20.23333333333333,-0.33333333333333326,,186.56666666666672,9.561701529464685,56.3333333333333
"2005-10-01","Vorarlberg",21.65,3.6000000000000005,,177.24999999999991,10.799529569892476,44.825
"2005-10-01","Wien",21.4,-1.5,103346,180.79999999999995,10.663933691756272,4.166666666666667
"2005-11-01","Burgenland",14.8,-5.8,,69.3,4.3411764705882385,44.600000000000016
"2005-11-01","Kärnten",12.899999999999999,-8.933333333333335,,89.63333333333328,0.8699838166974077,66.46666666666668
"2005-11-01","Niederösterreich",13.9,-11.966666666666667,,48.06666666666666,2.2795553399461195,38.13333333333336
"2005-11-01","Oberösterreich",13.233333333333333,-9.966666666666667,,34.733333333333334,2.486829799670549,26.8
"2005-11-01","Salzburg",11.133333333333333,-16.66666666666667,,98,-2.858001089324618,69.64444444444446
"2005-11-01","Steiermark",14.900000000000002,-5.3,,54.333333333333336,3.310377809660451,26.700000000000014
"2005-11-01","Tirol",15.366666666666667,-9.733333333333333,,90,2.22257293161167,40.666666666666664
"2005-11-01","Vorarlberg",18.6,-7.2,,70.70000000000002,3.9952654232424694,33.075
"2005-11-01","Wien",14.366666666666667,-6.133333333333334,61621,54.66666666666668,3.902534672405546,24.233333333333338
"2005-12-01","Burgenland",10.5,-8.9,,77.29999999999997,1.0540322580645158,53.20000000000006
"2005-12-01","Kärnten",3.966666666666667,-14.333333333333334,,82.73333333333332,-4.468793385818413,60.366666666666724
"2005-12-01","Niederösterreich",7.033333333333334,-15.333333333333334,,53.43333333333333,-1.0310931899641573,56.23333333333332
"2005-12-01","Oberösterreich",5.033333333333333,-12.766666666666667,,39.76666666666667,-1.3084229390681,39.222222222222236
"2005-12-01","Salzburg",1.7666666666666666,-20.1,,85.19999999999999,-8.249507168458779,116.84444444444446
"2005-12-01","Steiermark",7.166666666666667,-13.833333333333332,,82.33333333333334,-0.9621603813285622,41.033333333333346
"2005-12-01","Tirol",6.533333333333333,-15.966666666666667,,66.76666666666668,-2.7238351254480295,59.666666666666664
"2005-12-01","Vorarlberg",11.149999999999999,-12.649999999999999,,66.10000000000001,-0.4535618279569896,69.22500000000002
"2005-12-01","Wien",7.5,-10.566666666666668,26722,67.36666666666667,0.38830645161290334,72.93333333333335
"2006-01-01","Burgenland",7.7,-16.9,,100.29999999999998,-3.1698924731182774,57.800000000000004
"2006-01-01","Kärnten",6.533333333333333,-18.833333333333336,,126.73333333333335,-5.677688172043006,32.73333333333335
"2006-01-01","Niederösterreich",5.566666666666666,-20.933333333333334,,95.86666666666666,-5.304012399496272,50.46666666666668
"2006-01-01","Oberösterreich",4.5,-17.333333333333336,,78.1,-5.054390681003584,50.788888888888906
"2006-01-01","Salzburg",3.2,-18.6,,141.2,-6.967383512544804,48.3888888888889
"2006-01-01","Steiermark",6.866666666666666,-17.9,,101.16666666666667,-4.5382560408496015,22.566666666666674
"2006-01-01","Tirol",5.633333333333333,-16.833333333333332,,117.23333333333335,-5.497849462365594,38.53333333333333
"2006-01-01","Vorarlberg",8.600000000000001,-12.4,,91.74999999999996,-3.472916666666667,26.025000000000002
"2006-01-01","Wien",5.866666666666667,-16.96666666666667,14566,109.26666666666667,-3.6398297491039417,45.20000000000003
"2006-02-01","Burgenland",12.8,-10.1,,83.20000000000006,-0.1561011904761903,36.10000000000002
"2006-02-01","Kärnten",7.633333333333333,-14.533333333333333,,120.46666666666667,-3.3976190476190475,38.83333333333335
"2006-02-01","Niederösterreich",10.200000000000001,-15.76666666666667,,86.13333333333337,-1.8946924603174606,34.0666666666667
"2006-02-01","Oberösterreich",8.799999999999999,-14.466666666666667,,66.00000000000001,-2.0342757936507936,41.16666666666668
"2006-02-01","Salzburg",5.566666666666666,-18.566666666666666,,109.46666666666665,-6.5421428571428555,57.82222222222221
"2006-02-01","Steiermark",11.433333333333332,-12.733333333333333,,115.3666666666667,-0.5644841269841263,19.466666666666676
"2006-02-01","Tirol",8.966666666666665,-13.133333333333335,,107.4,-1.5294146825396824,39.83333333333334
"2006-02-01","Vorarlberg",11.65,-10.55,,62.59999999999997,0.3490327380952377,41.5
"2006-02-01","Wien",10.766666666666666,-12.200000000000001,1640,91.46666666666667,-0.6986607142857142,32.700000000000024
"2006-03-01","Burgenland",23.2,-3.7,,148.29999999999998,4.274895977808598,51.500000000000014
"2006-03-01","Kärnten",14.899999999999999,-13.066666666666666,,140.46666666666664,-0.2920018492834032,65.93333333333334
"2006-03-01","Niederösterreich",19.833333333333336,-10.866666666666665,,109.99999999999999,1.6139093080597944,75.60000000000002
"2006-03-01","Oberösterreich",17.9,-10.533333333333333,,82.06666666666668,1.4661473925269723,109.16666666666669
"2006-03-01","Salzburg",8.9,-19.833333333333332,,125.33333333333327,-6.348079543518992,113.4888888888889
"2006-03-01","Steiermark",22.4,-9.333333333333332,,150.59999999999997,3.2542764678686997,28.766666666666673
"2006-03-01","Tirol",21.233333333333334,-10.166666666666668,,144.33333333333334,2.5851132686084153,48.23333333333334
"2006-03-01","Vorarlberg",22.5,-11.05,,116.65,3.4396033734508524,117.05
"2006-03-01","Wien",22,-5.333333333333334,11433,127.70000000000005,3.58580674988442,68.5666666666667
"2006-04-01","Burgenland",25.8,0.5,,192.19999999999987,12.451666666666673,61.4
"2006-04-01","Kärnten",19.7,-6.233333333333333,,155.90000000000003,6.50793935350437,145.66666666666666
"2006-04-01","Niederösterreich",23.033333333333335,-3.533333333333333,,165.43333333333328,9.065879629629627,73.06666666666668
"2006-04-01","Oberösterreich",22.9,-2.3666666666666667,,171.89999999999998,9.381250000000001,79.37777777777777
"2006-04-01","Salzburg",10.066666666666666,-12.433333333333334,,132.66666666666663,-0.90043350643044,158.68888888888887
"2006-04-01","Steiermark",23.73333333333333,-2.833333333333334,,171.40000000000003,10.354212962962965,94.76666666666668
"2006-04-01","Tirol",23.166666666666664,-2.1333333333333333,,166.1,9.334212962962964,90.76666666666667
"2006-04-01","Vorarlberg",21.55,-1.5,,155.25,9.539027777777775,155.325
"2006-04-01","Wien",25.433333333333334,-1.1999999999999997,71391,200.8666666666667,11.333935185185185,61.933333333333366
"2006-05-01","Burgenland",26.1,4.9,,240.59999999999994,15.48655913978495,84.5
"2006-05-01","Kärnten",23.833333333333336,0.3666666666666667,,188.49999999999994,10.451433691756264,126.6333333333333
"2006-05-01","Niederösterreich",24.500000000000004,1.6666666666666665,,172.19999999999987,12.777542293399845,92.46666666666664
"2006-05-01","Oberösterreich",25.366666666666664,3.3333333333333335,,211.8333333333333,13.619623655913975,98.96666666666668
"2006-05-01","Salzburg",14.766666666666667,-6.166666666666666,,159.26666666666662,3.039483197315691,172.55555555555554
"2006-05-01","Steiermark",26.099999999999998,3.3333333333333335,,207.7333333333334,13.844623655913974,112.6
"2006-05-01","Tirol",26.766666666666666,2.6333333333333333,,192.53333333333333,13.54891236340885,90.2
"2006-05-01","Vorarlberg",27.45,3.25,,182.60000000000002,14.359744623655917,188.92499999999998
"2006-05-01","Wien",24.700000000000003,4.033333333333333,110692,230.46666666666667,14.548655913978493,84.8
"2006-06-01","Burgenland",33,7.1,,281.10000000000014,19.805277777777757,72.89999999999999
"2006-06-01","Kärnten",29.733333333333334,-0.06666666666666671,,229.1666666666666,15.048397796530713,49.43333333333334
"2006-06-01","Niederösterreich",30.933333333333334,3.7666666666666666,,181.26666666666665,16.485163398692812,137.79999999999998
"2006-06-01","Oberösterreich",30.966666666666665,5,,230.33333333333337,17.52560185185185,108.5111111111111
"2006-06-01","Salzburg",20.133333333333333,-5.466666666666667,,183.0333333333334,6.862990740740742,193.79999999999995
"2006-06-01","Steiermark",33.03333333333333,3.3333333333333335,,240.0333333333333,18.14650972445716,90.43333333333332
"2006-06-01","Tirol",32.46666666666667,2.833333333333333,,236.9666666666667,17.33092592592593,86.16666666666667
"2006-06-01","Vorarlberg",31.200000000000003,4.4,,277.4,18.279722222222198,48.67500000000002
"2006-06-01","Wien",31.299999999999997,7.066666666666667,127173,257.86666666666684,18.712175925925923,80.26666666666668
"2006-07-01","Burgenland",36.7,14.4,,351.80000000000007,24.61345353675452,4.5
"2006-07-01","Kärnten",31.666666666666668,8.4,,248.23333333333335,18.56953305594083,54.166666666666664
"2006-07-01","Niederösterreich",32.833333333333336,7.566666666666666,,243.70000000000007,20.35349052242257,46.433333333333344
"2006-07-01","Oberösterreich",32.93333333333333,10.433333333333332,,311.5,21.70743640602707,55.26666666666667
"2006-07-01","Salzburg",21.666666666666664,3.6666666666666665,,224.36666666666676,11.085711214765308,137.12222222222223
"2006-07-01","Steiermark",33.199999999999996,10.066666666666668,,287.3,21.468562182154407,73.53333333333333
"2006-07-01","Tirol",35,10.733333333333333,,294.03333333333336,21.66453999075357,45.66666666666667
"2006-07-01","Vorarlberg",32.3,14.25,,329.5,22.96223547044875,105.525
"2006-07-01","Wien",35.1,12.566666666666668,162288,338.59999999999985,23.34505532178315,32.36666666666667
"2006-08-01","Burgenland",31.1,10.9,,189.70000000000007,18.530913978494592,128.6
"2006-08-01","Kärnten",24.9,5.133333333333333,,156.46666666666667,13.027553763440865,151.76666666666657
"2006-08-01","Niederösterreich",28.533333333333335,7.300000000000001,,140.26666666666662,15.485797491039435,191.56666666666655
"2006-08-01","Oberösterreich",28.76666666666667,8.266666666666666,,169.03333333333327,15.844086021505374,155.6777777777777
"2006-08-01","Salzburg",17.433333333333334,-1.8333333333333333,,83.83333333333331,5.572205873662626,253.0333333333334
"2006-08-01","Steiermark",30.299999999999997,8.833333333333334,,177.0666666666667,16.619438175730483,129.2333333333333
"2006-08-01","Tirol",28.799999999999997,7.466666666666667,,143.33333333333331,15.300000000000004,143.29999999999993
"2006-08-01","Vorarlberg",26.2,7.8,,120.64999999999995,15.549529569892469,257.5749999999999
"2006-08-01","Wien",31,10.1,150769,201.23333333333335,17.43230286738353,190.9
"2006-09-01","Burgenland",29.9,9.4,,274.00000000000006,18.814999999999994,6.900000000000001
"2006-09-01","Kärnten",27.63333333333333,4.2333333333333325,,218.7666666666666,13.61892613283674,45.10000000000002
"2006-09-01","Niederösterreich",27.23333333333333,4.633333333333332,,216.1,15.584675925925918,25.86666666666667
"2006-09-01","Oberösterreich",27.200000000000003,6.033333333333333,,236.73333333333335,16.87268518518518,24.444444444444446
"2006-09-01","Salzburg",18.833333333333336,-0.4666666666666668,,206.19999999999993,8.063660884658711,51.34444444444446
"2006-09-01","Steiermark",30.76666666666667,5.933333333333334,,231.6666666666667,16.397453703703707,54.10000000000001
"2006-09-01","Tirol",31.166666666666664,4.833333333333334,,221.39999999999995,16.843518518518522,59.06666666666666
"2006-09-01","Vorarlberg",27.450000000000003,7.9,,193.14999999999992,17.472569444444453,110.07499999999997
"2006-09-01","Wien",28.233333333333334,7.466666666666667,133619,265.6666666666667,17.62756604506604,22.699999999999996
"2006-10-01","Burgenland",27.2,-0.4,,229.50000000000003,13.682123655913992,19.700000000000003
"2006-10-01","Kärnten",21.333333333333332,-0.5666666666666667,,170.29999999999993,9.1078512326548,56.100000000000016
"2006-10-01","Niederösterreich",23.666666666666664,-2.6333333333333337,,171.5,10.636066308243722,27.733333333333334
"2006-10-01","Oberösterreich",24.133333333333336,-0.33333333333333337,,171.46666666666667,11.04560931899642,14.155555555555555
"2006-10-01","Salzburg",15.633333333333333,-3.8000000000000003,,184.76666666666665,4.869562769965997,87.98888888888885
"2006-10-01","Steiermark",25.866666666666667,-0.16666666666666669,,185.40000000000003,11.501568100358423,54.033333333333346
"2006-10-01","Tirol",23.866666666666667,1.8333333333333333,,179.56666666666666,11.407706093189967,46.26666666666668
"2006-10-01","Vorarlberg",22.25,4.55,,166.59999999999997,13.120631720430106,48.975000000000016
"2006-10-01","Wien",26.366666666666667,-0.5,112734,204.29999999999993,12.433557347670247,13.366666666666665
"2006-11-01","Burgenland",17.5,-1.9,,67.69999999999997,8.028837876614059,26.50000000000001
"2006-11-01","Kärnten",15.83333333333333,-7.433333333333333,,126.36666666666667,3.8689830837809214,37.53333333333333
"2006-11-01","Niederösterreich",17.166666666666668,-3.5999999999999996,,61.43333333333334,5.958488761358202,64.33333333333334
"2006-11-01","Oberösterreich",15.533333333333333,-3.7999999999999994,,56.433333333333344,5.737470641373082,34.122222222222234
"2006-11-01","Salzburg",11.233333333333334,-13.099999999999998,,111.4333333333333,-0.6354045978405087,112.28888888888889
"2006-11-01","Steiermark",18.266666666666666,-4.133333333333333,,91.43333333333334,5.7673362027737936,32.333333333333336
"2006-11-01","Tirol",17.400000000000002,-4.2,,106.99999999999999,4.734385461501673,42.83333333333332
"2006-11-01","Vorarlberg",20.799999999999997,-1.15,,100.00000000000001,7.74133668101387,40.725
"2006-11-01","Wien",18.466666666666665,-1.6333333333333333,70387,50.1,7.923433763749402,23.933333333333337
"2006-12-01","Burgenland",16.6,-5.7,,55.600000000000016,3.44354838709678,10.9
"2006-12-01","Kärnten",9.333333333333332,-7.933333333333333,,94.43333333333332,0.13097184886499427,28.90000000000001
"2006-12-01","Niederösterreich",14.5,-8.133333333333333,,83.06666666666668,1.8320340501792103,9.266666666666664
"2006-12-01","Oberösterreich",14.533333333333335,-7.266666666666667,,75.60000000000002,1.8884856630824374,12.944444444444445
"2006-12-01","Salzburg",8.7,-13.8,,114.83333333333334,-2.97536937580022,37.6888888888889
"2006-12-01","Steiermark",14.9,-7,,93.80000000000001,1.0492383512544778,15.1
"2006-12-01","Tirol",14.5,-8.5,,110.39999999999998,-0.14560931899641555,34.10000000000002
"2006-12-01","Vorarlberg",19.549999999999997,-6.55,,104.49999999999999,1.84899193548387,59.375000000000014
"2006-12-01","Wien",15.433333333333334,-7.466666666666667,52226,61.90000000000001,3.1505824372759856,14.833333333333332
"2007-01-01","Burgenland",19.2,-6.4,,74.5,5.4293010752688176,41.80000000000001
"2007-01-01","Kärnten",13.266666666666667,-10.299999999999999,,134.13333333333335,0.5595878136200706,42.09999999999999
"2007-01-01","Niederösterreich",16.866666666666664,-12.4,,60.933333333333344,4.1584229390681,84.16666666666663
"2007-01-01","Oberösterreich",16.166666666666668,-10.633333333333333,,51.06666666666667,3.7927419354838725,82.54444444444442
"2007-01-01","Salzburg",7.966666666666666,-17.3,,83.06666666666666,-4.063372179725227,141.03333333333333
"2007-01-01","Steiermark",16.433333333333334,-7.333333333333334,,111.4,2.6748207885304645,45.466666666666676
"2007-01-01","Tirol",15.566666666666668,-10.5,,86.33333333333331,1.465725806451612,66.36666666666666
"2007-01-01","Vorarlberg",15.799999999999999,-7.35,,57.450000000000024,4.238575268817207,70.84999999999998
"2007-01-01","Wien",18.866666666666667,-8.4,40922,75.06666666666666,5.6811827956989225,45.93333333333335
"2007-02-01","Burgenland",13.9,-0.6,,106.6,5.703422619047617,44.1
"2007-02-01","Kärnten",11.366666666666667,-5.933333333333334,,154.86666666666665,1.457642035918093,37.333333333333336
"2007-02-01","Niederösterreich",13.200000000000001,-4.466666666666667,,105.23333333333333,3.956498015873015,49.36666666666667
"2007-02-01","Oberösterreich",13.433333333333334,-3.4000000000000004,,97.23333333333333,4.290674603174606,40.166666666666664
"2007-02-01","Salzburg",4.633333333333333,-11,,125.96666666666668,-4.074865810359231,94.86666666666666
"2007-02-01","Steiermark",14.433333333333332,-4.333333333333333,,124.03333333333329,4.370486111111111,26.500000000000004
"2007-02-01","Tirol",15.066666666666666,-6.666666666666666,,137.7333333333333,3.060100049085707,44.06666666666666
"2007-02-01","Vorarlberg",14.55,-3.05,,114.30000000000001,4.894940476190477,49.45000000000001
"2007-02-01","Wien",14.066666666666668,-2.3,38506,104.40000000000002,5.182291666666664,61.16666666666666
"2007-03-01","Burgenland",19.5,0.5,,179.2,8.483079056865463,73.29999999999997
"2007-03-01","Kärnten",15.433333333333332,-7.566666666666667,,166.56666666666666,3.0967358731360695,87.99999999999996
"2007-03-01","Niederösterreich",18.466666666666665,-3.8,,162.83333333333334,5.782061950993988,77.9
"2007-03-01","Oberösterreich",16.76666666666667,-2.4333333333333336,,162.29999999999998,6.512969839778482,70.82222222222222
"2007-03-01","Salzburg",7.833333333333331,-13.566666666666666,,155.7333333333333,-3.69607979814371,126.85555555555554
"2007-03-01","Steiermark",20.366666666666667,-2.4333333333333336,,171.83333333333331,6.900391939603851,80.73333333333335
"2007-03-01","Tirol",21.066666666666666,-4.6,,178.5666666666667,5.811373092926494,66.89999999999999
"2007-03-01","Vorarlberg",16.05,-2.15,,183.65000000000003,6.275461948011277,92.67499999999997
"2007-03-01","Wien",18.733333333333334,-0.16666666666666663,55677,170.76666666666665,7.532639852057327,79.5
"2007-04-01","Burgenland",26.1,1,,336.39999999999986,14.27625,0
"2007-04-01","Kärnten",21.833333333333332,-2.166666666666667,,255.46666666666664,9.80074074074074,17.7
"2007-04-01","Niederösterreich",24.96666666666667,-3.233333333333334,,281.9333333333334,11.021898148148145,1.2333333333333334
"2007-04-01","Oberösterreich",25.266666666666666,-1.2,,310.9000000000001,12.50703703703703,-4.922222222222222
"2007-04-01","Salzburg",12.866666666666667,-6.7666666666666675,,266.03333333333336,2.861209196484619,-3.322222222222223
"2007-04-01","Steiermark",25.7,-0.7333333333333333,,292.4333333333333,12.472175925925924,13.133333333333335
"2007-04-01","Tirol",27.233333333333334,0.2666666666666666,,285.06666666666666,13.299758014316836,3.766666666666666
"2007-04-01","Vorarlberg",25.9,0.8500000000000001,,295.6499999999999,13.642916666666665,3
"2007-04-01","Wien",25.366666666666667,-0.3,85368,313.9666666666667,12.890046296296301,0.9333333333333332
"2007-05-01","Burgenland",32.3,2.7,,288.50000000000006,17.682526881720467,57.50000000000002
"2007-05-01","Kärnten",26.266666666666666,1.5666666666666667,,208.49999999999997,12.372206083219915,107.46666666666665
"2007-05-01","Niederösterreich",29.5,-0.9333333333333333,,222.1666666666667,14.592069892473122,112.8333333333333
"2007-05-01","Oberösterreich",28.633333333333333,3.4,,245.4,15.299219839167954,99.43333333333331
"2007-05-01","Salzburg",17.633333333333336,-5.233333333333333,,172.20000000000002,4.539987922705314,135.95555555555555
"2007-05-01","Steiermark",30.1,4.066666666666666,,227.36666666666667,15.723168117183409,90.13333333333331
"2007-05-01","Tirol",30.699999999999996,3.466666666666667,,225.83333333333334,15.233296322268977,120.1
"2007-05-01","Vorarlberg",28.950000000000003,5.8,,214.74999999999994,15.592405913978492,163.52499999999998
"2007-05-01","Wien",30.333333333333332,1,121621,264.8,16.330958781362032,89.19999999999999
"2007-06-01","Burgenland",34.4,12,,272.89999999999986,21.86430555555553,60.400000000000006
"2007-06-01","Kärnten",29,6.533333333333334,,204.70000000000005,15.604120370370373,117.29999999999994
"2007-06-01","Niederösterreich",31.999999999999996,6.866666666666666,,222.79999999999995,18.530509259259247,83.13333333333331
"2007-06-01","Oberösterreich",32.400000000000006,8.766666666666667,,262.5666666666668,19.37814814814815,69.64444444444443
"2007-06-01","Salzburg",20.8,0.5333333333333334,,155.29999999999998,8.000287037037037,210.1888888888889
"2007-06-01","Steiermark",32.36666666666667,8.566666666666666,,236.8,19.377126399655488,81.16666666666663
"2007-06-01","Tirol",32.03333333333333,7.866666666666666,,212.86666666666662,18.05910982184716,104.96666666666663
"2007-06-01","Vorarlberg",28.55,10.3,,219.64999999999986,18.41840277777778,135.79999999999995
"2007-06-01","Wien",34.53333333333334,9.166666666666668,148745,273.53333333333336,20.608518518518522,45.866666666666674
"2007-07-01","Burgenland",39,11,,304.8999999999999,22.64590846047158,55.7
"2007-07-01","Kärnten",31.03333333333333,4.6,,278.00000000000006,16.81635626547112,142.69999999999996
"2007-07-01","Niederösterreich",35.13333333333334,5.6000000000000005,,211.6000000000001,18.977730952821545,78.29999999999998
"2007-07-01","Oberösterreich",33.56666666666666,7.833333333333334,,246.58750000000003,19.269092377405894,117.29999999999997
"2007-07-01","Salzburg",22.866666666666667,-2.033333333333333,,199.7666666666667,8.947020248791434,204.49999999999994
"2007-07-01","Steiermark",36.199999999999996,7.433333333333334,,278.86666666666673,20.212975526573153,106.59999999999998
"2007-07-01","Tirol",35.2,5.3,,243.10000000000005,19.07163724223895,121.46666666666663
"2007-07-01","Vorarlberg",33.1,9.6,,209.44999999999987,18.886726728753324,170.62499999999997
"2007-07-01","Wien",37.06666666666666,9.7,156211,291.69999999999993,21.45783633841886,61.13333333333333
"2007-08-01","Burgenland",35,12.3,,281.3000000000002,21.600403225806442,65.6
"2007-08-01","Kärnten",26.933333333333334,6.266666666666667,,203.4666666666667,15.36578643279448,123.89999999999998
"2007-08-01","Niederösterreich",30.7,6.166666666666667,,210.10000000000005,17.64914031353309,86.26666666666664
"2007-08-01","Oberösterreich",28.933333333333334,9,,219.10000000000008,18.159566105635893,72.58888888888887
"2007-08-01","Salzburg",18.5,0.16666666666666685,,164.43333333333337,8.250313597935879,155.14444444444447
"2007-08-01","Steiermark",32.233333333333334,8.566666666666666,,226.20000000000005,18.79160777819495,93.73333333333332
"2007-08-01","Tirol",30.73333333333333,8.3,,196.59999999999997,17.44794713843796,131.03333333333333
"2007-08-01","Vorarlberg",30.8,10.35,,200.95000000000005,18.12603966870095,229.39999999999986
"2007-08-01","Wien",32.86666666666667,10.466666666666667,161369,259.99999999999994,20.16348566308243,70.16666666666667
"2007-09-01","Burgenland",24.2,5.8,,185.4000000000001,14.568749999999989,142.09999999999994
"2007-09-01","Kärnten",21.06666666666667,1.2333333333333334,,203.59999999999997,10.172585387981645,117.16666666666666
"2007-09-01","Niederösterreich",24.533333333333335,1.0333333333333334,,151.13333333333335,11.835416666666672,241.5
"2007-09-01","Oberösterreich",22.766666666666666,3.8,,151.20000000000002,12.457175925925924,156.49999999999994
"2007-09-01","Salzburg",14.533333333333331,-4.833333333333334,,140.60000000000002,3.212042836792838,214.62222222222226
"2007-09-01","Steiermark",24.066666666666666,3.566666666666667,,181.93333333333334,12.941508391627353,124.2
"2007-09-01","Tirol",25.2,3.4,,176.16666666666669,12.241990740740734,139.49999999999994
"2007-09-01","Vorarlberg",25.65,5.449999999999999,,171.35000000000008,13.67013888888889,153.275
"2007-09-01","Wien",24.933333333333334,4.4,122685,174.63333333333335,13.520648148148139,213.2333333333332
"2007-10-01","Burgenland",22.6,0.8,,139.99999999999997,9.904576976421628,62.60000000000002
"2007-10-01","Kärnten",19.06666666666667,-3.2666666666666666,,129.93333333333328,6.148678960333664,60.266666666666694
"2007-10-01","Niederösterreich",21.666666666666668,-2.2,,109.16666666666664,7.548959778085992,66.16666666666669
"2007-10-01","Oberösterreich",20.833333333333332,-0.2,,113.4333333333333,8.261068607420004,30.68888888888889
"2007-10-01","Salzburg",13.7,-9.899999999999999,,138.36666666666667,0.8717941525269118,70.06666666666669
"2007-10-01","Steiermark",22.366666666666667,-1.1000000000000003,,116.93333333333332,8.813037447988904,45.70000000000001
"2007-10-01","Tirol",23.933333333333334,-0.7,,146.16666666666663,8.574017568192328,34.7
"2007-10-01","Vorarlberg",22.65,-0.75,,132.19999999999996,9.785124826629684,20.825000000000006
"2007-10-01","Wien",21.2,-0.7333333333333334,95451,120.1333333333333,8.947711511789182,73.4666666666667
"2007-11-01","Burgenland",15.8,-4.2,,77.8,4.0922222222222215,36.50000000000002
"2007-11-01","Kärnten",12.099999999999998,-7.633333333333334,,137.16666666666666,0.6713307493540043,25.76666666666667
"2007-11-01","Niederösterreich",14.1,-6.2,,47.03333333333333,2.448750000000001,99.16666666666661
"2007-11-01","Oberösterreich",11.433333333333334,-6.333333333333334,,46.050000000000004,1.9538888888888895,95.95555555555553
"2007-11-01","Salzburg",8.133333333333335,-14.866666666666667,,64.63333333333334,-4.162953703703703,133.96666666666664
"2007-11-01","Steiermark",15.233333333333333,-4.733333333333333,,95.23333333333332,3.2197941387989895,38.79999999999999
"2007-11-01","Tirol",14.833333333333334,-8.6,,87.96666666666667,1.9933333333333334,82.40000000000002
"2007-11-01","Vorarlberg",13,-8.8,,72.10000000000001,2.9728472222222218,61.22500000000002
"2007-11-01","Wien",15.3,-3.433333333333333,55576,64.53333333333335,3.6704629629629615,47.50000000000002
"2007-12-01","Burgenland",11.3,-5.3,,40.40000000000001,0.543951612903228,45.50000000000001
"2007-12-01","Kärnten",7.866666666666666,-11.7,,130.79999999999995,-2.0831087159968544,22.900000000000002
"2007-12-01","Niederösterreich",11.666666666666668,-11.266666666666667,,50.73333333333333,-0.9725358422939061,44.43333333333332
"2007-12-01","Oberösterreich",10.533333333333333,-8.833333333333334,,32.849999999999994,-0.2385304659498217,39.33333333333336
"2007-12-01","Salzburg",3.7999999999999994,-16.96666666666667,,90.93333333333334,-6.708271157925536,74.17777777777773
"2007-12-01","Steiermark",9.3,-9.866666666666665,,60.599999999999994,-1.311788510986442,39.100000000000016
"2007-12-01","Tirol",9.100000000000001,-10.433333333333334,,91.26666666666667,-1.4430979347747805,28.700000000000006
"2007-12-01","Vorarlberg",12.05,-8.5,,57.45000000000002,0.4471774193548378,84.375
"2007-12-01","Wien",12.066666666666666,-6.233333333333333,,27.400000000000002,0.595741677400059,64.39999999999998
"2008-01-01","Burgenland",15.1,-8,,71.70000000000002,3.34744623655914,31.000000000000018
"2008-01-01","Kärnten",12.700000000000001,-11.133333333333333,,113.96666666666664,-0.169399641577061,14.466666666666665
"2008-01-01","Niederösterreich",13.333333333333332,-7.000000000000001,,63.86666666666666,2.2672939068100364,47.00000000000001
"2008-01-01","Oberösterreich",10.866666666666667,-8.766666666666664,,67.20000000000002,1.244534050179212,29.455555555555556
"2008-01-01","Salzburg",5.033333333333334,-17.099999999999998,,102.10000000000002,-4.104609318996419,83.51111111111109
"2008-01-01","Steiermark",14.9,-7.466666666666667,,84.56666666666668,1.2557795698924725,8.966666666666669
"2008-01-01","Tirol",13.933333333333334,-12.766666666666666,,60.10000000000001,0.9750896057347674,49.80000000000001
"2008-01-01","Vorarlberg",15.899999999999999,-9,,110.85,3.357594086021503,59.40000000000002
"2008-01-01","Wien",13.166666666666666,-7.266666666666667,22087,56.300000000000004,3.2315860215053767,36.56666666666668
"2008-02-01","Burgenland",19.7,-8.1,,125.39999999999998,4.749034175334326,4.7
"2008-02-01","Kärnten",15.333333333333334,-12.733333333333334,,197.3666666666667,0.9452699356116886,13.200000000000001
"2008-02-01","Niederösterreich",18.733333333333334,-11.933333333333334,,128.36666666666665,2.6311045071817727,14.466666666666663
"2008-02-01","Oberösterreich",16.466666666666665,-9.233333333333333,,141.09999999999997,2.785381405384479,17.477777777777774
"2008-02-01","Salzburg",9.100000000000001,-15.966666666666665,,163.6,-4.425899272829298,35.93333333333333
"2008-02-01","Steiermark",20.66666666666667,-10.433333333333334,,157.26666666666662,3.050866765725607,6.466666666666666
"2008-02-01","Tirol",20,-8.3,,171.18888888888887,2.7116889549281824,15.122222222222225
"2008-02-01","Vorarlberg",16.9,-6.699999999999999,,171.15,3.722065378900444,31.850000000000016
"2008-02-01","Wien",18.36666666666667,-10.433333333333334,,126.10000000000001,4.18558692421991,8.3
"2008-03-01","Burgenland",19.6,-3.4,,155.59999999999988,6.8426075268817215,47.4
"2008-03-01","Kärnten",15.100000000000001,-9.833333333333334,,147.46666666666667,1.5121863799283157,71.73333333333335
"2008-03-01","Niederösterreich",17.766666666666666,-6.199999999999999,,124,4.469578853046593,59.36666666666667
"2008-03-01","Oberösterreich",17.633333333333336,-5.9,,127.20000000000005,4.485931899641576,89.95555555555549
"2008-03-01","Salzburg",7.033333333333334,-17.633333333333333,,98.03333333333332,-5.396241232542333,190.79999999999993
"2008-03-01","Steiermark",19.633333333333333,-5.166666666666666,,147.16666666666669,5.656362007168459,43.70000000000002
"2008-03-01","Tirol",20.099999999999998,-8.566666666666666,,126.42222222222222,4.482616487455197,79.24444444444441
"2008-03-01","Vorarlberg",22,-6.9,,115.40000000000003,5.260080645161288,109.29999999999997
"2008-03-01","Wien",17.933333333333337,-2.8,,148.10000000000002,6.248118279569894,54.53333333333337
"2008-04-01","Burgenland",24.1,2.7,,229.40000000000012,11.9026388888889,22.299999999999997
"2008-04-01","Kärnten",17.633333333333333,-3.9333333333333336,,162.1999999999999,5.741944444444442,56.433333333333344
"2008-04-01","Niederösterreich",22.333333333333336,-3.3,,174.86666666666665,8.673750000000005,67.63333333333331
"2008-04-01","Oberösterreich",21.266666666666666,-2.8,,173.39999999999992,9.077685185185189,97.63333333333328
"2008-04-01","Salzburg",8.366666666666665,-10.933333333333334,,106.10000000000002,-1.8237765487805393,171.07777777777773
"2008-04-01","Steiermark",22.133333333333333,-1.0666666666666664,,190.23333333333332,9.914537037037038,48.80000000000001
"2008-04-01","Tirol",22.766666666666666,-3.2666666666666666,,145.67777777777775,8.631944444444443,108.35555555555551
"2008-04-01","Vorarlberg",22.05,-1.85,,129.25000000000006,8.776875000000004,166.89999999999992
"2008-04-01","Wien",24.03333333333333,-0.2,76183,202.8666666666667,10.658981481481483,54.86666666666668
"2008-05-01","Burgenland",31.6,7.8,,311.1,17.169220430107536,27.7
"2008-05-01","Kärnten",28,1.7999999999999998,,245.16666666666669,12.324910394265228,79.63333333333334
"2008-05-01","Niederösterreich",29.5,2.3000000000000003,,230.36666666666662,13.956182795698918,49.6
"2008-05-01","Oberösterreich",30.46666666666667,4.533333333333333,,265.8499999999999,15.290053763440861,26.133333333333344
"2008-05-01","Salzburg",17.866666666666667,-4.066666666666666,,216.25000000000003,4.872819070369628,58.988888888888894
"2008-05-01","Steiermark",33.83333333333333,4.633333333333333,,255.4,15.616084229390674,55.2
"2008-05-01","Tirol",32,3.8000000000000003,,235.1666666666667,15.892660236137461,43.49999999999999
"2008-05-01","Vorarlberg",30.450000000000003,5.95,,243.60000000000005,16.32587365591397,37.95000000000001
"2008-05-01","Wien",29.366666666666664,6.366666666666667,115665,285.00000000000006,15.836962365591404,61.833333333333336
"2008-06-01","Burgenland",33.9,9.3,,267.30000000000007,20.925394548063128,136.4999999999999
"2008-06-01","Kärnten",28.26666666666667,3.4,,176.93333333333334,15.073792443806799,164.93333333333325
"2008-06-01","Niederösterreich",31.833333333333332,5.333333333333334,,174.13333333333333,17.653897656623624,118.70000000000002
"2008-06-01","Oberösterreich",31.833333333333336,5.866666666666667,,212.0625,18.650600988362825,72.76666666666668
"2008-06-01","Salzburg",21.233333333333334,-2.533333333333333,,138.00000000000003,8.030302989471014,181.5888888888889
"2008-06-01","Steiermark",32.333333333333336,6.766666666666667,,198.83333333333334,18.813582018173133,172.7
"2008-06-01","Tirol",32.766666666666666,5.1000000000000005,,195.10000000000005,17.826877092300332,76.49999999999997
"2008-06-01","Vorarlberg",31.35,8.15,,200.75,18.213199426111917,127.8999999999999
"2008-06-01","Wien",32.46666666666667,9,141615,249.13333333333352,19.802678144428498,92.7666666666667
"2008-07-01","Burgenland",32.3,12.3,,273.69999999999993,21.25201612903224,123.8
"2008-07-01","Kärnten",26.566666666666666,6.433333333333334,,237.8333333333333,16.28026410391602,172.8333333333333
"2008-07-01","Niederösterreich",30.166666666666664,7.866666666666666,,190.16666666666663,17.879435483870967,141.33333333333326
"2008-07-01","Oberösterreich",30.366666666666667,10.366666666666667,,205.39999999999998,18.702867383512526,103.9222222222222
"2008-07-01","Salzburg",19.233333333333334,0.23333333333333306,,166.39999999999998,8.24410552321181,215.65555555555548
"2008-07-01","Steiermark",31,10.1,,242.96666666666667,19.780152329749104,128.06666666666658
"2008-07-01","Tirol",31.200000000000003,9.5,,215.3888888888889,18.260155316606923,169.36666666666665
"2008-07-01","Vorarlberg",30.05,9.95,,237.84999999999997,18.911626344086013,205.74999999999994
"2008-07-01","Wien",31.000000000000004,11.9,158216,245.73333333333335,20.103315412186387,111.93333333333332
"2008-08-01","Burgenland",33.2,10,,301.9999999999999,21.270967741935475,42.49999999999999
"2008-08-01","Kärnten",26.066666666666666,6.266666666666667,,260.1000000000001,16.004750619601225,121.73333333333329
"2008-08-01","Niederösterreich",29.900000000000002,5.8,,219.33333333333326,17.68328853046596,95.09999999999998
"2008-08-01","Oberösterreich",30.4,7.533333333333333,,242.4,18.642562724014336,104.85555555555557
"2008-08-01","Salzburg",19.56666666666667,-0.3333333333333335,,225.80000000000004,8.805543549082422,156.04444444444437
"2008-08-01","Steiermark",30.833333333333332,8.4,,265.23333333333346,19.231944444444455,116.49999999999999
"2008-08-01","Tirol",31.6,7.866666666666667,,241.2,18.45465949820788,95.56666666666665
"2008-08-01","Vorarlberg",28.6,9.45,,229.05000000000004,18.58946276357112,168.44999999999996
"2008-08-01","Wien",30.533333333333335,8.666666666666666,157947,270,19.98145161290322,49.43333333333334
"2008-09-01","Burgenland",31.6,6.2,,183.59999999999994,15.543472222222238,63.40000000000002
"2008-09-01","Kärnten",24.900000000000002,-0.20000000000000004,,158.76666666666662,10.514027777777777,61.366666666666696
"2008-09-01","Niederösterreich",29.5,-0.2333333333333333,,135.93333333333328,12.338101851851857,76.83333333333331
"2008-09-01","Oberösterreich",30.43333333333333,1.1666666666666667,,146.35,13.14606481481481,62.022222222222226
"2008-09-01","Salzburg",18.033333333333335,-5.366666666666667,,153.69999999999993,3.8952223448798766,85.96666666666661
"2008-09-01","Steiermark",30.499999999999996,2.1666666666666665,,168.59999999999997,14.051214825160361,48.13333333333333
"2008-09-01","Tirol",29,1.4333333333333336,,164.54444444444448,13.112751819738818,50.09999999999999
"2008-09-01","Vorarlberg",29.95,2.7,,157.14999999999998,13.485138888888876,113.99999999999994
"2008-09-01","Wien",31.2,3.5999999999999996,130286,168.96666666666664,14.45708333333333,71.2
"2008-10-01","Burgenland",21.9,1.5,,130.80000000000004,11.82871012482662,17
"2008-10-01","Kärnten",18.6,-1.6666666666666665,,168.03333333333333,8.213869625520116,98.16666666666664
"2008-10-01","Niederösterreich",21.066666666666666,-1.1333333333333335,,127.56666666666663,9.009754969949146,26.966666666666672
"2008-10-01","Oberösterreich",20.266666666666666,0.16666666666666669,,135.07500000000002,9.105541387658517,20.53333333333333
"2008-10-01","Salzburg",12.966666666666667,-6.466666666666667,,199.8799999999999,2.6727409389216703,106.74444444444441
"2008-10-01","Steiermark",22.166666666666664,0.23333333333333334,,163.4666666666667,10.739208216065235,35.400000000000006
"2008-10-01","Tirol",21.033333333333335,0.1333333333333333,,165.77777777777771,9.834395015412898,69.43333333333332
"2008-10-01","Vorarlberg",21.75,-0.19999999999999996,,120.39999999999999,10.50291262135922,104.55000000000003
"2008-10-01","Wien",20.466666666666665,-0.16666666666666674,98210,122.96666666666664,10.753259361997225,30.533333333333335
"2008-11-01","Burgenland",20.5,-2.5,,70.2,7.317083333333338,34.6
"2008-11-01","Kärnten",13.933333333333334,-8.266666666666667,,92.13333333333331,2.4873148148148103,67.50000000000003
"2008-11-01","Niederösterreich",19.400000000000002,-7.2333333333333325,,68.2,5.270879629629632,71.96666666666664
"2008-11-01","Oberösterreich",22.966666666666665,-6.2,,65.50000000000001,4.940555555555557,49.52222222222223
"2008-11-01","Salzburg",10.8,-15.566666666666666,,139.99999999999997,-2.40093525490624,92.39999999999999
"2008-11-01","Steiermark",18.9,-6.666666666666667,,86.83333333333337,5.483796296296294,56.46666666666668
"2008-11-01","Tirol",19.1,-8.233333333333333,,90.45555555555553,3.9385185185185208,68.39999999999998
"2008-11-01","Vorarlberg",18.2,-6.65,,97.3,4.707152777777779,57.30000000000004
"2008-11-01","Wien",19.233333333333334,-4.466666666666668,74229,60.200000000000024,7.109166666666663,53.76666666666669
"2008-12-01","Burgenland",11.9,-7.6,,48.40000000000002,2.8190860215053712,64.90000000000002
"2008-12-01","Kärnten",6.4,-11.966666666666667,,60.33333333333334,-1.8731414708989902,103.59999999999994
"2008-12-01","Niederösterreich",12.133333333333333,-8.333333333333332,,55.36666666666668,1.0988876017346878,80.06666666666666
"2008-12-01","Oberösterreich",13.233333333333333,-8.866666666666667,,82.15000000000002,1.2284946236559138,32.92222222222224
"2008-12-01","Salzburg",2.7666666666666666,-15.700000000000001,,119.7,-5.706619999518897,161.1888888888889
"2008-12-01","Steiermark",10.266666666666667,-8.966666666666667,,45.83333333333333,1.2610806084268753,85.26666666666665
"2008-12-01","Tirol",8.833333333333334,-11.933333333333334,,61.68888888888889,-0.678629032258064,112.43333333333325
"2008-12-01","Vorarlberg",10.65,-8.05,,62.099999999999994,1.1071908602150518,111.40000000000002
"2008-12-01","Wien",10.7,-7.7,41459,39.50000000000001,2.30470430107527,39.500000000000014
"2009-01-01","Burgenland",12.1,-10.6,,70.20000000000002,-1.4221774193548389,36.400000000000034
"2009-01-01","Kärnten",4.1000000000000005,-14.6,,94.96666666666664,-3.931961375405239,61.56666666666667
"2009-01-01","Niederösterreich",8.366666666666667,-14.100000000000001,,74.03333333333332,-3.0211021505376316,34.80000000000002
"2009-01-01","Oberösterreich",6.8,-13.299999999999999,,78.03333333333333,-3.2143369175627243,24.900000000000002
"2009-01-01","Salzburg",3.1333333333333333,-16.7,,154.94999999999993,-7.89409677419355,46.7
"2009-01-01","Steiermark",9.133333333333335,-13.5,,76.56666666666666,-2.5264255512622014,68.50000000000001
"2009-01-01","Tirol",6.6,-14.233333333333334,,85.2777777777778,-3.7855734767025075,31.800000000000004
"2009-01-01","Vorarlberg",10.75,-10,,79.15,-1.5105510752688176,27.000000000000007
"2009-01-01","Wien",9.066666666666666,-11.8,13909,69.5,-1.692876344086022,37.20000000000001
"2009-02-01","Burgenland",13.9,-6.4,,53.20000000000001,1.763636363636361,54.30000000000003
"2009-02-01","Kärnten",10.366666666666665,-12.7,,130.79999999999995,-2.372401351874044,27.633333333333336
"2009-02-01","Niederösterreich",12.133333333333335,-8.433333333333334,,46.66666666666667,-0.058705701078583056,88.2666666666667
"2009-02-01","Oberösterreich",12.4,-9.066666666666666,,53.33333333333334,-0.11027221366204437,83.30000000000004
"2009-02-01","Salzburg",3.3666666666666667,-21.73333333333333,,93.01250000000002,-8.022396240088367,167.48888888888888
"2009-02-01","Steiermark",14.166666666666668,-7.500000000000001,,105.26666666666665,1.1841807909604516,34.6
"2009-02-01","Tirol",13.133333333333333,-12.833333333333332,,104.33333333333334,-0.19964047252182862,64.16666666666664
"2009-02-01","Vorarlberg",11.649999999999999,-9.25,,78.45,0.8752696456086284,126.34999999999997
"2009-02-01","Wien",13.066666666666666,-6.333333333333334,12330,32.366666666666674,1.1864406779661014,63.13333333333333
"2009-03-01","Burgenland",16.6,-2.2,,102.99999999999993,6.111693548387096,52.600000000000044
"2009-03-01","Kärnten",11.333333333333334,-8.1,,170.0666666666667,1.8080093835418825,93.16666666666666
"2009-03-01","Niederösterreich",17.766666666666666,-4.633333333333333,,75.46666666666668,4.011469534050178,130.13333333333324
"2009-03-01","Oberösterreich",20.066666666666663,-4,,77.96666666666668,4.205734767025093,113.2
"2009-03-01","Salzburg",4.866666666666667,-15.533333333333333,,98.25,-5.541075153511921,151.7888888888889
"2009-03-01","Steiermark",16.133333333333336,-5.066666666666666,,138.30000000000004,5.58151296022568,62.433333333333344
"2009-03-01","Tirol",16.1,-5.333333333333333,,135.13333333333335,3.758736559139786,96.36666666666666
"2009-03-01","Vorarlberg",14.15,-4.9,,108.59999999999997,4.445967741935484,108.1999999999999
"2009-03-01","Wien",19.333333333333336,-2.1333333333333333,,97.03333333333332,5.670116487455195,124.33333333333329
"2009-04-01","Burgenland",25.6,6.2,,313.9,15.529722222222219,7.299999999999999
"2009-04-01","Kärnten",18.766666666666666,0.9,,208.0333333333333,8.584675925925932,69.03333333333333
"2009-04-01","Niederösterreich",23.566666666666666,0.7,,266.9000000000001,11.88097222222222,11.23333333333333
"2009-04-01","Oberösterreich",25.200000000000003,3.9333333333333336,,299.73333333333335,13.504120370370376,19.700000000000003
"2009-04-01","Salzburg",8.733333333333334,-5.833333333333333,,195.64999999999998,1.202361111111114,45.04444444444445
"2009-04-01","Steiermark",23.833333333333336,3.3666666666666667,,236.3333333333334,12.798436329588021,39.13333333333333
"2009-04-01","Tirol",23.26666666666667,1.7666666666666666,,212.18888888888893,11.67537037037037,26.86666666666667
"2009-04-01","Vorarlberg",24.299999999999997,2,,239.55000000000004,12.782430555555559,20.750000000000004
"2009-04-01","Wien",25.466666666666665,3.8666666666666663,,306.46666666666664,14.141898148148139,2.7
"2009-05-01","Burgenland",30.9,7,,266.90000000000003,17.210483870967742,34.5
"2009-05-01","Kärnten",27.366666666666667,2.2333333333333334,,253.53333333333333,13.003360215053753,79.73333333333335
"2009-05-01","Niederösterreich",29,2.433333333333333,,193.13333333333338,13.9627688172043,92.23333333333335
"2009-05-01","Oberösterreich",30.133333333333336,4,,233.43333333333337,14.84954805182902,97.76666666666664
"2009-05-01","Salzburg",19.233333333333334,-4.166666666666666,,187.50000000000003,5.188148987697376,133.5111111111111
"2009-05-01","Steiermark",29.3,4.3,,228.76666666666674,15.777956989247308,104.93333333333334
"2009-05-01","Tirol",31.933333333333334,4.533333333333333,,236.35555555555558,15.721146953405022,61.19999999999999
"2009-05-01","Vorarlberg",31.85,2.65,,243.35000000000008,16.31915322580645,130.29999999999995
"2009-05-01","Wien",28.766666666666666,5.333333333333333,,246.76666666666665,15.840232974910391,81.76666666666667
"2009-06-01","Burgenland",30.5,9.6,,223.69999999999993,18.704017216642768,123.99999999999999
"2009-06-01","Kärnten",26.53333333333333,4.333333333333334,,183.3333333333333,13.81716881874701,121.83333333333333
"2009-06-01","Niederösterreich",28.833333333333332,6,,152.93333333333328,15.803682448589193,181.09999999999997
"2009-06-01","Oberösterreich",28.200000000000003,7.966666666666666,,177.89999999999998,16.237446197991368,225.8999999999999
"2009-06-01","Salzburg",17.933333333333334,-1.6333333333333333,,105.79999999999998,6.023448963475177,205.06666666666663
"2009-06-01","Steiermark",30.866666666666667,7.066666666666666,,199.93333333333337,17.0241868544446,111.36666666666663
"2009-06-01","Tirol",30.566666666666666,6.133333333333333,,162.58888888888893,16.67019076465274,188.18888888888887
"2009-06-01","Vorarlberg",29.65,7.6,,198.45000000000002,16.896771879483506,255.70000000000002
"2009-06-01","Wien",30.299999999999997,8.033333333333333,,188.93333333333334,17.82845528455284,158.03333333333325
"2009-07-01","Burgenland",35.2,12.3,,334.39999999999986,22.357258064516113,61.20000000000001
"2009-07-01","Kärnten",28.5,5.933333333333334,,282.2000000000001,16.74255325348951,120.49999999999999
"2009-07-01","Niederösterreich",33.699999999999996,8.333333333333332,,237.26666666666662,18.70344982078854,133.59999999999997
"2009-07-01","Oberösterreich",34.900000000000006,9.333333333333332,,248.8333333333334,19.09283154121861,108.9333333333333
"2009-07-01","Salzburg",21.966666666666665,-2.1333333333333333,,174.84999999999997,9.300574500768045,188.13333333333333
"2009-07-01","Steiermark",34.13333333333334,8.533333333333333,,293.1,20.059050179211482,142.33333333333334
"2009-07-01","Tirol",33.10000000000001,7.666666666666667,,230.7333333333334,18.821971910550086,148.5666666666667
"2009-07-01","Vorarlberg",32.7,8.600000000000001,,215.55,19.285080645161294,209.99999999999991
"2009-07-01","Wien",33.16666666666667,11.066666666666666,,320.2666666666667,21.093548387096785,119.5
"2009-08-01","Burgenland",34.1,11.5,,291.8000000000001,22.458870967741934,53.900000000000006
"2009-08-01","Kärnten",27.633333333333333,6.9,,265.7666666666667,17.1845178508204,172.4
"2009-08-01","Niederösterreich",31.166666666666668,6.5,,230.73333333333332,18.54677419354838,93.66666666666669
"2009-08-01","Oberösterreich",30.93333333333333,8.3,,266.0666666666668,19.641870782018056,87.56666666666668
"2009-08-01","Salzburg",20.900000000000002,0.6000000000000001,,240.7,10.22242598320813,168.4333333333334
"2009-08-01","Steiermark",31.900000000000002,9.266666666666666,,242.7,19.946863799283136,179.2
"2009-08-01","Tirol",32.599999999999994,8.666666666666666,,260.3666666666667,19.677195340501797,126.36666666666663
"2009-08-01","Vorarlberg",31.6,8.5,,270.34999999999997,20.405309139784936,107.94999999999996
"2009-08-01","Wien",33.733333333333334,9.5,,277.16666666666663,20.963485663082434,87.69999999999999
"2009-09-01","Burgenland",30.7,10,,247.79999999999998,18.784305555555562,24.500000000000007
"2009-09-01","Kärnten",24.166666666666664,3.8,,210.49999999999997,13.030277777777771,171.59999999999994
"2009-09-01","Niederösterreich",26.833333333333332,4.233333333333333,,171.9666666666667,14.879675925925937,74.13333333333334
"2009-09-01","Oberösterreich",27.533333333333335,6.2,,194.10000000000008,15.727407407407407,59.466666666666676
"2009-09-01","Salzburg",18.133333333333333,-2.2333333333333334,,175.14999999999998,6.357172977105012,150.4222222222222
"2009-09-01","Steiermark",28.333333333333332,6.466666666666668,,199.69999999999996,16.102361111111122,103.39999999999998
"2009-09-01","Tirol",29.366666666666667,6,,213.00000000000003,15.529907407407412,89.6
"2009-09-01","Vorarlberg",30,6.9,,197.95000000000002,15.754236111111119,69.00000000000003
"2009-09-01","Wien",28.200000000000003,8.333333333333332,,229.10000000000002,17.34166666666666,22.86666666666667
"2009-10-01","Burgenland",28.8,-0.8,,131.99999999999997,11.016366158113733,36.000000000000014
"2009-10-01","Kärnten",21.1,-4.866666666666667,,160.03333333333333,6.794590846047154,66.56666666666669
"2009-10-01","Niederösterreich",25.999999999999996,-1.6333333333333335,,92.29999999999998,8.406518723994441,74.33333333333334
"2009-10-01","Oberösterreich",25.433333333333334,-2.033333333333333,,100.83333333333333,8.577438742487281,58.6666666666667
"2009-10-01","Salzburg",15.766666666666666,-11.533333333333333,,155.79999999999998,1.0505042721871218,89.9222222222222
"2009-10-01","Steiermark",25.733333333333334,-2.3666666666666667,,139.4,9.565973185390662,48.26666666666669
"2009-10-01","Tirol",25.500000000000004,-3.0999999999999996,,152.99999999999997,9.019371243643082,76.9
"2009-10-01","Vorarlberg",25.8,-0.55,,138.85,10.428085991678222,108.35
"2009-10-01","Wien",27.666666666666664,-0.9333333333333333,,103.73333333333329,10.025566343042069,28.03333333333334
"2009-11-01","Burgenland",17.8,0.3,,60.10000000000003,6.89597222222222,35.90000000000002
"2009-11-01","Kärnten",14.233333333333333,-3.666666666666667,,115.89999999999998,3.471342592592592,52.60000000000003
"2009-11-01","Niederösterreich",17.966666666666665,-2.466666666666667,,91.7,5.51921296296296,36.43333333333336
"2009-11-01","Oberösterreich",17.166666666666668,-0.9333333333333332,,89.5333333333333,5.859351851851853,46.566666666666684
"2009-11-01","Salzburg",10.799999999999999,-7.9,,124.40000000000002,-0.7159900284900301,70.22222222222226
"2009-11-01","Steiermark",16.9,-1.9333333333333331,,86.9,5.45273148148148,51.566666666666684
"2009-11-01","Tirol",15.399999999999999,-2.1333333333333333,,97.13333333333333,4.971203703703707,77.13333333333333
"2009-11-01","Vorarlberg",18.4,0.19999999999999998,,83.10000000000002,7.4310416666666645,141.79999999999998
"2009-11-01","Wien",16.6,-0.9666666666666668,,67.16666666666667,6.556620370370373,64.26666666666664
"2009-12-01","Burgenland",14.4,-13.1,,56.40000000000002,1.7000000000000026,46.2
"2009-12-01","Kärnten",8.733333333333333,-17.2,,69.13333333333334,-2.890098566308244,84.03333333333333
"2009-12-01","Niederösterreich",11.666666666666664,-16.733333333333334,,50.400000000000006,0.04386200716845878,46.56666666666668
"2009-12-01","Oberösterreich",10.3,-15.766666666666666,,44.533333333333346,-0.19977598566308336,44.100000000000016
"2009-12-01","Salzburg",6.366666666666665,-21.833333333333336,,99.25,-6.967086960232121,87.60000000000002
"2009-12-01","Steiermark",14.299999999999999,-16.466666666666665,,53.20000000000001,0.32795698924731315,55.26666666666667
"2009-12-01","Tirol",10.833333333333334,-14.766666666666666,,56.53333333333334,-0.8299283154121861,69.83333333333334
"2009-12-01","Vorarlberg",13,-12.7,,58.1,1.7255376344086022,123.49999999999994
"2009-12-01","Wien",14.566666666666666,-15.066666666666665,,53.7,1.1938620071684576,47.96666666666669
"2010-01-01","Burgenland",6.6,-12.3,,41.300000000000004,-1.9740591397849443,48.900000000000034
"2010-01-01","Kärnten",3.2333333333333334,-12.966666666666669,,56.900000000000006,-5.173297491039427,18.466666666666676
"2010-01-01","Niederösterreich",6.5,-18.700000000000003,,37.099999999999994,-3.4864247311827965,32.666666666666686
"2010-01-01","Oberösterreich",5.7,-15.433333333333332,,37.53333333333333,-2.937948028673834,34.63333333333335
"2010-01-01","Salzburg",-1.4,-18.333333333333332,,110.23333333333335,-8.822939068100363,31.133333333333333
"2010-01-01","Steiermark",6.333333333333333,-13.966666666666665,,31.333333333333343,-2.302678215850259,26.233333333333338
"2010-01-01","Tirol",4.866666666666667,-12.166666666666668,,77.39999999999999,-3.313754480286734,22.166666666666675
"2010-01-01","Vorarlberg",8.7,-9.45,,76.15,-1.7099462365591402,55.39999999999999
"2010-01-01","Wien",7.200000000000001,-13.933333333333334,,42.56666666666667,-2.0644265232974908,51.00000000000002
"2010-02-01","Burgenland",15.6,-6.5,,84.20000000000002,1.1725731895223432,13.999999999999993
"2010-02-01","Kärnten",8.733333333333333,-13.766666666666667,,121.80000000000001,-2.6541859270672807,52.933333333333344
"2010-02-01","Niederösterreich",12.5,-10.166666666666666,,67.33333333333331,-0.8353364149974323,31.06666666666667
"2010-02-01","Oberösterreich",11.233333333333333,-9.033333333333331,,67.83333333333331,-0.7104262968669752,40.50000000000002
"2010-02-01","Salzburg",3.5333333333333337,-18.233333333333334,,114.3,-6.935336414997435,51.45555555555558
"2010-02-01","Steiermark",14.633333333333333,-10.366666666666667,,92.39999999999998,0.19680047493136021,34.60000000000001
"2010-02-01","Tirol",13.833333333333332,-11.233333333333333,,116.89999999999999,-0.023934257832561978,35.93333333333334
"2010-02-01","Vorarlberg",15.05,-11,,95.95,1.581278890600924,40.30000000000003
"2010-02-01","Wien",14.466666666666665,-6.633333333333334,,65.16666666666664,0.695839753466872,16.966666666666665
"2010-03-01","Burgenland",21.7,-7,,196.29999999999995,6.88185483870968,7.800000000000001
"2010-03-01","Kärnten",13.8,-12.066666666666666,,182.50000000000003,1.420116487455197,29.400000000000002
"2010-03-01","Niederösterreich",20.633333333333333,-13.9,,151.8,3.537410394265234,47.966666666666676
"2010-03-01","Oberösterreich",22.966666666666665,-11.666666666666666,,160.03333333333327,4.37128136200717,39.73333333333334
"2010-03-01","Salzburg",8.3,-19.26666666666667,,154.56666666666666,-4.513127240143373,48.055555555555564
"2010-03-01","Steiermark",20.333333333333336,-8.666666666666664,,173.16666666666666,5.054081695711282,24.033333333333335
"2010-03-01","Tirol",20.866666666666667,-10.833333333333332,,180.46666666666667,4.427822580645161,37.133333333333326
"2010-03-01","Vorarlberg",22.6,-10.05,,158.59999999999997,5.452083333333333,74.60000000000002
"2010-03-01","Wien",22.73333333333333,-7.7,,171.90000000000003,5.833243727598568,15.433333333333334
"2010-04-01","Burgenland",26.5,2,,228.30000000000007,11.613749999999998,71.10000000000001
"2010-04-01","Kärnten",23.233333333333334,-3.033333333333333,,212.13333333333333,6.600509259259263,47.93333333333334
"2010-04-01","Niederösterreich",25.766666666666666,-3.066666666666667,,215.93333333333337,8.719212962962965,55.73333333333336
"2010-04-01","Oberösterreich",24.599999999999998,-1.4000000000000001,,239.79999999999998,9.679768518518518,46.80000000000001
"2010-04-01","Salzburg",13.433333333333334,-10.366666666666665,,191.53333333333325,0.2794907407407409,57.566666666666684
"2010-04-01","Steiermark",28.166666666666668,-0.8666666666666668,,197.90000000000006,10.208703703703705,34.13333333333334
"2010-04-01","Tirol",26.333333333333336,-1.4,,234.6333333333334,9.951759259259264,29.033333333333328
"2010-04-01","Vorarlberg",25.55,-1.7,,229.6500000000001,10.283611111111114,43.15
"2010-04-01","Wien",26.266666666666666,-0.8,,222.9333333333334,10.56425925925926,85.13333333333333
"2010-05-01","Burgenland",26.6,6.2,,170.4,14.978225806451606,81.79999999999995
"2010-05-01","Kärnten",24.933333333333334,1.6333333333333335,,171.63333333333327,10.782302867383512,97.16666666666663
"2010-05-01","Niederösterreich",26.166666666666668,5.166666666666666,,101.53333333333333,12.821639784946232,119.76666666666667
"2010-05-01","Oberösterreich",26.066666666666666,5.466666666666667,,116.20000000000002,13.154883512544806,132.96666666666655
"2010-05-01","Salzburg",15.433333333333332,-4.866666666666666,,80.13333333333334,3.032734486776699,192.99999999999983
"2010-05-01","Steiermark",28.599999999999998,4.766666666666667,,155.89999999999998,14.709453405017925,92.9
"2010-05-01","Tirol",28.96666666666667,3.4,,130.8,12.460825628689294,123.96666666666663
"2010-05-01","Vorarlberg",28.299999999999997,4.699999999999999,,119.79999999999997,12.394489247311826,194.0499999999999
"2010-05-01","Wien",25.033333333333335,6.233333333333333,,136.89999999999995,14.330734767025087,153.39999999999992
"2010-06-01","Burgenland",34.1,10.4,,237.50000000000006,19.510791366906496,80.99999999999996
"2010-06-01","Kärnten",28.933333333333334,3.5,,244.40000000000012,15.28617095983334,106.66666666666661
"2010-06-01","Niederösterreich",32.8,7.266666666666667,,180.13333333333338,17.009660449545684,85.1
"2010-06-01","Oberösterreich",32.23333333333334,8.8,,206.83333333333334,17.6068388330942,126.76666666666664
"2010-06-01","Salzburg",20,-3.3,,160.20000000000002,7.721286644973583,125.17777777777772
"2010-06-01","Steiermark",34.23333333333333,8.066666666666666,,228.80000000000004,18.682496413199427,104.36666666666662
"2010-06-01","Tirol",31.900000000000002,6.166666666666668,,208.23333333333335,17.426637972262064,115.23333333333326
"2010-06-01","Vorarlberg",31.15,7.55,,200.84999999999994,17.565638450502163,236.54999999999998
"2010-06-01","Wien",32.43333333333334,9.7,,238.60000000000016,18.867240554758496,92.33333333333333
"2010-07-01","Burgenland",35.3,13.4,,327.5999999999999,23.114247311827945,114.6999999999999
"2010-07-01","Kärnten",31.066666666666666,7.633333333333334,,284.4000000000001,18.328942652329754,83.4333333333333
"2010-07-01","Niederösterreich",33.13333333333334,7.566666666666667,,235.76666666666677,19.848342293906807,108.26666666666665
"2010-07-01","Oberösterreich",33.33333333333333,10.166666666666666,,284.40000000000003,20.591487455197132,170.16666666666654
"2010-07-01","Salzburg",22.166666666666668,1.5333333333333337,,211.46666666666664,11.067293906810038,161.0444444444444
"2010-07-01","Steiermark",34.36666666666666,9.966666666666667,,287.1333333333334,21.8086917562724,76.63333333333333
"2010-07-01","Tirol",34.13333333333333,9.233333333333334,,260.96666666666675,20.52549283154122,149.33333333333337
"2010-07-01","Vorarlberg",35.15,9.899999999999999,,275.1,20.7693548387097,293.20000000000005
"2010-07-01","Wien",34,11.533333333333331,,300.56666666666655,21.930152329749106,82.5
"2010-08-01","Burgenland",31.1,8.9,,245.49999999999997,20.141801075268823,98.20000000000002
"2010-08-01","Kärnten",27.033333333333335,3.1333333333333333,,207,15.384635554380406,191.4333333333333
"2010-08-01","Niederösterreich",30.566666666666666,7.233333333333333,,187.49999999999991,17.454990364067015,161.19999999999987
"2010-08-01","Oberösterreich",31.133333333333333,7.533333333333333,,210.20000000000005,18.003718637992844,117.56666666666662
"2010-08-01","Salzburg",20.733333333333334,-2.7000000000000006,,134.8666666666667,8.688351254480288,248.19999999999987
"2010-08-01","Steiermark",30.3,6.766666666666666,,204.4,18.710663082437264,145.63333333333333
"2010-08-01","Tirol",31.233333333333338,6.066666666666666,,185.29999999999995,17.446415770609317,200.53333333333322
"2010-08-01","Vorarlberg",30.8,8.7,,158.99999999999994,17.531250000000014,323.65000000000003
"2010-08-01","Wien",29.766666666666666,9.366666666666667,,236.66666666666666,19.330913978494607,138.86666666666665
"2010-09-01","Burgenland",24.6,6.6,,166.59999999999997,14.751111111111117,93.1
"2010-09-01","Kärnten",20.833333333333332,2.5,,154.8,10.41296296296297,160.6
"2010-09-01","Niederösterreich",23.466666666666665,1.7333333333333334,,146.36666666666667,12.312499999999995,68.4
"2010-09-01","Oberösterreich",23.766666666666666,3.8,,166.2333333333333,12.858750000000006,38.00000000000001
"2010-09-01","Salzburg",14.733333333333333,-2.7,,125.76666666666662,4.662194919278252,104.87777777777775
"2010-09-01","Steiermark",23.633333333333333,5.433333333333334,,151.26666666666665,13.53625,129.26666666666662
"2010-09-01","Tirol",24.833333333333332,3.999999999999999,,168.5333333333333,13.14050925925926,79.59999999999997
"2010-09-01","Vorarlberg",22.75,5.8,,171,13.35347222222222,119.10000000000001
"2010-09-01","Wien",24.366666666666667,5.166666666666667,,160.99999999999997,14.25401124338624,72
"2010-10-01","Burgenland",18.5,-0.9,,141.3,8.52801664355063,31.3
"2010-10-01","Kärnten",17.399999999999995,-3.9000000000000004,,131.73333333333335,5.206472491909385,65.1
"2010-10-01","Niederösterreich",17.099999999999998,-4.266666666666667,,117.5333333333333,6.757882570503927,29.66666666666668
"2010-10-01","Oberösterreich",18.733333333333334,-2.933333333333333,,127.13333333333333,7.404392048081369,37.199999999999996
"2010-10-01","Salzburg",13.233333333333334,-9.866666666666667,,164.86666666666665,1.6027739251040258,83.48888888888887
"2010-10-01","Steiermark",18.4,-2.8333333333333335,,119.26666666666668,7.6674063800277406,41.00000000000002
"2010-10-01","Tirol",23.533333333333335,-2.466666666666667,,142.00000000000003,8.371937124364313,78.93333333333334
"2010-10-01","Vorarlberg",26.55,-0.8,,112.5,9.637405992066185,74.80000000000001
"2010-10-01","Wien",17.133333333333336,-2.3,,130.13333333333335,7.880305131761439,25.600000000000005
"2010-11-01","Burgenland",20.4,-3.9,,76.70000000000002,7.415555555555555,38.900000000000006
"2010-11-01","Kärnten",15.333333333333336,-8.333333333333332,,76.86666666666666,3.1734722222222214,120.49999999999991
"2010-11-01","Niederösterreich",19.833333333333336,-7.833333333333333,,69.36666666666669,5.73657407407407,31.13333333333334
"2010-11-01","Oberösterreich",19.06666666666667,-9.333333333333332,,67.6,5.471712962962964,39.56666666666667
"2010-11-01","Salzburg",11.633333333333335,-15.733333333333334,,82.06666666666668,-1.8225000000000007,53.77777777777781
"2010-11-01","Steiermark",20.166666666666668,-6.133333333333332,,82.33333333333334,6.043611111111108,67.8666666666667
"2010-11-01","Tirol",18.56666666666667,-8.7,,82.46666666666667,4.326018518518522,79.13333333333335
"2010-11-01","Vorarlberg",20,-7,,84.84999999999998,5.554375000000004,98.29999999999993
"2010-11-01","Wien",20.200000000000003,-3.566666666666667,,69.16666666666667,7.334907407407407,36.23333333333334
"2010-12-01","Burgenland",10.9,-14.9,,66.3,-2.4721774193548387,37.29999999999998
"2010-12-01","Kärnten",6.2666666666666675,-15.766666666666667,,106.7666666666667,-4.322670250896055,61.93333333333334
"2010-12-01","Niederösterreich",9.233333333333336,-18.3,,64.6,-3.421146953405018,43.9666666666667
"2010-12-01","Oberösterreich",7.1,-14.333333333333332,,51.133333333333326,-3.544578853046598,45.20000000000004
"2010-12-01","Salzburg",5.7333333333333325,-20.366666666666667,,61.2,-7.92163978494624,44.38888888888889
"2010-12-01","Steiermark",8.766666666666667,-14.533333333333333,,84.13333333333333,-2.577284946236556,43.3
"2010-12-01","Tirol",9.733333333333334,-12.7,,66.73333333333333,-2.2890681003584223,65.03333333333336
"2010-12-01","Vorarlberg",13.75,-9.55,,48.25,-0.38810483870967744,98.99999999999996
"2010-12-01","Wien",8.866666666666665,-15.533333333333333,,56.499999999999986,-2.670295698924732,40.033333333333374
"2011-01-01","Burgenland",13.4,-11,,62.2,0.12620967741935504,24.10000000000001
"2011-01-01","Kärnten",11.3,-14.033333333333333,,117.20000000000002,-2.9455645161290334,24.16666666666667
"2011-01-01","Niederösterreich",12.233333333333334,-13,,66.09999999999998,-0.5753136200716846,39.733333333333356
"2011-01-01","Oberösterreich",11.266666666666667,-12.566666666666666,,55.16666666666667,-0.6516058077490717,37.400000000000006
"2011-01-01","Salzburg",6.8999999999999995,-18.000000000000004,,113.46666666666667,-6.232302867383513,52.111111111111136
"2011-01-01","Steiermark",13.4,-10.966666666666667,,98.03333333333333,-0.8126344086021501,10.73333333333333
"2011-01-01","Tirol",12.466666666666665,-13.633333333333333,,96.6,-1.3215949820788535,37.20000000000001
"2011-01-01","Vorarlberg",13.25,-9.600000000000001,,87.45000000000002,0.8936827956989242,73.19999999999999
"2011-01-01","Wien",13.666666666666664,-9,,60.20000000000002,0.8531810035842321,31.533333333333335
"2011-02-01","Burgenland",15.7,-9.9,,136.5,0.217257318952234,3.0000000000000004
"2011-02-01","Kärnten",11.933333333333334,-11.633333333333333,,130.16666666666666,-1.0522855675398053,5.966666666666667
"2011-02-01","Niederösterreich",15.733333333333334,-12.9,,106.6666666666667,-0.38335901386748783,13.766666666666664
"2011-02-01","Oberösterreich",11.9,-10.666666666666666,,97.53333333333333,0.024499229583975032,17.433333333333337
"2011-02-01","Salzburg",7.200000000000001,-18.266666666666666,,134.1333333333333,-4.990035952747816,13.93333333333333
"2011-02-01","Steiermark",15.566666666666668,-10.233333333333333,,103.60000000000001,-0.1544427324088345,6.366666666666667
"2011-02-01","Tirol",13.3,-10.333333333333334,,139.5333333333333,0.4610169491525419,14.333333333333334
"2011-02-01","Vorarlberg",13.55,-7.6,,106.00000000000003,2.3970724191063173,31.800000000000004
"2011-02-01","Wien",17.666666666666668,-10.833333333333336,,126.16666666666667,0.5492039034411919,8.299999999999999
"2011-03-01","Burgenland",21.2,-5.1,,211.00000000000009,6.795430107526877,38.099999999999994
"2011-03-01","Kärnten",16.599999999999998,-10.066666666666668,,211.33333333333326,2.82818100358423,28.800000000000008
"2011-03-01","Niederösterreich",19.066666666666666,-10.133333333333333,,176,4.389202508960576,35
"2011-03-01","Oberösterreich",18.73333333333333,-5.966666666666668,,195.46666666666667,5.397759856630824,44.366666666666674
"2011-03-01","Salzburg",7.933333333333333,-13.333333333333334,,208.03333333333327,-2.17195340501792,40.4888888888889
"2011-03-01","Steiermark",21.333333333333336,-8.166666666666668,,203.6999999999999,5.396102150537634,39.93333333333334
"2011-03-01","Tirol",21.166666666666668,-5.000000000000001,,208.76666666666662,6.030645161290325,44.16666666666669
"2011-03-01","Vorarlberg",20.15,-3.9000000000000004,,198.19999999999993,6.686491935483871,81.19999999999999
"2011-03-01","Wien",20.4,-8.4,,196.8,6.119668458781363,35.66666666666667
"2011-04-01","Burgenland",27.1,4.2,,247.60000000000005,13.652916666666657,65.4
"2011-04-01","Kärnten",23.099999999999998,-2.466666666666667,,238.33333333333331,8.97726851851852,41.400000000000006
"2011-04-01","Niederösterreich",25.266666666666673,-1.2666666666666668,,210.4333333333333,10.958148148148153,51.63333333333333
"2011-04-01","Oberösterreich",25.46666666666667,0.5333333333333332,,239.7666666666666,12.05231481481482,22.033333333333335
"2011-04-01","Salzburg",12.666666666666668,-9.033333333333333,,189,2.205648148148148,23.455555555555556
"2011-04-01","Steiermark",27.233333333333334,0.4666666666666667,,223.23333333333335,12.121527777777779,36.00000000000002
"2011-04-01","Tirol",27.866666666666667,-1.1333333333333333,,254.06666666666666,12.25597222222223,17.566666666666666
"2011-04-01","Vorarlberg",24.75,0.5,,267.05,12.565902777777783,37.100000000000016
"2011-04-01","Wien",25.866666666666664,2.0999999999999996,,242.7,12.929629629629623,40.93333333333334
"2011-05-01","Burgenland",30.3,2.6,,344.7999999999999,16.68629032258064,44.2
"2011-05-01","Kärnten",24.9,-1.1,,295.2,11.865815412186384,94.56666666666666
"2011-05-01","Niederösterreich",27.56666666666667,-1.1666666666666665,,257.56666666666666,13.427020972585481,81.03333333333335
"2011-05-01","Oberösterreich",28.666666666666664,1.1666666666666665,,294.73333333333335,14.875,106
"2011-05-01","Salzburg",15.766666666666667,-5.733333333333333,,196.09999999999988,4.908681929621193,120.63333333333328
"2011-05-01","Steiermark",29.1,1.2,,298.13333333333344,15.098207885304653,74.43333333333334
"2011-05-01","Tirol",29.366666666666667,0.9000000000000001,,275.0333333333333,15.01357087398553,138.16666666666666
"2011-05-01","Vorarlberg",29.75,2.45,,281.8,15.53817204301075,141.89999999999998
"2011-05-01","Wien",29.166666666666668,0.6999999999999998,,319.00000000000006,15.581093189964157,58.33333333333333
"2011-06-01","Burgenland",31.9,11.2,,269.00000000000006,20.42439024390245,97.4
"2011-06-01","Kärnten",26.599999999999998,4.333333333333333,,187.63333333333333,14.737972262075566,153.89999999999995
"2011-06-01","Niederösterreich",30.6,7.6000000000000005,,182.63333333333333,17.247836625939573,85.93333333333334
"2011-06-01","Oberösterreich",31.5,8.466666666666667,,192.2666666666667,17.72166427546629,74.63333333333333
"2011-06-01","Salzburg",17.1,-1.2000000000000002,,92.10000000000002,7.490093091096753,161.5714285714285
"2011-06-01","Steiermark",30.366666666666664,8.466666666666667,,208.5,18.58216164514585,135.53333333333327
"2011-06-01","Tirol",31.566666666666663,7.899999999999999,,165.36666666666665,17.05408895265424,157.4333333333333
"2011-06-01","Vorarlberg",31.25,8.7,,177.69999999999993,17.560186513629837,210.09999999999994
"2011-06-01","Wien",30.06666666666667,10.466666666666667,,262.26666666666677,19.495265423242436,87.89999999999998
"2011-07-01","Burgenland",35.5,11.8,,207.49999999999997,19.96545698924731,75.40000000000002
"2011-07-01","Kärnten",29.066666666666666,4.733333333333333,,219.53333333333336,15.592697132616491,112.16666666666664
"2011-07-01","Niederösterreich",31.533333333333335,7.866666666666666,,156.89999999999986,17.10022401433692,74.36666666666666
"2011-07-01","Oberösterreich",31.433333333333334,8.166666666666666,,180.23333333333326,17.247670250896057,123.6333333333333
"2011-07-01","Salzburg",19.95,-1.3000000000000003,,118.59999999999995,7.870463709677423,144.61428571428564
"2011-07-01","Steiermark",33.23333333333333,8.266666666666666,,196.23333333333326,18.868324372759854,89.79999999999998
"2011-07-01","Tirol",31.633333333333333,7,,192.00000000000003,17.317607526881712,109.86666666666663
"2011-07-01","Vorarlberg",32.65,8.2,,196.99999999999994,17.11296680723414,221.14999999999978
"2011-07-01","Wien",33.53333333333333,11.533333333333333,,196.86666666666656,19.032661290322572,87.26666666666665
"2011-08-01","Burgenland",36.2,10.5,,310.00000000000006,21.82620967741936,71.69999999999999
"2011-08-01","Kärnten",30.5,5.533333333333333,,290.49999999999994,17.289695340501787,150.66666666666666
"2011-08-01","Niederösterreich",35.46666666666667,5.1000000000000005,,243.39999999999998,18.730779569892483,94.46666666666667
"2011-08-01","Oberösterreich",35.86666666666667,6.7333333333333325,,265.1333333333334,19.482123655913977,73.46666666666668
"2011-08-01","Salzburg",21.85,-1.0000000000000004,,198.55,10.477419354838709,146.91428571428565
"2011-08-01","Steiermark",34.1,7.466666666666666,,283.6000000000001,20.406317204301068,109.83333333333333
"2011-08-01","Tirol",34.63333333333334,6.300000000000001,,263.4666666666666,19.641693290734814,102.06666666666666
"2011-08-01","Vorarlberg",34.3,8.55,,266.9500000000001,19.729368279569897,139.65
"2011-08-01","Wien",36,7.699999999999999,,282.83333333333337,20.83279569892473,41.966666666666676
"2011-09-01","Burgenland",32.4,9.3,,266.6,18.974861111111096,30.200000000000014
"2011-09-01","Kärnten",26.4,3.5000000000000004,,233.70000000000005,14.670509259259266,105.9
"2011-09-01","Niederösterreich",30.3,4.866666666666667,,205.93333333333334,15.356990740740743,59.23333333333334
"2011-09-01","Oberösterreich",30.2,6.6000000000000005,,206.56666666666663,15.660879629629632,89.56666666666668
"2011-09-01","Salzburg",18,-4.2,,181.65,7.7181250000000015,142.72857142857146
"2011-09-01","Steiermark",30.166666666666668,7.133333333333334,,232.66666666666674,17.547962962962963,107.60000000000001
"2011-09-01","Tirol",30.2,1.9666666666666668,,209.7,16.205925925925914,122.13333333333331
"2011-09-01","Vorarlberg",27.549999999999997,6.4,,216.45000000000005,16.340902777777767,158.99999999999997
"2011-09-01","Wien",31.466666666666665,8.166666666666666,,241.8,17.74467592592592,31.599999999999998
"2011-10-01","Burgenland",27.9,-0.2,,153.20000000000002,10.761581137309294,53.89999999999999
"2011-10-01","Kärnten",21.7,-4.233333333333333,,169.63333333333338,6.338049006010168,108.23333333333329
"2011-10-01","Niederösterreich",24.766666666666666,-3.766666666666666,,149.16666666666666,8.263800277392521,81.49999999999997
"2011-10-01","Oberösterreich",24.766666666666666,-1.9333333333333331,,166.96666666666664,9.043966712898754,79.69999999999999
"2011-10-01","Salzburg",14.75,-9.5,,176.3875,1.7966237528522218,103.97142857142852
"2011-10-01","Steiermark",25.3,-2.2333333333333334,,148.59999999999997,8.920989366620445,62.166666666666686
"2011-10-01","Tirol",24.566666666666666,-1.8,,193.86666666666665,8.62855110239609,105.86666666666666
"2011-10-01","Vorarlberg",22.35,-1.5499999999999998,,160.29999999999998,9.55672676837725,82.45
"2011-10-01","Wien",25.93333333333333,-0.7666666666666666,,143.09999999999994,9.974803513638467,70.26666666666665
"2011-11-01","Burgenland",20.4,-4.1,,85.5,3.211944444444444,0.1
"2011-11-01","Kärnten",14.833333333333334,-4.866666666666666,,154.86666666666665,2.509166666666668,0.4666666666666668
"2011-11-01","Niederösterreich",15.8,-5.499999999999999,,92.06666666666666,2.680416666666665,0.6666666666666666
"2011-11-01","Oberösterreich",16.299999999999997,-4.1,,96.10000000000001,2.9958796296296284,0.43333333333333335
"2011-11-01","Salzburg",10.2,-6.85,,178.35,0.832564511232543,-13.628571428571428
"2011-11-01","Steiermark",18.133333333333333,-4.466666666666666,,106.1,2.7622222222222206,0.43333333333333335
"2011-11-01","Tirol",19.966666666666672,-5.566666666666667,,157.29999999999998,3.207685185185183,2.833333333333332
"2011-11-01","Vorarlberg",19.799999999999997,-3.75,,98.39999999999998,4.756111111111114,0
"2011-11-01","Wien",14.233333333333333,-4.066666666666666,,68.06666666666665,3.252314814814816,0.06666666666666668
"2011-12-01","Burgenland",11.1,-3.9,,45.59999999999999,3.0844086021505372,18.500000000000007
"2011-12-01","Kärnten",8.733333333333334,-10.433333333333334,,93.7333333333333,-0.9595430107526879,23.366666666666664
"2011-12-01","Niederösterreich",12.4,-6.3,,50.30000000000001,2.4603942652329756,47.933333333333366
"2011-12-01","Oberösterreich",11.766666666666667,-4.966666666666665,,30.8,2.6012992831541224,66.06666666666675
"2011-12-01","Salzburg",4.2,-16.7,,68.35000000000002,-5.100000000000002,90.75714285714288
"2011-12-01","Steiermark",11.299999999999999,-7.333333333333333,,64.16666666666667,1.071012544802867,23.4
"2011-12-01","Tirol",11.566666666666668,-8.033333333333333,,58.06666666666667,0.46182795698924717,94.96666666666661
"2011-12-01","Vorarlberg",16.950000000000003,-5.050000000000001,,45,3.3366263440860204,190.2
"2011-12-01","Wien",11.999999999999998,-4.7333333333333325,,44.53333333333333,3.6538530465949823,15.966666666666669
"2012-01-01","Burgenland",11.8,-7.8,,101.89999999999999,2.3702956989247324,50.300000000000004
"2012-01-01","Kärnten",7.266666666666667,-13.233333333333334,,159.73333333333335,-3.035797491039426,18.23333333333333
"2012-01-01","Niederösterreich",10.166666666666666,-11.7,,74.86666666666667,0.9059587813620061,105.23333333333329
"2012-01-01","Oberösterreich",8.8,-8.233333333333333,,72.30000000000001,1.2856630824372766,110.13333333333334
"2012-01-01","Salzburg",-0.19999999999999984,-19.200000000000003,,77.95000000000002,-7.345833333333337,132.9142857142857
"2012-01-01","Steiermark",10.099999999999998,-10.8,,125.26666666666664,0.01935483870967797,24.300000000000008
"2012-01-01","Tirol",8.433333333333334,-12.833333333333334,,72.10000000000001,-1.1123655913978492,120.73333333333326
"2012-01-01","Vorarlberg",10.8,-8.75,,63.650000000000006,2.00443548387097,101.14999999999998
"2012-01-01","Wien",10.566666666666666,-7.699999999999999,,90.66666666666666,2.459543010752687,76.49999999999999
"2012-02-01","Burgenland",15.1,-15.3,,115.69999999999995,-1.7910846953937631,13.899999999999999
"2012-02-01","Kärnten",14.433333333333334,-17.566666666666666,,121.73333333333333,-5.175780089153048,19.999999999999993
"2012-02-01","Niederösterreich",12.766666666666666,-20.933333333333334,,89.96666666666665,-3.6730559683011417,46.099999999999994
"2012-02-01","Oberösterreich",10.433333333333334,-18.233333333333334,,85.06666666666668,-3.3555225359088685,30.966666666666672
"2012-02-01","Salzburg",2.9000000000000004,-24.450000000000003,,82.30000000000001,-10.584596334819217,42.1
"2012-02-01","Steiermark",16.999999999999996,-16.93333333333333,,115.53333333333337,-2.358791480931155,21.966666666666665
"2012-02-01","Tirol",15.766666666666666,-17.53333333333333,,100.36666666666665,-3.3709262010896492,24.400000000000006
"2012-02-01","Vorarlberg",13.7,-16.9,,107.05,-2.977711738484398,24
"2012-02-01","Wien",13.266666666666667,-16.299999999999997,,113.49999999999993,-1.9918771669143125,21.066666666666666
"2012-03-01","Burgenland",22.8,-4.8,,232.6,9.214650537634425,18.500000000000004
"2012-03-01","Kärnten",18.9,-6.466666666666667,,265.6666666666667,5.831048387096775,4.266666666666667
"2012-03-01","Niederösterreich",21.933333333333334,-7.1000000000000005,,202.9666666666667,6.5498207885304645,27.999999999999996
"2012-03-01","Oberösterreich",20.866666666666667,-4.133333333333333,,197.8,7.148163082437277,14.366666666666664
"2012-03-01","Salzburg",8.350000000000001,-11.55,,191.84999999999997,-0.9615143369175633,40.85714285714286
"2012-03-01","Steiermark",22.9,-4.7,,232.10000000000002,8.073700716845877,8.666666666666664
"2012-03-01","Tirol",22.366666666666667,-3.4666666666666663,,232.23333333333332,7.511917562724014,24.400000000000002
"2012-03-01","Vorarlberg",20.35,-1.7000000000000002,,237.85000000000002,7.65766129032258,29.900000000000002
"2012-03-01","Wien",21.7,-6.6,,221.40000000000003,8.499731182795704,28.499999999999996
"2012-04-01","Burgenland",31,-2.3,,247.40000000000006,11.621111111111118,29.90000000000001
"2012-04-01","Kärnten",24.133333333333333,-6.7,,195.33333333333326,6.545000000000007,87.56666666666668
"2012-04-01","Niederösterreich",29.500000000000004,-3.7333333333333334,,191.40000000000003,8.76824074074074,37.666666666666686
"2012-04-01","Oberösterreich",30.566666666666666,-2.066666666666667,,207.60000000000002,9.596759259259256,42.2
"2012-04-01","Salzburg",14.899999999999999,-10.233333333333334,,127.26666666666664,0.11662037037037176,49.83333333333334
"2012-04-01","Steiermark",28.733333333333334,-3.033333333333333,,209.53333333333333,10.296759259259257,56.300000000000004
"2012-04-01","Tirol",30.033333333333335,-3.466666666666667,,173.89999999999998,9.595471955768716,72.70000000000002
"2012-04-01","Vorarlberg",30.6,-0.6499999999999999,,150.34999999999994,10.188611111111117,74.7
"2012-04-01","Wien",30.066666666666666,-1.2666666666666666,,223.70000000000002,10.823796296296292,26.1
"2012-05-01","Burgenland",31.4,3.8,,287.2000000000003,17.594878706199435,30.600000000000005
"2012-05-01","Kärnten",24.966666666666665,-1.2666666666666666,,243.50000000000003,11.500627240143372,132.39999999999998
"2012-05-01","Niederösterreich",28.9,-0.9666666666666668,,227.56666666666666,14.148279497435013,68.86666666666666
"2012-05-01","Oberösterreich",28.96666666666667,1.6666666666666665,,255.36666666666667,15.179032258064513,75.46666666666667
"2012-05-01","Salzburg",17.5,-7.433333333333333,,183.79999999999984,4.650806451612898,73.14444444444446
"2012-05-01","Steiermark",29.033333333333335,0.5666666666666667,,242.8000000000001,15.263440860215052,104.83333333333331
"2012-05-01","Tirol",30.766666666666666,1.5333333333333334,,231.6666666666667,14.721998207885305,65.83333333333333
"2012-05-01","Vorarlberg",30.450000000000003,1.6,,237.0000000000001,15.193884408602155,102.59999999999998
"2012-05-01","Wien",30.433333333333334,0.8666666666666667,,272.4333333333334,16.56272401433691,32.93333333333334
"2012-06-01","Burgenland",37.4,7.9,,255.3,21.17202295552367,51.500000000000014
"2012-06-01","Kärnten",30.633333333333333,5.933333333333333,,256.1666666666666,16.519368723098996,79.43333333333335
"2012-06-01","Niederösterreich",33.06666666666666,2.2,,216.8333333333334,17.802965088474412,137.76666666666665
"2012-06-01","Oberösterreich",32.96666666666667,4,,243.46666666666673,18.40980392156861,148.23333333333332
"2012-06-01","Salzburg",22.666666666666668,-0.6333333333333331,,188.06666666666666,9.503299856527974,124.53333333333333
"2012-06-01","Steiermark",33.733333333333334,5.133333333333333,,250.10000000000002,19.64701099952177,110.1
"2012-06-01","Tirol",33.83333333333333,7.566666666666666,,229.73333333333343,18.690100430416074,113.56666666666665
"2012-06-01","Vorarlberg",32.7,8.35,,207.44999999999996,18.44060258249644,244.19999999999993
"2012-06-01","Wien",35.7,6.233333333333333,,254.26666666666688,20.148397895743667,63.96666666666669
"2012-07-01","Burgenland",37.8,12.4,,255.80000000000004,22.20672043010755,108.09999999999997
"2012-07-01","Kärnten",30.2,6.800000000000001,,256.29999999999995,16.91196236559139,312.8
"2012-07-01","Niederösterreich",32.3,7.333333333333332,,192.96666666666655,18.718279569892477,171.7333333333333
"2012-07-01","Oberösterreich",32.16666666666667,8.2,,201.9999999999999,19.09583333333334,124.99999999999991
"2012-07-01","Salzburg",21.366666666666667,1.5666666666666664,,149.86666666666667,9.735687142119762,236.28888888888892
"2012-07-01","Steiermark",33.166666666666664,9,,244.93333333333345,20.38284050179212,252.66666666666677
"2012-07-01","Tirol",32.93333333333333,7.999999999999999,,199.96666666666667,18.634543010752694,203.39999999999998
"2012-07-01","Vorarlberg",31.7,8.35,,202.4000000000001,18.89952956989247,96.44999999999993
"2012-07-01","Wien",35.1,11.433333333333334,,241,21.236783154121852,136.86666666666665
"2012-08-01","Burgenland",36.2,11.4,,311.50000000000006,22.767607526881736,30.10000000000001
"2012-08-01","Kärnten",28.999999999999996,5.9,,287.5333333333334,17.44749103942652,96.63333333333333
"2012-08-01","Niederösterreich",35.46666666666666,5.833333333333334,,248.03333333333333,18.671012544802878,59.93333333333334
"2012-08-01","Oberösterreich",34.166666666666664,8.633333333333333,,275.2666666666667,19.611693548387105,118.80000000000001
"2012-08-01","Salzburg",23.133333333333333,-1.0666666666666667,,198.80000000000007,11.014068100358417,174.9111111111111
"2012-08-01","Steiermark",33.733333333333334,8.5,,279.03333333333336,20.764964157706082,56.800000000000004
"2012-08-01","Tirol",33.93333333333333,8.666666666666668,,260.8333333333335,19.579928315412193,190.5666666666666
"2012-08-01","Vorarlberg",32.25,10.7,,275.04999999999995,20.142204301075274,255.5999999999999
"2012-08-01","Wien",36.233333333333334,9.5,,288.26666666666677,21.360707885304674,34.43333333333334
"2012-09-01","Burgenland",31.7,5.4,,220.5,17.867777777777786,25.900000000000013
"2012-09-01","Kärnten",23.833333333333332,1.8333333333333335,,178.6666666666667,12.426620370370374,142.23333333333326
"2012-09-01","Niederösterreich",28.53333333333333,0.2666666666666667,,175.16666666666666,14.057500000000003,92.76666666666667
"2012-09-01","Oberösterreich",27.866666666666667,2.8,,185.89999999999998,14.562546296296302,75.63333333333335
"2012-09-01","Salzburg",17.366666666666667,-3.7000000000000006,,157.03333333333333,6.843055555555546,93.82222222222221
"2012-09-01","Steiermark",28.200000000000003,3.266666666666667,,191.86666666666662,15.528981481481487,111.09999999999998
"2012-09-01","Tirol",27.1,3.733333333333334,,174.03333333333327,14.49032407407407,106.89999999999999
"2012-09-01","Vorarlberg",26.25,4.7,,169.45000000000002,14.771527777777775,174.7999999999999
"2012-09-01","Wien",31.133333333333333,3.5666666666666664,,197.76666666666668,16.469675925925948,44
"2012-10-01","Burgenland",25.8,-1.4,,132.1,10.766019417475732,53.30000000000001
"2012-10-01","Kärnten",20.599999999999998,-6.8,,155.43333333333334,7.315811373092931,135.43333333333328
"2012-10-01","Niederösterreich",25.033333333333335,-3.4,,118.46666666666664,8.27572815533981,35.86666666666668
"2012-10-01","Oberösterreich",24.766666666666666,-2.1333333333333333,,115,8.404669440591773,34.200000000000024
"2012-10-01","Salzburg",16.633333333333333,-12.8,,164.9,3.4459546925566364,98.38888888888886
"2012-10-01","Steiermark",22.933333333333334,-3.6,,145.39999999999998,9.451687471104943,93.23333333333335
"2012-10-01","Tirol",22.700000000000003,-3.2333333333333334,,138.33333333333331,9.212713823393432,91.8
"2012-10-01","Vorarlberg",24.25,-1.75,,112.49999999999999,10.368515950069336,166.04999999999998
"2012-10-01","Wien",25.7,-1.7999999999999998,,124.53333333333335,10.024456773000464,42.76666666666668
"2012-11-01","Burgenland",16.8,1.1,,62.10000000000001,7.340555555555559,43.900000000000006
"2012-11-01","Kärnten",12.433333333333334,-3.3000000000000003,,59.80000000000002,3.7236111111111114,123.06666666666655
"2012-11-01","Niederösterreich",14.133333333333335,-2.1,,54.599999999999994,5.4000925925926,35.93333333333335
"2012-11-01","Oberösterreich",14.6,-1.2,,58.5,4.9899999999999975,26.76666666666668
"2012-11-01","Salzburg",9.600000000000001,-10,,107.66666666666664,0.22680555555555715,100.97777777777777
"2012-11-01","Steiermark",16.299999999999997,-1.1666666666666667,,64.8,6.400370370370369,74.0333333333333
"2012-11-01","Tirol",15.299999999999999,-2.8666666666666667,,96.33333333333334,4.687638888888889,112.76666666666665
"2012-11-01","Vorarlberg",19.75,-1.2999999999999998,,86.39999999999996,5.729305555555555,122.79999999999995
"2012-11-01","Wien",15.399999999999999,-0.7999999999999999,,59.733333333333334,6.842916666666666,20.966666666666672
"2012-12-01","Burgenland",8.1,-8,,74.40000000000002,0.3067204301075264,27.799999999999997
"2012-12-01","Kärnten",10.566666666666665,-14.166666666666668,,109.73333333333332,-3.165546594982077,35.666666666666664
"2012-12-01","Niederösterreich",10.933333333333334,-13.8,,60.83333333333334,-0.0898297491039432,45.06666666666668
"2012-12-01","Oberösterreich",10.9,-14.233333333333336,,57.400000000000006,-0.11841397849462384,52.26666666666668
"2012-12-01","Salzburg",7.866666666666667,-18.666666666666668,,83.06666666666666,-6.556317204301079,72.8777777777778
"2012-12-01","Steiermark",11.233333333333334,-12.066666666666666,,80.93333333333332,-0.17992831541218673,20.099999999999998
"2012-12-01","Tirol",9.933333333333334,-12.366666666666665,,68.86666666666667,-0.5893817204301078,71.16666666666667
"2012-12-01","Vorarlberg",17.700000000000003,-11.1,,61.400000000000006,2.128897849462366,168.89999999999992
"2012-12-01","Wien",12.266666666666667,-8.666666666666668,,60.56666666666668,0.6228942652329748,50.2
"2013-01-01","Burgenland",14,-11.2,,35.4,-0.10721220527045708,62.10000000000003
"2013-01-01","Kärnten",10.966666666666667,-11.799999999999999,,76.16666666666666,-2.076375404530744,33.66666666666669
"2013-01-01","Niederösterreich",12.3,-12.833333333333334,,22.833333333333332,-0.5069810448451212,130.1333333333332
"2013-01-01","Oberösterreich",12.799999999999999,-10.166666666666666,,24.3,-0.37004160887656057,80.99999999999996
"2013-01-01","Salzburg",5.2333333333333325,-16.2,,71.16666666666667,-6.311742949607028,90.91111111111114
"2013-01-01","Steiermark",13.333333333333334,-11.333333333333336,,46.099999999999994,0.04895977808599106,46.23333333333334
"2013-01-01","Tirol",11.3,-11.466666666666667,,66.63333333333334,-0.39801033209182046,84.23333333333323
"2013-01-01","Vorarlberg",12.6,-9.75,,55.85000000000001,0.6780859916782248,94.69999999999999
"2013-01-01","Wien",14.899999999999999,-11.9,,21.133333333333333,0.30753582986592676,88.93333333333334
"2013-02-01","Burgenland",11.9,-5.8,,53.7,1.1101190476190486,67.80000000000003
"2013-02-01","Kärnten",4.733333333333333,-13.733333333333333,,63.06666666666668,-3.7506448412698408,92.03333333333332
"2013-02-01","Niederösterreich",9.733333333333333,-13.333333333333332,,32.56666666666667,-0.40173611111111135,54.166666666666686
"2013-02-01","Oberösterreich",9.566666666666668,-12.600000000000001,,36.66666666666667,-0.5762896825396832,53.50000000000003
"2013-02-01","Salzburg",1.8333333333333335,-18.733333333333334,,88.86666666666667,-9.171726190476189,26.233333333333345
"2013-02-01","Steiermark",8.833333333333334,-7.8999999999999995,,43.60000000000001,0.2937500000000002,105.03333333333335
"2013-02-01","Tirol",8.8,-12.2,,86.76666666666668,-1.4148809523809527,53.66666666666671
"2013-02-01","Vorarlberg",10.350000000000001,-11.1,,83.25,-0.9934523809523799,141.69999999999996
"2013-02-01","Wien",10.933333333333334,-7.6,,41.10000000000001,1.0903769841269833,52.86666666666667
"2013-03-01","Burgenland",18.1,-5.8,,138.29999999999998,3.338440860215053,51.80000000000002
"2013-03-01","Kärnten",10.866666666666667,-11.3,,142.7333333333333,-0.36751792114695325,84.7333333333333
"2013-03-01","Niederösterreich",15.5,-9.033333333333333,,122.19999999999996,1.3057795698924721,41.86666666666668
"2013-03-01","Oberösterreich",16.8,-7.233333333333333,,134.6,1.942025089605734,40.93333333333335
"2013-03-01","Salzburg",7.5,-17.03333333333333,,148.46666666666664,-4.270922939068105,32.6
"2013-03-01","Steiermark",17.633333333333333,-6.5,,133.36666666666667,2.774103942652328,68.00000000000003
"2013-03-01","Tirol",17.866666666666667,-7.8,,146.70000000000002,3.260976702508958,60.300000000000004
"2013-03-01","Vorarlberg",18.55,-5.4,,109.24999999999999,3.702755376344087,66.40000000000003
"2013-03-01","Wien",18.466666666666665,-6.6,,134.83333333333331,2.905913978494622,36.46666666666667
"2013-04-01","Burgenland",28.4,-0.7,,226.3000000000001,12.493333333333332,10.999999999999996
"2013-04-01","Kärnten",21.7,-4.1,,166.9666666666667,7.350648148148152,42.50000000000001
"2013-04-01","Niederösterreich",27.099999999999998,-2.933333333333333,,157.96666666666673,9.450041080719103,28.06666666666667
"2013-04-01","Oberösterreich",26.833333333333336,-2.4999999999999996,,160.6333333333333,9.911851851851852,17.36666666666667
"2013-04-01","Salzburg",12.033333333333331,-10.133333333333333,,151.63333333333335,1.4408796296296258,35.300000000000004
"2013-04-01","Steiermark",27.5,-0.9999999999999999,,183.73333333333326,11.096898148148155,40.20000000000001
"2013-04-01","Tirol",26.333333333333332,-2.0999999999999996,,172.46666666666667,10.324444444444445,46.50000000000001
"2013-04-01","Vorarlberg",25.200000000000003,-3.05,,136.35000000000002,9.717638888888882,53.65000000000002
"2013-04-01","Wien",27.966666666666665,-1.2000000000000002,,206.20000000000002,11.53560185185185,15.000000000000002
"2013-05-01","Burgenland",27.1,7.6,,232.40000000000006,15.818862690707347,30.400000000000002
"2013-05-01","Kärnten",23.333333333333332,1.9333333333333336,,167.20000000000002,10.192186777623677,124.89999999999992
"2013-05-01","Niederösterreich",26,3.3,,160.66666666666663,12.952658344891354,129.99999999999994
"2013-05-01","Oberösterreich",26.733333333333334,4.333333333333334,,157.9,13.315626444752663,95.56666666666668
"2013-05-01","Salzburg",12.966666666666665,-4.866666666666667,,115.96666666666668,3.3968099861303758,160.35555555555538
"2013-05-01","Steiermark",27.1,5.366666666666667,,181.39999999999992,14.276467868700879,153.49999999999997
"2013-05-01","Tirol",25.6,3.5,,151.3,12.626398520573288,153.56666666666658
"2013-05-01","Vorarlberg",23.2,3.55,,135.9499999999999,12.060818307905688,225.54999999999984
"2013-05-01","Wien",25.933333333333334,7.033333333333333,,205.93333333333325,14.80628756356912,98.76666666666664
"2013-06-01","Burgenland",35.3,8,,273.49999999999994,19.321250000000013,46.30000000000002
"2013-06-01","Kärnten",30.133333333333333,4.033333333333333,,242.83333333333323,14.616111111111108,59.26666666666668
"2013-06-01","Niederösterreich",33.9,4.8,,206.9,16.367453703703706,140.16666666666663
"2013-06-01","Oberösterreich",34.599999999999994,6.3,,220.23333333333338,16.96717592592592,164.9999999999999
"2013-06-01","Salzburg",21.400000000000002,-2.8000000000000003,,154.99999999999997,6.702731481481478,169.05555555555543
"2013-06-01","Steiermark",33.6,6.766666666666667,,245.1666666666667,18.44726851851852,56.56666666666666
"2013-06-01","Tirol",35,5.4,,210.2666666666667,16.65481481481481,156.33333333333323
"2013-06-01","Vorarlberg",35.25,5.6,,200.0499999999999,16.383418886531516,381.79999999999995
"2013-06-01","Wien",33.36666666666667,6.633333333333334,,245.8333333333333,18.121759259259264,137.96666666666664
"2013-07-01","Burgenland",37.8,11.1,,386.30000000000007,23.910349462365605,3.9999999999999996
"2013-07-01","Kärnten",33.733333333333334,8.3,,302.73333333333335,18.55120967741935,36.966666666666676
"2013-07-01","Niederösterreich",35.36666666666667,7.333333333333333,,310.36666666666673,19.795878136200727,59.66666666666667
"2013-07-01","Oberösterreich",36,8.933333333333334,,320.66666666666674,21.04937275985662,42.099999999999994
"2013-07-01","Salzburg",23.666666666666664,2.533333333333333,,251.50000000000014,11.217428315412182,97.52222222222221
"2013-07-01","Steiermark",37.833333333333336,10,,330.16666666666674,21.95770609318996,27.933333333333334
"2013-07-01","Tirol",36.300000000000004,8.5,,307.3666666666668,21.118458781362,35.00000000000001
"2013-07-01","Vorarlberg",37.35,9.8,,328.59999999999997,21.077620967741936,65.85000000000001
"2013-07-01","Wien",36.9,10.033333333333333,,374.16666666666663,22.475403225806453,10.799999999999999
"2013-08-01","Burgenland",40.3,12.8,,292.7000000000001,22.489247311827963,56.60000000000002
"2013-08-01","Kärnten",33.733333333333334,6.933333333333334,,271.6333333333334,17.49041218637993,111.39999999999999
"2013-08-01","Niederösterreich",36.60000000000001,7,,241.16666666666666,18.566666666666652,84.86666666666663
"2013-08-01","Oberösterreich",35.800000000000004,9.499999999999998,,251.3666666666667,19.66017025089606,106.59999999999998
"2013-08-01","Salzburg",23.499999999999996,2,,198.53333333333327,10.414516129032242,132.57777777777775
"2013-08-01","Steiermark",38.266666666666666,9.1,,264.6333333333334,20.605376344086025,105.86666666666665
"2013-08-01","Tirol",37.06666666666666,8.633333333333333,,246.16666666666666,19.30389784946237,141.4666666666666
"2013-08-01","Vorarlberg",33.8,9.600000000000001,,261.59999999999997,18.958198924731196,136.24999999999997
"2013-08-01","Wien",38.56666666666666,10.1,,273.0666666666666,21.090815412186387,58.33333333333335
"2013-09-01","Burgenland",27.9,5.1,,152.2999999999999,15.874461979913928,58.30000000000003
"2013-09-01","Kärnten",23.833333333333336,2,,174.20000000000002,11.987948350071733,100.0333333333333
"2013-09-01","Niederösterreich",25.6,3.0999999999999996,,126.79999999999995,13.309134385461505,93.69999999999997
"2013-09-01","Oberösterreich",26.533333333333335,4.800000000000001,,136.43333333333328,14.114060258249646,85.3666666666666
"2013-09-01","Salzburg",17.666666666666668,-3.033333333333333,,134.6333333333333,6.115590626494502,133.35555555555553
"2013-09-01","Steiermark",26.066666666666666,5.300000000000001,,148.56666666666663,14.6883787661406,100.66666666666666
"2013-09-01","Tirol",28.833333333333336,5.3999999999999995,,164.1,14.208225729316117,99.99999999999997
"2013-09-01","Vorarlberg",27.75,6.4,,148.54999999999993,14.509469153515067,180.7499999999999
"2013-09-01","Wien",27.266666666666666,3.5,,142.5,15.27226207556193,84.63333333333327
"2013-10-01","Burgenland",24.2,1.1,,154.70000000000002,11.97997311827958,16.599999999999994
"2013-10-01","Kärnten",19.366666666666667,0.033333333333333326,,136.66666666666663,8.531003584229389,70.8
"2013-10-01","Niederösterreich",22.766666666666666,-2.0666666666666664,,151.80000000000004,9.440815412186378,33.36666666666668
"2013-10-01","Oberösterreich",22.599999999999998,0.23333333333333334,,158.03333333333336,9.922132616487454,40.83333333333334
"2013-10-01","Salzburg",14,-5.933333333333334,,150.26666666666668,3.9672939068100352,136.45555555555552
"2013-10-01","Steiermark",24.4,0.8666666666666667,,148.4333333333333,10.937365591397844,54.433333333333344
"2013-10-01","Tirol",22.03333333333333,0.03333333333333334,,148.56666666666663,10.536738351254487,104.36666666666663
"2013-10-01","Vorarlberg",25.25,0.7999999999999999,,118.49999999999999,11.724059139784945,117.59999999999997
"2013-10-01","Wien",22.93333333333333,-0.29999999999999993,,146.1,11.036872759856635,26.133333333333344
"2013-11-01","Burgenland",18.3,-4.4,,61.7,6.380416666666667,60.70000000000001
"2013-11-01","Kärnten",12.733333333333333,-9.7,,58.733333333333334,2.1231481481481485,182.3333333333332
"2013-11-01","Niederösterreich",17.800000000000004,-7,,56.033333333333324,4.641296296296298,75.36666666666665
"2013-11-01","Oberösterreich",18.233333333333334,-7.233333333333333,,56.600000000000016,4.800648148148151,54.0666666666667
"2013-11-01","Salzburg",8.833333333333332,-16.766666666666666,,74.83333333333331,-2.9931018518518524,142.67777777777772
"2013-11-01","Steiermark",16.066666666666666,-7.133333333333333,,60.86666666666667,5.438472222222223,122.36666666666665
"2013-11-01","Tirol",16.633333333333333,-9.066666666666666,,57.600000000000016,3.5589351851851836,116.6333333333333
"2013-11-01","Vorarlberg",18.95,-6.85,,67.44999999999999,4.208055555555554,102.04999999999993
"2013-11-01","Wien",19.5,-2,,60.13333333333333,6.17634259259259,55.466666666666676
"2013-12-01","Burgenland",12.3,-3.3,,69.5,3.0446236559139783,8.899999999999997
"2013-12-01","Kärnten",8.7,-7.033333333333333,,126.1666666666666,0.1532706093189961,34.36666666666668
"2013-12-01","Niederösterreich",12.766666666666667,-6.466666666666667,,70.63333333333331,1.634811827956989,18.8
"2013-12-01","Oberösterreich",14.100000000000001,-5,,63.16666666666665,1.1641577060931894,13.199999999999996
"2013-12-01","Salzburg",6.766666666666666,-13.7,,140.09999999999997,-3.1780465949820753,32.277777777777786
"2013-12-01","Steiermark",11.866666666666667,-6.466666666666667,,80.93333333333332,1.085394265232975,17.799999999999997
"2013-12-01","Tirol",13.7,-8.3,,108.86666666666667,0.0886200716845878,39.699999999999996
"2013-12-01","Vorarlberg",17.799999999999997,-7.65,,105.04999999999998,1.1018817204301077,36.6
"2013-12-01","Wien",13.433333333333334,-4.733333333333333,,71.19999999999999,3.0958333333333337,11.933333333333334
"2014-01-01","Burgenland",12.3,-10.9,,54.50000000000002,2.947156726768376,7.799999999999998
"2014-01-01","Kärnten",9.233333333333333,-6.8,,66.53333333333333,0.4315765141007859,100.23333333333329
"2014-01-01","Niederösterreich",12.733333333333336,-9.766666666666667,,60.1,0.9520110957004154,24.000000000000007
"2014-01-01","Oberösterreich",10.733333333333333,-7.666666666666666,,51.93333333333332,0.9472954230235785,25.90000000000001
"2014-01-01","Salzburg",6.633333333333334,-12.966666666666667,,84.26666666666665,-3.306842348589917,58.5888888888889
"2014-01-01","Steiermark",12.2,-6.766666666666666,,52.83333333333333,2.297734627831716,37.16666666666667
"2014-01-01","Tirol",11.533333333333335,-7.300000000000001,,64.53333333333335,1.03042071197411,98.83333333333334
"2014-01-01","Vorarlberg",13.1,-4.800000000000001,,68.14999999999998,3.1364077669902897,71.60000000000004
"2014-01-01","Wien",12.933333333333334,-9.866666666666667,,57.3,2.261719833564493,7.799999999999996
"2014-02-01","Burgenland",12.9,-4.4,,78.7,4.149255952380952,37.70000000000001
"2014-02-01","Kärnten",8.533333333333333,-5.9,,74.46666666666668,0.16438492063492002,148.0333333333333
"2014-02-01","Niederösterreich",13,-6.833333333333334,,110.56666666666669,2.596329365079364,23.933333333333337
"2014-02-01","Oberösterreich",14.166666666666666,-4.333333333333333,,129.8666666666667,3.264930555555557,6.6
"2014-02-01","Salzburg",5.5,-10.833333333333334,,101.33333333333336,-3.244692460317461,102.14444444444442
"2014-02-01","Steiermark",13.933333333333334,-3.8,,76.4,2.8358134920634925,90.56666666666665
"2014-02-01","Tirol",13.633333333333335,-4.566666666666666,,112.93333333333335,3.2484623015873044,85.03333333333333
"2014-02-01","Vorarlberg",17.25,-2.5,,122.35000000000002,5.1313244047619,43.300000000000026
"2014-02-01","Wien",12.866666666666667,-3.7000000000000006,,86.89999999999999,4.0233630952380945,23.33333333333333
"2014-03-01","Burgenland",22.2,1.1,,237.79999999999998,10.187768817204311,9.199999999999998
"2014-03-01","Kärnten",18.46666666666667,-3.566666666666666,,214.99999999999997,5.075716845878134,29.233333333333338
"2014-03-01","Niederösterreich",21.000000000000004,-4.300000000000001,,198.6,7.03552867383512,24.83333333333333
"2014-03-01","Oberösterreich",21.566666666666666,-2.2666666666666666,,209.0333333333333,7.931720430107522,23.033333333333335
"2014-03-01","Salzburg",9.8,-10.733333333333334,,196.0333333333334,-1.002148905141265,74.05555555555556
"2014-03-01","Steiermark",22.766666666666666,-1.9000000000000004,,213.6333333333333,8.468324372759861,16.5
"2014-03-01","Tirol",22.366666666666667,-2.9333333333333336,,218.6666666666667,6.7521505376344075,53.699999999999996
"2014-03-01","Vorarlberg",22.05,-0.9,,218.64999999999992,7.319018817204303,54.550000000000004
"2014-03-01","Wien",22.2,-1.5666666666666669,,217.13333333333335,9.137724014336914,14.833333333333332
"2014-04-01","Burgenland",25.5,2.9,,199.40000000000003,13.046498599439776,48.80000000000004
"2014-04-01","Kärnten",18.766666666666666,-2.566666666666667,,181,8.239675925925933,70.33333333333333
"2014-04-01","Niederösterreich",22.46666666666667,-2.033333333333333,,157.26666666666657,10.176990740740743,57.5333333333333
"2014-04-01","Oberösterreich",22.166666666666664,-1.1666666666666667,,172.69999999999996,10.998611111111101,34.900000000000006
"2014-04-01","Salzburg",10.733333333333334,-9.366666666666667,,128.63333333333333,1.3431481481481482,112.54444444444445
"2014-04-01","Steiermark",24.333333333333332,0.7000000000000002,,161.29999999999993,11.890231481481473,50.000000000000014
"2014-04-01","Tirol",23.900000000000002,0.1333333333333333,,177.83333333333343,10.925879629629629,59.866666666666674
"2014-04-01","Vorarlberg",23.15,-0.35,,196.7,11.447013888888891,83.79999999999998
"2014-04-01","Wien",23.9,1.8666666666666667,,194.76666666666665,12.159722222222225,73.5
"2014-05-01","Burgenland",29.4,4.3,,220.20000000000013,15.25228848821081,125.39999999999992
"2014-05-01","Kärnten",25.666666666666668,-0.1,,225.13333333333333,10.459546925566347,86.89999999999996
"2014-05-01","Niederösterreich",28.3,0.8999999999999999,,158.06666666666663,12.290938511326866,199.49999999999986
"2014-05-01","Oberösterreich",29.433333333333334,2.8666666666666663,,170.39999999999992,12.945908460471571,178.39999999999995
"2014-05-01","Salzburg",16.666666666666664,-6,,128.93333333333328,2.996321944612661,145.211111111111
"2014-05-01","Steiermark",28.633333333333333,2.8666666666666667,,216.76666666666668,14.036939435968556,119.19999999999993
"2014-05-01","Tirol",29.4,0.8,,187.89999999999995,13.109015256588078,116.69999999999995
"2014-05-01","Vorarlberg",29.3,3.4,,186.99999999999994,13.608567893176678,139.79999999999998
"2014-05-01","Wien",28.3,3.5999999999999996,,211.63333333333333,14.294822006472502,159.23333333333326
"2014-06-01","Burgenland",35.7,10.8,,314.90000000000003,20.303472222222222,26.800000000000004
"2014-06-01","Kärnten",29.86666666666667,4.533333333333333,,233.5666666666667,14.948703703703712,151.96666666666664
"2014-06-01","Niederösterreich",32.53333333333333,5.2,,238.3,16.631527777777773,36.766666666666666
"2014-06-01","Oberösterreich",33.13333333333334,7.4,,284.3000000000001,17.930509259259257,43.7
"2014-06-01","Salzburg",21.233333333333334,-1.833333333333333,,174.73333333333326,7.830290670417245,118.4
"2014-06-01","Steiermark",33.900000000000006,7.633333333333333,,251.5,18.336805555555543,108.43333333333332
"2014-06-01","Tirol",33.96666666666667,5.733333333333333,,236.43333333333334,17.915092592592583,97.33333333333333
"2014-06-01","Vorarlberg",34.3,7.65,,289.4,18.58284722222222,95.00000000000001
"2014-06-01","Wien",33.36666666666667,9.033333333333335,,295.63333333333316,19.06125,38.733333333333334
"2014-07-01","Burgenland",34.4,12.8,,267.0000000000002,22.33494623655916,173.50000000000003
"2014-07-01","Kärnten",28.1,6.533333333333333,,193.5333333333333,16.132706093189963,139.36666666666665
"2014-07-01","Niederösterreich",33.833333333333336,7.966666666666667,,210.8666666666667,19.02983870967743,110.33333333333331
"2014-07-01","Oberösterreich",34.233333333333334,9.266666666666666,,228.40000000000006,19.574580432905446,129.7333333333333
"2014-07-01","Salzburg",21.633333333333333,0.5666666666666663,,143.19999999999993,9.496146953405013,168.26666666666668
"2014-07-01","Steiermark",31.3,9.1,,213.20000000000005,19.996370967741925,116.26666666666665
"2014-07-01","Tirol",32.900000000000006,8.3,,195.29999999999993,18.737858422939095,168.36666666666665
"2014-07-01","Vorarlberg",31.200000000000003,8.55,,192.04999999999995,18.59213709677421,315.3000000000001
"2014-07-01","Wien",33.03333333333333,11.466666666666667,,259.0000000000002,21.296460573476697,95.66666666666666
"2014-08-01","Burgenland",31.4,10.4,,228.70000000000007,19.51612903225806,79.69999999999995
"2014-08-01","Kärnten",25.800000000000004,6.133333333333333,,198,14.677777777777777,187.69999999999987
"2014-08-01","Niederösterreich",29.833333333333332,5.3,,155.8999999999999,16.570250896057367,103.56666666666666
"2014-08-01","Oberösterreich",30.366666666666667,6.6000000000000005,,169.13333333333335,16.94153225806451,95.63333333333337
"2014-08-01","Salzburg",18.566666666666663,0.2666666666666664,,109.73333333333332,7.715994623655919,227.7222222222221
"2014-08-01","Steiermark",30.066666666666666,8.233333333333334,,189.7666666666666,17.98145161290323,150.2333333333333
"2014-08-01","Tirol",29.566666666666666,6.333333333333333,,166.2333333333333,16.599641577060943,160.8999999999999
"2014-08-01","Vorarlberg",30.7,8.5,,165.3,17.147580645161298,165.29999999999995
"2014-08-01","Wien",31.366666666666664,9,,214.89999999999998,18.71366487455195,90.76666666666665
"2014-09-01","Burgenland",28.1,6.4,,157.8,16.702725968436173,120.39999999999996
"2014-09-01","Kärnten",22.76666666666667,2.7333333333333334,,133.5666666666667,11.937972262075558,193.26666666666657
"2014-09-01","Niederösterreich",25.266666666666666,1.2666666666666664,,131.63333333333335,14.231946437111432,110.8666666666666
"2014-09-01","Oberösterreich",26.46666666666667,2.466666666666667,,133.29999999999998,14.885939741750354,103.06666666666665
"2014-09-01","Salzburg",15.566666666666666,-3.9999999999999996,,128.16666666666666,6.30282161645146,103.34444444444442
"2014-09-01","Steiermark",25.933333333333334,4.8,,126.43333333333331,15.218603538976561,148.9666666666666
"2014-09-01","Tirol",26.4,3.8,,160.23333333333332,14.925886412820962,59.96666666666667
"2014-09-01","Vorarlberg",26.450000000000003,5.6,,173.74999999999994,15.508393113342896,85.10000000000002
"2014-09-01","Wien",25.96666666666667,4.166666666666667,,145.30000000000004,15.926111908177909,126.36666666666665
"2014-10-01","Burgenland",25.1,1.4,,116.39999999999999,12.546505376344085,49.3
"2014-10-01","Kärnten",21.166666666666668,-2.3000000000000003,,190.03333333333333,9.425358422939064,29.26666666666667
"2014-10-01","Niederösterreich",22.3,-0.39999999999999997,,104.19999999999996,10.92374551971326,77.33333333333333
"2014-10-01","Oberösterreich",22.7,1.5333333333333332,,105.66666666666661,11.157392473118273,92.1
"2014-10-01","Salzburg",15.833333333333332,-6.933333333333334,,158.0666666666667,4.194265232974912,102.55555555555553
"2014-10-01","Steiermark",25.8,0.10000000000000002,,142.56666666666666,12.200179211469528,49.466666666666654
"2014-10-01","Tirol",25.5,-0.8,,165.79999999999995,11.410707885304666,121.16666666666666
"2014-10-01","Vorarlberg",28.2,1.75,,162.79999999999998,13.01612903225807,94.55
"2014-10-01","Wien",22.7,0.13333333333333336,,100.26666666666665,12.151388888888887,45.2
"2014-11-01","Burgenland",18.4,1,,63.900000000000006,8.231388888888892,29.1
"2014-11-01","Kärnten",14.3,-1.7333333333333334,,66.70000000000002,5.5406018518518545,124.93333333333328
"2014-11-01","Niederösterreich",18.966666666666672,-0.06666666666666672,,50.80000000000001,6.9304166666666625,24.53333333333334
"2014-11-01","Oberösterreich",18.93333333333333,-0.9333333333333332,,62,6.146673597249941,23.433333333333337
"2014-11-01","Salzburg",9.666666666666668,-5.933333333333334,,100.83333333333333,2.162638888888888,64.45555555555552
"2014-11-01","Steiermark",19.533333333333335,0.5333333333333333,,63.53333333333333,8.076342592592592,55.066666666666656
"2014-11-01","Tirol",18.533333333333335,0.03333333333333338,,78.2,7.099398148148157,107.7333333333332
"2014-11-01","Vorarlberg",21.25,0.75,,78.09999999999998,7.21597222222222,86.24999999999997
"2014-11-01","Wien",19.3,0.9666666666666668,,52.83333333333334,7.948749999999998,31.666666666666675
"2014-12-01","Burgenland",14.7,-9.6,,73.10000000000001,3.14744623655914,43.70000000000001
"2014-12-01","Kärnten",10.266666666666667,-14.566666666666666,,85.53333333333333,-0.4976702508960574,54.50000000000002
"2014-12-01","Niederösterreich",14.7,-11.233333333333333,,55.2,2.5749551971326152,37.80000000000003
"2014-12-01","Oberösterreich",13.4,-11.733333333333334,,44.166666666666664,2.615008960573477,41.60000000000003
"2014-12-01","Salzburg",6.5,-18.033333333333335,,71.16666666666664,-4.480689964157707,41.7666666666667
"2014-12-01","Steiermark",13.233333333333333,-10.333333333333336,,75.43333333333335,1.4719534050179226,41.50000000000002
"2014-12-01","Tirol",11.166666666666664,-10.466666666666669,,54.99999999999999,1.4086917562724024,63.36666666666669
"2014-12-01","Vorarlberg",13.7,-8.850000000000001,,41.50000000000001,3.4722159791997163,131.10000000000005
"2014-12-01","Wien",15.633333333333333,-9.533333333333333,,68.4666666666667,3.6192204301075233,38.60000000000002
"2015-01-01","Burgenland",18.4,-5.5,,72.2,2.8373092926491017,57.90000000000002
"2015-01-01","Kärnten",13.466666666666667,-11.099999999999998,,116.4,-1.0834951456310675,26.966666666666672
"2015-01-01","Niederösterreich",16.366666666666667,-7.333333333333333,,50.4,1.9655570966250582,72.29999999999997
"2015-01-01","Oberösterreich",16.533333333333335,-5.7,,34.99999999999999,1.6040221914008337,61.833333333333364
"2015-01-01","Salzburg",7.066666666666667,-14.233333333333333,,78.06666666666665,-5.841100323624593,101.6
"2015-01-01","Steiermark",17.7,-6.9333333333333345,,81.50000000000001,1.5535829865926956,36.699999999999996
"2015-01-01","Tirol",17.366666666666667,-8.9,,81.83333333333334,0.4685621821544146,71.86666666666663
"2015-01-01","Vorarlberg",17.05,-7.5,,70.5,2.1904993065187246,115.19999999999996
"2015-01-01","Wien",17.5,-5.466666666666667,,52.90000000000001,2.887471104946831,60.03333333333336
"2015-02-01","Burgenland",12.9,-5,,113.9,2.562202380952381,22.700000000000006
"2015-02-01","Kärnten",9.566666666666666,-10.466666666666667,,129.3,-1.6262400793650784,20.466666666666672
"2015-02-01","Niederösterreich",12.233333333333333,-8.600000000000001,,96.56666666666668,0.3926587301587301,20.033333333333346
"2015-02-01","Oberösterreich",10.866666666666669,-8.499999999999998,,101.03333333333333,0.15942460317460377,11.599999999999996
"2015-02-01","Salzburg",4.566666666666666,-17.1,,137.4333333333333,-6.542559523809523,24.922222222222228
"2015-02-01","Steiermark",12.5,-8.1,,107.23333333333335,1.4842757936507935,25.3
"2015-02-01","Tirol",12.1,-9.133333333333333,,125.9,0.06349206349206404,25.36666666666668
"2015-02-01","Vorarlberg",10.6,-7.55,,70.49999999999999,-0.357514880952382,48.65
"2015-02-01","Wien",11.433333333333334,-5.3,,111.43333333333335,2.0206349206349214,31.53333333333334
"2015-03-01","Burgenland",18,-1.1,,164.99999999999986,6.991263440860218,24.800000000000004
"2015-03-01","Kärnten",13.533333333333335,-5.466666666666667,,203.46666666666667,2.6628584229390677,24.6
"2015-03-01","Niederösterreich",16.433333333333334,-5,,136.19999999999993,4.7655913978494615,40.83333333333335
"2015-03-01","Oberösterreich",16.633333333333333,-3.733333333333333,,133.93333333333325,5.346326164874552,61.66666666666668
"2015-03-01","Salzburg",6.966666666666667,-12.766666666666667,,149.79999999999998,-3.373655913978495,59.35555555555554
"2015-03-01","Steiermark",18.9,-3.833333333333333,,182.36666666666665,5.940725806451611,23.433333333333334
"2015-03-01","Tirol",19.833333333333332,-4.133333333333334,,172.03333333333333,5.590994623655915,65.30000000000001
"2015-03-01","Vorarlberg",17.9,-2.85,,177.24999999999997,6.419086021505378,78.15000000000002
"2015-03-01","Wien",16.799999999999997,-2.8000000000000003,,150.6333333333333,6.389292114695342,33.63333333333334
"2015-04-01","Burgenland",27,0.1,,272.2000000000002,11.732222222222225,22.300000000000004
"2015-04-01","Kärnten",21.299999999999997,-5.066666666666666,,261.1,7.225092592592596,9.566666666666666
"2015-04-01","Niederösterreich",24.533333333333335,-3.3333333333333335,,212.30000000000007,8.729814814814814,44.76666666666668
"2015-04-01","Oberösterreich",24.833333333333336,-1.3333333333333335,,220.0666666666667,9.346759259259256,39.00000000000001
"2015-04-01","Salzburg",11.466666666666667,-11.933333333333334,,188.66666666666669,-0.631527777777777,101.10000000000001
"2015-04-01","Steiermark",26.500000000000004,-2.1666666666666665,,241.06666666666672,10.461636361291657,36.73333333333334
"2015-04-01","Tirol",25.366666666666667,-2.166666666666667,,222.83333333333331,9.73837962962963,58.366666666666674
"2015-04-01","Vorarlberg",23.4,-2.25,,238.80000000000004,10.412152777777772,107.19999999999999
"2015-04-01","Wien",25.633333333333333,-0.7666666666666667,,251.19999999999996,10.954212962962961,26.400000000000002
"2015-05-01","Burgenland",28.5,6.5,,181.29999999999984,15.692926490984744,68.19999999999996
"2015-05-01","Kärnten",25.03333333333333,2.066666666666667,,192.66666666666657,12.09676375404531,135.60000000000002
"2015-05-01","Niederösterreich",26.033333333333335,3.3999999999999995,,139.66666666666657,13.331484049930648,85.06666666666666
"2015-05-01","Oberösterreich",27.066666666666666,5.466666666666667,,149.70000000000002,13.852981969486821,89.1
"2015-05-01","Salzburg",16.766666666666666,-4.033333333333333,,132.33333333333326,4.668331021729081,160.71111111111102
"2015-05-01","Steiermark",28.166666666666664,5.2,,175.76666666666662,15.233102172907987,105.39999999999999
"2015-05-01","Tirol",29.166666666666668,3.833333333333333,,168.2,14.389227924179387,123.46666666666668
"2015-05-01","Vorarlberg",29.15,5.1,,178.00000000000006,14.798543689320386,232.94999999999982
"2015-05-01","Wien",26.333333333333332,5.366666666666666,,177.16666666666669,15.06407766990291,57.06666666666664
"2015-06-01","Burgenland",31.9,10.3,,292.1000000000001,20.44291666666667,15.999999999999998
"2015-06-01","Kärnten",26.9,4.333333333333334,,234.49999999999991,15.523796296296295,116.56666666666665
"2015-06-01","Niederösterreich",31.400000000000002,5.466666666666666,,205.59999999999997,17.177592592592596,42.63333333333335
"2015-06-01","Oberösterreich",31.166666666666668,7.7,,216.56666666666652,17.958287037037035,94.36666666666665
"2015-06-01","Salzburg",19.6,-0.9000000000000001,,160.5666666666667,8.53967592592593,86.7333333333333
"2015-06-01","Steiermark",32.53333333333333,6.966666666666666,,249.73333333333332,19.120000000000005,53.00000000000001
"2015-06-01","Tirol",32.4,7.800000000000001,,217.9333333333333,18.11050925925925,115.06666666666662
"2015-06-01","Vorarlberg",30.8,9.15,,242.40000000000003,18.71840277777776,165.54999999999998
"2015-06-01","Wien",32.099999999999994,8.966666666666667,,281.0999999999999,19.442592592592593,29.733333333333334
"2015-07-01","Burgenland",37.5,12.3,,308.60000000000014,24.286693548387106,44.40000000000001
"2015-07-01","Kärnten",30.966666666666665,8.1,,258.6,18.888664874551967,166.3333333333333
"2015-07-01","Niederösterreich",35.96666666666666,7.4,,267.16666666666686,21.20259856630825,45.533333333333346
"2015-07-01","Oberösterreich",36.00000000000001,9.166666666666666,,310.5000000000001,22.044802867383517,36.63333333333335
"2015-07-01","Salzburg",23.366666666666667,1.9999999999999996,,230.53333333333327,12.662141577060943,179.57777777777775
"2015-07-01","Steiermark",35.43333333333333,10.566666666666666,,266.93333333333334,22.24887992831542,134.43333333333328
"2015-07-01","Tirol",36,9.999999999999998,,277.7333333333334,21.658333333333324,117.5333333333333
"2015-07-01","Vorarlberg",35.400000000000006,10.399999999999999,,277.24999999999994,22.62627688172044,74.40000000000003
"2015-07-01","Wien",37.03333333333333,10.266666666666667,,307.73333333333335,23.50277777777778,40.000000000000014
"2015-08-01","Burgenland",36.8,12.9,,310.99999999999994,24.128091397849467,33.400000000000006
"2015-08-01","Kärnten",29,7.966666666666667,,274.7333333333334,17.812499999999975,84.73333333333332
"2015-08-01","Niederösterreich",36.3,6.2,,261.9666666666667,20.9725806451613,37.53333333333334
"2015-08-01","Oberösterreich",35.8,7.800000000000001,,284.73333333333335,22.008781362007166,31.100000000000005
"2015-08-01","Salzburg",22.566666666666666,2.8000000000000003,,235.76666666666657,11.884811827956986,124.30000000000001
"2015-08-01","Steiermark",34.300000000000004,10.133333333333333,,279.46666666666675,21.5223842018197,84.3
"2015-08-01","Tirol",33.63333333333334,10.366666666666665,,250.60000000000002,20.39121863799284,111.03333333333327
"2015-08-01","Vorarlberg",34.900000000000006,11.100000000000001,,269.65000000000003,20.93010752688172,124.70000000000002
"2015-08-01","Wien",36.766666666666666,10.433333333333334,,298.5666666666667,23.265367383512544,38.43333333333334
"2015-09-01","Burgenland",34.5,7.4,,197.2000000000001,16.577187948350087,57.4
"2015-09-01","Kärnten",26.666666666666664,1.0333333333333334,,143.89999999999995,11.066188426590145,191.09999999999994
"2015-09-01","Niederösterreich",33.83333333333333,2.766666666666667,,118.46666666666663,13.65050215208034,57.93333333333336
"2015-09-01","Oberösterreich",34.13333333333334,4.733333333333333,,129.33333333333337,13.87293161166905,62.300000000000026
"2015-09-01","Salzburg",19.099999999999998,-4.033333333333333,,112.13333333333334,4.46724055475849,146.51111111111103
"2015-09-01","Steiermark",32.233333333333334,3.9666666666666663,,138.66666666666666,14.766044954567185,75.53333333333335
"2015-09-01","Tirol",30.7,1.5666666666666669,,148.09999999999994,13.352367288378762,104.99999999999999
"2015-09-01","Vorarlberg",28.35,3.45,,144.0999999999999,13.67525107604017,131.85
"2015-09-01","Wien",33.96666666666667,6.066666666666666,,152.43333333333337,15.561692969870876,48.03333333333334
"2015-10-01","Burgenland",23,1,,108.39999999999999,10.377016129032262,77.09999999999997
"2015-10-01","Kärnten",17,-1.1333333333333333,,115.96666666666665,6.783646953405023,150.89999999999998
"2015-10-01","Niederösterreich",22.033333333333335,-1.4333333333333331,,98.66666666666667,8.615098566308243,79.3
"2015-10-01","Oberösterreich",21.933333333333334,0.16666666666666666,,106.7333333333333,8.98772038167199,75.69999999999999
"2015-10-01","Salzburg",13,-6.5,,141.33333333333334,2.684587813620073,79.13333333333333
"2015-10-01","Steiermark",21.833333333333336,1.1666666666666667,,102.06666666666666,9.631944444444443,119.83333333333327
"2015-10-01","Tirol",21.7,0.5333333333333334,,133.13333333333333,9.285035842293913,65.26666666666667
"2015-10-01","Vorarlberg",20.25,0.9500000000000001,,112.75000000000001,9.448051075268816,94.5
"2015-10-01","Wien",21.033333333333335,-0.0333333333333333,,83.2,9.914471326164861,73.46666666666667
"2015-11-01","Burgenland",22.5,-2.3,,133.09999999999994,8.49083333333333,14.199999999999998
"2015-11-01","Kärnten",17.9,-7.2,,161.96666666666673,4.544259259259256,21.166666666666668
"2015-11-01","Niederösterreich",19.233333333333334,-7.566666666666666,,110.63333333333334,6.570000000000004,35.966666666666676
"2015-11-01","Oberösterreich",18.533333333333335,-5.433333333333334,,90.33333333333331,6.809398148148146,54.133333333333354
"2015-11-01","Salzburg",15.3,-13.1,,150.16666666666663,0.6450000000000018,18.455555555555556
"2015-11-01","Steiermark",22.366666666666664,-6.1,,141.43333333333334,5.991759259259261,5.233333333333333
"2015-11-01","Tirol",20.066666666666666,-6.633333333333334,,140.03333333333333,5.176759259259261,21.633333333333344
"2015-11-01","Vorarlberg",20.55,-4.9,,107.04999999999997,6.970347222222214,71.35000000000001
"2015-11-01","Wien",20.7,-6.166666666666667,,126.56666666666668,8.430648148148146,28.233333333333338
"2015-12-01","Burgenland",14.5,-6,,53.5,3.140053763440858,8.2
"2015-12-01","Kärnten",11.766666666666666,-7.166666666666666,,154.29999999999993,1.3677419354838725,0.46666666666666673
"2015-12-01","Niederösterreich",15,-6.166666666666667,,109.10000000000001,3.259363799283155,14.299999999999995
"2015-12-01","Oberösterreich",13.4,-5.633333333333333,,80.36666666666667,3.5764784946236556,18.433333333333334
"2015-12-01","Salzburg",7.066666666666667,-10.100000000000001,,170.9666666666666,-0.5795698924731176,15.422222222222228
"2015-12-01","Steiermark",13,-6.9,,104.23333333333333,1.4203853046594983,1.8000000000000005
"2015-12-01","Tirol",11.299999999999999,-6.833333333333333,,132.49999999999994,0.43418458781361957,11.333333333333336
"2015-12-01","Vorarlberg",13.25,-4,,110.65,3.071774193548383,40.95000000000001
"2015-12-01","Wien",14.533333333333333,-4.866666666666666,,75.96666666666668,3.7164426523297487,16.966666666666672
"2016-01-01","Burgenland",12.6,-8.9,,77.09999999999997,0.054368932038834604,40.70000000000002
"2016-01-01","Kärnten",11,-12.3,,117.30000000000001,-2.0289875173370326,36.5
"2016-01-01","Niederösterreich",15.5,-18.133333333333333,,74.96666666666665,-0.635460009246418,39.300000000000004
"2016-01-01","Oberösterreich",13.166666666666664,-13.799999999999999,,63.800000000000004,-0.34479889042995865,60.43333333333336
"2016-01-01","Salzburg",5.166666666666667,-18.566666666666666,,86.93333333333334,-5.830559408229315,91.87777777777778
"2016-01-01","Steiermark",15.166666666666666,-10.266666666666666,,102.13333333333335,-0.8276384292765184,23.100000000000005
"2016-01-01","Tirol",11.333333333333332,-12.366666666666667,,81.06666666666666,-0.3619972260748964,66.96666666666668
"2016-01-01","Vorarlberg",12.65,-10.350000000000001,,63.400000000000006,2.8088765603328714,149.7499999999999
"2016-01-01","Wien",16.433333333333334,-11.666666666666666,,70.96666666666665,0.5704576976421643,33.6
"2016-02-01","Burgenland",16.2,-1.3,,81.80000000000003,6.131896551724137,77.49999999999999
"2016-02-01","Kärnten",11.1,-6.166666666666667,,86.16666666666667,0.8792624521072789,99.76666666666662
"2016-02-01","Niederösterreich",18.866666666666667,-5.2666666666666675,,83,4.534099616858238,69.23333333333333
"2016-02-01","Oberösterreich",18.700000000000003,-3.566666666666667,,81.19999999999999,4.321408045977011,69.56666666666668
"2016-02-01","Salzburg",8.466666666666667,-12.466666666666667,,81.53333333333333,-3.6403735632183882,123.2333333333333
"2016-02-01","Steiermark",17.333333333333336,-3.466666666666667,,78.19999999999999,4.520910581879328,89.93333333333335
"2016-02-01","Tirol",15,-5.1,,90.80000000000003,3.2486111111111122,91.33333333333334
"2016-02-01","Vorarlberg",17.2,-2.0999999999999996,,79.09999999999998,4.874281609195398,99.1
"2016-02-01","Wien",19.866666666666667,-2.333333333333333,,79.16666666666667,6.259674329501916,67.40000000000002
"2016-03-01","Burgenland",23.7,0,,137.30000000000004,6.9036290322580625,14.699999999999996
"2016-03-01","Kärnten",15.733333333333334,-5.2,,153.89999999999998,2.4097222222222214,53.49999999999999
"2016-03-01","Niederösterreich",23.066666666666666,-3.3666666666666663,,120.69999999999999,4.6983422939068085,28.36666666666667
"2016-03-01","Oberösterreich",22.866666666666667,-2.4,,126.36666666666665,5.026299283154124,27.7
"2016-03-01","Salzburg",9.366666666666667,-11.633333333333333,,145.59999999999994,-4.002553763440859,63.133333333333354
"2016-03-01","Steiermark",23.033333333333335,-1.9,,147.66666666666663,6.189874551971325,38.43333333333335
"2016-03-01","Tirol",20.166666666666668,-3.466666666666667,,163.76666666666662,5.208243727598567,53.76666666666669
"2016-03-01","Vorarlberg",23.55,-3.05,,144.5499999999999,5.21458333333333,67.8
"2016-03-01","Wien",22.733333333333334,-2.066666666666667,,129.29999999999998,6.33965053763441,24.200000000000006
"2016-04-01","Burgenland",26.2,0.4,,218.89999999999998,11.841111111111113,26.2
"2016-04-01","Kärnten",19.966666666666665,-5.433333333333333,,205.96666666666673,7.8558333333333294,78.1
"2016-04-01","Niederösterreich",25.833333333333336,-3,,174.9333333333333,9.080616852886397,45.23333333333335
"2016-04-01","Oberösterreich",24.93333333333333,-2.466666666666667,,176.9666666666666,9.27814814814815,50.86666666666667
"2016-04-01","Salzburg",12.2,-11.299999999999999,,148.9333333333333,1.224305555555556,100.48888888888887
"2016-04-01","Steiermark",26.066666666666666,-1.9999999999999998,,218.89999999999998,11.427500000000002,36.199999999999996
"2016-04-01","Tirol",24.46666666666667,-1.9999999999999998,,175.4333333333333,10.248194444444444,79.23333333333332
"2016-04-01","Vorarlberg",25.15,-0.049999999999999975,,154.35000000000002,9.828680555555552,135.29999999999995
"2016-04-01","Wien",23.866666666666667,-0.7999999999999999,,207.0666666666666,10.833564814814814,40.566666666666684
"2016-05-01","Burgenland",29.4,5.9,,264.09999999999997,16.195284327323158,87.49999999999999
"2016-05-01","Kärnten",25.266666666666666,0.43333333333333335,,206.83333333333326,10.902727693018953,136.83333333333326
"2016-05-01","Niederösterreich",27.933333333333334,3.1,,174.29999999999998,13.121775312066577,135.0333333333333
"2016-05-01","Oberösterreich",29.133333333333333,4.233333333333333,,211,13.833055940822936,181.43333333333328
"2016-05-01","Salzburg",16.53333333333333,-5.633333333333333,,153.6,3.653166897827095,141.4888888888888
"2016-05-01","Steiermark",28.46666666666667,3.3,,207.20000000000007,14.766478638968739,98.86666666666667
"2016-05-01","Tirol",29.366666666666667,1.8333333333333335,,183.8,13.47748497457236,103.53333333333333
"2016-05-01","Vorarlberg",29.5,1.95,,182.24999999999997,13.694798890429956,227.64999999999998
"2016-05-01","Wien",27.966666666666665,5.966666666666667,,223.09999999999994,15.157928802588993,107.8
"2016-06-01","Burgenland",27.3,11.7,,276.20000000000016,19.122109533468556,73.70000000000002
"2016-06-01","Kärnten",27.566666666666666,6.999999999999999,,209.33333333333331,14.95615740740741,173.46666666666664
"2016-06-01","Niederösterreich",32.66666666666667,7.366666666666666,,198.86666666666673,17.521111111111107,113.96666666666664
"2016-06-01","Oberösterreich",32.73333333333333,10.3,,215.2666666666666,17.974259259259266,115.06666666666663
"2016-06-01","Salzburg",21.86666666666666,0.5333333333333338,,139.13333333333338,7.885370370370367,206.3666666666666
"2016-06-01","Steiermark",31.633333333333333,10.766666666666666,,224.06666666666666,18.809537037037032,140.79999999999998
"2016-06-01","Tirol",33.3,9.499999999999998,,198.00000000000006,17.40263888888889,188.89999999999992
"2016-06-01","Vorarlberg",31.5,7.7,,181.25,17.295277777777784,285.6999999999998
"2016-06-01","Wien",32.66666666666666,9.499999999999998,,271.1,19.685509259259295,89.53333333333333
"2016-07-01","Burgenland",,,,301.50000000000006,,74.59999999999998
"2016-07-01","Kärnten",28.433333333333334,6.199999999999999,,262.70000000000005,17.57701612903227,177.4333333333333
"2016-07-01","Niederösterreich",32.46666666666667,8.566666666666666,,231.96666666666675,19.455645161290334,168.79999999999995
"2016-07-01","Oberösterreich",32.93333333333333,9.7,,247.10000000000005,20.013172043010766,174.4333333333333
"2016-07-01","Salzburg",21.46666666666667,-0.13333333333333341,,157.13333333333324,10.194758064516128,190.6666666666666
"2016-07-01","Steiermark",32.03333333333334,10.566666666666666,,261.0666666666667,21.083870967741944,148.63333333333327
"2016-07-01","Tirol",32.56666666666666,8.7,,222.59999999999994,19.394668458781364,166.96666666666658
"2016-07-01","Vorarlberg",31.7,8.35,,257.9,20.161155913978494,174.59999999999988
"2016-07-01","Wien",33.86666666666667,11.433333333333334,,284.26666666666677,21.702240143369174,111.96666666666667
"2016-08-01","Burgenland",,,,289.3,,42.60000000000001
"2016-08-01","Kärnten",26.5,4.766666666666667,,258.5999999999999,15.675582437275983,209.19999999999996
"2016-08-01","Niederösterreich",30.8,6.2,,223.59999999999988,17.549653154652503,84.33333333333331
"2016-08-01","Oberösterreich",30.733333333333334,8.1,,242.7,18.362858422939055,85.66666666666664
"2016-08-01","Salzburg",21.76666666666667,-0.10000000000000009,,184.36666666666662,9.552105734767023,175.46666666666653
"2016-08-01","Steiermark",30.099999999999998,6.866666666666666,,251.73333333333326,18.96964696306601,100.06666666666665
"2016-08-01","Tirol",31.266666666666666,8.066666666666665,,231.60000000000002,18.480197132616485,144.73333333333326
"2016-08-01","Vorarlberg",31.55,9.75,,251.00000000000003,19.189852150537632,195.19999999999996
"2016-08-01","Wien",31.6,8.566666666666666,,266.76666666666677,19.810080645161296,56.83333333333334
"2016-09-01","Burgenland",,,,278.70000000000016,,21.7
"2016-09-01","Kärnten",23.96666666666667,4.1,,223.50000000000003,13.755858440937345,67.23333333333333
"2016-09-01","Niederösterreich",28.9,3.2333333333333334,,207.0333333333333,15.405643232902925,48.333333333333314
"2016-09-01","Oberösterreich",29.33333333333333,5.733333333333333,,230.33333333333334,16.51334289813487,73.5
"2016-09-01","Salzburg",18.066666666666666,-0.39999999999999997,,185.50000000000006,7.852941176470589,75.85555555555553
"2016-09-01","Steiermark",29.06666666666667,5.699999999999999,,213.60000000000002,16.846915351506464,34.266666666666666
"2016-09-01","Tirol",29.033333333333335,6.566666666666666,,211.76666666666668,16.33782879005261,58.56666666666667
"2016-09-01","Vorarlberg",27.700000000000003,8.600000000000001,,214.35000000000008,16.988307030129107,119.6
"2016-09-01","Wien",30.466666666666665,5.566666666666666,,248.4333333333334,18.097130559540883,26.3
"2016-10-01","Burgenland",24.4,2.4,,97.90000000000006,10.247446236559146,56.60000000000002
"2016-10-01","Kärnten",18.4,-1.7666666666666668,,121.20000000000003,6.467921146953402,100.76666666666665
"2016-10-01","Niederösterreich",23.46666666666667,-1.0333333333333332,,77.16666666666666,8.297177419354838,81.7666666666667
"2016-10-01","Oberösterreich",22.799999999999997,-0.6333333333333333,,88.39999999999996,8.615456989247313,69.13333333333335
"2016-10-01","Salzburg",11.566666666666666,-6.533333333333333,,88.43333333333334,1.1025089605734757,97.18888888888887
"2016-10-01","Steiermark",24,-0.4,,110.33333333333333,9.233781362007173,81.06666666666665
"2016-10-01","Tirol",22.43333333333333,-0.8666666666666665,,123.46666666666668,9.149417562724011,59.30000000000001
"2016-10-01","Vorarlberg",22.75,1.1,,111.69999999999997,9.200537634408603,63.40000000000002
"2016-10-01","Wien",23.56666666666667,1.5666666666666669,,83.53333333333332,9.587410394265238,89.73333333333332
"2016-11-01","Burgenland",17.2,-4.1,,107.00000000000003,5.39347222222222,65.80000000000003
"2016-11-01","Kärnten",11.733333333333333,-8.766666666666667,,106.46666666666665,2.283333333333333,91.69999999999997
"2016-11-01","Niederösterreich",17.56666666666667,-8.133333333333333,,77.60000000000002,3.600648148148146,51.06666666666672
"2016-11-01","Oberösterreich",14.633333333333333,-6.733333333333333,,66.46666666666667,3.2350000000000003,60.133333333333354
"2016-11-01","Salzburg",8.833333333333336,-14.233333333333333,,92.09999999999997,-2.1670370370370353,68.40000000000002
"2016-11-01","Steiermark",17.433333333333334,-7.066666666666666,,102.66666666666667,4.59726851851852,62.133333333333326
"2016-11-01","Tirol",16.633333333333333,-6.966666666666667,,78.9,4.1390277777777795,45.833333333333364
"2016-11-01","Vorarlberg",19.45,-5.2,,63.900000000000006,6.2012499999999955,92.04999999999997
"2016-11-01","Wien",18.333333333333332,-5.7333333333333325,,82.39999999999999,4.776666666666666,50.033333333333374
"2016-12-01","Burgenland",14.7,-5.6,,89.60000000000002,1.12258064516129,8.9
"2016-12-01","Kärnten",12.366666666666667,-8.333333333333332,,183.93333333333334,-0.06321684587813686,2.0666666666666664
"2016-12-01","Niederösterreich",11.899999999999999,-8.6,,70.8,0.23525985663082452,44.33333333333333
"2016-12-01","Oberösterreich",9.466666666666667,-8.3,,59.666666666666664,0.09453405017921188,16.96666666666666
"2016-12-01","Salzburg",7.733333333333333,-11.299999999999999,,152.2,-3.2262544802867392,41.333333333333336
"2016-12-01","Steiermark",13.133333333333335,-8.633333333333333,,115.23333333333329,-0.3165322580645163,7.233333333333335
"2016-12-01","Tirol",12.133333333333333,-8.333333333333334,,129.7333333333333,-0.9344534050179204,8.033333333333335
"2016-12-01","Vorarlberg",9.649999999999999,-5.7,,114.80000000000003,0.005376344086021834,6.15
"2016-12-01","Wien",13.766666666666667,-7.366666666666665,,78,1.3408154121863802,28.299999999999997
"2017-01-01","Burgenland",7.4,-13.5,,88.29999999999998,-3.5038632986627043,11.299999999999997
"2017-01-01","Kärnten",5.133333333333334,-16.700000000000003,,163.33333333333337,-6.146601941747575,16.666666666666664
"2017-01-01","Niederösterreich",5.566666666666666,-17.43333333333333,,94.33333333333336,-4.955570966250578,28.13333333333335
"2017-01-01","Oberösterreich",4.5,-15.500000000000002,,82.43333333333331,-4.936292186777624,28.06666666666668
"2017-01-01","Salzburg",3.066666666666666,-23.733333333333334,,138.6666666666667,-9.201941747572818,59.79999999999999
"2017-01-01","Steiermark",6.2,-14.966666666666667,,113.1,-5.136846971798429,15.033333333333331
"2017-01-01","Tirol",7.8999999999999995,-16.533333333333335,,115.20000000000003,-5.012297734627832,44.833333333333314
"2017-01-01","Vorarlberg",6.550000000000001,-13.75,,68.89999999999999,-3.61997226074896,85.70000000000005
"2017-01-01","Wien",6.733333333333333,-13.400000000000002,,84.76666666666668,-3.5379565418400376,10.066666666666665
"2017-02-01","Burgenland",14.6,-5,,73.99999999999999,2.759375,34.300000000000004
"2017-02-01","Kärnten",11.9,-6.1,,103.73333333333335,0.7177579365079366,48.00000000000001
"2017-02-01","Niederösterreich",17.333333333333336,-6.966666666666666,,103.4666666666667,2.110813492063492,35.23333333333332
"2017-02-01","Oberösterreich",17.433333333333334,-5.2,,104.69999999999999,2.393303571428572,25.199999999999996
"2017-02-01","Salzburg",8.533333333333335,-11.433333333333334,,135.03333333333333,-2.9414682539682526,61.99999999999998
"2017-02-01","Steiermark",15.599999999999998,-4.8,,88.69999999999999,2.708531746031746,35.80000000000001
"2017-02-01","Tirol",17.633333333333333,-4.733333333333333,,121.3333333333333,2.909771825396826,35.06666666666666
"2017-02-01","Vorarlberg",19.200000000000003,-4.25,,99.25,3.9660714285714276,68.00000000000001
"2017-02-01","Wien",19.3,-5.166666666666667,,91.06666666666668,3.0133928571428577,35.56666666666668
"2017-03-01","Burgenland",23,-1.4,,198.10000000000005,9.029435483870962,39.30000000000001
"2017-03-01","Kärnten",18.333333333333332,-4.566666666666666,,239.06666666666663,5.712051971326163,25.133333333333336
"2017-03-01","Niederösterreich",22.033333333333335,-4.266666666666667,,160.9,7.061155913978497,68.2
"2017-03-01","Oberösterreich",22.9,-2.733333333333333,,163.3,7.34386200716846,61.66666666666667
"2017-03-01","Salzburg",10.900000000000002,-9.8,,181.46666666666667,-0.6685931899641573,123.13333333333324
"2017-03-01","Steiermark",22.233333333333334,-2.7,,210.1,8.536472254872095,13.366666666666669
"2017-03-01","Tirol",23.433333333333337,-2.433333333333333,,204.3333333333334,8.421818996415775,62.89999999999999
"2017-03-01","Vorarlberg",21.5,-0.85,,189.49999999999997,8.769354838709662,147.65
"2017-03-01","Wien",22.633333333333336,-0.9333333333333333,,177.5,9.107213261648745,39.46666666666667
"2017-04-01","Burgenland",24.7,-1,,182.70000000000002,10.404583333333319,49.40000000000002
"2017-04-01","Kärnten",20.3,-5.966666666666667,,187.06666666666658,6.7139910111780825,103.53333333333332
"2017-04-01","Niederösterreich",23.266666666666666,-2.1333333333333333,,141.19999999999993,7.9350462962963,88.73333333333335
"2017-04-01","Oberösterreich",23.299999999999997,-1.9333333333333331,,132.73333333333326,8.21662037037037,95.19999999999996
"2017-04-01","Salzburg",10.533333333333333,-12.333333333333334,,138.76666666666665,-0.8511574074074068,139.93333333333322
"2017-04-01","Steiermark",24.3,-2.1999999999999997,,178.56666666666666,10.08962962962962,56.46666666666667
"2017-04-01","Tirol",24.23333333333333,-3.1333333333333333,,180.70000000000002,9.091435185185176,86.5
"2017-04-01","Vorarlberg",24.05,-2.8,,188.39999999999998,9.01083333333334,147.79999999999995
"2017-04-01","Wien",24.300000000000004,-0.16666666666666663,,177.33333333333346,9.853055555555551,73.1
"2017-05-01","Burgenland",31.2,-0.2,,287.3,16.844382801664366,34.300000000000004
"2017-05-01","Kärnten",27.066666666666666,1.466666666666667,,245.93333333333328,12.452750809061488,43.366666666666674
"2017-05-01","Niederösterreich",31.366666666666667,-0.06666666666666671,,243.96666666666673,14.651548774849743,51.23333333333334
"2017-05-01","Oberösterreich",30.866666666666667,1.7666666666666666,,272.66666666666663,15.48099861303745,65.43333333333332
"2017-05-01","Salzburg",18.500000000000004,-5.566666666666666,,193.16666666666654,5.327924179380486,70.69999999999999
"2017-05-01","Steiermark",30.366666666666667,3.733333333333333,,251.93333333333334,15.978409616273698,47.53333333333334
"2017-05-01","Tirol",31.499999999999996,2.033333333333333,,235.0333333333333,15.493296347665279,58.400000000000006
"2017-05-01","Vorarlberg",30.55,2.4,,250.35000000000008,15.76997226074896,100.20000000000002
"2017-05-01","Wien",31.73333333333333,-0.0333333333333333,,257.1666666666667,16.36343042071198,43.96666666666667
"2017-06-01","Burgenland",33.4,9.9,,336.8999999999999,21.708888888888858,65
"2017-06-01","Kärnten",28.73333333333333,3.6333333333333337,,254.06666666666666,16.57694444444444,154
"2017-06-01","Niederösterreich",33.400000000000006,5.266666666666667,,266.93333333333334,19.405509259259265,54.49999999999999
"2017-06-01","Oberösterreich",32.666666666666664,6.3999999999999995,,296.20000000000016,20.02819444444444,40.66666666666667
"2017-06-01","Salzburg",21.433333333333334,-1.3333333333333333,,200.1333333333333,10.296388888888885,144.10000000000002
"2017-06-01","Steiermark",34.166666666666664,7.1000000000000005,,258.83333333333326,20.31476851851851,106.53333333333333
"2017-06-01","Tirol",34.20000000000001,6.066666666666666,,248.7666666666667,19.92583861330036,107.5
"2017-06-01","Vorarlberg",34.05,7.6,,261.3,20.667777777777776,117.1
"2017-06-01","Wien",34.56666666666666,9.666666666666668,,313.8333333333334,21.546712962962953,35.56666666666668
"2017-07-01","Burgenland",33,10.5,,300.5,21.85416666666666,66.7
"2017-07-01","Kärnten",28.033333333333335,6.766666666666666,,280.80000000000007,17.321388092929467,120.43333333333334
"2017-07-01","Niederösterreich",32.8,7.6000000000000005,,228.93333333333337,19.237051971326164,125.39999999999998
"2017-07-01","Oberösterreich",32.2,9.933333333333334,,251.4333333333334,19.899101763053363,138.4333333333333
"2017-07-01","Salzburg",21.166666666666664,1.6333333333333337,,169.3666666666666,9.889471326164868,233.86666666666662
"2017-07-01","Steiermark",33.36666666666667,10.4,,273.30000000000007,20.93064516129031,117.79999999999998
"2017-07-01","Tirol",32.3,9.600000000000001,,224.2999999999999,19.153360215053766,174.5666666666666
"2017-07-01","Vorarlberg",33.05,11.45,,219.69999999999993,19.915591397849454,188.49999999999994
"2017-07-01","Wien",33.900000000000006,10.299999999999999,,276.70000000000005,21.498342293906795,82.96666666666667
"2017-08-01","Burgenland",36.6,9.5,,311.7000000000001,22.39650537634407,36.20000000000001
"2017-08-01","Kärnten",30.56666666666667,6.033333333333333,,288.93333333333334,17.625224014336915,153.59999999999997
"2017-08-01","Niederösterreich",35.800000000000004,7.066666666666666,,266.6,19.48893369175628,100.83333333333331
"2017-08-01","Oberösterreich",35.43333333333333,8,,271.7,19.93772401433693,112.79999999999995
"2017-08-01","Salzburg",23.46666666666667,1.7666666666666668,,199.76666666666668,11.291397849462369,197.4666666666666
"2017-08-01","Steiermark",34.699999999999996,7.566666666666666,,281.93333333333334,20.9692652329749,114.16666666666666
"2017-08-01","Tirol",35,8.366666666666667,,236.23333333333338,19.561648745519697,182.66666666666666
"2017-08-01","Vorarlberg",33.5,10.2,,237.60000000000002,20.216129032258053,196.6
"2017-08-01","Wien",37.766666666666666,9.833333333333334,,298.8666666666667,22.0711917562724,45.83333333333335
"2017-09-01","Burgenland",26.6,6.5,,152.79999999999995,15.115638450502159,73.29999999999997
"2017-09-01","Kärnten",21.2,1.7000000000000002,,89.00000000000003,9.729507412721194,214.76666666666657
"2017-09-01","Niederösterreich",24.966666666666665,3.1333333333333333,,121.26666666666667,12.428024868483984,76.2
"2017-09-01","Oberösterreich",23.46666666666667,4.833333333333334,,133.5,12.817934002869448,60.73333333333334
"2017-09-01","Salzburg",14.866666666666667,-2.9333333333333336,,97.29999999999998,3.688884403231603,169.76666666666654
"2017-09-01","Steiermark",25.6,5.699999999999999,,113.99999999999996,13.507890961262556,123.76666666666662
"2017-09-01","Tirol",23.299999999999997,3.6,,116.79999999999997,12.146580583452879,157.1999999999999
"2017-09-01","Vorarlberg",24.700000000000003,4.15,,155.59999999999997,13.20279770444763,206.09999999999985
"2017-09-01","Wien",27.266666666666666,6.366666666666667,,153.66666666666669,14.637828790052605,95.33333333333333
"2017-10-01","Burgenland",22.8,3.2,,146.69999999999993,11.640456989247307,50.30000000000001
"2017-10-01","Kärnten",20.466666666666665,-2.2,,228.20000000000002,8.443637992831544,39.4
"2017-10-01","Niederösterreich",24.333333333333332,1.3666666666666667,,132.63333333333335,10.219175627240148,92.16666666666666
"2017-10-01","Oberösterreich",23.56666666666667,2.3,,116.5333333333333,10.480958781362013,63.43333333333336
"2017-10-01","Salzburg",14.600000000000001,-7.9,,165.53333333333333,3.056720430107525,124.63333333333333
"2017-10-01","Steiermark",23.433333333333334,1.3333333333333335,,185.4333333333334,10.702912186379923,20.36666666666666
"2017-10-01","Tirol",24.433333333333334,-1.5666666666666667,,186.76666666666662,10.259318996415772,67.56666666666668
"2017-10-01","Vorarlberg",23.549999999999997,-0.2,,179.79999999999993,11.382258064516124,112.09999999999991
"2017-10-01","Wien",23.799999999999997,3.4000000000000004,,142.29999999999998,11.948745519713261,61.600000000000016
"2017-11-01","Burgenland",15.9,-3.8,,80.69999999999997,5.9388888888888856,52.40000000000001
"2017-11-01","Kärnten",13.2,-7.066666666666667,5910,86.10000000000001,1.4669907407407397,102.7333333333333
"2017-11-01","Niederösterreich",15.366666666666667,-3.2333333333333334,,57.533333333333324,4.234537037037037,54.40000000000002
"2017-11-01","Oberösterreich",14.866666666666667,-1.9999999999999996,78,55.7,4.102268518518519,66.80000000000001
"2017-11-01","Salzburg",8.966666666666665,-12.633333333333333,52838,83.33333333333333,-3.2958796296296313,83.39999999999996
"2017-11-01","Steiermark",16.2,-4.866666666666667,,77.56666666666668,4.466435185185183,73.13333333333335
"2017-11-01","Tirol",14.700000000000001,-4.066666666666666,72.5,74.4,3.015231481481481,92.23333333333329
"2017-11-01","Vorarlberg",16.85,-2.7,,68.10000000000001,5.188749999999999,114.99999999999991
"2017-11-01","Wien",16.533333333333335,-2.2333333333333334,52,68.43333333333334,5.864537037037036,37.46666666666666
"2017-12-01","Burgenland",13.7,-5.9,,77.70000000000002,3.0090053763440876,51.800000000000004
"2017-12-01","Kärnten",11.100000000000001,-12.766666666666667,13976.999999999998,107.53333333333332,-2.141173835125447,78.96666666666668
"2017-12-01","Niederösterreich",13.5,-9.933333333333332,,59.30000000000002,1.3974451378512203,50.20000000000001
"2017-12-01","Oberösterreich",12.933333333333335,-10.1,1461,39.800000000000004,0.9152329749103942,63.63333333333335
"2017-12-01","Salzburg",7.4,-16.733333333333334,105997,86.83333333333333,-6.693548387096774,107.14444444444436
"2017-12-01","Steiermark",13.433333333333332,-9.133333333333333,194,98.5,0.6089605734767028,42.400000000000006
"2017-12-01","Tirol",10.133333333333333,-9.733333333333333,1869,73.2,-0.8871415770609313,79.56666666666666
"2017-12-01","Vorarlberg",16.05,-5.35,,60.25,1.4211021505376344,150.04999999999984
"2017-12-01","Wien",14.600000000000001,-5.6000000000000005,117,75.60000000000002,2.9881720430107497,36.36666666666667
"2018-01-01","Burgenland",16.5,-3,,44.00000000000001,3.2809986130374456,27.900000000000027
"2018-01-01","Kärnten",10.166666666666668,-7.066666666666667,15965.666666666666,118.43333333333331,-0.1552935737401746,27.733333333333345
"2018-01-01","Niederösterreich",13.9,-6.133333333333334,,53.30000000000002,2.739112343966711,52.63333333333334
"2018-01-01","Oberösterreich",13.133333333333333,-4.366666666666667,2133,45.10000000000001,2.951040221914006,82.99999999999999
"2018-01-01","Salzburg",5.2333333333333325,-12.866666666666665,175602,100.53333333333333,-4.1093388811835405,135.68888888888887
"2018-01-01","Steiermark",14.966666666666667,-4.166666666666667,858,81.76666666666668,2.1122052704576966,24.066666666666677
"2018-01-01","Tirol",12.066666666666666,-6.2333333333333325,7350,81.30000000000001,1.0331946370781318,104.39999999999999
"2018-01-01","Vorarlberg",15.15,-4.25,,87.75,4.588904299583911,115.3
"2018-01-01","Wien",15.266666666666667,-3.033333333333333,16,47.26666666666667,3.9012020342117433,43.53333333333335
"2018-02-01","Burgenland",6.2,-12.1,,85.59999999999998,-0.5851190476190467,32.800000000000026
"2018-02-01","Kärnten",6.066666666666666,-19.466666666666665,29486,68.13333333333334,-4.854613095238097,68.96666666666665
"2018-02-01","Niederösterreich",8.533333333333333,-16.53333333333333,,65.03333333333333,-2.063690476190476,23.033333333333335
"2018-02-01","Oberösterreich",6.1,-14.100000000000001,713,73.53333333333335,-1.761458333333333,16.3
"2018-02-01","Salzburg",1.6999999999999997,-24.9,186836,98.4,-9.883234126984126,60.78888888888892
"2018-02-01","Steiermark",10.633333333333335,-16.13333333333333,532,71.06666666666666,-1.0316468253968254,53.20000000000001
"2018-02-01","Tirol",6.933333333333334,-15.933333333333335,12546.5,90.49999999999999,-2.1513888888888886,29.900000000000006
"2018-02-01","Vorarlberg",8.95,-12.15,,71.35,-0.43593749999999976,59.449999999999996
"2018-02-01","Wien",6.533333333333333,-13.466666666666667,461,57.133333333333354,-0.8669642857142859,27.000000000000014
"2018-03-01","Burgenland",17.9,-13.7,,115.50000000000001,3.5191117092866775,33.30000000000002
"2018-03-01","Kärnten",10,-16.46666666666667,26999.333333333332,117.59999999999998,0.16339605734767115,55.53333333333334
"2018-03-01","Niederösterreich",16.133333333333333,-16.7,,103.96666666666664,1.8429211469534055,37.63333333333333
"2018-03-01","Oberösterreich",16.36666666666667,-12.866666666666667,253,113.06666666666668,2.428360215053764,33.63333333333335
"2018-03-01","Salzburg",5.5,-17,192440,117.69999999999999,-3.9456541218638,67.43333333333337
"2018-03-01","Steiermark",16.2,-15.466666666666667,177,103.83333333333333,3.0887992831541244,62.566666666666656
"2018-03-01","Tirol",15.666666666666666,-9.533333333333333,5299,127.56666666666668,3.650630074241305,49.76666666666668
"2018-03-01","Vorarlberg",18.65,-7.300000000000001,,110.3,5.050806451612903,63.65000000000001
"2018-03-01","Wien",16.26666666666667,-14.733333333333333,162,107.7,3.3077956989247324,39.033333333333346
"2018-04-01","Burgenland",28.3,1.1,,283,15.575416666666666,17.5
"2018-04-01","Kärnten",23.700000000000003,-1.4666666666666668,7580.666666666667,251.96666666666667,10.317453703703706,70.96666666666667
"2018-04-01","Niederösterreich",27.799999999999997,-0.5999999999999999,,254.2,13.49444444444445,23.46666666666667
"2018-04-01","Oberösterreich",27.666666666666668,1.8333333333333335,34,267.80000000000007,14.268333333333336,18.033333333333335
"2018-04-01","Salzburg",14.566666666666666,-8.1,269437,219.23333333333326,4.300972222222224,35.0888888888889
"2018-04-01","Steiermark",28.666666666666664,0.4,0,247.53333333333336,14.326342592592589,55.66666666666668
"2018-04-01","Tirol",28.4,-0.19999999999999996,45.5,247.29999999999998,13.635324074074065,35.73333333333334
"2018-04-01","Vorarlberg",27.85,1.4500000000000002,,247.10000000000005,14.284652777777787,33.2
"2018-04-01","Wien",28.933333333333334,0.30000000000000016,0,281.70000000000005,15.416111111111116,18.4
"2018-05-01","Burgenland",29.9,8.4,,295.9,18.863661581137283,37.4
"2018-05-01","Kärnten",24.266666666666666,4.766666666666667,0,190.29999999999998,12.85163576159372,178.76666666666662
"2018-05-01","Niederösterreich",28.933333333333334,4.666666666666666,,218.03333333333333,16.026999537679142,72.13333333333334
"2018-05-01","Oberösterreich",30.966666666666665,7.3,,249.33333333333337,17.3251040221914,34.06666666666667
"2018-05-01","Salzburg",18.833333333333332,-1.4333333333333331,259846,164.93333333333328,7.0226074895977835,89.18888888888884
"2018-05-01","Steiermark",28.133333333333333,7.533333333333334,0,216.83333333333323,17.005963938973647,130.33333333333331
"2018-05-01","Tirol",29.733333333333334,6.633333333333334,16,211.66666666666669,16.226722145168747,78.70000000000002
"2018-05-01","Vorarlberg",29.9,7.35,,230.85000000000002,16.488557558945924,109.54999999999993
"2018-05-01","Wien",29.133333333333333,8.966666666666665,,277.8333333333334,18.175358298659276,84.03333333333333
"2018-06-01","Burgenland",32.2,11.3,,260.7000000000001,20.9720833333333,78.6
"2018-06-01","Kärnten",27.099999999999998,5.266666666666667,0,228.33333333333323,15.665000000000001,67.36666666666667
"2018-06-01","Niederösterreich",30.799999999999997,8.8,,179.43333333333317,18.02718769617075,134.49999999999991
"2018-06-01","Oberösterreich",31.166666666666668,9.166666666666666,,207.06666666666675,18.979212962962965,122.2666666666666
"2018-06-01","Salzburg",19.633333333333333,-0.43333333333333346,179408,146.76666666666665,8.368657407407408,131.46666666666664
"2018-06-01","Steiermark",31.366666666666667,8.1,,211.0666666666667,19.252268518518513,144.0666666666666
"2018-06-01","Tirol",31.6,8.7,0,224.4666666666666,18.54449074074073,80.73333333333332
"2018-06-01","Vorarlberg",30.1,9.35,,292.20000000000005,19.304305555555565,107.4
"2018-06-01","Wien",33.666666666666664,11.3,,212.33333333333331,20.44574074074074,50.3
"2018-07-01","Burgenland",34.2,7.2,,315.9000000000002,22.356182795698935,61.90000000000002
"2018-07-01","Kärnten",28.8,9.233333333333334,0,228.89999999999998,17.205062724014326,95.43333333333334
"2018-07-01","Niederösterreich",32.06666666666666,5.366666666666666,,251.60000000000016,19.391801075268837,56.33333333333335
"2018-07-01","Oberösterreich",33.16666666666667,7.933333333333334,,282.36666666666673,20.410304659498216,76.8
"2018-07-01","Salzburg",21.299999999999997,3.833333333333333,147289,165.50000000000003,10.338172043010747,86.38888888888886
"2018-07-01","Steiermark",33.03333333333333,10.533333333333333,,268.59999999999997,20.828001792114694,61.33333333333335
"2018-07-01","Tirol",34.43333333333332,10.466666666666665,,234.63333333333327,20.175672043010746,83.1
"2018-07-01","Vorarlberg",34.55,11.55,,300.34999999999997,21.602217741935476,65.05000000000001
"2018-07-01","Wien",33.4,7.933333333333334,,295.29999999999995,21.96380915497235,91.29999999999998
"2018-08-01","Burgenland",34.6,9.7,,320.20000000000016,23.417473118279577,25.900000000000006
"2018-08-01","Kärnten",29.400000000000002,4.033333333333333,0,266.40000000000003,18.069937275985655,112.46666666666665
"2018-08-01","Niederösterreich",34.33333333333333,5.566666666666666,,264.9666666666667,20.30793010752689,62.73333333333332
"2018-08-01","Oberösterreich",35.099999999999994,6.5,,280.9,21.519220430107506,48.73333333333335
"2018-08-01","Salzburg",21.9,-2.9333333333333336,20628,184.53333333333333,11.283198924731176,166.37777777777777
"2018-08-01","Steiermark",32.8,7.433333333333333,,274.50000000000006,21.04865591397849,129.46666666666667
"2018-08-01","Tirol",34.766666666666666,5.5666666666666655,,236.5666666666667,20.482885304659494,159.36666666666665
"2018-08-01","Vorarlberg",35.1,9.3,,250.60000000000005,21.323051075268808,170.5999999999999
"2018-08-01","Wien",35.49999999999999,9.666666666666666,,307,23.09793906810036,34.300000000000004
"2018-09-01","Burgenland",30.1,1.6,,235.60000000000008,17.474892395982778,67.89999999999999
"2018-09-01","Kärnten",24.666666666666668,-1.8,0,236.56666666666675,13.700860832137735,65.66666666666666
"2018-09-01","Niederösterreich",29.900000000000002,-1.2333333333333334,,208.86666666666665,15.114203730272601,46.40000000000002
"2018-09-01","Oberösterreich",28.733333333333334,0.7000000000000001,,219.70000000000002,15.704782400765177,59.23333333333335
"2018-09-01","Salzburg",19.033333333333335,-5.199999999999999,1275,178.86666666666667,7.931229076996653,69.75555555555556
"2018-09-01","Steiermark",28.799999999999997,0.8000000000000002,,225.73333333333332,16.463462458154,54.13333333333334
"2018-09-01","Tirol",28.8,1.8333333333333335,,224.36666666666665,16.139837398373977,54.53333333333333
"2018-09-01","Vorarlberg",29.1,3.5999999999999996,,245.5500000000001,16.849784791965575,71
"2018-09-01","Wien",30.066666666666666,1.5333333333333334,0,231.26666666666668,17.219129603060743,51.7
"2018-10-01","Burgenland",23.4,4.7,,170.2,13.385080645161304,22.5
"2018-10-01","Kärnten",17.933333333333334,0.3999999999999999,8,176.53333333333333,8.954793906810039,80.73333333333335
"2018-10-01","Niederösterreich",23.3,0.2666666666666666,,158.7666666666666,10.912802524879766,57.93333333333334
"2018-10-01","Oberösterreich",24.96666666666666,0.6333333333333333,,169.53333333333327,11.501926523297495,23.03333333333334
"2018-10-01","Salzburg",13.766666666666667,-5.733333333333334,899,172.70000000000005,4.209632616487454,128.95555555555552
"2018-10-01","Steiermark",22.200000000000003,2.9333333333333336,,175.06666666666666,11.76241039426523,37.63333333333333
"2018-10-01","Tirol",25.066666666666666,-0.16666666666666663,0,183.2666666666666,11.45734767025089,133.63333333333333
"2018-10-01","Vorarlberg",25.700000000000003,0.65,,180.70000000000002,11.889448924731187,78.25
"2018-10-01","Wien",23.5,3.4999999999999996,0,189.86666666666667,13.122087813620071,32.83333333333335
"2018-11-01","Burgenland",19.5,-7,,87.79999999999998,6.769861111111103,42.399999999999984
"2018-11-01","Kärnten",14.166666666666668,-7.4,1333.6666666666667,67.86666666666667,3.7190740740740726,52.36666666666667
"2018-11-01","Niederösterreich",19.5,-8.4,,74.23333333333335,5.26800925925926,43.2
"2018-11-01","Oberösterreich",21.799999999999997,-7.266666666666667,9,81.96666666666667,5.344675925925921,34.833333333333336
"2018-11-01","Salzburg",11.766666666666666,-11.7,65886,122.23333333333329,0.15092592592592602,18.333333333333336
"2018-11-01","Steiermark",18.566666666666666,-5.833333333333334,31,59.86666666666668,6.514814814814817,51.800000000000004
"2018-11-01","Tirol",18.866666666666664,-4.6,79.5,102.56666666666669,5.561157407407404,18.500000000000004
"2018-11-01","Vorarlberg",22,-4,,90.84999999999998,6.046249418874942,11.2
"2018-11-01","Wien",18.16666666666667,-6.633333333333333,0,63.36666666666667,6.393518518518516,45.633333333333326
"2018-12-01","Burgenland",13.8,-4.9,,43.19999999999999,2.446324549237174,73.10000000000004
"2018-12-01","Kärnten",9.600000000000001,-10.499999999999998,4181.666666666667,103.96666666666665,-1.1729079981507167,9.266666666666666
"2018-12-01","Niederösterreich",12.833333333333334,-9.666666666666666,,30.400000000000006,2.188626907073508,107.93333333333335
"2018-12-01","Oberösterreich",11.8,-8.566666666666666,296,31.133333333333333,1.9533055940822932,101.09999999999998
"2018-12-01","Salzburg",4.266666666666667,-14.799999999999999,78810,68.1,-5.081322237632917,141.78888888888883
"2018-12-01","Steiermark",12.966666666666667,-8.433333333333334,82,67.80000000000003,0.8715672676837718,19.633333333333333
"2018-12-01","Tirol",11.299999999999999,-9.766666666666667,560,71.4,0.8336569579288021,91.29999999999995
"2018-12-01","Vorarlberg",14.05,-6.9,,62.449999999999996,3.583009708737861,147.64999999999992
"2018-12-01","Wien",12.6,-4.333333333333333,300,44.56666666666667,2.6484049930651863,96.20000000000003
"2019-01-01","Burgenland",8.6,-6.8,,65.79999999999998,0.6866935483870978,54.3
"2019-01-01","Kärnten",6.633333333333334,-11.766666666666666,12205,110.13333333333333,-3.606406810035841,38.2
"2019-01-01","Niederösterreich",10.566666666666666,-11.099999999999998,,56.96666666666669,-0.34601254480286747,76.49999999999997
"2019-01-01","Oberösterreich",9.166666666666668,-9.466666666666665,8987,61.76666666666668,-0.44887992831541174,72.76666666666664
"2019-01-01","Salzburg",0.09999999999999998,-17.133333333333336,80537,70.63333333333334,-9.31523297491039,202.8555555555555
"2019-01-01","Steiermark",10.933333333333334,-9.566666666666665,5277,84.26666666666665,-0.4573476702508963,28.300000000000008
"2019-01-01","Tirol",6.700000000000001,-10.266666666666666,18949,75.76666666666667,-1.3630824372759869,143.6333333333334
"2019-01-01","Vorarlberg",8.75,-7.949999999999999,,71.19999999999999,0.18340053763440872,159.29999999999987
"2019-01-01","Wien",12.433333333333334,-9.233333333333334,613,55.26666666666667,0.6791666666666666,62.23333333333333
"2019-02-01","Burgenland",19.5,-6.3,,149,4.558035714285711,22.6
"2019-02-01","Kärnten",17.2,-8.366666666666665,15474,191.43333333333334,1.6321428571428562,58.19999999999999
"2019-02-01","Niederösterreich",17.5,-8.1,,143.93333333333334,2.882490079365081,28.433333333333334
"2019-02-01","Oberösterreich",17,-8.566666666666666,4966,143.79999999999998,2.0453373015873,25.00000000000001
"2019-02-01","Salzburg",8.399999999999999,-14.133333333333333,126320,164.00000000000003,-3.4576884920634905,69.87777777777778
"2019-02-01","Steiermark",22.1,-7.566666666666666,288,162.39999999999998,3.7193948412698394,13.133333333333336
"2019-02-01","Tirol",19.866666666666667,-8.433333333333334,21584.5,171.59999999999997,1.7378472222222232,67.2
"2019-02-01","Vorarlberg",19.55,-6.800000000000001,,160.9,3.257886904761905,51.000000000000014
"2019-02-01","Wien",18.466666666666665,-5.966666666666665,0,144.90000000000003,4.660515873015874,15.099999999999998
"2019-03-01","Burgenland",21,-1.6,,162.60000000000005,8.630376344086015,25.899999999999995
"2019-03-01","Kärnten",17,-5.8,7663,224.56666666666666,4.121684587813622,34.766666666666666
"2019-03-01","Niederösterreich",20.833333333333332,-4.633333333333335,,148.09999999999997,6.830331541218637,34.33333333333336
"2019-03-01","Oberösterreich",20.000000000000004,-3,0,150.29999999999995,6.968413978494626,62.83333333333335
"2019-03-01","Salzburg",10.266666666666667,-11.9,206703,161.7333333333333,-2.6800179211469515,101.42222222222222
"2019-03-01","Steiermark",21.766666666666666,-3.133333333333333,0,194.03333333333336,7.754525089605738,16.166666666666664
"2019-03-01","Tirol",21.133333333333333,-2.966666666666667,2321.5,183.96666666666664,6.249462365591398,59.86666666666667
"2019-03-01","Vorarlberg",19.25,-1.9,,175.7,7.64327956989247,60.00000000000002
"2019-03-01","Wien",21.266666666666666,-2.2,0,168.2,8.523521505376339,44.6
"2019-04-01","Burgenland",27,0,,220.70000000000005,12.270444763271165,16.900000000000002
"2019-04-01","Kärnten",19.099999999999998,-0.2666666666666667,171.66666666666663,156.4,7.143950263032048,84.30000000000001
"2019-04-01","Niederösterreich",25.633333333333333,-2.033333333333333,,193.9333333333334,9.73974175035868,37.099999999999994
"2019-04-01","Oberösterreich",27.1,0.7666666666666667,0,214.93333333333325,10.959301769488288,25.5
"2019-04-01","Salzburg",10.700000000000001,-6.366666666666667,213372,157.5666666666667,1.136824485891919,83.51111111111112
"2019-04-01","Steiermark",26.033333333333335,0.30000000000000004,0,176.49999999999997,11.213901510068855,57.6666666666667
"2019-04-01","Tirol",24.6,1.5,0,176.76666666666662,10.664753706360582,68.13333333333334
"2019-04-01","Vorarlberg",25,0.35,,162.29999999999998,10.710975609756103,62.900000000000034
"2019-04-01","Wien",27.53333333333333,-0.06666666666666665,0,229.4666666666667,11.771688187470115,33.166666666666664
"2019-05-01","Burgenland",25.3,1.8,,137.50000000000014,13.066666666666668,142.7999999999999
"2019-05-01","Kärnten",20.433333333333334,-2.6,320.1428571428571,132.13333333333324,8.122356630824374,144.43333333333328
"2019-05-01","Niederösterreich",23.56666666666667,-0.8666666666666666,,121.39999999999999,11.265412186379928,123.76666666666655
"2019-05-01","Oberösterreich",23.733333333333334,0.7,,143.80000000000004,11.525806451612905,134.53333333333327
"2019-05-01","Salzburg",10.5,-7.4,225366.2,106,1.0958333333333337,122.16666666666652
"2019-05-01","Steiermark",25.36666666666667,1.7666666666666666,0,129.0666666666666,12.540232974910396,104.66666666666663
"2019-05-01","Tirol",25.033333333333335,0,2,146.6333333333333,11.105869175627237,173.16666666666663
"2019-05-01","Vorarlberg",23.450000000000003,0.5,,168.29999999999993,11.255645161290321,258.10000000000025
"2019-05-01","Wien",25.200000000000003,1.7999999999999998,,146.16666666666663,12.728091397849466,139.26666666666662
"2019-06-01","Burgenland",34.5,13.6,,346.4000000000001,23.600972222222225,24.6
"2019-06-01","Kärnten",32.86666666666666,8.200000000000001,0,316.3333333333333,18.781898148148144,60.199999999999996
"2019-06-01","Niederösterreich",35.63333333333334,9.733333333333334,,284.9666666666667,20.908287037037024,71.23333333333333
"2019-06-01","Oberösterreich",35.1,11.633333333333333,,320.1666666666667,21.924351851851853,42.93333333333333
"2019-06-01","Salzburg",24.566666666666666,2.4333333333333336,172735.4,257.1,12.231481481481472,18.044444444444444
"2019-06-01","Steiermark",36.2,9.6,,304.23333333333346,22.108009259259262,68.96666666666667
"2019-06-01","Tirol",37.06666666666666,8.966666666666667,,290.3666666666667,21.470231481481473,37.900000000000006
"2019-06-01","Vorarlberg",35,9.55,,304.0999999999999,20.844861111111115,77.2
"2019-06-01","Wien",35.86666666666667,12.93333333333333,0,337.1999999999999,23.18351851851853,28.7
"2019-07-01","Burgenland",36.7,11.1,,266.89999999999986,22.37661290322579,31.1
"2019-07-01","Kärnten",31.100000000000005,7.333333333333334,0,248.8333333333334,17.764157706093194,119.03333333333333
"2019-07-01","Niederösterreich",35.233333333333334,8.566666666666668,,223.4333333333334,19.760663082437283,72.26666666666667
"2019-07-01","Oberösterreich",34.86666666666667,9.866666666666665,,256.0333333333334,20.37491039426522,108.36666666666666
"2019-07-01","Salzburg",22.9,1.7333333333333332,89161.4,169.26666666666665,10.88273421420876,121.16666666666666
"2019-07-01","Steiermark",34.93333333333333,8.866666666666667,,252.03333333333325,21.20972222222223,92.56666666666665
"2019-07-01","Tirol",35.43333333333334,9.3,,223.33333333333337,20.163535788395738,119.03333333333336
"2019-07-01","Vorarlberg",35.05,10.399999999999999,,268.49999999999994,21.270631720430075,153.84999999999994
"2019-07-01","Wien",37,11.7,0,258.09999999999997,21.908422939068107,52.10000000000001
"2019-08-01","Burgenland",34.1,10.9,,253.10000000000008,22.782108183079064,55.3
"2019-08-01","Kärnten",28.733333333333334,7.200000000000001,0,199.89999999999992,17.450855293573742,85.93333333333335
"2019-08-01","Niederösterreich",33.03333333333333,7.199999999999999,,188.16666666666669,19.533564493758664,80.63333333333333
"2019-08-01","Oberösterreich",32.06666666666666,9.2,,202.83333333333334,19.95386037910309,69.13333333333333
"2019-08-01","Salzburg",20.666666666666668,1.9999999999999996,18689.4,116.09999999999994,10.817660656495601,112.3444444444444
"2019-08-01","Steiermark",33.1,9.266666666666667,,216.9333333333334,21.15136384650949,71.19999999999999
"2019-08-01","Tirol",32.333333333333336,9.9,,180.50000000000006,19.355432269995347,106.96666666666663
"2019-08-01","Vorarlberg",32.5,11.35,,212.7,19.66452716028961,204.35000000000002
"2019-08-01","Wien",34,11.066666666666666,0,232.23333333333335,22.199630143319467,40.30000000000001
"2019-09-01","Burgenland",32.4,3.7,,214.09999999999994,16.67333333333334,58.50000000000002
"2019-09-01","Kärnten",24.9,1.9333333333333336,0,196.89999999999995,12.630416666666662,120.13333333333331
"2019-09-01","Niederösterreich",29.099999999999998,1.2000000000000002,,176.9333333333333,14.475370370370372,55.000000000000014
"2019-09-01","Oberösterreich",28.6,3.0333333333333328,,171.63333333333327,14.791990740740744,62.40000000000002
"2019-09-01","Salzburg",17.333333333333336,-1.4666666666666666,2436.6,152.06666666666663,6.860740740740743,118.67777777777773
"2019-09-01","Steiermark",30.366666666666667,3.8333333333333335,,188.9333333333334,15.77333333333333,78.03333333333332
"2019-09-01","Tirol",27.866666666666667,3.766666666666667,,174.8333333333334,14.742546296296293,100.39999999999995
"2019-09-01","Vorarlberg",28,5.5,,191.75000000000003,15.283958333333338,143.45
"2019-09-01","Wien",31.766666666666666,4.166666666666667,,211.16666666666666,16.659861111111105,67.16666666666669
"2019-10-01","Burgenland",24.4,-1.2,,138.79999999999998,12.011559139784941,20.5
"2019-10-01","Kärnten",21.900000000000002,-0.5999999999999999,6.75,184.79999999999995,9.286021505376349,45.966666666666676
"2019-10-01","Niederösterreich",24.766666666666666,-0.8333333333333333,,150.46666666666667,10.06832437275986,42.433333333333344
"2019-10-01","Oberösterreich",23.799999999999997,0.23333333333333342,,141.63333333333335,10.300448028673829,52.000000000000014
"2019-10-01","Salzburg",16.099999999999998,-5.066666666666667,4276.2,141.49999999999994,5.066592196220881,78.41111111111108
"2019-10-01","Steiermark",25.733333333333334,2,,169.73333333333332,11.417607526881715,33.600000000000016
"2019-10-01","Tirol",24.599999999999998,1.6666666666666667,0,146.86666666666673,11.047356630824376,75.10000000000001
"2019-10-01","Vorarlberg",24.6,5.35,,117.99999999999997,12.334274193548385,186.64999999999984
"2019-10-01","Wien",25.43333333333333,-1.3666666666666667,0,133.13333333333335,11.6622311827957,25.433333333333344
"2019-11-01","Burgenland",19.4,-1,,69.5,8.225972222222232,57.500000000000036
"2019-11-01","Kärnten",11.433333333333334,-2.333333333333333,1657,39.133333333333326,3.7776851851851863,203.83333333333334
"2019-11-01","Niederösterreich",16.9,-3.5999999999999996,,56.96666666666668,5.9816203703703685,53.533333333333346
"2019-11-01","Oberösterreich",17.800000000000004,-2.966666666666667,0,64.36666666666666,5.1987499999999995,38.63333333333335
"2019-11-01","Salzburg",8.2,-9.366666666666667,35134.8,72.43333333333332,-1.102685185185185,246.7
"2019-11-01","Steiermark",18.166666666666668,-0.03333333333333335,0,43.699999999999996,7.172407407407414,115.63333333333328
"2019-11-01","Tirol",15.866666666666667,-2.966666666666667,2648.625,58.90000000000001,4.310141421224873,221.2666666666667
"2019-11-01","Vorarlberg",18.05,-2.2,,42.65,6.2283333333333335,74.00000000000003
"2019-11-01","Wien",18.466666666666665,-1.6666666666666663,0,54.46666666666667,7.760879629629635,50.60000000000003
"2019-12-01","Burgenland",13.6,-6.4,,69.20000000000002,3.1596393897364754,37.9
"2019-12-01","Kärnten",9.633333333333333,-8.8,1782.6666666666667,90.83333333333333,-0.23670827554322682,52.56666666666668
"2019-12-01","Niederösterreich",15.633333333333333,-8.366666666666667,,65.03333333333335,2.4898751733703195,53.20000000000001
"2019-12-01","Oberösterreich",15.700000000000001,-6.6,37.2,67.03333333333335,2.1751271382339348,44.03333333333335
"2019-12-01","Salzburg",7.5,-13.533333333333331,78748.4,93.2,-3.3624595469255674,75.2
"2019-12-01","Steiermark",15.933333333333334,-8.533333333333333,1017.4,78.16666666666667,1.8767452612112798,44.100000000000016
"2019-12-01","Tirol",14.399999999999999,-7.566666666666666,2540,72.93333333333334,1.0891816920943138,60.46666666666667
"2019-12-01","Vorarlberg",19.9,-4.35,,67.25,4.526213592233011,65.00000000000003
"2019-12-01","Wien",14,-5.7,0,70.66666666666667,3.136615811373094,51.100000000000016
"2020-01-01","Burgenland",15.9,-6.5,,68.60000000000001,0.6711021505376347,15.699999999999998
"2020-01-01","Kärnten",9.299999999999999,-8,2553,190.36666666666662,-0.02495519713261654,4.6
"2020-01-01","Niederösterreich",13.866666666666667,-7.2,,97.93333333333332,0.549910394265233,23.333333333333336
"2020-01-01","Oberösterreich",13.866666666666665,-6.133333333333333,240.4,72.76666666666667,0.5056003584229393,31.500000000000007
"2020-01-01","Salzburg",6.866666666666667,-12.799999999999997,105486.2,143.56666666666658,-3.5151873881435813,35.01111111111112
"2020-01-01","Steiermark",10.566666666666666,-7.333333333333334,0,128.6333333333333,-0.4631720430107523,4.866666666666666
"2020-01-01","Tirol",10.833333333333332,-8.3,2732.5,119.56666666666668,-0.28866487455197004,24.333333333333332
"2020-01-01","Vorarlberg",13.149999999999999,-5.55,,112.5,1.9342069892473104,49.400000000000006
"2020-01-01","Wien",15.4,-6.466666666666667,9,67.63333333333333,1.0520609318996423,20.599999999999998
"2020-02-01","Burgenland",19.5,-3.5,,131.1,6.713218390804594,19.7
"2020-02-01","Kärnten",12.899999999999999,-6.933333333333333,3142.6666666666665,175.90000000000003,1.8608716475095792,18.8
"2020-02-01","Niederösterreich",17.266666666666666,-5.666666666666667,,101.89999999999999,4.698132183908045,86.0333333333333
"2020-02-01","Oberösterreich",16.3,-4.566666666666666,51.6,96.13333333333331,4.519588122605365,96.43333333333328
"2020-02-01","Salzburg",9.933333333333334,-14.433333333333332,121007.4,106.76666666666667,-3.6380747126436783,91.02222222222218
"2020-02-01","Steiermark",17.299999999999997,-5.266666666666667,296.8,150.16666666666669,4.4752394636015325,17.566666666666666
"2020-02-01","Tirol",18.366666666666667,-6.433333333333334,462.125,123.19999999999996,3.7574712643678154,64.16666666666663
"2020-02-01","Vorarlberg",18.1,-3.8,,103.5,6.454525862068968,106.49999999999994
"2020-02-01","Wien",18.500000000000004,-4,0,108.2333333333333,6.40483716475096,39.60000000000001
"2020-03-01","Burgenland",21.6,-4.3,,193.99999999999994,7.125806451612909,43.300000000000004
"2020-03-01","Kärnten",16.9,-8.866666666666667,5208,166.76666666666657,2.2642921146953414,59.90000000000001
"2020-03-01","Niederösterreich",20.26666666666667,-7.033333333333333,,160.73333333333332,5.10138888888889,30.03333333333335
"2020-03-01","Oberösterreich",20.233333333333334,-5.666666666666667,0,179,5.701344086021503,26.03333333333334
"2020-03-01","Salzburg",9,-15.200000000000001,158313.4,136.33333333333334,-3.3190262642488797,66.73333333333336
"2020-03-01","Steiermark",21.666666666666668,-4.566666666666666,20.6,175.50000000000003,6.143996415770611,24.000000000000007
"2020-03-01","Tirol",20.633333333333333,-5.366666666666666,13.875,170.13333333333333,5.462499999999995,40.20000000000003
"2020-03-01","Vorarlberg",18.200000000000003,-4.25,,170.60000000000002,6.327284946236558,65.69999999999999
"2020-03-01","Wien",21.533333333333335,-4.066666666666666,0,192.13333333333338,7.081675627240142,22.3
"2020-04-01","Burgenland",25.8,-4.1,,314.70000000000005,12.080344332855098,5.799999999999998
"2020-04-01","Kärnten",21.96666666666667,-7.533333333333334,616.6666666666666,268.93333333333345,8.371305595408892,42.63333333333334
"2020-04-01","Niederösterreich",24.1,-6.866666666666667,,262.4333333333334,9.927211860353895,9.933333333333334
"2020-04-01","Oberösterreich",24.83333333333333,-5.133333333333334,0,280.36666666666673,11.215447154471551,17.133333333333336
"2020-04-01","Salzburg",12.233333333333334,-13.6,141764.2,218.7,2.431659493065521,23.666666666666668
"2020-04-01","Steiermark",26.533333333333335,-4.8999999999999995,59.8,266.4333333333333,11.367240554758485,33.16666666666667
"2020-04-01","Tirol",25.599999999999998,-4.066666666666666,0,243.0666666666667,11.700908656145389,30.866666666666667
"2020-04-01","Vorarlberg",24.450000000000003,-3.45,,263.1,12.726829268292677,48.35
"2020-04-01","Wien",25.333333333333336,-3.6333333333333333,0,294.5666666666665,12.155667144906742,6.8
"2020-05-01","Burgenland",27.5,2.6,,237.2000000000001,14.414919354838702,60.100000000000016
"2020-05-01","Kärnten",23.2,1.3333333333333333,36.25,185.36666666666656,10.604390681003588,67.76666666666668
"2020-05-01","Niederösterreich",25.5,0.36666666666666675,,164.73333333333326,12.087565678317855,89.86666666666667
"2020-05-01","Oberösterreich",26.366666666666667,1.2,,170.29999999999995,12.411917562724016,95.8333333333333
"2020-05-01","Salzburg",16.133333333333333,-5.2333333333333325,140336,106.33333333333329,3.6264336917562723,84.77777777777777
"2020-05-01","Steiermark",26.366666666666667,2.8,0,194.26666666666662,13.959939719778424,48.30000000000002
"2020-05-01","Tirol",28.3,2.2666666666666666,0,184.03333333333327,13.449417562724006,70.36666666666666
"2020-05-01","Vorarlberg",27.15,3,,235.60000000000002,14.366801075268825,103.24999999999997
"2020-05-01","Wien",26.666666666666668,3.533333333333333,0,211.93333333333337,13.92818100358423,87.29999999999998
"2020-06-01","Burgenland",32.4,9.1,,220.6,19.210972222222235,94.9
"2020-06-01","Kärnten",26.76666666666667,5.966666666666667,0,176.1666666666667,14.422962962962966,156.19999999999993
"2020-06-01","Niederösterreich",30.366666666666667,6.433333333333334,,158.6666666666666,16.88930555555556,160.36666666666662
"2020-06-01","Oberösterreich",30.833333333333336,7.466666666666667,,192.80000000000004,17.291342592592596,139.9333333333333
"2020-06-01","Salzburg",19.066666666666666,0.3333333333333336,151733.4,111.19999999999997,7.335357041673108,155.42222222222216
"2020-06-01","Steiermark",30.9,9.433333333333334,,190.5666666666666,18.40972222222222,113.8
"2020-06-01","Tirol",30.133333333333333,6.799999999999999,0,170.1333333333333,16.830509259259266,156.69999999999993
"2020-06-01","Vorarlberg",28.05,7.2,,189.64999999999992,17.049861111111102,271.7999999999999
"2020-06-01","Wien",31.633333333333333,8.933333333333334,,188.1666666666667,18.471342592592585,119.79999999999998
"2020-07-01","Burgenland",34.1,9,,304.90000000000015,21.293817204301085,67.30000000000001
"2020-07-01","Kärnten",28.9,7.166666666666666,0,257.46666666666664,16.540098566308234,150.89999999999995
"2020-07-01","Niederösterreich",33.06666666666667,6.633333333333333,,237.83333333333334,18.50649641577062,121.36666666666665
"2020-07-01","Oberösterreich",33.13333333333333,8.666666666666666,,269.1666666666667,19.134946236559134,103.8333333333333
"2020-07-01","Salzburg",22.266666666666666,1.2333333333333338,123216,177.23333333333332,9.873655913978496,107.16666666666664
"2020-07-01","Steiermark",33.16666666666667,9.233333333333334,,267.3666666666666,19.974820788530458,151.8666666666666
"2020-07-01","Tirol",34.13333333333333,9.433333333333334,,233.06666666666658,19.189560931899646,132.39999999999998
"2020-07-01","Vorarlberg",33.3,10.9,,274.85,20.45544354838709,149.89999999999998
"2020-07-01","Wien",35.199999999999996,9.533333333333333,,277.09999999999997,20.79086021505377,61.53333333333334
"2020-08-01","Burgenland",33.4,11.5,,250.9000000000001,22.07711511789182,136.5
"2020-08-01","Kärnten",28.7,9.5,0,192.4333333333333,17.175913083680076,175.9333333333333
"2020-08-01","Niederösterreich",31.300000000000004,8.8,,206.83333333333334,19.274352635722085,147.96666666666667
"2020-08-01","Oberösterreich",32.2,10.333333333333334,,215.53333333333336,19.824456773000453,130.03333333333327
"2020-08-01","Salzburg",22.03333333333333,2.1999999999999997,57353.4,145.9666666666666,10.693897364771152,246.92222222222222
"2020-08-01","Steiermark",32.36666666666667,12.566666666666666,,214.79999999999993,20.810217290799812,167.39999999999998
"2020-08-01","Tirol",33.9,9.399999999999999,,189.29999999999993,19.242995839112332,197.73333333333332
"2020-08-01","Vorarlberg",32.7,9.9,,203.34999999999997,19.985991678224686,278.29999999999995
"2020-08-01","Wien",32.86666666666667,11.4,,227.39999999999998,21.543920480813668,89.66666666666664
"2020-09-01","Burgenland",28.5,4.1,,225.29999999999998,16.947500000000005,88.59999999999998
"2020-09-01","Kärnten",24.333333333333332,1.0333333333333332,43.2,189.53333333333336,12.99550925925926,131.66666666666666
"2020-09-01","Niederösterreich",28.566666666666666,2.5666666666666664,,195.26666666666662,14.681481481481478,109.96666666666664
"2020-09-01","Oberösterreich",29.03333333333333,4.3,,201.9,15.347685185185188,86.20000000000002
"2020-09-01","Salzburg",18.8,-4.766666666666667,9991.6,157.59999999999997,7.405416666666671,106.38888888888884
"2020-09-01","Steiermark",28.1,2.9000000000000004,,212.4666666666667,16.207129629629623,121.16666666666664
"2020-09-01","Tirol",28.633333333333336,2.3333333333333335,,187.66666666666666,15.6786111111111,145.09999999999997
"2020-09-01","Vorarlberg",28.05,5.4,,213.20000000000005,16.369861111111106,140.29999999999993
"2020-09-01","Wien",28.666666666666664,4.900000000000001,,222.63333333333335,16.84976851851852,91.29999999999997
"2020-10-01","Burgenland",23.9,2.2,,84.29999999999995,11.212500000000004,123.79999999999993
"2020-10-01","Kärnten",18.233333333333334,-1.0333333333333334,352.3333333333333,123.53333333333329,7.107258064516128,121.16666666666663
"2020-10-01","Niederösterreich",24.4,0.09999999999999998,,89.56666666666666,9.362455197132626,85.09999999999998
"2020-10-01","Oberösterreich",24.866666666666667,-0.30000000000000004,,76.46666666666665,9.336245519713264,65.26666666666672
"2020-10-01","Salzburg",13.433333333333334,-6.733333333333333,35891.2,103.93333333333335,1.4431003584229385,138.41111111111107
"2020-10-01","Steiermark",22.799999999999997,1.7000000000000002,,116.3,10.26106630824373,90.1
"2020-10-01","Tirol",22.066666666666666,0.033333333333333284,0,117.89999999999999,8.764740143369178,144.23333333333332
"2020-10-01","Vorarlberg",21,1.25,,101.39999999999999,9.932325268817204,136.74999999999997
"2020-10-01","Wien",24.133333333333333,3.433333333333333,0,87.03333333333333,11.039112903225803,119.03333333333327
"2020-11-01","Burgenland",17.8,-2.6,,66.99999999999997,5.894027777777787,13.999999999999995
"2020-11-01","Kärnten",17.6,-7.133333333333334,54.333333333333336,143.93333333333328,2.899768518518517,21.866666666666674
"2020-11-01","Niederösterreich",20.099999999999998,-5.766666666666666,,84.46666666666665,4.19296296296296,16.2
"2020-11-01","Oberösterreich",19.53333333333333,-4.266666666666667,0,70.63333333333333,4.205694444444446,23.900000000000002
"2020-11-01","Salzburg",10.7,-12.200000000000003,42872.6,161.80000000000007,0.34777777777777963,12.733333333333338
"2020-11-01","Steiermark",20.76666666666667,-5.8,0,92.23333333333333,3.9817592592592623,15.700000000000001
"2020-11-01","Tirol",19.200000000000003,-5.033333333333333,0,120.69999999999999,3.705601851851856,14.933333333333335
"2020-11-01","Vorarlberg",22.35,-3.05,,99.44999999999997,5.6442361111111135,20.15
"2020-11-01","Wien",19.83333333333333,-4.433333333333334,0,57.933333333333344,5.826342592592592,16.63333333333333
"2020-12-01","Burgenland",10.3,-5.7,,32.99999999999999,3.0672676837725414,46.50000000000002
"2020-12-01","Kärnten",8.566666666666666,-9.766666666666667,14137.333333333334,46.03333333333333,-1.1791955617198329,116.76666666666664
"2020-12-01","Niederösterreich",13.200000000000001,-8.399999999999999,,47.900000000000006,1.9141932501155805,30.866666666666674
"2020-12-01","Oberösterreich",14.2,-7.533333333333333,82.2,43.46666666666667,1.9327323162274614,41.00000000000001
"2020-12-01","Salzburg",4.966666666666667,-14.366666666666667,96970.2,75.69999999999999,-4.1497370308699,81.96666666666664
"2020-12-01","Steiermark",10.6,-7.166666666666667,288.4,26.1,1.449375866851595,79.09999999999998
"2020-12-01","Tirol",9,-9.633333333333335,15718.625,52.400000000000006,-0.31553398058252374,208.1000000000001
"2020-12-01","Vorarlberg",14.3,-5.15,,52.40000000000002,2.326907073509013,112.84999999999998
"2020-12-01","Wien",12.766666666666667,-5.633333333333333,27.2,29.16666666666666,3.1578363384188624,26.633333333333344
"2021-01-01","Burgenland",12.6,-9.4,,57.40000000000002,1.6147849462365584,47.00000000000003
"2021-01-01","Kärnten",6.8,-13.333333333333332,30940.333333333332,93.53333333333335,-4.176164874551969,62.033333333333324
"2021-01-01","Niederösterreich",11.166666666666666,-11.433333333333334,,48.166666666666686,-0.18781362007168395,60.199999999999996
"2021-01-01","Oberösterreich",10.433333333333332,-9.433333333333334,3473.8,35.53333333333334,-0.5918906810035828,59.36666666666669
"2021-01-01","Salzburg",1.866666666666666,-17.266666666666666,129807.2,85.00000000000001,-8.454883512544804,51.60000000000002
"2021-01-01","Steiermark",11.233333333333334,-9.6,1785.8,80.59999999999998,-0.002508960573477159,41.00000000000002
"2021-01-01","Tirol",8.833333333333334,-14.666666666666668,34528.375,77.03333333333332,-3.1306003584229396,96.39999999999999
"2021-01-01","Vorarlberg",12.8,-8.95,,59.349999999999994,0.6775537634408604,211.69999999999987
"2021-01-01","Wien",13.1,-7.866666666666667,137.4,51.13333333333335,1.4965053763440863,46.06666666666667
"2021-02-01","Burgenland",19.6,-8.9,,111.29999999999998,2.730505952380953,27.200000000000006
"2021-02-01","Kärnten",15.033333333333335,-15.366666666666667,21556.333333333332,186.4,0.7423611111111107,27.933333333333337
"2021-02-01","Niederösterreich",19.499999999999996,-13.266666666666667,,117.60000000000002,1.7443452380952387,17.733333333333327
"2021-02-01","Oberösterreich",17.233333333333334,-12.333333333333334,69.4,125.73333333333332,2.1430059523809537,28.066666666666674
"2021-02-01","Salzburg",10.233333333333334,-20.566666666666666,134476.8,161.63333333333335,-3.2829891420055355,35.73333333333335
"2021-02-01","Steiermark",20.2,-11.299999999999999,562,166.53333333333336,2.9539682539682532,18.10000000000001
"2021-02-01","Tirol",17.900000000000002,-13.4,25479.75,160.1333333333333,1.9345734126984142,22.46666666666666
"2021-02-01","Vorarlberg",20.5,-11.45,,126.85000000000002,4.32373511904762,69.14999999999996
"2021-02-01","Wien",20.1,-9.133333333333333,16,106.13333333333334,2.528025793650794,21.199999999999992
"2021-03-01","Burgenland",23.7,-6.4,,171.79999999999998,5.760887096774187,3.1999999999999997
"2021-03-01","Kärnten",19.2,-10.7,16058,212.26666666666668,1.9837365591397853,17.300000000000004
"2021-03-01","Niederösterreich",23.366666666666667,-8.633333333333333,,146.7333333333333,3.813575268817204,31.500000000000014
"2021-03-01","Oberösterreich",23.733333333333334,-5.9,22,151.3,4.189650537634407,35.70000000000003
"2021-03-01","Salzburg",12,-16.400000000000002,175447.2,147.5,-4.273342293906813,61.977777777777725
"2021-03-01","Steiermark",24.03333333333333,-7.666666666666667,5.2,196.00000000000003,5.205510752688173,10.066666666666663
"2021-03-01","Tirol",23.166666666666664,-6.2,15376.75,180.13333333333344,4.091980286738349,44.899999999999956
"2021-03-01","Vorarlberg",21.7,-3.2,,167.34999999999997,5.550470430107529,56.40000000000001
"2021-03-01","Wien",23.7,-5.966666666666667,0,154.83333333333334,5.58548387096774,17.366666666666674
"2021-04-01","Burgenland",25.4,-3.3,,188.70000000000002,8.828837876614049,42.00000000000001
"2021-04-01","Kärnten",20.166666666666664,-7.9333333333333345,6857.000000000001,166.63333333333333,4.3587256762548945,35.50000000000002
"2021-04-01","Niederösterreich",23.53333333333333,-5.066666666666666,,173.46666666666667,6.67350549976088,32.533333333333346
"2021-04-01","Oberösterreich",23.299999999999997,-3.8999999999999995,6.4,191.43333333333334,7.176327116212339,32.26666666666668
"2021-04-01","Salzburg",9.3,-13.6,179777,146.9333333333333,-2.484935437589671,57.87777777777781
"2021-04-01","Steiermark",25.6,-4.5,1.8,173.9,7.9814921090387365,28.333333333333336
"2021-04-01","Tirol",23.8,-2.466666666666667,114.62499999999999,204.1000000000001,7.871114299378285,30.900000000000002
"2021-04-01","Vorarlberg",23.05,-3.0999999999999996,,214.85000000000008,8.46212338593974,43.1
"2021-04-01","Wien",24.966666666666665,-2.9,7.2,186.56666666666672,8.615351506456243,34.76666666666667
"2021-05-01","Burgenland",28.7,2.2,,197.59999999999982,13.634946236559138,63.60000000000001
"2021-05-01","Kärnten",22,-0.8666666666666666,212.99999999999997,169.49999999999994,8.525761648745522,175.23333333333326
"2021-05-01","Niederösterreich",29.433333333333334,-0.9333333333333333,,145.7333333333332,11.484991039426525,72.43333333333337
"2021-05-01","Oberösterreich",29.76666666666667,0.2333333333333333,0,160.53333333333336,11.580017921146954,95.19999999999992
"2021-05-01","Salzburg",13.899999999999999,-6.633333333333333,231869.2,122.36666666666663,1.7957885304659513,111.73333333333322
"2021-05-01","Steiermark",28.5,0.9666666666666667,0,176.39999999999995,12.686514336917567,112.3
"2021-05-01","Tirol",26.8,0.6666666666666667,0,168.06666666666663,11.77867383512545,114.56666666666666
"2021-05-01","Vorarlberg",28.75,3.15,,157.29999999999995,11.633064516129032,174.09999999999988
"2021-05-01","Wien",28.966666666666665,2.033333333333333,0,181.86666666666656,13.198252688172046,68.53333333333332
"2021-06-01","Burgenland",33.7,6.5,,374.50000000000006,22.324722222222228,8.600000000000001
"2021-06-01","Kärnten",28.900000000000002,4.3,0,298.5333333333333,17.561481481481483,69.93333333333334
"2021-06-01","Niederösterreich",32,3.7333333333333343,,276.5,19.47546296296297,52.70000000000001
"2021-06-01","Oberösterreich",32.56666666666666,5.066666666666666,,294.46666666666675,20.277870370370373,94.36666666666666
"2021-06-01","Salzburg",21.5,-1.0999999999999999,207561.2,214.19999999999996,10.512731481481483,80.22222222222221
"2021-06-01","Steiermark",34.63333333333334,7.166666666666668,,305.56666666666666,21.320185185185213,69.26666666666667
"2021-06-01","Tirol",32.79999999999999,5.333333333333334,0,251.7333333333334,19.886064814814812,88.73333333333332
"2021-06-01","Vorarlberg",31.700000000000003,7.45,,262.85,20.0463888888889,123.34999999999997
"2021-06-01","Wien",33.233333333333334,7.566666666666667,,338.09999999999997,21.76800925925926,9.233333333333334
"2021-07-01","Burgenland",35.2,12.2,,328.1,22.89798387096777,95.5
"2021-07-01","Kärnten",28.73333333333333,8.433333333333334,0,261.63333333333344,17.956272401433694,94.83333333333331
"2021-07-01","Niederösterreich",33,9.066666666666668,,222.70000000000007,19.784274193548388,168.63333333333333
"2021-07-01","Oberösterreich",32.8,10.399999999999999,,228.6666666666667,19.39542558959067,193.1
"2021-07-01","Salzburg",20.1,1.9666666666666663,121264.8,163.49999999999997,10.352195340501787,162.43333333333328
"2021-07-01","Steiermark",33.06666666666667,11.666666666666666,,265.2,21.89023297491039,110.19999999999996
"2021-07-01","Tirol",32.233333333333334,10.033333333333331,,205.43333333333345,19.123431899641577,221.26666666666662
"2021-07-01","Vorarlberg",28.95,11.55,,184.59999999999997,18.5861559139785,317.65
"2021-07-01","Wien",36.400000000000006,12.733333333333334,,300.1666666666667,22.29977598566309,113.73333333333332
"2021-08-01","Burgenland",32.6,9.2,,224.79999999999998,19.572815533980577,65.2
"2021-08-01","Kärnten",28.533333333333335,5.833333333333333,0,200.06666666666663,15.334997688395749,123.16666666666664
"2021-08-01","Niederösterreich",31.2,6.433333333333333,,154.7666666666666,16.824549237170604,109.66666666666664
"2021-08-01","Oberösterreich",31.566666666666666,8.066666666666666,,166.2,17.200138562636464,110.79999999999993
"2021-08-01","Salzburg",21.599999999999998,0.1666666666666664,48110.4,113.4666666666666,8.189042995839106,164.22222222222211
"2021-08-01","Steiermark",32.333333333333336,7.033333333333333,,193.56666666666666,18.706195099398986,86.83333333333334
"2021-08-01","Tirol",32.46666666666666,9.2,,182.96666666666664,17.399121590383718,133.93333333333322
"2021-08-01","Vorarlberg",30.85,10.5,,164.90000000000003,17.686292741040972,257.24999999999994
"2021-08-01","Wien",32.86666666666667,10.033333333333333,,208.66666666666663,19.148821081830782,76.36666666666666
"2021-09-01","Burgenland",28.5,8.1,,222.20000000000007,16.74875000000001,36.400000000000006
"2021-09-01","Kärnten",24.1,2.8999999999999995,0,232.79999999999998,13.454907407407406,51.600000000000016
"2021-09-01","Niederösterreich",26.43333333333333,5,,194.1666666666666,14.71916666666667,18.3
"2021-09-01","Oberösterreich",27.133333333333333,5.6,,212.06666666666666,15.54912037037039,19.766666666666673
"2021-09-01","Salzburg",17.03333333333333,-1.0333333333333332,28156.8,189.26666666666662,7.465185185185186,54.366666666666646
"2021-09-01","Steiermark",28.666666666666664,5,,219.96666666666675,16.146111111111107,37.56666666666667
"2021-09-01","Tirol",27.5,5.8,,227.8666666666667,16.048657407407422,55.80000000000001
"2021-09-01","Vorarlberg",25.65,7.199999999999999,,223.65,16.24513888888891,75.49999999999997
"2021-09-01","Wien",27.43333333333333,8.866666666666667,,213.06666666666663,16.819444444444446,20.33333333333334
"2021-10-01","Burgenland",25.4,-0.8,,192.10000000000014,10.708198924731171,24.8
"2021-10-01","Kärnten",18.9,-2,0,151.99999999999997,6.396370967741935,60.866666666666674
"2021-10-01","Niederösterreich",23.599999999999998,-2.9000000000000004,,165.13333333333324,8.358781362007171,33.2
"2021-10-01","Oberösterreich",21.900000000000002,-1.3666666666666667,,161.1,8.381630824372758,37.03333333333334
"2021-10-01","Salzburg",15.066666666666666,-6.833333333333333,29594.6,164.86666666666665,2.534184587813621,38.600000000000016
"2021-10-01","Steiermark",25.966666666666665,-0.7000000000000001,,160.39999999999995,8.950806451612905,32.733333333333356
"2021-10-01","Tirol",24.266666666666666,-0.6333333333333333,0,171.99999999999997,8.826657706093185,51.166666666666686
"2021-10-01","Vorarlberg",25.95,0.45000000000000007,,156.55,9.714986559139794,41.1
"2021-10-01","Wien",25.166666666666668,-0.43333333333333335,0,197.50000000000006,10.490412186379928,20.63333333333334
"2021-11-01","Burgenland",16.6,-4.2,,90.49999999999999,5.76777777777778,44.099999999999994
"2021-11-01","Kärnten",12.799999999999999,-7.433333333333333,1571,92.69999999999999,2.471018518518519,97.59999999999997
"2021-11-01","Niederösterreich",13.166666666666666,-5.633333333333333,,74.59999999999998,3.9457407407407423,42.00000000000002
"2021-11-01","Oberösterreich",12.8,-3.9,208.6,65.23333333333332,3.658287037037039,49.10000000000002
"2021-11-01","Salzburg",10.166666666666666,-12.833333333333334,45683,108.4,-1.5712962962962975,120.98888888888882
"2021-11-01","Steiermark",16.5,-5.633333333333334,213,88.36666666666667,4.4271759259259245,73.10000000000001
"2021-11-01","Tirol",15.833333333333336,-4.133333333333333,352.375,85.76666666666667,3.6054166666666645,104.39999999999993
"2021-11-01","Vorarlberg",16.049999999999997,-1.95,,50.650000000000006,4.013194444444443,89.3
"2021-11-01","Wien",15.5,-3.0666666666666664,19.6,80.66666666666666,5.620462962962965,47.000000000000014
"2021-12-01","Burgenland",16.8,-6.4,,56.800000000000004,2.486407766990292,37.50000000000002
"2021-12-01","Kärnten",9.666666666666666,-10.533333333333333,17713.333333333332,101.56666666666665,-1.8878871937124362,58.40000000000002
"2021-12-01","Niederösterreich",15.466666666666667,-8.833333333333334,,47.96666666666666,1.9205732778548326,47.96666666666669
"2021-12-01","Oberösterreich",14.3,-7.466666666666668,391.2,40.33333333333333,1.5865002311604242,62.13333333333337
"2021-12-01","Salzburg",5.833333333333333,-14.833333333333332,78497.8,88.93333333333334,-5.212020342117428,73.87777777777781
"2021-12-01","Steiermark",13.633333333333333,-8.066666666666666,1954.4,77.53333333333332,0.6103559870550157,51.366666666666674
"2021-12-01","Tirol",9.633333333333335,-10.366666666666667,5395.5,63.733333333333334,-0.9860841423948226,42.400000000000006
"2021-12-01","Vorarlberg",13.4,-7.15,,56.5,2.3143550624133153,156.79999999999995
"2021-12-01","Wien",16.26666666666667,-6.133333333333334,387.2,55.63333333333333,3.020342117429496,49.666666666666686
"2022-01-01","Burgenland",15,-8.4,,100.1,2.7981182795698927,17.700000000000003
"2022-01-01","Kärnten",12.866666666666665,-11.200000000000001,17267,147.4333333333333,-1.3954749103942645,31.866666666666656
"2022-01-01","Niederösterreich",14.3,-8.733333333333333,,70.2,1.9452060931899622,31.133333333333344
"2022-01-01","Oberösterreich",12.4,-7.433333333333333,689.8,46.9,1.2739695340501802,38.2
"2022-01-01","Salzburg",8,-15.433333333333332,72779.6,113.1666666666667,-5.728494623655912,32.300000000000026
"2022-01-01","Steiermark",14.666666666666668,-8.633333333333335,3.4,127.06666666666663,0.8280913978494622,8.066666666666665
"2022-01-01","Tirol",12.333333333333334,-9.7,6161.25,109.26666666666665,-0.5524193548387089,32.73333333333334
"2022-01-01","Vorarlberg",15.649999999999999,-7.9,,86.3,1.03225806451613,40.20000000000003
"2022-01-01","Wien",15.399999999999999,-6.533333333333333,51,88.39999999999996,3.0423835125448035,30.3
"2022-02-01","Burgenland",19.3,-4.3,,140.30000000000004,5.378422619047623,21.400000000000006
"2022-02-01","Kärnten",11.766666666666667,-7.7666666666666675,14180.666666666666,171.1666666666667,0.3835813492063491,18.266666666666666
"2022-02-01","Niederösterreich",16.033333333333335,-6.833333333333333,,115.49999999999994,3.8904265873015893,43.83333333333334
"2022-02-01","Oberösterreich",14.466666666666667,-5.433333333333334,95,105.43333333333331,3.9188988095238098,46.800000000000004
"2022-02-01","Salzburg",6.499999999999999,-14.333333333333334,66992.6,116.46666666666665,-5.366220238095236,55.966666666666654
"2022-02-01","Steiermark",19.333333333333332,-6.533333333333333,34.6,153.93333333333334,3.374652777777779,24.80000000000001
"2022-02-01","Tirol",16.9,-6.699999999999999,3649.375,135.89999999999998,2.3397817460317456,57.36666666666667
"2022-02-01","Vorarlberg",15.600000000000001,-4.199999999999999,,113.59999999999997,4.710937499999996,65.10000000000001
"2022-02-01","Wien",18.500000000000004,-3.0666666666666664,0,123.23333333333333,5.840972222222221,20.566666666666666
"2022-03-01","Burgenland",22.3,-7.2,,235.50000000000003,5.733198924731179,15.399999999999999
"2022-03-01","Kärnten",17.433333333333334,-9.200000000000001,12050.666666666666,247.43333333333337,2.1033154121863813,21.099999999999994
"2022-03-01","Niederösterreich",20.733333333333334,-8.866666666666667,,227.16666666666663,3.6248655913978496,14.233333333333333
"2022-03-01","Oberösterreich",20.333333333333336,-6.133333333333334,0,236.79999999999998,5.151881720430107,14.166666666666664
"2022-03-01","Salzburg",8.866666666666667,-15.1,75200.2,234.4666666666667,-2.9099462365591418,2.177777777777777
"2022-03-01","Steiermark",22.466666666666665,-7.833333333333334,0,230.53333333333336,4.738306451612902,17.166666666666664
"2022-03-01","Tirol",21.53333333333333,-6.033333333333333,0,233.5,5.912090529680231,5.433333333333333
"2022-03-01","Vorarlberg",19.8,-5.4,,244.35,6.973051075268818,11.2
"2022-03-01","Wien",21.9,-5.6,0,226.80000000000004,5.782426899299756,15.233333333333334
"2022-04-01","Burgenland",22.4,-2.8,,179.6,9.513342898134864,28.000000000000004
"2022-04-01","Kärnten",19.466666666666665,-4.5,2828.6666666666665,190.1666666666667,5.584026781444289,54.40000000000001
"2022-04-01","Niederösterreich",23.3,-4.466666666666667,,127.79999999999998,7.372070779531322,72.96666666666667
"2022-04-01","Oberösterreich",23.599999999999998,-4.7333333333333325,21.8,136.49999999999997,7.83027259684361,75.39999999999999
"2022-04-01","Salzburg",12.666666666666668,-12.066666666666668,101689.8,136.03333333333333,-0.7092300334768017,57.111111111111114
"2022-04-01","Steiermark",22.7,-1.2,0,168.16666666666669,8.948110951697748,56.70000000000001
"2022-04-01","Tirol",24.799999999999997,-2.066666666666667,8.125,174,8.8480631276901,49.56666666666668
"2022-04-01","Vorarlberg",22.65,-1.95,,191.54999999999995,9.128622668579624,103.30000000000001
"2022-04-01","Wien",22.96666666666667,-1.2333333333333332,10,159.66666666666669,9.252845528455287,37.03333333333333
"2022-05-01","Burgenland",30.1,6.4,,274.8000000000003,17.7266129032258,39.60000000000002
"2022-05-01","Kärnten",26.233333333333334,2.666666666666667,0,199.60000000000005,13.01414721773588,86.16666666666667
"2022-05-01","Niederösterreich",29.933333333333334,2.333333333333333,,221.4666666666667,14.943996415770616,98.66666666666666
"2022-05-01","Oberösterreich",30.033333333333328,5.433333333333334,0,236.23333333333335,15.822670250896046,66.16666666666669
"2022-05-01","Salzburg",18.8,-2.8333333333333335,105946.8,150.66666666666669,6.484991039426523,126.1222222222222
"2022-05-01","Steiermark",30.666666666666668,5.233333333333333,0,212.56666666666663,16.469220430107523,87.56666666666663
"2022-05-01","Tirol",31.266666666666666,4.533333333333333,0,196.96666666666664,16.04090695534244,90.46666666666668
"2022-05-01","Vorarlberg",31.45,4.85,,221,16.618010752688168,63.099999999999994
"2022-05-01","Wien",31.1,5.766666666666667,0,255.93333333333342,17.21115591397849,55.80000000000001
"2022-06-01","Burgenland",35,10.8,,319.59999999999997,21.990277777777784,61.300000000000026
"2022-06-01","Kärnten",30.133333333333336,8.933333333333335,0,259.70000000000005,17.643935185185192,80.63333333333333
"2022-06-01","Niederösterreich",33.56666666666667,8.133333333333333,,236.1666666666666,19.28342592592594,90.40000000000002
"2022-06-01","Oberösterreich",34.06666666666666,9.799999999999999,0,256.26666666666654,19.759120370370365,186.86666666666665
"2022-06-01","Salzburg",22.466666666666665,1.2666666666666666,61303.6,190.5,10.652870370370369,122.59999999999988
"2022-06-01","Steiermark",32.333333333333336,10.9,,245.1333333333332,20.9461574074074,103.73333333333332
"2022-06-01","Tirol",33.63333333333333,9.566666666666666,,248.73333333333343,19.718678045515396,163.43333333333334
"2022-06-01","Vorarlberg",35.3,9.95,,254.14999999999992,20.227916666666655,174.49999999999991
"2022-06-01","Wien",33.766666666666666,11.099999999999998,,293.70000000000005,21.35976851851853,91.06666666666662
"2022-07-01","Burgenland",36,10.2,,300.9999999999999,22.40631720430108,49
"2022-07-01","Kärnten",30.46666666666667,7.2333333333333325,0,265.8000000000002,18.57558243727598,67.43333333333332
"2022-07-01","Niederösterreich",33.9,7.6,,252.53333333333353,19.605824372759866,69.03333333333332
"2022-07-01","Oberösterreich",34.266666666666666,10.366666666666667,,268.46666666666675,20.38300288773067,100.49999999999999
"2022-07-01","Salzburg",23.1,2.5,2789,180.83333333333331,11.05143369175628,91.66666666666666
"2022-07-01","Steiermark",34.2,10.233333333333334,,277.09999999999997,21.636827956989247,84.29999999999998
"2022-07-01","Tirol",35.26666666666667,9.899999999999999,,248.6666666666667,20.79856630824373,104.83333333333333
"2022-07-01","Vorarlberg",34.75,10.6,,293.1,21.552083333333318,105.25
"2022-07-01","Wien",35.16666666666667,11.566666666666666,,277.4,22.07746415770611,32.833333333333336
"2022-08-01","Burgenland",35.9,13.8,,237.40000000000015,22.597919556171988,36.80000000000001
"2022-08-01","Kärnten",31.433333333333334,9.133333333333336,0,191.09999999999997,17.5845584835876,103.2333333333333
"2022-08-01","Niederösterreich",34.46666666666667,7.7,,180.5,19.256865464632448,82.46666666666665
"2022-08-01","Oberösterreich",33.56666666666666,11.266666666666667,,200.86666666666673,19.935228848821087,109.56666666666666
"2022-08-01","Salzburg",21.233333333333334,3.6666666666666665,2.4,150.3666666666667,10.51114193250116,129.7
"2022-08-01","Steiermark",35.266666666666666,12,,200.46666666666673,21.1182154415164,72.19999999999999
"2022-08-01","Tirol",33.233333333333334,10.2,,230.86666666666665,19.981645862228383,110.09999999999995
"2022-08-01","Vorarlberg",34.85,12,,260.1,20.776591359592903,305.00000000000006
"2022-08-01","Wien",36.49999999999999,12.833333333333332,,219.70000000000005,22.217799352750816,42.33333333333336
"2022-09-01","Burgenland",28.8,3.7,,164.89999999999998,15.593888888888877,47.00000000000002
"2022-09-01","Kärnten",24.733333333333334,0.33333333333333326,0,153.66666666666663,11.19444444444445,151.56666666666658
"2022-09-01","Niederösterreich",26.366666666666667,1.0333333333333332,,119.40000000000002,12.952546296296294,78.00000000000001
"2022-09-01","Oberösterreich",26.63333333333333,1.7333333333333334,0,118.56666666666659,13.36976851851852,91.26666666666665
"2022-09-01","Salzburg",17.166666666666668,-4.6,4845.8,97.63333333333333,4.778564814814813,131.62222222222218
"2022-09-01","Steiermark",28.26666666666667,2.1666666666666665,,133.27499999999995,14.437028138863093,78.63333333333333
"2022-09-01","Tirol",26.933333333333337,1.8666666666666667,0,133.53333333333327,13.674861111111111,86.50000000000001
"2022-09-01","Vorarlberg",26.549999999999997,4.7,,136.44999999999993,14.595069444444448,228.7499999999999
"2022-09-01","Wien",28.299999999999997,3.3333333333333335,,165.63333333333338,15.163425925925916,61.466666666666654
"2022-10-01","Burgenland",24.2,3,,120.30000000000001,12.927688172043013,10.099999999999996
"2022-10-01","Kärnten",20.166666666666668,2.6,0,181.73333333333338,10.872087813620077,53.9
"2022-10-01","Niederösterreich",23.433333333333337,1.6333333333333335,,148.49999999999997,11.506406810035847,28.533333333333342
"2022-10-01","Oberösterreich",22.933333333333334,3.7999999999999994,0,132.40000000000003,11.743682795698929,46.36666666666667
"2022-10-01","Salzburg",15.899999999999999,-1.4666666666666668,6514.6,169.83333333333334,6.183691756272402,66.3888888888889
"2022-10-01","Steiermark",22.766666666666666,4,,147.95,12.499193548387098,15.4
"2022-10-01","Tirol",23.433333333333334,4.466666666666667,0,176.43333333333325,12.699327956989256,69.29999999999998
"2022-10-01","Vorarlberg",23.45,6.300000000000001,,142.00000000000006,13.666330645161294,126.84999999999994
"2022-10-01","Wien",23.9,3,0,134.16666666666666,12.888620071684592,13.866666666666667
"2022-11-01","Burgenland",20.3,-1.3,,68.60000000000001,6.647777777777768,50.10000000000001
"2022-11-01","Kärnten",17.333333333333336,-3.6999999999999997,1436.333333333333,94.66666666666666,3.6626851851851874,57.766666666666666
"2022-11-01","Niederösterreich",17.566666666666666,-3,,70.99999999999999,5.029259259259261,48.16666666666668
"2022-11-01","Oberösterreich",17.56666666666667,-2.0333333333333337,28.6,61.333333333333314,5.106620370370371,71.36666666666666
"2022-11-01","Salzburg",11.2,-9.233333333333333,10585,104.56666666666668,-1.1899587905012137,69.48888888888887
"2022-11-01","Steiermark",18.099999999999998,-2.2666666666666666,0,69.38750000000002,5.71865740740741,46.53333333333335
"2022-11-01","Tirol",18.200000000000003,-3.0666666666666664,17.75,92.96666666666667,4.825833333333335,68.43333333333335
"2022-11-01","Vorarlberg",16.8,-1.4,,78.45,7.402013888888891,75.34999999999997
"2022-11-01","Wien",19.166666666666668,-1.3666666666666665,2.2,66.69999999999999,6.5312962962963,33.8
"2022-12-01","Burgenland",13.8,-8.4,,40.59999999999999,2.262135922330096,27.300000000000004
"2022-12-01","Kärnten",8.399999999999999,-11.733333333333333,8209.666666666666,72.3,-0.771890892279241,48.30000000000001
"2022-12-01","Niederösterreich",14.833333333333332,-12.433333333333334,,48.53333333333333,1.0510864539990754,31.233333333333352
"2022-12-01","Oberösterreich",12.333333333333334,-13.366666666666667,2129.2,50.833333333333336,0.6655108645399909,68.39999999999999
"2022-12-01","Salzburg",6.9,-18.1,15599.6,88.53333333333333,-3.990476190476189,26.966666666666672
"2022-12-01","Steiermark",12.133333333333333,-9.3,0,57.287500000000016,0.9354137771613495,29.933333333333337
"2022-12-01","Tirol",9.7,-12.766666666666667,1796.6249999999998,58.33333333333334,0.04197873324086998,45.766666666666666
"2022-12-01","Vorarlberg",17,-8.9,,47.400000000000006,3.0589459084604704,70.19999999999997
"2022-12-01","Wien",13.233333333333333,-8.666666666666668,49.6,38.63333333333334,2.0332408691631976,24.666666666666668
"2023-01-01","Burgenland",15.1,-8.6,,45.59999999999999,3.7506720430107547,42.300000000000026
"2023-01-01","Kärnten",9.533333333333333,-9.166666666666666,19597.333333333332,76.03333333333333,-0.7834229390681012,98.59999999999994
"2023-01-01","Niederösterreich",13.266666666666666,-6.833333333333334,,45.93333333333332,2.6324820788530467,30.100000000000016
"2023-01-01","Oberösterreich",13.2,-4.233333333333333,411.4,35.13333333333334,2.544668458781362,28.133333333333354
"2023-01-01","Salzburg",7.8999999999999995,-16.133333333333333,34977.6,82.40000000000002,-5.61285842293907,71.91111111111115
"2023-01-01","Steiermark",13.333333333333332,-4.933333333333334,16.8,54.63750000000001,2.1706093189964166,64.96666666666667
"2023-01-01","Tirol",14.2,-9.033333333333331,4291.875,64.00000000000001,0.5510304659498189,27.83333333333335
"2023-01-01","Vorarlberg",17.75,-5.95,,50.35000000000001,3.1750417130144655,20.250000000000004
"2023-01-01","Wien",13.566666666666668,-5,312.2,42.76666666666667,3.885931899641574,42.36666666666669
"2023-02-01","Burgenland",17.7,-8.3,,97.49999999999996,3.76026785714286,31.500000000000004
"2023-02-01","Kärnten",13.233333333333334,-12.866666666666667,22006.666666666668,167.83333333333334,-0.4434027777777786,21.033333333333335
"2023-02-01","Niederösterreich",15.633333333333336,-11.4,,104.69999999999999,2.336011904761906,59.19999999999999
"2023-02-01","Oberösterreich",16.433333333333334,-8.733333333333333,560.2,99.49999999999997,2.321825396825397,64.5
"2023-02-01","Salzburg",7.799999999999999,-16.066666666666666,51094.6,136.13333333333335,-4.650396825396827,29.488888888888894
"2023-02-01","Steiermark",18.933333333333334,-9.8,898,141.725,2.0863591269841266,25.13333333333334
"2023-02-01","Tirol",18.73333333333333,-8.700000000000001,1189.75,144.26666666666665,2.314186507936508,34.20000000000001
"2023-02-01","Vorarlberg",16.450000000000003,-6,,121.25000000000003,3.270238095238094,66
"2023-02-01","Wien",16.833333333333332,-8.299999999999999,0,100.5,4.233978174603177,42.13333333333335
"2023-03-01","Burgenland",21.7,-3.4,,147.50000000000006,7.86505376344086,7.5
"2023-03-01","Kärnten",16.76666666666667,-5.1000000000000005,10459.666666666664,169.23333333333332,3.8808243727598573,42.43333333333333
"2023-03-01","Niederösterreich",21.266666666666666,-4.766666666666667,,135.26666666666665,6.090098566308242,27.200000000000006
"2023-03-01","Oberösterreich",20.400000000000002,-3.4999999999999996,10,140.59999999999994,6.272311827956993,41.20000000000001
"2023-03-01","Salzburg",10.2,-11.966666666666669,63679,119.66666666666666,-2.0105734767025067,51.44444444444445
"2023-03-01","Steiermark",21.8,-3.233333333333334,34.6,145.02499999999995,6.727598566308246,30.700000000000006
"2023-03-01","Tirol",20.733333333333334,-2.7,5.75,143.63333333333327,6.643951612903226,69.3
"2023-03-01","Vorarlberg",21.05,-1.5,,113.94999999999996,7.478897849462368,90.44999999999996
"2023-03-01","Wien",21.433333333333334,-2.8000000000000003,0,145.43333333333334,7.9152329749103965,9.633333333333333
"2023-04-01","Burgenland",23.3,-2.9,,166.29999999999998,9.478192252510746,76.50000000000003
"2023-04-01","Kärnten",18.466666666666665,-6.766666666666667,1962,136.39999999999998,5.126351028216167,73.69999999999996
"2023-04-01","Niederösterreich",21.2,-6.066666666666666,,102.59999999999998,7.2099473935915865,120.29999999999997
"2023-04-01","Oberösterreich",21.466666666666665,-3.8666666666666667,0,115.49999999999994,7.7040650406504065,125.53333333333326
"2023-04-01","Salzburg",9.200000000000001,-12.733333333333333,119797.6,82.99999999999999,-1.9344332855093263,59.966666666666654
"2023-04-01","Steiermark",21.900000000000002,-4.1,6.4,130.16250000000002,8.813821138211377,75.53333333333332
"2023-04-01","Tirol",23.933333333333334,-3.8333333333333335,6.125000000000001,133.16666666666663,8.289622190339553,90.83333333333333
"2023-04-01","Vorarlberg",21.45,-2.05,,136.89999999999998,9.064203730272595,220.04999999999995
"2023-04-01","Wien",22.566666666666666,-3.1333333333333333,0,136.90000000000003,9.094165471066477,96.43333333333327
"2023-05-01","Burgenland",27.4,4.7,,246.30000000000015,15.189247311827968,116.3
"2023-05-01","Kärnten",22.066666666666666,3.4999999999999996,0,142.96666666666667,10.84350358422939,161.09999999999994
"2023-05-01","Niederösterreich",25.8,1.5333333333333332,,181.43333333333334,12.84162186379929,67.26666666666667
"2023-05-01","Oberösterreich",27.833333333333332,4,0,206.70000000000002,14.151075268817214,71.20000000000002
"2023-05-01","Salzburg",14.233333333333333,-3.4666666666666672,147661.6,110.76666666666665,4.376209677419362,120.01111111111105
"2023-05-01","Steiermark",26.866666666666667,4.366666666666666,0,174.78750000000002,14.453460433580808,105.93333333333332
"2023-05-01","Tirol",27.866666666666664,4.2,0,153.13333333333335,14.065546594982075,132.36666666666662
"2023-05-01","Vorarlberg",26.95,4.65,,182.6500000000001,14.754872175048504,151.1
"2023-05-01","Wien",27.133333333333333,4.533333333333333,0,232.20000000000005,14.775806451612905,80.16666666666669
"2023-06-01","Burgenland",33.4,11.1,,268.6000000000002,19.920555555555556,114.3
"2023-06-01","Kärnten",29.633333333333333,7.533333333333333,0,211.33333333333337,15.667314814814805,127.33333333333329
"2023-06-01","Niederösterreich",31.93333333333333,5.033333333333333,,217.93333333333337,17.61574074074076,58.43333333333336
"2023-06-01","Oberösterreich",33.4,8.333333333333334,0,260.93333333333334,18.99351851851852,31.266666666666676
"2023-06-01","Salzburg",24.333333333333332,1.7999999999999998,108007.2,170.99999999999997,9.167886590970538,71.61111111111113
"2023-06-01","Steiermark",33.16666666666667,9.7,,217.55,19.18194444444444,103.33333333333333
"2023-06-01","Tirol",34.766666666666666,8.799999999999999,0,241.13333333333338,19.293379629629634,50
"2023-06-01","Vorarlberg",33.150000000000006,11,,319.29999999999995,20.714513888888884,39.05000000000001
"2023-06-01","Wien",32.93333333333333,8.733333333333333,,241.2666666666667,19.546805555555544,90.93333333333334
"2023-07-01","Burgenland",34.8,11.7,,278.6,22.91317204301077,39.300000000000004
"2023-07-01","Kärnten",28.8,6.6000000000000005,0,234.63333333333335,17.272087813620065,266.3333333333333
"2023-07-01","Niederösterreich",34.36666666666666,8.266666666666667,,220.76666666666665,20.60264336917563,48.433333333333344
"2023-07-01","Oberösterreich",35.066666666666656,9.166666666666668,0,248.2666666666667,21.095474910394273,69.4666666666667
"2023-07-01","Salzburg",22.999999999999996,0.2666666666666667,39310.8,163.0333333333332,10.85840192640253,167.15555555555554
"2023-07-01","Steiermark",33.5,9.866666666666665,,229.9375,21.197446236559127,109.46666666666668
"2023-07-01","Tirol",35.599999999999994,7.5,,203.6999999999999,20.05353942652329,150.39999999999995
"2023-07-01","Vorarlberg",36,10.6,,211.74999999999997,21.20478246259935,180.44999999999996
"2023-07-01","Wien",35.766666666666666,12.433333333333334,,274.50000000000006,23.186111111111114,29.333333333333332
"2023-08-01","Burgenland",34.7,10.3,,248.70000000000016,21.462968099861307,80.30000000000001
"2023-08-01","Kärnten",29.766666666666666,6.1,0,223.5,17.298335644937588,228.29999999999998
"2023-08-01","Niederösterreich",34.233333333333334,7.1000000000000005,,199.43333333333334,19.139713361072598,114.06666666666666
"2023-08-01","Oberösterreich",33.93333333333334,8.866666666666665,,203.66666666666669,19.732593619972263,166.63333333333327
"2023-08-01","Salzburg",23.03333333333334,-0.16666666666666652,2741.4,157.86666666666673,10.868608414239478,222.94444444444443
"2023-08-01","Steiermark",33.733333333333334,8.366666666666667,,224.45000000000002,20.365141007859464,176.7333333333333
"2023-08-01","Tirol",33.96666666666667,7.933333333333333,,195.06666666666678,19.612852519648623,185.36666666666662
"2023-08-01","Vorarlberg",33.7,9.45,,198.9499999999999,20.27975034674063,295.4
"2023-08-01","Wien",35.900000000000006,10.066666666666668,,223.99999999999997,21.465048543689328,64.7666666666667
"2023-09-01","Burgenland",31.2,9.5,,251.19999999999996,19.505694444444412,18.600000000000005
"2023-09-01","Kärnten",25.299999999999997,6.466666666666667,0,240.00000000000006,15.031898148148152,50.13333333333334
"2023-09-01","Niederösterreich",29.6,6.633333333333333,,233.59999999999997,16.998888888888906,30
"2023-09-01","Oberösterreich",29.63333333333333,7.6000000000000005,,258.33333333333326,17.834999999999997,28.300000000000004
"2023-09-01","Salzburg",20.466666666666665,-0.7333333333333333,152.8,207.1333333333333,10.065462962962968,32.2888888888889
"2023-09-01","Steiermark",28.999999999999996,8.533333333333333,,223.41250000000005,17.988518518518504,23.933333333333334
"2023-09-01","Tirol",29.6,5.633333333333334,,236.36666666666665,17.649768518518524,49.699999999999996
"2023-09-01","Vorarlberg",29.5,7,,246.4,18.42361111111111,110.39999999999999
"2023-09-01","Wien",31,10.266666666666666,,254.30000000000004,19.57967592592593,34.76666666666667
"2023-10-01","Burgenland",26.8,-0.3,,132.6,14.516129032258041,70.60000000000001
"2023-10-01","Kärnten",22.166666666666668,-1.5,0,147.06666666666663,10.639560931899641,157.39999999999998
"2023-10-01","Niederösterreich",27.433333333333334,-2.333333333333333,,157.53333333333333,12.26749082480201,43.16666666666667
"2023-10-01","Oberösterreich",26.633333333333336,-0.4666666666666666,,152.70000000000002,12.091397849462371,42.50000000000001
"2023-10-01","Salzburg",17.133333333333333,-6.166666666666667,551.2,145.26666666666665,6.011469534050176,68.73333333333335
"2023-10-01","Steiermark",26.33333333333333,0.13333333333333336,,142.13750000000005,12.90976702508961,70.13333333333334
"2023-10-01","Tirol",25.833333333333332,0.6666666666666666,0,153.36666666666667,12.76545698924731,85.76666666666667
"2023-10-01","Vorarlberg",27.25,2.5,,151.09999999999994,13.52069892473118,112.2
"2023-10-01","Wien",27.46666666666667,0.7,0,146.23333333333326,14.068772401433694,58.30000000000001
"2023-11-01","Burgenland",18,-2.1,,101.99999999999994,6.749722222222218,78.69999999999997
"2023-11-01","Kärnten",12.4,-6.6,213.66666666666669,118.96666666666664,2.194861111111112,74.19999999999999
"2023-11-01","Niederösterreich",16.266666666666666,-6.133333333333334,,79.7333333333333,5.159120370370373,109.93333333333327
"2023-11-01","Oberösterreich",16.133333333333336,-5.166666666666667,96.6,74.83333333333334,5.175000000000001,130.93333333333325
"2023-11-01","Salzburg",6.9,-13.766666666666666,16856.2,80.53333333333333,-3.3396759259259268,167.68888888888875
"2023-11-01","Steiermark",15.766666666666666,-4,58.8,92.1125,4.925277777777777,60.46666666666665
"2023-11-01","Tirol",14.933333333333334,-4.433333333333334,395.12500000000006,85.63333333333333,4.046805555555556,139.0999999999999
"2023-11-01","Vorarlberg",16.9,-1.25,,48.55,6.231666666666669,213.7999999999998
"2023-11-01","Wien",17.833333333333336,-3.7,3.6,89.99999999999997,6.711388888888888,88.09999999999995
"2023-12-01","Burgenland",16.1,-7.5,,47.70000000000001,3.1882108183079043,105.99999999999996
"2023-12-01","Kärnten",11.7,-9.899999999999999,7654.333333333333,97.03333333333332,0.27355524734165515,100.39999999999995
"2023-12-01","Niederösterreich",14.2,-15.266666666666667,,51.7,3.199491447064264,110.93333333333328
"2023-12-01","Oberösterreich",12.999999999999998,-14.466666666666667,2278,40.7,2.808183079056866,138.33333333333334
"2023-12-01","Salzburg",7.199999999999999,-16.166666666666668,69711.8,81.26666666666667,-3.3924179380490096,178.39999999999995
"2023-12-01","Steiermark",12.066666666666666,-8.033333333333333,1543.4,72.13750000000002,1.220943134535367,73.40000000000002
"2023-12-01","Tirol",11.766666666666666,-8.833333333333332,1063.125,61.400000000000006,1.2779935275080918,116.73333333333335
"2023-12-01","Vorarlberg",13.1,-7.6,,63.4,4.206865464632458,160.7499999999998
"2023-12-01","Wien",15.2,-10.866666666666665,1364.8,54.26666666666669,4.301063337956537,99.80000000000005
"2024-01-01","Burgenland",14.8,-9.8,,118.40000000000005,1.9987903225806443,44.3
"2024-01-01","Kärnten",10.2,-12.033333333333335,15218.000000000002,157.1666666666667,-1.4132616487455194,57.23333333333335
"2024-01-01","Niederösterreich",14.966666666666667,-11.933333333333334,,94.99999999999996,0.4913082437275982,44.866666666666696
"2024-01-01","Oberösterreich",14.533333333333333,-10.833333333333332,55,78.80000000000001,0.14189068100358376,62.90000000000002
"2024-01-01","Salzburg",7.366666666666668,-17.433333333333334,86871.8,126.69999999999996,-5.147311827956994,81.06666666666666
"2024-01-01","Steiermark",14.500000000000002,-9.933333333333334,0,121.39999999999996,0.17831541218637992,37.46666666666668
"2024-01-01","Tirol",16.266666666666666,-9.633333333333333,484.62500000000006,92.4,-0.047804659498208446,54.366666666666674
"2024-01-01","Vorarlberg",14.7,-7.95,,73.15,2.265188172043011,112.59999999999998
"2024-01-01","Wien",15.2,-11.133333333333333,43.6,123.69999999999996,1.8270609318996418,48.76666666666668
"2024-02-01","Burgenland",17.6,-1,,105.1,9.006609195402303,21.300000000000004
"2024-02-01","Kärnten",13.466666666666665,-3.9666666666666663,10327.333333333334,98.6,3.8552806754885847,40.66666666666668
"2024-02-01","Niederösterreich",15.8,-3.6333333333333333,,80.63333333333334,7.01989825815384,30.733333333333334
"2024-02-01","Oberösterreich",14.933333333333334,-2.6,0,70.03333333333333,6.52198275862069,44.366666666666674
"2024-02-01","Salzburg",9,-8.466666666666667,57626.4,83.80000000000001,-0.9407549945265461,68.06666666666668
"2024-02-01","Steiermark",19.7,-4.333333333333333,0,105.91250000000001,6.416237342638199,25.56666666666667
"2024-02-01","Tirol",18.666666666666668,-3.1000000000000005,44.375,99.86666666666665,5.533656609195401,50.03333333333334
"2024-02-01","Vorarlberg",17.05,-0.6500000000000001,,89.50000000000001,7.291594827586201,69.75000000000001
"2024-02-01","Wien",15.966666666666667,-0.9000000000000001,0,96.1,8.807659287640123,21.933333333333337
"2024-03-01","Burgenland",22.3,-2.3,,160.79999999999995,9.967876344086031,37.600000000000016
"2024-03-01","Kärnten",15.866666666666667,-3.9000000000000004,5776.666666666667,112.60000000000001,5.160514382666546,59.033333333333324
"2024-03-01","Niederösterreich",22.400000000000002,-3.766666666666666,,136.10000000000002,8.048627538829152,52.133333333333326
"2024-03-01","Oberösterreich",23.6,-1.0666666666666669,0,139.89999999999998,8.352060931899636,31
"2024-03-01","Salzburg",7.466666666666666,-9.033333333333333,87103.8,104.60000000000005,-0.5293037817511017,58.46666666666668
"2024-03-01","Steiermark",22.366666666666667,-1.3333333333333333,7.8,121.32500000000005,8.803985855094728,38.733333333333334
"2024-03-01","Tirol",21.366666666666667,-1.4666666666666668,0,139.9,8.472087813620071,66.86666666666667
"2024-03-01","Vorarlberg",23.6,-0.7,,129.45,9.294489247311827,134.84999999999997
"2024-03-01","Wien",23.500000000000004,-2.4000000000000004,0,157.23333333333335,9.723924731182798,52.000000000000014
"2024-04-01","Burgenland",28.9,1.2,,227.30000000000007,13.225538020086082,75.79999999999997
"2024-04-01","Kärnten",25.4,-3.1000000000000005,1302.6666666666667,194.23333333333338,8.434990332160115,62.56666666666668
"2024-04-01","Niederösterreich",28.666666666666668,-2.5999999999999996,,185.33333333333323,10.713247250119567,64.19999999999997
"2024-04-01","Oberösterreich",28.266666666666666,-0.7999999999999998,0,180.73333333333335,10.868860066953609,58.800000000000004
"2024-04-01","Salzburg",16.533333333333335,-8.4,110572.2,144.09999999999988,1.888474414155908,100.97777777777773
"2024-04-01","Steiermark",30.633333333333336,-1.5,0,208.27500000000006,12.145198704640409,41.70000000000002
"2024-04-01","Tirol",29.566666666666666,-1.2000000000000002,3.625,167.53333333333327,10.698804399808697,79.73333333333332
"2024-04-01","Vorarlberg",29.299999999999997,0.85,,141.54999999999995,11.09771351135065,91.59999999999994
"2024-04-01","Wien",27.8,0.2333333333333333,0,208.13333333333335,12.797226207556188,53.36666666666668
"2024-05-01","Burgenland",26.2,7.6,,238.0999999999999,17.14516129032256,134.20000000000002
"2024-05-01","Kärnten",21.266666666666666,4.6000000000000005,0,170.39999999999995,11.612939068100367,160.93333333333328
"2024-05-01","Niederösterreich",24.8,3.6999999999999993,,188.23333333333332,14.6293458781362,103.46666666666667
"2024-05-01","Oberösterreich",26.033333333333335,6.1,0,211.6333333333333,15.679216447630424,59.56666666666669
"2024-05-01","Salzburg",13.233333333333334,-1.3000000000000003,141612.8,132.53333333333333,5.185663082437278,155.32222222222222
"2024-05-01","Steiermark",24.9,5.933333333333334,0,184.76250000000005,15.545743727598568,162.23333333333332
"2024-05-01","Tirol",26.033333333333335,6.200000000000001,0,163.93333333333325,14.677464157706085,139.39999999999995
"2024-05-01","Vorarlberg",27.15,6.75,,175.25,14.787634408602155,291.54999999999995
"2024-05-01","Wien",25.633333333333333,7.6000000000000005,0,225.2333333333334,16.552553763440866,82.96666666666668
"2024-06-01","Burgenland",32.9,10.6,,255.1,21.03416666666666,112.99999999999997
"2024-06-01","Kärnten",28.366666666666667,5.4333333333333345,0,179.26666666666662,16.157546296296303,150.46666666666667
"2024-06-01","Niederösterreich",33.13333333333333,5.5,,192.79999999999995,18.685694444444447,109.03333333333329
"2024-06-01","Oberösterreich",33.56666666666667,7.5,0,212.90000000000006,19.143472222222208,113.16666666666666
"2024-06-01","Salzburg",21.53333333333333,-1.3000000000000003,130422,119.49999999999994,9.42231481481482,99.36666666666662
"2024-06-01","Steiermark",33.23333333333333,7.566666666666667,,199.9,19.8739351851852,116.19999999999999
"2024-06-01","Tirol",33.3,7.699999999999999,,163.8666666666666,18.35560185185186,164.0999999999999
"2024-06-01","Vorarlberg",33.150000000000006,7.45,,168.34999999999997,18.379850049164194,260.65
"2024-06-01","Wien",34.733333333333334,9.466666666666667,,243.73333333333338,20.678703703703704,92.19999999999999
"2024-07-01","Burgenland",34.9,12.9,,288.7,23.952149791955602,23.9
"2024-07-01","Kärnten",28.633333333333333,9.2,0,238.53333333333342,18.868377253814145,128.7
"2024-07-01","Niederösterreich",33.733333333333334,9.366666666666667,,214.23333333333338,20.809653084393403,72.6
"2024-07-01","Oberösterreich",33.33333333333333,11.233333333333333,0,226.40000000000006,21.231992602866374,70.26666666666667
"2024-07-01","Salzburg",22.86666666666667,2.3666666666666667,35927,159.26666666666665,11.794359685621808,170.45555555555552
"2024-07-01","Steiermark",33.333333333333336,12.133333333333333,,258.13750000000005,22.474156264447544,88.56666666666666
"2024-07-01","Tirol",33.699999999999996,10.933333333333334,,210.76666666666665,20.872584373555263,95.56666666666665
"2024-07-01","Vorarlberg",31.65,12.05,,208.24999999999997,20.792995839112347,169.89999999999998
"2024-07-01","Wien",35.1,12.799999999999999,,253.13333333333344,23.474757281553387,23.833333333333336
"2024-08-01","Burgenland",35.2,12.8,,273.4999999999999,24.208198924731203,27.6
"2024-08-01","Kärnten",29.566666666666666,12.166666666666668,0,258.3666666666666,19.891801075268823,72.7
"2024-08-01","Niederösterreich",33.6,10.033333333333331,,234.46666666666664,21.207078853046603,108.33333333333333
"2024-08-01","Oberösterreich",34.13333333333333,11.4,0,262.5333333333335,22.121639784946233,54.266666666666666
"2024-08-01","Salzburg",23.7,6.833333333333332,0,179.16666666666663,12.952777777777783,152.97777777777782
"2024-08-01","Steiermark",33.49999999999999,13.966666666666665,,260.5250000000001,22.82477598566309,91.23333333333332
"2024-08-01","Tirol",33.7,12.9,,234.63333333333338,21.43844086021506,85.19999999999999
"2024-08-01","Vorarlberg",33.7,12.8,,267.50000000000006,21.684408602150533,121.09999999999997
"2024-08-01","Wien",34.766666666666666,12.2,,264.76666666666665,23.77961469534051,82.56666666666668
"2024-09-01","Burgenland",34.2,3.9,,197.1,17.6123611111111,181.59999999999994
"2024-09-01","Kärnten",27.433333333333334,1.2000000000000002,179.875,142.56666666666663,12.319768518518513,188.46666666666658
"2024-09-01","Niederösterreich",31.93333333333333,1.8333333333333335,,159,14.513493099614998,321.1666666666668
"2024-09-01","Oberösterreich",32.733333333333334,4.433333333333333,0,175.30000000000004,15.647453703703697,268.8000000000001
"2024-09-01","Salzburg",18.433333333333334,-4.4,1509.6,110.76666666666665,5.693518518518518,236.63333333333333
"2024-09-01","Steiermark",32.2,2.8000000000000003,,157.22499999999994,15.734120370370375,153.06666666666663
"2024-09-01","Tirol",30.633333333333333,3.1333333333333333,0,139.9666666666667,14.686759259259265,190.3
"2024-09-01","Vorarlberg",29.6,5.300000000000001,,156.2,15.015208333333339,196.29999999999987
"2024-09-01","Wien",33.7,3.4666666666666663,,187.23333333333335,16.86624999999998,254.46666666666655
"2024-10-01","Burgenland",24,4.5,,118.99999999999997,12.37526881720429,49.7
"2024-10-01","Kärnten",18.566666666666666,2.666666666666667,69,98.6,9.255555555555553,148.46666666666655
"2024-10-01","Niederösterreich",21.399999999999995,1.8333333333333337,,115.90000000000002,10.850358422939067,47.7
"2024-10-01","Oberösterreich",21.23333333333333,2.533333333333333,0,112.43333333333331,11.205465949820788,41.20000000000002
"2024-10-01","Salzburg",14.466666666666667,-3.1333333333333333,12777.4,132.73333333333335,5.167293906810041,110.02222222222218
"2024-10-01","Steiermark",24.233333333333334,3.8333333333333335,,102.14999999999996,11.71164874551972,74.39999999999996
"2024-10-01","Tirol",23.4,3.3333333333333335,0,128.33333333333337,11.825985663082434,110.0666666666666
"2024-10-01","Vorarlberg",23.700000000000003,4.05,,66,11.815591397849474,86.24999999999997
"2024-10-01","Wien",22.866666666666664,4.8,0,129.2333333333333,11.968055555555551,43.10000000000003
"2024-11-01","Burgenland",16.4,-2.5,,112.6999999999999,4.882013422818793,6.6000000000000005
"2024-11-01","Kärnten",15.666666666666666,-7.733333333333333,439,150.33333333333331,2.0769127516778503,18.566666666666666
"2024-11-01","Niederösterreich",15.833333333333332,-3.966666666666667,,88.0666666666666,3.2937360178970936,24.566666666666666
"2024-11-01","Oberösterreich",13.733333333333334,-2.466666666666667,12.2,56.533333333333346,3.5455480984340038,19.700000000000006
"2024-11-01","Salzburg",11.433333333333335,-12.633333333333333,576.4,171.06666666666663,-1.145458612975392,10.866666666666665
"2024-11-01","Steiermark",16.833333333333336,-5.366666666666667,13,101.48750000000001,3.4026680257872077,9.8
"2024-11-01","Tirol",16.633333333333333,-4.800000000000001,97,135.86666666666667,2.9452348993288586,11.833333333333334
"2024-11-01","Vorarlberg",16.75,-3.45,,116.74999999999999,5.197516778523493,60.59999999999999
"2024-11-01","Wien",17.066666666666666,-3.033333333333333,0,87.16666666666664,4.659642058165544,12.666666666666664
"2024-12-01","Burgenland",14.3,-5.9,,168.39999999999995,3.0295563139931723,43.600000000000016
"2024-12-01","Kärnten",10.5,-7.4,7006.333333333333,245.83333333333337,-0.3845961319681452,42.066666666666684
"2024-12-01","Niederösterreich",12.233333333333333,-6.866666666666666,,139,1.539704209328781,67.73333333333335
"2024-12-01","Oberösterreich",10.066666666666668,-5.833333333333334,0,108.29999999999998,1.4635494880546074,99.6666666666666
"2024-12-01","Salzburg",5.7333333333333325,-13.533333333333331,30451.6,213.2,-4.563913538111483,119.93333333333324
"2024-12-01","Steiermark",12.4,-6.8999999999999995,21.6,144.0125,1.146552901023893,19.533333333333328
"2024-12-01","Tirol",10.200000000000001,-9.166666666666666,1996,160.43333333333325,-0.45153583617747517,95.59999999999997
"2024-12-01","Vorarlberg",10.85,-5.699999999999999,,116.3,1.8033788395904453,121.69999999999999
"2024-12-01","Wien",11.7,-4.8999999999999995,0,158.6,2.948691695108079,42.86666666666669
