"SA_Bundesland(AT)","SA_Datum","Sum(SA_Nächtigungen)","Month","Year","Sesson"
"Burgenland","1974-01-01",24403,1,1974,"Winter_Haupt"
"Burgenland","1974-02-01",28813,2,1974,"Winter_Haupt"
"Burgenland","1974-03-01",37096,3,1974,"Winter_Haupt"
"Burgenland","1974-04-01",54331,4,1974,"Übergang"
"Burgenland","1974-05-01",110655,5,1974,"Sommer_Neben"
"Burgenland","1974-06-01",151485,6,1974,"Sommer_Neben"
"Burgenland","1974-07-01",299943,7,1974,"Sommer_Haupt"
"Burgenland","1974-08-01",455329,8,1974,"Sommer_Haupt"
"Burgenland","1974-09-01",142992,9,1974,"Sommer_Neben"
"Burgenland","1974-10-01",55910,10,1974,"Übergang"
"Burgenland","1974-11-01",36304,11,1974,"Übergang"
"Burgenland","1974-12-01",18376,12,1974,"Winter_Haupt"
"Burgenland","1975-01-01",24748,1,1975,"Winter_Haupt"
"Burgenland","1975-02-01",28475,2,1975,"Winter_Haupt"
"Burgenland","1975-03-01",43147,3,1975,"Winter_Haupt"
"Burgenland","1975-04-01",43826,4,1975,"Übergang"
"Burgenland","1975-05-01",131372,5,1975,"Sommer_Neben"
"Burgenland","1975-06-01",156425,6,1975,"Sommer_Neben"
"Burgenland","1975-07-01",372248,7,1975,"Sommer_Haupt"
"Burgenland","1975-08-01",399057,8,1975,"Sommer_Haupt"
"Burgenland","1975-09-01",143670,9,1975,"Sommer_Neben"
"Burgenland","1975-10-01",62703,10,1975,"Übergang"
"Burgenland","1975-11-01",33926,11,1975,"Übergang"
"Burgenland","1975-12-01",26182,12,1975,"Winter_Haupt"
"Burgenland","1976-01-01",25876,1,1976,"Winter_Haupt"
"Burgenland","1976-02-01",30277,2,1976,"Winter_Haupt"
"Burgenland","1976-03-01",38474,3,1976,"Winter_Haupt"
"Burgenland","1976-04-01",61401,4,1976,"Übergang"
"Burgenland","1976-05-01",120488,5,1976,"Sommer_Neben"
"Burgenland","1976-06-01",192127,6,1976,"Sommer_Neben"
"Burgenland","1976-07-01",364840,7,1976,"Sommer_Haupt"
"Burgenland","1976-08-01",396180,8,1976,"Sommer_Haupt"
"Burgenland","1976-09-01",180034,9,1976,"Sommer_Neben"
"Burgenland","1976-10-01",72308,10,1976,"Übergang"
"Burgenland","1976-11-01",38570,11,1976,"Übergang"
"Burgenland","1976-12-01",20346,12,1976,"Winter_Haupt"
"Burgenland","1977-01-01",27126,1,1977,"Winter_Haupt"
"Burgenland","1977-02-01",30239,2,1977,"Winter_Haupt"
"Burgenland","1977-03-01",42560,3,1977,"Winter_Haupt"
"Burgenland","1977-04-01",58349,4,1977,"Übergang"
"Burgenland","1977-05-01",136824,5,1977,"Sommer_Neben"
"Burgenland","1977-06-01",222052,6,1977,"Sommer_Neben"
"Burgenland","1977-07-01",441074,7,1977,"Sommer_Haupt"
"Burgenland","1977-08-01",421748,8,1977,"Sommer_Haupt"
"Burgenland","1977-09-01",162645,9,1977,"Sommer_Neben"
"Burgenland","1977-10-01",71178,10,1977,"Übergang"
"Burgenland","1977-11-01",36413,11,1977,"Übergang"
"Burgenland","1977-12-01",27200,12,1977,"Winter_Haupt"
"Burgenland","1978-01-01",26914,1,1978,"Winter_Haupt"
"Burgenland","1978-02-01",31990,2,1978,"Winter_Haupt"
"Burgenland","1978-03-01",40579,3,1978,"Winter_Haupt"
"Burgenland","1978-04-01",64662,4,1978,"Übergang"
"Burgenland","1978-05-01",152387,5,1978,"Sommer_Neben"
"Burgenland","1978-06-01",197324,6,1978,"Sommer_Neben"
"Burgenland","1978-07-01",475136,7,1978,"Sommer_Haupt"
"Burgenland","1978-08-01",470566,8,1978,"Sommer_Haupt"
"Burgenland","1978-09-01",177780,9,1978,"Sommer_Neben"
"Burgenland","1978-10-01",69832,10,1978,"Übergang"
"Burgenland","1978-11-01",42620,11,1978,"Übergang"
"Burgenland","1978-12-01",23290,12,1978,"Winter_Haupt"
"Burgenland","1979-01-01",27848,1,1979,"Winter_Haupt"
"Burgenland","1979-02-01",33085,2,1979,"Winter_Haupt"
"Burgenland","1979-03-01",43272,3,1979,"Winter_Haupt"
"Burgenland","1979-04-01",86925,4,1979,"Übergang"
"Burgenland","1979-05-01",142599,5,1979,"Sommer_Neben"
"Burgenland","1979-06-01",225906,6,1979,"Sommer_Neben"
"Burgenland","1979-07-01",458911,7,1979,"Sommer_Haupt"
"Burgenland","1979-08-01",531645,8,1979,"Sommer_Haupt"
"Burgenland","1979-09-01",190410,9,1979,"Sommer_Neben"
"Burgenland","1979-10-01",83652,10,1979,"Übergang"
"Burgenland","1979-11-01",41367,11,1979,"Übergang"
"Burgenland","1979-12-01",23118,12,1979,"Winter_Haupt"
"Burgenland","1980-01-01",26390,1,1980,"Winter_Haupt"
"Burgenland","1980-02-01",35532,2,1980,"Winter_Haupt"
"Burgenland","1980-03-01",50900,3,1980,"Winter_Haupt"
"Burgenland","1980-04-01",72336,4,1980,"Übergang"
"Burgenland","1980-05-01",182419,5,1980,"Sommer_Neben"
"Burgenland","1980-06-01",227413,6,1980,"Sommer_Neben"
"Burgenland","1980-07-01",468695,7,1980,"Sommer_Haupt"
"Burgenland","1980-08-01",556729,8,1980,"Sommer_Haupt"
"Burgenland","1980-09-01",208093,9,1980,"Sommer_Neben"
"Burgenland","1980-10-01",85614,10,1980,"Übergang"
"Burgenland","1980-11-01",46602,11,1980,"Übergang"
"Burgenland","1980-12-01",29623,12,1980,"Winter_Haupt"
"Burgenland","1981-01-01",31881,1,1981,"Winter_Haupt"
"Burgenland","1981-02-01",36672,2,1981,"Winter_Haupt"
"Burgenland","1981-03-01",46691,3,1981,"Winter_Haupt"
"Burgenland","1981-04-01",86939,4,1981,"Übergang"
"Burgenland","1981-05-01",170771,5,1981,"Sommer_Neben"
"Burgenland","1981-06-01",273793,6,1981,"Sommer_Neben"
"Burgenland","1981-07-01",487881,7,1981,"Sommer_Haupt"
"Burgenland","1981-08-01",559085,8,1981,"Sommer_Haupt"
"Burgenland","1981-09-01",218439,9,1981,"Sommer_Neben"
"Burgenland","1981-10-01",99559,10,1981,"Übergang"
"Burgenland","1981-11-01",49013,11,1981,"Übergang"
"Burgenland","1981-12-01",29026,12,1981,"Winter_Haupt"
"Burgenland","1982-01-01",30474,1,1982,"Winter_Haupt"
"Burgenland","1982-02-01",34658,2,1982,"Winter_Haupt"
"Burgenland","1982-03-01",49223,3,1982,"Winter_Haupt"
"Burgenland","1982-04-01",82703,4,1982,"Übergang"
"Burgenland","1982-05-01",180205,5,1982,"Sommer_Neben"
"Burgenland","1982-06-01",278371,6,1982,"Sommer_Neben"
"Burgenland","1982-07-01",511691,7,1982,"Sommer_Haupt"
"Burgenland","1982-08-01",546213,8,1982,"Sommer_Haupt"
"Burgenland","1982-09-01",208542,9,1982,"Sommer_Neben"
"Burgenland","1982-10-01",97408,10,1982,"Übergang"
"Burgenland","1982-11-01",46473,11,1982,"Übergang"
"Burgenland","1982-12-01",27894,12,1982,"Winter_Haupt"
"Burgenland","1983-01-01",36375,1,1983,"Winter_Haupt"
"Burgenland","1983-02-01",30297,2,1983,"Winter_Haupt"
"Burgenland","1983-03-01",46690,3,1983,"Winter_Haupt"
"Burgenland","1983-04-01",86728,4,1983,"Übergang"
"Burgenland","1983-05-01",204042,5,1983,"Sommer_Neben"
"Burgenland","1983-06-01",246124,6,1983,"Sommer_Neben"
"Burgenland","1983-07-01",477607,7,1983,"Sommer_Haupt"
"Burgenland","1983-08-01",550546,8,1983,"Sommer_Haupt"
"Burgenland","1983-09-01",198763,9,1983,"Sommer_Neben"
"Burgenland","1983-10-01",93476,10,1983,"Übergang"
"Burgenland","1983-11-01",46320,11,1983,"Übergang"
"Burgenland","1983-12-01",28226,12,1983,"Winter_Haupt"
"Burgenland","1984-01-01",26848,1,1984,"Winter_Haupt"
"Burgenland","1984-02-01",33865,2,1984,"Winter_Haupt"
"Burgenland","1984-03-01",46728,3,1984,"Winter_Haupt"
"Burgenland","1984-04-01",103173,4,1984,"Übergang"
"Burgenland","1984-05-01",164861,5,1984,"Sommer_Neben"
"Burgenland","1984-06-01",260908,6,1984,"Sommer_Neben"
"Burgenland","1984-07-01",429719,7,1984,"Sommer_Haupt"
"Burgenland","1984-08-01",546668,8,1984,"Sommer_Haupt"
"Burgenland","1984-09-01",211682,9,1984,"Sommer_Neben"
"Burgenland","1984-10-01",98682,10,1984,"Übergang"
"Burgenland","1984-11-01",51251,11,1984,"Übergang"
"Burgenland","1984-12-01",30434,12,1984,"Winter_Haupt"
"Burgenland","1985-01-01",31879,1,1985,"Winter_Haupt"
"Burgenland","1985-02-01",35640,2,1985,"Winter_Haupt"
"Burgenland","1985-03-01",47341,3,1985,"Winter_Haupt"
"Burgenland","1985-04-01",95176,4,1985,"Übergang"
"Burgenland","1985-05-01",199547,5,1985,"Sommer_Neben"
"Burgenland","1985-06-01",247500,6,1985,"Sommer_Neben"
"Burgenland","1985-07-01",443858,7,1985,"Sommer_Haupt"
"Burgenland","1985-08-01",557985,8,1985,"Sommer_Haupt"
"Burgenland","1985-09-01",193290,9,1985,"Sommer_Neben"
"Burgenland","1985-10-01",97086,10,1985,"Übergang"
"Burgenland","1985-11-01",47771,11,1985,"Übergang"
"Burgenland","1985-12-01",32783,12,1985,"Winter_Haupt"
"Burgenland","1986-01-01",37526,1,1986,"Winter_Haupt"
"Burgenland","1986-02-01",41122,2,1986,"Winter_Haupt"
"Burgenland","1986-03-01",56818,3,1986,"Winter_Haupt"
"Burgenland","1986-04-01",86137,4,1986,"Übergang"
"Burgenland","1986-05-01",188945,5,1986,"Sommer_Neben"
"Burgenland","1986-06-01",198660,6,1986,"Sommer_Neben"
"Burgenland","1986-07-01",424393,7,1986,"Sommer_Haupt"
"Burgenland","1986-08-01",511789,8,1986,"Sommer_Haupt"
"Burgenland","1986-09-01",197495,9,1986,"Sommer_Neben"
"Burgenland","1986-10-01",101527,10,1986,"Übergang"
"Burgenland","1986-11-01",53720,11,1986,"Übergang"
"Burgenland","1986-12-01",35042,12,1986,"Winter_Haupt"
"Burgenland","1987-01-01",38338,1,1987,"Winter_Haupt"
"Burgenland","1987-02-01",41096,2,1987,"Winter_Haupt"
"Burgenland","1987-03-01",55220,3,1987,"Winter_Haupt"
"Burgenland","1987-04-01",96761,4,1987,"Übergang"
"Burgenland","1987-05-01",173622,5,1987,"Sommer_Neben"
"Burgenland","1987-06-01",258250,6,1987,"Sommer_Neben"
"Burgenland","1987-07-01",486708,7,1987,"Sommer_Haupt"
"Burgenland","1987-08-01",487352,8,1987,"Sommer_Haupt"
"Burgenland","1987-09-01",225099,9,1987,"Sommer_Neben"
"Burgenland","1987-10-01",106522,10,1987,"Übergang"
"Burgenland","1987-11-01",53626,11,1987,"Übergang"
"Burgenland","1987-12-01",34202,12,1987,"Winter_Haupt"
"Burgenland","1988-01-01",52757,1,1988,"Winter_Haupt"
"Burgenland","1988-02-01",44265,2,1988,"Winter_Haupt"
"Burgenland","1988-03-01",57638,3,1988,"Winter_Haupt"
"Burgenland","1988-04-01",87453,4,1988,"Übergang"
"Burgenland","1988-05-01",185879,5,1988,"Sommer_Neben"
"Burgenland","1988-06-01",232056,6,1988,"Sommer_Neben"
"Burgenland","1988-07-01",458341,7,1988,"Sommer_Haupt"
"Burgenland","1988-08-01",510541,8,1988,"Sommer_Haupt"
"Burgenland","1988-09-01",212742,9,1988,"Sommer_Neben"
"Burgenland","1988-10-01",114420,10,1988,"Übergang"
"Burgenland","1988-11-01",52701,11,1988,"Übergang"
"Burgenland","1988-12-01",34001,12,1988,"Winter_Haupt"
"Burgenland","1989-01-01",38323,1,1989,"Winter_Haupt"
"Burgenland","1989-02-01",40603,2,1989,"Winter_Haupt"
"Burgenland","1989-03-01",64828,3,1989,"Winter_Haupt"
"Burgenland","1989-04-01",90423,4,1989,"Übergang"
"Burgenland","1989-05-01",183634,5,1989,"Sommer_Neben"
"Burgenland","1989-06-01",239832,6,1989,"Sommer_Neben"
"Burgenland","1989-07-01",443209,7,1989,"Sommer_Haupt"
"Burgenland","1989-08-01",525874,8,1989,"Sommer_Haupt"
"Burgenland","1989-09-01",214206,9,1989,"Sommer_Neben"
"Burgenland","1989-10-01",115196,10,1989,"Übergang"
"Burgenland","1989-11-01",60936,11,1989,"Übergang"
"Burgenland","1989-12-01",37564,12,1989,"Winter_Haupt"
"Burgenland","1990-01-01",38952,1,1990,"Winter_Haupt"
"Burgenland","1990-02-01",40733,2,1990,"Winter_Haupt"
"Burgenland","1990-03-01",57371,3,1990,"Winter_Haupt"
"Burgenland","1990-04-01",96349,4,1990,"Übergang"
"Burgenland","1990-05-01",184975,5,1990,"Sommer_Neben"
"Burgenland","1990-06-01",271268,6,1990,"Sommer_Neben"
"Burgenland","1990-07-01",470939,7,1990,"Sommer_Haupt"
"Burgenland","1990-08-01",540677,8,1990,"Sommer_Haupt"
"Burgenland","1990-09-01",230563,9,1990,"Sommer_Neben"
"Burgenland","1990-10-01",124541,10,1990,"Übergang"
"Burgenland","1990-11-01",63111,11,1990,"Übergang"
"Burgenland","1990-12-01",37614,12,1990,"Winter_Haupt"
"Burgenland","1991-01-01",41178,1,1991,"Winter_Haupt"
"Burgenland","1991-02-01",44813,2,1991,"Winter_Haupt"
"Burgenland","1991-03-01",68626,3,1991,"Winter_Haupt"
"Burgenland","1991-04-01",94842,4,1991,"Übergang"
"Burgenland","1991-05-01",212854,5,1991,"Sommer_Neben"
"Burgenland","1991-06-01",243331,6,1991,"Sommer_Neben"
"Burgenland","1991-07-01",466334,7,1991,"Sommer_Haupt"
"Burgenland","1991-08-01",569979,8,1991,"Sommer_Haupt"
"Burgenland","1991-09-01",250676,9,1991,"Sommer_Neben"
"Burgenland","1991-10-01",137285,10,1991,"Übergang"
"Burgenland","1991-11-01",65443,11,1991,"Übergang"
"Burgenland","1991-12-01",42146,12,1991,"Winter_Haupt"
"Burgenland","1992-01-01",41827,1,1992,"Winter_Haupt"
"Burgenland","1992-02-01",47502,2,1992,"Winter_Haupt"
"Burgenland","1992-03-01",64216,3,1992,"Winter_Haupt"
"Burgenland","1992-04-01",101395,4,1992,"Übergang"
"Burgenland","1992-05-01",188924,5,1992,"Sommer_Neben"
"Burgenland","1992-06-01",286680,6,1992,"Sommer_Neben"
"Burgenland","1992-07-01",482304,7,1992,"Sommer_Haupt"
"Burgenland","1992-08-01",556128,8,1992,"Sommer_Haupt"
"Burgenland","1992-09-01",264182,9,1992,"Sommer_Neben"
"Burgenland","1992-10-01",128544,10,1992,"Übergang"
"Burgenland","1992-11-01",57511,11,1992,"Übergang"
"Burgenland","1992-12-01",40764,12,1992,"Winter_Haupt"
"Burgenland","1993-01-01",41059,1,1993,"Winter_Haupt"
"Burgenland","1993-02-01",47754,2,1993,"Winter_Haupt"
"Burgenland","1993-03-01",61888,3,1993,"Winter_Haupt"
"Burgenland","1993-04-01",105998,4,1993,"Übergang"
"Burgenland","1993-05-01",190283,5,1993,"Sommer_Neben"
"Burgenland","1993-06-01",299502,6,1993,"Sommer_Neben"
"Burgenland","1993-07-01",428903,7,1993,"Sommer_Haupt"
"Burgenland","1993-08-01",516517,8,1993,"Sommer_Haupt"
"Burgenland","1993-09-01",233459,9,1993,"Sommer_Neben"
"Burgenland","1993-10-01",131406,10,1993,"Übergang"
"Burgenland","1993-11-01",63129,11,1993,"Übergang"
"Burgenland","1993-12-01",37419,12,1993,"Winter_Haupt"
"Burgenland","1994-01-01",46039,1,1994,"Winter_Haupt"
"Burgenland","1994-02-01",47311,2,1994,"Winter_Haupt"
"Burgenland","1994-03-01",67296,3,1994,"Winter_Haupt"
"Burgenland","1994-04-01",94078,4,1994,"Übergang"
"Burgenland","1994-05-01",235784,5,1994,"Sommer_Neben"
"Burgenland","1994-06-01",243839,6,1994,"Sommer_Neben"
"Burgenland","1994-07-01",437708,7,1994,"Sommer_Haupt"
"Burgenland","1994-08-01",508660,8,1994,"Sommer_Haupt"
"Burgenland","1994-09-01",236152,9,1994,"Sommer_Neben"
"Burgenland","1994-10-01",131061,10,1994,"Übergang"
"Burgenland","1994-11-01",66223,11,1994,"Übergang"
"Burgenland","1994-12-01",39526,12,1994,"Winter_Haupt"
"Burgenland","1995-01-01",45911,1,1995,"Winter_Haupt"
"Burgenland","1995-02-01",50130,2,1995,"Winter_Haupt"
"Burgenland","1995-03-01",66982,3,1995,"Winter_Haupt"
"Burgenland","1995-04-01",109091,4,1995,"Übergang"
"Burgenland","1995-05-01",211141,5,1995,"Sommer_Neben"
"Burgenland","1995-06-01",268014,6,1995,"Sommer_Neben"
"Burgenland","1995-07-01",396159,7,1995,"Sommer_Haupt"
"Burgenland","1995-08-01",487381,8,1995,"Sommer_Haupt"
"Burgenland","1995-09-01",216245,9,1995,"Sommer_Neben"
"Burgenland","1995-10-01",124983,10,1995,"Übergang"
"Burgenland","1995-11-01",72270,11,1995,"Übergang"
"Burgenland","1995-12-01",45295,12,1995,"Winter_Haupt"
"Burgenland","1996-01-01",49546,1,1996,"Winter_Haupt"
"Burgenland","1996-02-01",52703,2,1996,"Winter_Haupt"
"Burgenland","1996-03-01",65923,3,1996,"Winter_Haupt"
"Burgenland","1996-04-01",100870,4,1996,"Übergang"
"Burgenland","1996-05-01",216342,5,1996,"Sommer_Neben"
"Burgenland","1996-06-01",249916,6,1996,"Sommer_Neben"
"Burgenland","1996-07-01",363098,7,1996,"Sommer_Haupt"
"Burgenland","1996-08-01",474400,8,1996,"Sommer_Haupt"
"Burgenland","1996-09-01",204494,9,1996,"Sommer_Neben"
"Burgenland","1996-10-01",127155,10,1996,"Übergang"
"Burgenland","1996-11-01",69532,11,1996,"Übergang"
"Burgenland","1996-12-01",41256,12,1996,"Winter_Haupt"
"Burgenland","1997-01-01",49542,1,1997,"Winter_Haupt"
"Burgenland","1997-02-01",50561,2,1997,"Winter_Haupt"
"Burgenland","1997-03-01",70477,3,1997,"Winter_Haupt"
"Burgenland","1997-04-01",94532,4,1997,"Übergang"
"Burgenland","1997-05-01",239020,5,1997,"Sommer_Neben"
"Burgenland","1997-06-01",217899,6,1997,"Sommer_Neben"
"Burgenland","1997-07-01",330774,7,1997,"Sommer_Haupt"
"Burgenland","1997-08-01",473860,8,1997,"Sommer_Haupt"
"Burgenland","1997-09-01",217312,9,1997,"Sommer_Neben"
"Burgenland","1997-10-01",126341,10,1997,"Übergang"
"Burgenland","1997-11-01",78763,11,1997,"Übergang"
"Burgenland","1997-12-01",54694,12,1997,"Winter_Haupt"
"Burgenland","1998-01-01",62020,1,1998,"Winter_Haupt"
"Burgenland","1998-02-01",62182,2,1998,"Winter_Haupt"
"Burgenland","1998-03-01",74176,3,1998,"Winter_Haupt"
"Burgenland","1998-04-01",115511,4,1998,"Übergang"
"Burgenland","1998-05-01",256133,5,1998,"Sommer_Neben"
"Burgenland","1998-06-01",288701,6,1998,"Sommer_Neben"
"Burgenland","1998-07-01",357253,7,1998,"Sommer_Haupt"
"Burgenland","1998-08-01",496512,8,1998,"Sommer_Haupt"
"Burgenland","1998-09-01",222185,9,1998,"Sommer_Neben"
"Burgenland","1998-10-01",134610,10,1998,"Übergang"
"Burgenland","1998-11-01",86051,11,1998,"Übergang"
"Burgenland","1998-12-01",56334,12,1998,"Winter_Haupt"
"Burgenland","1999-01-01",67411,1,1999,"Winter_Haupt"
"Burgenland","1999-02-01",68523,2,1999,"Winter_Haupt"
"Burgenland","1999-03-01",88490,3,1999,"Winter_Haupt"
"Burgenland","1999-04-01",121355,4,1999,"Übergang"
"Burgenland","1999-05-01",254735,5,1999,"Sommer_Neben"
"Burgenland","1999-06-01",288168,6,1999,"Sommer_Neben"
"Burgenland","1999-07-01",390149,7,1999,"Sommer_Haupt"
"Burgenland","1999-08-01",522055,8,1999,"Sommer_Haupt"
"Burgenland","1999-09-01",237241,9,1999,"Sommer_Neben"
"Burgenland","1999-10-01",152756,10,1999,"Übergang"
"Burgenland","1999-11-01",92591,11,1999,"Übergang"
"Burgenland","1999-12-01",62294,12,1999,"Winter_Haupt"
"Burgenland","2000-01-01",74076,1,2000,"Winter_Haupt"
"Burgenland","2000-02-01",77041,2,2000,"Winter_Haupt"
"Burgenland","2000-03-01",87164,3,2000,"Winter_Haupt"
"Burgenland","2000-04-01",155926,4,2000,"Übergang"
"Burgenland","2000-05-01",230649,5,2000,"Sommer_Neben"
"Burgenland","2000-06-01",313601,6,2000,"Sommer_Neben"
"Burgenland","2000-07-01",405602,7,2000,"Sommer_Haupt"
"Burgenland","2000-08-01",523077,8,2000,"Sommer_Haupt"
"Burgenland","2000-09-01",242471,9,2000,"Sommer_Neben"
"Burgenland","2000-10-01",155471,10,2000,"Übergang"
"Burgenland","2000-11-01",104713,11,2000,"Übergang"
"Burgenland","2000-12-01",64828,12,2000,"Winter_Haupt"
"Burgenland","2001-01-01",78144,1,2001,"Winter_Haupt"
"Burgenland","2001-02-01",80791,2,2001,"Winter_Haupt"
"Burgenland","2001-03-01",100178,3,2001,"Winter_Haupt"
"Burgenland","2001-04-01",166924,4,2001,"Übergang"
"Burgenland","2001-05-01",237053,5,2001,"Sommer_Neben"
"Burgenland","2001-06-01",295920,6,2001,"Sommer_Neben"
"Burgenland","2001-07-01",395840,7,2001,"Sommer_Haupt"
"Burgenland","2001-08-01",509188,8,2001,"Sommer_Haupt"
"Burgenland","2001-09-01",223485,9,2001,"Sommer_Neben"
"Burgenland","2001-10-01",166548,10,2001,"Übergang"
"Burgenland","2001-11-01",117360,11,2001,"Übergang"
"Burgenland","2001-12-01",63755,12,2001,"Winter_Haupt"
"Burgenland","2002-01-01",77763,1,2002,"Winter_Haupt"
"Burgenland","2002-02-01",86459,2,2002,"Winter_Haupt"
"Burgenland","2002-03-01",118074,3,2002,"Winter_Haupt"
"Burgenland","2002-04-01",144806,4,2002,"Übergang"
"Burgenland","2002-05-01",298224,5,2002,"Sommer_Neben"
"Burgenland","2002-06-01",267871,6,2002,"Sommer_Neben"
"Burgenland","2002-07-01",397927,7,2002,"Sommer_Haupt"
"Burgenland","2002-08-01",501562,8,2002,"Sommer_Haupt"
"Burgenland","2002-09-01",241422,9,2002,"Sommer_Neben"
"Burgenland","2002-10-01",157643,10,2002,"Übergang"
"Burgenland","2002-11-01",114179,11,2002,"Übergang"
"Burgenland","2002-12-01",63632,12,2002,"Winter_Haupt"
"Burgenland","2003-01-01",83229,1,2003,"Winter_Haupt"
"Burgenland","2003-02-01",87038,2,2003,"Winter_Haupt"
"Burgenland","2003-03-01",100152,3,2003,"Winter_Haupt"
"Burgenland","2003-04-01",161767,4,2003,"Übergang"
"Burgenland","2003-05-01",258746,5,2003,"Sommer_Neben"
"Burgenland","2003-06-01",304284,6,2003,"Sommer_Neben"
"Burgenland","2003-07-01",388321,7,2003,"Sommer_Haupt"
"Burgenland","2003-08-01",492406,8,2003,"Sommer_Haupt"
"Burgenland","2003-09-01",236828,9,2003,"Sommer_Neben"
"Burgenland","2003-10-01",159138,10,2003,"Übergang"
"Burgenland","2003-11-01",120160,11,2003,"Übergang"
"Burgenland","2003-12-01",80452,12,2003,"Winter_Haupt"
"Burgenland","2004-01-01",82461,1,2004,"Winter_Haupt"
"Burgenland","2004-02-01",86105,2,2004,"Winter_Haupt"
"Burgenland","2004-03-01",99942,3,2004,"Winter_Haupt"
"Burgenland","2004-04-01",154617,4,2004,"Übergang"
"Burgenland","2004-05-01",248539,5,2004,"Sommer_Neben"
"Burgenland","2004-06-01",253211,6,2004,"Sommer_Neben"
"Burgenland","2004-07-01",367812,7,2004,"Sommer_Haupt"
"Burgenland","2004-08-01",482417,8,2004,"Sommer_Haupt"
"Burgenland","2004-09-01",245676,9,2004,"Sommer_Neben"
"Burgenland","2004-10-01",172737,10,2004,"Übergang"
"Burgenland","2004-11-01",118134,11,2004,"Übergang"
"Burgenland","2004-12-01",78973,12,2004,"Winter_Haupt"
"Burgenland","2005-01-01",89884,1,2005,"Winter_Haupt"
"Burgenland","2005-02-01",89857,2,2005,"Winter_Haupt"
"Burgenland","2005-03-01",124944,3,2005,"Winter_Haupt"
"Burgenland","2005-04-01",148473,4,2005,"Übergang"
"Burgenland","2005-05-01",286438,5,2005,"Sommer_Neben"
"Burgenland","2005-06-01",250827,6,2005,"Sommer_Neben"
"Burgenland","2005-07-01",382370,7,2005,"Sommer_Haupt"
"Burgenland","2005-08-01",501990,8,2005,"Sommer_Haupt"
"Burgenland","2005-09-01",253491,9,2005,"Sommer_Neben"
"Burgenland","2005-10-01",187145,10,2005,"Übergang"
"Burgenland","2005-11-01",133931,11,2005,"Übergang"
"Burgenland","2005-12-01",91594,12,2005,"Winter_Haupt"
"Burgenland","2006-01-01",105660,1,2006,"Winter_Haupt"
"Burgenland","2006-02-01",104574,2,2006,"Winter_Haupt"
"Burgenland","2006-03-01",121577,3,2006,"Winter_Haupt"
"Burgenland","2006-04-01",181139,4,2006,"Übergang"
"Burgenland","2006-05-01",246989,5,2006,"Sommer_Neben"
"Burgenland","2006-06-01",282602,6,2006,"Sommer_Neben"
"Burgenland","2006-07-01",371702,7,2006,"Sommer_Haupt"
"Burgenland","2006-08-01",456240,8,2006,"Sommer_Haupt"
"Burgenland","2006-09-01",264192,9,2006,"Sommer_Neben"
"Burgenland","2006-10-01",188860,10,2006,"Übergang"
"Burgenland","2006-11-01",147352,11,2006,"Übergang"
"Burgenland","2006-12-01",105450,12,2006,"Winter_Haupt"
"Burgenland","2007-01-01",110186,1,2007,"Winter_Haupt"
"Burgenland","2007-02-01",114270,2,2007,"Winter_Haupt"
"Burgenland","2007-03-01",132432,3,2007,"Winter_Haupt"
"Burgenland","2007-04-01",198444,4,2007,"Übergang"
"Burgenland","2007-05-01",254648,5,2007,"Sommer_Neben"
"Burgenland","2007-06-01",277634,6,2007,"Sommer_Neben"
"Burgenland","2007-07-01",400787,7,2007,"Sommer_Haupt"
"Burgenland","2007-08-01",499088,8,2007,"Sommer_Haupt"
"Burgenland","2007-09-01",254082,9,2007,"Sommer_Neben"
"Burgenland","2007-10-01",195450,10,2007,"Übergang"
"Burgenland","2007-11-01",153732,11,2007,"Übergang"
"Burgenland","2007-12-01",107496,12,2007,"Winter_Haupt"
"Burgenland","2008-01-01",115574,1,2008,"Winter_Haupt"
"Burgenland","2008-02-01",126510,2,2008,"Winter_Haupt"
"Burgenland","2008-03-01",149395,3,2008,"Winter_Haupt"
"Burgenland","2008-04-01",168445,4,2008,"Übergang"
"Burgenland","2008-05-01",314316,5,2008,"Sommer_Neben"
"Burgenland","2008-06-01",262231,6,2008,"Sommer_Neben"
"Burgenland","2008-07-01",409177,7,2008,"Sommer_Haupt"
"Burgenland","2008-08-01",511319,8,2008,"Sommer_Haupt"
"Burgenland","2008-09-01",261904,9,2008,"Sommer_Neben"
"Burgenland","2008-10-01",202654,10,2008,"Übergang"
"Burgenland","2008-11-01",162900,11,2008,"Übergang"
"Burgenland","2008-12-01",123234,12,2008,"Winter_Haupt"
"Burgenland","2009-01-01",122288,1,2009,"Winter_Haupt"
"Burgenland","2009-02-01",123499,2,2009,"Winter_Haupt"
"Burgenland","2009-03-01",138842,3,2009,"Winter_Haupt"
"Burgenland","2009-04-01",206323,4,2009,"Übergang"
"Burgenland","2009-05-01",289084,5,2009,"Sommer_Neben"
"Burgenland","2009-06-01",286545,6,2009,"Sommer_Neben"
"Burgenland","2009-07-01",420141,7,2009,"Sommer_Haupt"
"Burgenland","2009-08-01",510925,8,2009,"Sommer_Haupt"
"Burgenland","2009-09-01",280762,9,2009,"Sommer_Neben"
"Burgenland","2009-10-01",205217,10,2009,"Übergang"
"Burgenland","2009-11-01",153818,11,2009,"Übergang"
"Burgenland","2009-12-01",128130,12,2009,"Winter_Haupt"
"Burgenland","2010-01-01",131614,1,2010,"Winter_Haupt"
"Burgenland","2010-02-01",130253,2,2010,"Winter_Haupt"
"Burgenland","2010-03-01",155250,3,2010,"Winter_Haupt"
"Burgenland","2010-04-01",193387,4,2010,"Übergang"
"Burgenland","2010-05-01",283356,5,2010,"Sommer_Neben"
"Burgenland","2010-06-01",294760,6,2010,"Sommer_Neben"
"Burgenland","2010-07-01",419563,7,2010,"Sommer_Haupt"
"Burgenland","2010-08-01",525387,8,2010,"Sommer_Haupt"
"Burgenland","2010-09-01",278944,9,2010,"Sommer_Neben"
"Burgenland","2010-10-01",214630,10,2010,"Übergang"
"Burgenland","2010-11-01",163604,11,2010,"Übergang"
"Burgenland","2010-12-01",118767,12,2010,"Winter_Haupt"
"Burgenland","2011-01-01",129004,1,2011,"Winter_Haupt"
"Burgenland","2011-02-01",131908,2,2011,"Winter_Haupt"
"Burgenland","2011-03-01",139592,3,2011,"Winter_Haupt"
"Burgenland","2011-04-01",211244,4,2011,"Übergang"
"Burgenland","2011-05-01",257515,5,2011,"Sommer_Neben"
"Burgenland","2011-06-01",343000,6,2011,"Sommer_Neben"
"Burgenland","2011-07-01",413859,7,2011,"Sommer_Haupt"
"Burgenland","2011-08-01",517345,8,2011,"Sommer_Haupt"
"Burgenland","2011-09-01",281631,9,2011,"Sommer_Neben"
"Burgenland","2011-10-01",210534,10,2011,"Übergang"
"Burgenland","2011-11-01",165230,11,2011,"Übergang"
"Burgenland","2011-12-01",130632,12,2011,"Winter_Haupt"
"Burgenland","2012-01-01",136241,1,2012,"Winter_Haupt"
"Burgenland","2012-02-01",135387,2,2012,"Winter_Haupt"
"Burgenland","2012-03-01",148904,3,2012,"Winter_Haupt"
"Burgenland","2012-04-01",215632,4,2012,"Übergang"
"Burgenland","2012-05-01",278023,5,2012,"Sommer_Neben"
"Burgenland","2012-06-01",292632,6,2012,"Sommer_Neben"
"Burgenland","2012-07-01",409253,7,2012,"Sommer_Haupt"
"Burgenland","2012-08-01",519743,8,2012,"Sommer_Haupt"
"Burgenland","2012-09-01",291135,9,2012,"Sommer_Neben"
"Burgenland","2012-10-01",211959,10,2012,"Übergang"
"Burgenland","2012-11-01",178999,11,2012,"Übergang"
"Burgenland","2012-12-01",120268,12,2012,"Winter_Haupt"
"Burgenland","2013-01-01",132214,1,2013,"Winter_Haupt"
"Burgenland","2013-02-01",131348,2,2013,"Winter_Haupt"
"Burgenland","2013-03-01",164265,3,2013,"Winter_Haupt"
"Burgenland","2013-04-01",185187,4,2013,"Übergang"
"Burgenland","2013-05-01",297188,5,2013,"Sommer_Neben"
"Burgenland","2013-06-01",277618,6,2013,"Sommer_Neben"
"Burgenland","2013-07-01",408485,7,2013,"Sommer_Haupt"
"Burgenland","2013-08-01",488491,8,2013,"Sommer_Haupt"
"Burgenland","2013-09-01",264880,9,2013,"Sommer_Neben"
"Burgenland","2013-10-01",203316,10,2013,"Übergang"
"Burgenland","2013-11-01",179336,11,2013,"Übergang"
"Burgenland","2013-12-01",120986,12,2013,"Winter_Haupt"
"Burgenland","2014-01-01",134326,1,2014,"Winter_Haupt"
"Burgenland","2014-02-01",142631,2,2014,"Winter_Haupt"
"Burgenland","2014-03-01",147200,3,2014,"Winter_Haupt"
"Burgenland","2014-04-01",212755,4,2014,"Übergang"
"Burgenland","2014-05-01",285051,5,2014,"Sommer_Neben"
"Burgenland","2014-06-01",319551,6,2014,"Sommer_Neben"
"Burgenland","2014-07-01",403168,7,2014,"Sommer_Haupt"
"Burgenland","2014-08-01",494104,8,2014,"Sommer_Haupt"
"Burgenland","2014-09-01",260709,9,2014,"Sommer_Neben"
"Burgenland","2014-10-01",206019,10,2014,"Übergang"
"Burgenland","2014-11-01",171534,11,2014,"Übergang"
"Burgenland","2014-12-01",135883,12,2014,"Winter_Haupt"
"Burgenland","2015-01-01",133950,1,2015,"Winter_Haupt"
"Burgenland","2015-02-01",135761,2,2015,"Winter_Haupt"
"Burgenland","2015-03-01",148851,3,2015,"Winter_Haupt"
"Burgenland","2015-04-01",201030,4,2015,"Übergang"
"Burgenland","2015-05-01",292559,5,2015,"Sommer_Neben"
"Burgenland","2015-06-01",304683,6,2015,"Sommer_Neben"
"Burgenland","2015-07-01",417099,7,2015,"Sommer_Haupt"
"Burgenland","2015-08-01",482988,8,2015,"Sommer_Haupt"
"Burgenland","2015-09-01",282647,9,2015,"Sommer_Neben"
"Burgenland","2015-10-01",203285,10,2015,"Übergang"
"Burgenland","2015-11-01",171483,11,2015,"Übergang"
"Burgenland","2015-12-01",139736,12,2015,"Winter_Haupt"
"Burgenland","2016-01-01",144666,1,2016,"Winter_Haupt"
"Burgenland","2016-02-01",145517,2,2016,"Winter_Haupt"
"Burgenland","2016-03-01",173021,3,2016,"Winter_Haupt"
"Burgenland","2016-04-01",202356,4,2016,"Übergang"
"Burgenland","2016-05-01",328822,5,2016,"Sommer_Neben"
"Burgenland","2016-06-01",298746,6,2016,"Sommer_Neben"
"Burgenland","2016-07-01",437738,7,2016,"Sommer_Haupt"
"Burgenland","2016-08-01",510434,8,2016,"Sommer_Haupt"
"Burgenland","2016-09-01",299009,9,2016,"Sommer_Neben"
"Burgenland","2016-10-01",217417,10,2016,"Übergang"
"Burgenland","2016-11-01",179369,11,2016,"Übergang"
"Burgenland","2016-12-01",146738,12,2016,"Winter_Haupt"
"Burgenland","2017-01-01",145382,1,2017,"Winter_Haupt"
"Burgenland","2017-02-01",142710,2,2017,"Winter_Haupt"
"Burgenland","2017-03-01",155310,3,2017,"Winter_Haupt"
"Burgenland","2017-04-01",232034,4,2017,"Übergang"
"Burgenland","2017-05-01",278950,5,2017,"Sommer_Neben"
"Burgenland","2017-06-01",348144,6,2017,"Sommer_Neben"
"Burgenland","2017-07-01",436808,7,2017,"Sommer_Haupt"
"Burgenland","2017-08-01",502775,8,2017,"Sommer_Haupt"
"Burgenland","2017-09-01",306557,9,2017,"Sommer_Neben"
"Burgenland","2017-10-01",218575,10,2017,"Übergang"
"Burgenland","2017-11-01",181096,11,2017,"Übergang"
"Burgenland","2017-12-01",144153,12,2017,"Winter_Haupt"
"Burgenland","2018-01-01",144922,1,2018,"Winter_Haupt"
"Burgenland","2018-02-01",142619,2,2018,"Winter_Haupt"
"Burgenland","2018-03-01",168731,3,2018,"Winter_Haupt"
"Burgenland","2018-04-01",224025,4,2018,"Übergang"
"Burgenland","2018-05-01",306488,5,2018,"Sommer_Neben"
"Burgenland","2018-06-01",312160,6,2018,"Sommer_Neben"
"Burgenland","2018-07-01",431967,7,2018,"Sommer_Haupt"
"Burgenland","2018-08-01",486508,8,2018,"Sommer_Haupt"
"Burgenland","2018-09-01",294402,9,2018,"Sommer_Neben"
"Burgenland","2018-10-01",217367,10,2018,"Übergang"
"Burgenland","2018-11-01",183920,11,2018,"Übergang"
"Burgenland","2018-12-01",137325,12,2018,"Winter_Haupt"
"Burgenland","2019-01-01",142645,1,2019,"Winter_Haupt"
"Burgenland","2019-02-01",140588,2,2019,"Winter_Haupt"
"Burgenland","2019-03-01",163253,3,2019,"Winter_Haupt"
"Burgenland","2019-04-01",244834,4,2019,"Übergang"
"Burgenland","2019-05-01",283418,5,2019,"Sommer_Neben"
"Burgenland","2019-06-01",353757,6,2019,"Sommer_Neben"
"Burgenland","2019-07-01",430134,7,2019,"Sommer_Haupt"
"Burgenland","2019-08-01",513292,8,2019,"Sommer_Haupt"
"Burgenland","2019-09-01",301838,9,2019,"Sommer_Neben"
"Burgenland","2019-10-01",225463,10,2019,"Übergang"
"Burgenland","2019-11-01",193820,11,2019,"Übergang"
"Burgenland","2019-12-01",151025,12,2019,"Winter_Haupt"
"Burgenland","2020-01-01",145353,1,2020,"Winter_Haupt"
"Burgenland","2020-02-01",151431,2,2020,"Winter_Haupt"
"Burgenland","2020-03-01",64333,3,2020,"Winter_Haupt"
"Burgenland","2020-04-01",5074,4,2020,"Übergang"
"Burgenland","2020-05-01",46179,5,2020,"Sommer_Neben"
"Burgenland","2020-06-01",232561,6,2020,"Sommer_Neben"
"Burgenland","2020-07-01",447640,7,2020,"Sommer_Haupt"
"Burgenland","2020-08-01",546671,8,2020,"Sommer_Haupt"
"Burgenland","2020-09-01",369755,9,2020,"Sommer_Neben"
"Burgenland","2020-10-01",203553,10,2020,"Übergang"
"Burgenland","2020-11-01",46032,11,2020,"Übergang"
"Burgenland","2020-12-01",28378,12,2020,"Winter_Haupt"
"Burgenland","2021-01-01",29519,1,2021,"Winter_Haupt"
"Burgenland","2021-02-01",34523,2,2021,"Winter_Haupt"
"Burgenland","2021-03-01",45657,3,2021,"Winter_Haupt"
"Burgenland","2021-04-01",50314,4,2021,"Übergang"
"Burgenland","2021-05-01",158425,5,2021,"Sommer_Neben"
"Burgenland","2021-06-01",333589,6,2021,"Sommer_Neben"
"Burgenland","2021-07-01",471172,7,2021,"Sommer_Haupt"
"Burgenland","2021-08-01",555154,8,2021,"Sommer_Haupt"
"Burgenland","2021-09-01",360851,9,2021,"Sommer_Neben"
"Burgenland","2021-10-01",257757,10,2021,"Übergang"
"Burgenland","2021-11-01",126252,11,2021,"Übergang"
"Burgenland","2021-12-01",83574,12,2021,"Winter_Haupt"
"Burgenland","2022-01-01",115620,1,2022,"Winter_Haupt"
"Burgenland","2022-02-01",121057,2,2022,"Winter_Haupt"
"Burgenland","2022-03-01",138364,3,2022,"Winter_Haupt"
"Burgenland","2022-04-01",227242,4,2022,"Übergang"
"Burgenland","2022-05-01",290067,5,2022,"Sommer_Neben"
"Burgenland","2022-06-01",340227,6,2022,"Sommer_Neben"
"Burgenland","2022-07-01",407827,7,2022,"Sommer_Haupt"
"Burgenland","2022-08-01",470298,8,2022,"Sommer_Haupt"
"Burgenland","2022-09-01",294755,9,2022,"Sommer_Neben"
"Burgenland","2022-10-01",230442,10,2022,"Übergang"
"Burgenland","2022-11-01",164019,11,2022,"Übergang"
"Burgenland","2022-12-01",134073,12,2022,"Winter_Haupt"
"Burgenland","2023-01-01",138814,1,2023,"Winter_Haupt"
"Burgenland","2023-02-01",140234,2,2023,"Winter_Haupt"
"Burgenland","2023-03-01",149731,3,2023,"Winter_Haupt"
"Burgenland","2023-04-01",221850,4,2023,"Übergang"
"Burgenland","2023-05-01",280173,5,2023,"Sommer_Neben"
"Burgenland","2023-06-01",438079,6,2023,"Sommer_Neben"
"Burgenland","2023-07-01",417126,7,2023,"Sommer_Haupt"
"Burgenland","2023-08-01",487313,8,2023,"Sommer_Haupt"
"Burgenland","2023-09-01",311548,9,2023,"Sommer_Neben"
"Burgenland","2023-10-01",227662,10,2023,"Übergang"
"Burgenland","2023-11-01",183404,11,2023,"Übergang"
"Burgenland","2023-12-01",150073,12,2023,"Winter_Haupt"
"Burgenland","2024-01-01",149503,1,2024,"Winter_Haupt"
"Burgenland","2024-02-01",158524,2,2024,"Winter_Haupt"
"Burgenland","2024-03-01",190607,3,2024,"Winter_Haupt"
"Burgenland","2024-04-01",209122,4,2024,"Übergang"
"Burgenland","2024-05-01",333219,5,2024,"Sommer_Neben"
"Burgenland","2024-06-01",424828,6,2024,"Sommer_Neben"
"Burgenland","2024-07-01",437889,7,2024,"Sommer_Haupt"
"Burgenland","2024-08-01",504478,8,2024,"Sommer_Haupt"
"Burgenland","2024-09-01",286686,9,2024,"Sommer_Neben"
"Burgenland","2024-10-01",234204,10,2024,"Übergang"
"Burgenland","2024-11-01",196048,11,2024,"Übergang"
"Burgenland","2024-12-01",161897,12,2024,"Winter_Haupt"
"Kärnten","1974-01-01",255517,1,1974,"Winter_Haupt"
"Kärnten","1974-02-01",227401,2,1974,"Winter_Haupt"
"Kärnten","1974-03-01",224576,3,1974,"Winter_Haupt"
"Kärnten","1974-04-01",229045,4,1974,"Übergang"
"Kärnten","1974-05-01",427594,5,1974,"Sommer_Neben"
"Kärnten","1974-06-01",1715858,6,1974,"Sommer_Neben"
"Kärnten","1974-07-01",4995700,7,1974,"Sommer_Haupt"
"Kärnten","1974-08-01",5553696,8,1974,"Sommer_Haupt"
"Kärnten","1974-09-01",1387470,9,1974,"Sommer_Neben"
"Kärnten","1974-10-01",165337,10,1974,"Übergang"
"Kärnten","1974-11-01",38548,11,1974,"Übergang"
"Kärnten","1974-12-01",229923,12,1974,"Winter_Haupt"
"Kärnten","1975-01-01",261232,1,1975,"Winter_Haupt"
"Kärnten","1975-02-01",245466,2,1975,"Winter_Haupt"
"Kärnten","1975-03-01",334533,3,1975,"Winter_Haupt"
"Kärnten","1975-04-01",137895,4,1975,"Übergang"
"Kärnten","1975-05-01",555120,5,1975,"Sommer_Neben"
"Kärnten","1975-06-01",1926874,6,1975,"Sommer_Neben"
"Kärnten","1975-07-01",6272972,7,1975,"Sommer_Haupt"
"Kärnten","1975-08-01",5093480,8,1975,"Sommer_Haupt"
"Kärnten","1975-09-01",1281838,9,1975,"Sommer_Neben"
"Kärnten","1975-10-01",193207,10,1975,"Übergang"
"Kärnten","1975-11-01",44506,11,1975,"Übergang"
"Kärnten","1975-12-01",260522,12,1975,"Winter_Haupt"
"Kärnten","1976-01-01",299890,1,1976,"Winter_Haupt"
"Kärnten","1976-02-01",277992,2,1976,"Winter_Haupt"
"Kärnten","1976-03-01",244982,3,1976,"Winter_Haupt"
"Kärnten","1976-04-01",248644,4,1976,"Übergang"
"Kärnten","1976-05-01",431641,5,1976,"Sommer_Neben"
"Kärnten","1976-06-01",1862922,6,1976,"Sommer_Neben"
"Kärnten","1976-07-01",5659055,7,1976,"Sommer_Haupt"
"Kärnten","1976-08-01",4473015,8,1976,"Sommer_Haupt"
"Kärnten","1976-09-01",1168447,9,1976,"Sommer_Neben"
"Kärnten","1976-10-01",174104,10,1976,"Übergang"
"Kärnten","1976-11-01",39503,11,1976,"Übergang"
"Kärnten","1976-12-01",212982,12,1976,"Winter_Haupt"
"Kärnten","1977-01-01",321952,1,1977,"Winter_Haupt"
"Kärnten","1977-02-01",314962,2,1977,"Winter_Haupt"
"Kärnten","1977-03-01",291453,3,1977,"Winter_Haupt"
"Kärnten","1977-04-01",245300,4,1977,"Übergang"
"Kärnten","1977-05-01",488279,5,1977,"Sommer_Neben"
"Kärnten","1977-06-01",1879416,6,1977,"Sommer_Neben"
"Kärnten","1977-07-01",5250077,7,1977,"Sommer_Haupt"
"Kärnten","1977-08-01",4149740,8,1977,"Sommer_Haupt"
"Kärnten","1977-09-01",1082463,9,1977,"Sommer_Neben"
"Kärnten","1977-10-01",189532,10,1977,"Übergang"
"Kärnten","1977-11-01",60643,11,1977,"Übergang"
"Kärnten","1977-12-01",239161,12,1977,"Winter_Haupt"
"Kärnten","1978-01-01",379647,1,1978,"Winter_Haupt"
"Kärnten","1978-02-01",350795,2,1978,"Winter_Haupt"
"Kärnten","1978-03-01",477186,3,1978,"Winter_Haupt"
"Kärnten","1978-04-01",145218,4,1978,"Übergang"
"Kärnten","1978-05-01",583941,5,1978,"Sommer_Neben"
"Kärnten","1978-06-01",1660623,6,1978,"Sommer_Neben"
"Kärnten","1978-07-01",5189028,7,1978,"Sommer_Haupt"
"Kärnten","1978-08-01",4708966,8,1978,"Sommer_Haupt"
"Kärnten","1978-09-01",1214167,9,1978,"Sommer_Neben"
"Kärnten","1978-10-01",199572,10,1978,"Übergang"
"Kärnten","1978-11-01",56612,11,1978,"Übergang"
"Kärnten","1978-12-01",309974,12,1978,"Winter_Haupt"
"Kärnten","1979-01-01",432709,1,1979,"Winter_Haupt"
"Kärnten","1979-02-01",395579,2,1979,"Winter_Haupt"
"Kärnten","1979-03-01",317738,3,1979,"Winter_Haupt"
"Kärnten","1979-04-01",337484,4,1979,"Übergang"
"Kärnten","1979-05-01",491120,5,1979,"Sommer_Neben"
"Kärnten","1979-06-01",1882028,6,1979,"Sommer_Neben"
"Kärnten","1979-07-01",5745490,7,1979,"Sommer_Haupt"
"Kärnten","1979-08-01",5371387,8,1979,"Sommer_Haupt"
"Kärnten","1979-09-01",1475505,9,1979,"Sommer_Neben"
"Kärnten","1979-10-01",250391,10,1979,"Übergang"
"Kärnten","1979-11-01",61242,11,1979,"Übergang"
"Kärnten","1979-12-01",344544,12,1979,"Winter_Haupt"
"Kärnten","1980-01-01",465391,1,1980,"Winter_Haupt"
"Kärnten","1980-02-01",460879,2,1980,"Winter_Haupt"
"Kärnten","1980-03-01",371249,3,1980,"Winter_Haupt"
"Kärnten","1980-04-01",333314,4,1980,"Übergang"
"Kärnten","1980-05-01",656219,5,1980,"Sommer_Neben"
"Kärnten","1980-06-01",2173054,6,1980,"Sommer_Neben"
"Kärnten","1980-07-01",6340921,7,1980,"Sommer_Haupt"
"Kärnten","1980-08-01",5700615,8,1980,"Sommer_Haupt"
"Kärnten","1980-09-01",1727340,9,1980,"Sommer_Neben"
"Kärnten","1980-10-01",278691,10,1980,"Übergang"
"Kärnten","1980-11-01",67396,11,1980,"Übergang"
"Kärnten","1980-12-01",403804,12,1980,"Winter_Haupt"
"Kärnten","1981-01-01",546539,1,1981,"Winter_Haupt"
"Kärnten","1981-02-01",461430,2,1981,"Winter_Haupt"
"Kärnten","1981-03-01",338596,3,1981,"Winter_Haupt"
"Kärnten","1981-04-01",339143,4,1981,"Übergang"
"Kärnten","1981-05-01",542076,5,1981,"Sommer_Neben"
"Kärnten","1981-06-01",1932530,6,1981,"Sommer_Neben"
"Kärnten","1981-07-01",5999021,7,1981,"Sommer_Haupt"
"Kärnten","1981-08-01",6151735,8,1981,"Sommer_Haupt"
"Kärnten","1981-09-01",1756345,9,1981,"Sommer_Neben"
"Kärnten","1981-10-01",277134,10,1981,"Übergang"
"Kärnten","1981-11-01",68548,11,1981,"Übergang"
"Kärnten","1981-12-01",351274,12,1981,"Winter_Haupt"
"Kärnten","1982-01-01",519992,1,1982,"Winter_Haupt"
"Kärnten","1982-02-01",466675,2,1982,"Winter_Haupt"
"Kärnten","1982-03-01",340788,3,1982,"Winter_Haupt"
"Kärnten","1982-04-01",312601,4,1982,"Übergang"
"Kärnten","1982-05-01",621671,5,1982,"Sommer_Neben"
"Kärnten","1982-06-01",1964220,6,1982,"Sommer_Neben"
"Kärnten","1982-07-01",5727654,7,1982,"Sommer_Haupt"
"Kärnten","1982-08-01",5433506,8,1982,"Sommer_Haupt"
"Kärnten","1982-09-01",1667399,9,1982,"Sommer_Neben"
"Kärnten","1982-10-01",286464,10,1982,"Übergang"
"Kärnten","1982-11-01",68114,11,1982,"Übergang"
"Kärnten","1982-12-01",274587,12,1982,"Winter_Haupt"
"Kärnten","1983-01-01",407041,1,1983,"Winter_Haupt"
"Kärnten","1983-02-01",466044,2,1983,"Winter_Haupt"
"Kärnten","1983-03-01",432055,3,1983,"Winter_Haupt"
"Kärnten","1983-04-01",238903,4,1983,"Übergang"
"Kärnten","1983-05-01",651403,5,1983,"Sommer_Neben"
"Kärnten","1983-06-01",1890253,6,1983,"Sommer_Neben"
"Kärnten","1983-07-01",5345291,7,1983,"Sommer_Haupt"
"Kärnten","1983-08-01",5050558,8,1983,"Sommer_Haupt"
"Kärnten","1983-09-01",1604953,9,1983,"Sommer_Neben"
"Kärnten","1983-10-01",275917,10,1983,"Übergang"
"Kärnten","1983-11-01",75474,11,1983,"Übergang"
"Kärnten","1983-12-01",278295,12,1983,"Winter_Haupt"
"Kärnten","1984-01-01",451152,1,1984,"Winter_Haupt"
"Kärnten","1984-02-01",493769,2,1984,"Winter_Haupt"
"Kärnten","1984-03-01",392486,3,1984,"Winter_Haupt"
"Kärnten","1984-04-01",304086,4,1984,"Übergang"
"Kärnten","1984-05-01",496800,5,1984,"Sommer_Neben"
"Kärnten","1984-06-01",1719156,6,1984,"Sommer_Neben"
"Kärnten","1984-07-01",4944297,7,1984,"Sommer_Haupt"
"Kärnten","1984-08-01",4822224,8,1984,"Sommer_Haupt"
"Kärnten","1984-09-01",1527764,9,1984,"Sommer_Neben"
"Kärnten","1984-10-01",271237,10,1984,"Übergang"
"Kärnten","1984-11-01",74047,11,1984,"Übergang"
"Kärnten","1984-12-01",344820,12,1984,"Winter_Haupt"
"Kärnten","1985-01-01",465862,1,1985,"Winter_Haupt"
"Kärnten","1985-02-01",527817,2,1985,"Winter_Haupt"
"Kärnten","1985-03-01",428691,3,1985,"Winter_Haupt"
"Kärnten","1985-04-01",287185,4,1985,"Übergang"
"Kärnten","1985-05-01",564746,5,1985,"Sommer_Neben"
"Kärnten","1985-06-01",1780569,6,1985,"Sommer_Neben"
"Kärnten","1985-07-01",4703032,7,1985,"Sommer_Haupt"
"Kärnten","1985-08-01",4705267,8,1985,"Sommer_Haupt"
"Kärnten","1985-09-01",1545408,9,1985,"Sommer_Neben"
"Kärnten","1985-10-01",296003,10,1985,"Übergang"
"Kärnten","1985-11-01",78954,11,1985,"Übergang"
"Kärnten","1985-12-01",348309,12,1985,"Winter_Haupt"
"Kärnten","1986-01-01",484359,1,1986,"Winter_Haupt"
"Kärnten","1986-02-01",574410,2,1986,"Winter_Haupt"
"Kärnten","1986-03-01",605212,3,1986,"Winter_Haupt"
"Kärnten","1986-04-01",210480,4,1986,"Übergang"
"Kärnten","1986-05-01",668902,5,1986,"Sommer_Neben"
"Kärnten","1986-06-01",1482193,6,1986,"Sommer_Neben"
"Kärnten","1986-07-01",5009342,7,1986,"Sommer_Haupt"
"Kärnten","1986-08-01",4994005,8,1986,"Sommer_Haupt"
"Kärnten","1986-09-01",1622817,9,1986,"Sommer_Neben"
"Kärnten","1986-10-01",328914,10,1986,"Übergang"
"Kärnten","1986-11-01",83052,11,1986,"Übergang"
"Kärnten","1986-12-01",354341,12,1986,"Winter_Haupt"
"Kärnten","1987-01-01",527487,1,1987,"Winter_Haupt"
"Kärnten","1987-02-01",575081,2,1987,"Winter_Haupt"
"Kärnten","1987-03-01",495078,3,1987,"Winter_Haupt"
"Kärnten","1987-04-01",345239,4,1987,"Übergang"
"Kärnten","1987-05-01",525712,5,1987,"Sommer_Neben"
"Kärnten","1987-06-01",1787591,6,1987,"Sommer_Neben"
"Kärnten","1987-07-01",4821455,7,1987,"Sommer_Haupt"
"Kärnten","1987-08-01",4802852,8,1987,"Sommer_Haupt"
"Kärnten","1987-09-01",1674188,9,1987,"Sommer_Neben"
"Kärnten","1987-10-01",358020,10,1987,"Übergang"
"Kärnten","1987-11-01",85748,11,1987,"Übergang"
"Kärnten","1987-12-01",347362,12,1987,"Winter_Haupt"
"Kärnten","1988-01-01",552108,1,1988,"Winter_Haupt"
"Kärnten","1988-02-01",662884,2,1988,"Winter_Haupt"
"Kärnten","1988-03-01",609410,3,1988,"Winter_Haupt"
"Kärnten","1988-04-01",301687,4,1988,"Übergang"
"Kärnten","1988-05-01",622689,5,1988,"Sommer_Neben"
"Kärnten","1988-06-01",1615266,6,1988,"Sommer_Neben"
"Kärnten","1988-07-01",5102889,7,1988,"Sommer_Haupt"
"Kärnten","1988-08-01",5006036,8,1988,"Sommer_Haupt"
"Kärnten","1988-09-01",1741405,9,1988,"Sommer_Neben"
"Kärnten","1988-10-01",362054,10,1988,"Übergang"
"Kärnten","1988-11-01",95573,11,1988,"Übergang"
"Kärnten","1988-12-01",307624,12,1988,"Winter_Haupt"
"Kärnten","1989-01-01",469518,1,1989,"Winter_Haupt"
"Kärnten","1989-02-01",525742,2,1989,"Winter_Haupt"
"Kärnten","1989-03-01",643455,3,1989,"Winter_Haupt"
"Kärnten","1989-04-01",276329,4,1989,"Übergang"
"Kärnten","1989-05-01",784268,5,1989,"Sommer_Neben"
"Kärnten","1989-06-01",1706826,6,1989,"Sommer_Neben"
"Kärnten","1989-07-01",5328806,7,1989,"Sommer_Haupt"
"Kärnten","1989-08-01",5125727,8,1989,"Sommer_Haupt"
"Kärnten","1989-09-01",1815053,9,1989,"Sommer_Neben"
"Kärnten","1989-10-01",419490,10,1989,"Übergang"
"Kärnten","1989-11-01",106589,11,1989,"Übergang"
"Kärnten","1989-12-01",361022,12,1989,"Winter_Haupt"
"Kärnten","1990-01-01",492192,1,1990,"Winter_Haupt"
"Kärnten","1990-02-01",576272,2,1990,"Winter_Haupt"
"Kärnten","1990-03-01",427261,3,1990,"Winter_Haupt"
"Kärnten","1990-04-01",359055,4,1990,"Übergang"
"Kärnten","1990-05-01",642411,5,1990,"Sommer_Neben"
"Kärnten","1990-06-01",1814963,6,1990,"Sommer_Neben"
"Kärnten","1990-07-01",4779869,7,1990,"Sommer_Haupt"
"Kärnten","1990-08-01",4852209,8,1990,"Sommer_Haupt"
"Kärnten","1990-09-01",1703529,9,1990,"Sommer_Neben"
"Kärnten","1990-10-01",417425,10,1990,"Übergang"
"Kärnten","1990-11-01",124518,11,1990,"Übergang"
"Kärnten","1990-12-01",425412,12,1990,"Winter_Haupt"
"Kärnten","1991-01-01",604369,1,1991,"Winter_Haupt"
"Kärnten","1991-02-01",774568,2,1991,"Winter_Haupt"
"Kärnten","1991-03-01",713245,3,1991,"Winter_Haupt"
"Kärnten","1991-04-01",291888,4,1991,"Übergang"
"Kärnten","1991-05-01",840360,5,1991,"Sommer_Neben"
"Kärnten","1991-06-01",1632879,6,1991,"Sommer_Neben"
"Kärnten","1991-07-01",5001159,7,1991,"Sommer_Haupt"
"Kärnten","1991-08-01",5343505,8,1991,"Sommer_Haupt"
"Kärnten","1991-09-01",1770518,9,1991,"Sommer_Neben"
"Kärnten","1991-10-01",440007,10,1991,"Übergang"
"Kärnten","1991-11-01",106368,11,1991,"Übergang"
"Kärnten","1991-12-01",517752,12,1991,"Winter_Haupt"
"Kärnten","1992-01-01",635451,1,1992,"Winter_Haupt"
"Kärnten","1992-02-01",784356,2,1992,"Winter_Haupt"
"Kärnten","1992-03-01",542522,3,1992,"Winter_Haupt"
"Kärnten","1992-04-01",396196,4,1992,"Übergang"
"Kärnten","1992-05-01",652198,5,1992,"Sommer_Neben"
"Kärnten","1992-06-01",1832436,6,1992,"Sommer_Neben"
"Kärnten","1992-07-01",4728045,7,1992,"Sommer_Haupt"
"Kärnten","1992-08-01",5124693,8,1992,"Sommer_Haupt"
"Kärnten","1992-09-01",1784214,9,1992,"Sommer_Neben"
"Kärnten","1992-10-01",427697,10,1992,"Übergang"
"Kärnten","1992-11-01",115415,11,1992,"Übergang"
"Kärnten","1992-12-01",525802,12,1992,"Winter_Haupt"
"Kärnten","1993-01-01",725106,1,1993,"Winter_Haupt"
"Kärnten","1993-02-01",784004,2,1993,"Winter_Haupt"
"Kärnten","1993-03-01",464387,3,1993,"Winter_Haupt"
"Kärnten","1993-04-01",388454,4,1993,"Übergang"
"Kärnten","1993-05-01",716451,5,1993,"Sommer_Neben"
"Kärnten","1993-06-01",1685052,6,1993,"Sommer_Neben"
"Kärnten","1993-07-01",4507584,7,1993,"Sommer_Haupt"
"Kärnten","1993-08-01",4843007,8,1993,"Sommer_Haupt"
"Kärnten","1993-09-01",1582763,9,1993,"Sommer_Neben"
"Kärnten","1993-10-01",388069,10,1993,"Übergang"
"Kärnten","1993-11-01",105448,11,1993,"Übergang"
"Kärnten","1993-12-01",452512,12,1993,"Winter_Haupt"
"Kärnten","1994-01-01",712845,1,1994,"Winter_Haupt"
"Kärnten","1994-02-01",727815,2,1994,"Winter_Haupt"
"Kärnten","1994-03-01",560618,3,1994,"Winter_Haupt"
"Kärnten","1994-04-01",275046,4,1994,"Übergang"
"Kärnten","1994-05-01",796938,5,1994,"Sommer_Neben"
"Kärnten","1994-06-01",1556695,6,1994,"Sommer_Neben"
"Kärnten","1994-07-01",4275501,7,1994,"Sommer_Haupt"
"Kärnten","1994-08-01",4454246,8,1994,"Sommer_Haupt"
"Kärnten","1994-09-01",1390357,9,1994,"Sommer_Neben"
"Kärnten","1994-10-01",357082,10,1994,"Übergang"
"Kärnten","1994-11-01",104745,11,1994,"Übergang"
"Kärnten","1994-12-01",443109,12,1994,"Winter_Haupt"
"Kärnten","1995-01-01",691831,1,1995,"Winter_Haupt"
"Kärnten","1995-02-01",737277,2,1995,"Winter_Haupt"
"Kärnten","1995-03-01",452804,3,1995,"Winter_Haupt"
"Kärnten","1995-04-01",361746,4,1995,"Übergang"
"Kärnten","1995-05-01",662969,5,1995,"Sommer_Neben"
"Kärnten","1995-06-01",1643919,6,1995,"Sommer_Neben"
"Kärnten","1995-07-01",3929909,7,1995,"Sommer_Haupt"
"Kärnten","1995-08-01",4162103,8,1995,"Sommer_Haupt"
"Kärnten","1995-09-01",1277594,9,1995,"Sommer_Neben"
"Kärnten","1995-10-01",385247,10,1995,"Übergang"
"Kärnten","1995-11-01",101005,11,1995,"Übergang"
"Kärnten","1995-12-01",431230,12,1995,"Winter_Haupt"
"Kärnten","1996-01-01",643787,1,1996,"Winter_Haupt"
"Kärnten","1996-02-01",766959,2,1996,"Winter_Haupt"
"Kärnten","1996-03-01",589410,3,1996,"Winter_Haupt"
"Kärnten","1996-04-01",328313,4,1996,"Übergang"
"Kärnten","1996-05-01",696136,5,1996,"Sommer_Neben"
"Kärnten","1996-06-01",1432080,6,1996,"Sommer_Neben"
"Kärnten","1996-07-01",3638347,7,1996,"Sommer_Haupt"
"Kärnten","1996-08-01",3553596,8,1996,"Sommer_Haupt"
"Kärnten","1996-09-01",1141797,9,1996,"Sommer_Neben"
"Kärnten","1996-10-01",356434,10,1996,"Übergang"
"Kärnten","1996-11-01",99151,11,1996,"Übergang"
"Kärnten","1996-12-01",477180,12,1996,"Winter_Haupt"
"Kärnten","1997-01-01",650446,1,1997,"Winter_Haupt"
"Kärnten","1997-02-01",764187,2,1997,"Winter_Haupt"
"Kärnten","1997-03-01",631032,3,1997,"Winter_Haupt"
"Kärnten","1997-04-01",234506,4,1997,"Übergang"
"Kärnten","1997-05-01",720965,5,1997,"Sommer_Neben"
"Kärnten","1997-06-01",1212708,6,1997,"Sommer_Neben"
"Kärnten","1997-07-01",3096716,7,1997,"Sommer_Haupt"
"Kärnten","1997-08-01",3579743,8,1997,"Sommer_Haupt"
"Kärnten","1997-09-01",1162659,9,1997,"Sommer_Neben"
"Kärnten","1997-10-01",327851,10,1997,"Übergang"
"Kärnten","1997-11-01",98566,11,1997,"Übergang"
"Kärnten","1997-12-01",491560,12,1997,"Winter_Haupt"
"Kärnten","1998-01-01",687312,1,1998,"Winter_Haupt"
"Kärnten","1998-02-01",787171,2,1998,"Winter_Haupt"
"Kärnten","1998-03-01",488860,3,1998,"Winter_Haupt"
"Kärnten","1998-04-01",330008,4,1998,"Übergang"
"Kärnten","1998-05-01",659806,5,1998,"Sommer_Neben"
"Kärnten","1998-06-01",1335987,6,1998,"Sommer_Neben"
"Kärnten","1998-07-01",3000142,7,1998,"Sommer_Haupt"
"Kärnten","1998-08-01",3793484,8,1998,"Sommer_Haupt"
"Kärnten","1998-09-01",1191039,9,1998,"Sommer_Neben"
"Kärnten","1998-10-01",341526,10,1998,"Übergang"
"Kärnten","1998-11-01",98470,11,1998,"Übergang"
"Kärnten","1998-12-01",484607,12,1998,"Winter_Haupt"
"Kärnten","1999-01-01",711743,1,1999,"Winter_Haupt"
"Kärnten","1999-02-01",784115,2,1999,"Winter_Haupt"
"Kärnten","1999-03-01",542204,3,1999,"Winter_Haupt"
"Kärnten","1999-04-01",293740,4,1999,"Übergang"
"Kärnten","1999-05-01",721657,5,1999,"Sommer_Neben"
"Kärnten","1999-06-01",1335483,6,1999,"Sommer_Neben"
"Kärnten","1999-07-01",3081638,7,1999,"Sommer_Haupt"
"Kärnten","1999-08-01",3549953,8,1999,"Sommer_Haupt"
"Kärnten","1999-09-01",1135773,9,1999,"Sommer_Neben"
"Kärnten","1999-10-01",345841,10,1999,"Übergang"
"Kärnten","1999-11-01",110365,11,1999,"Übergang"
"Kärnten","1999-12-01",453734,12,1999,"Winter_Haupt"
"Kärnten","2000-01-01",746056,1,2000,"Winter_Haupt"
"Kärnten","2000-02-01",789899,2,2000,"Winter_Haupt"
"Kärnten","2000-03-01",541382,3,2000,"Winter_Haupt"
"Kärnten","2000-04-01",334067,4,2000,"Übergang"
"Kärnten","2000-05-01",531235,5,2000,"Sommer_Neben"
"Kärnten","2000-06-01",1418833,6,2000,"Sommer_Neben"
"Kärnten","2000-07-01",3101792,7,2000,"Sommer_Haupt"
"Kärnten","2000-08-01",3327658,8,2000,"Sommer_Haupt"
"Kärnten","2000-09-01",1106467,9,2000,"Sommer_Neben"
"Kärnten","2000-10-01",337767,10,2000,"Übergang"
"Kärnten","2000-11-01",122800,11,2000,"Übergang"
"Kärnten","2000-12-01",472571,12,2000,"Winter_Haupt"
"Kärnten","2001-01-01",745617,1,2001,"Winter_Haupt"
"Kärnten","2001-02-01",837376,2,2001,"Winter_Haupt"
"Kärnten","2001-03-01",552272,3,2001,"Winter_Haupt"
"Kärnten","2001-04-01",356750,4,2001,"Übergang"
"Kärnten","2001-05-01",691413,5,2001,"Sommer_Neben"
"Kärnten","2001-06-01",1335541,6,2001,"Sommer_Neben"
"Kärnten","2001-07-01",3079912,7,2001,"Sommer_Haupt"
"Kärnten","2001-08-01",3364609,8,2001,"Sommer_Haupt"
"Kärnten","2001-09-01",1077566,9,2001,"Sommer_Neben"
"Kärnten","2001-10-01",359574,10,2001,"Übergang"
"Kärnten","2001-11-01",133650,11,2001,"Übergang"
"Kärnten","2001-12-01",477927,12,2001,"Winter_Haupt"
"Kärnten","2002-01-01",713431,1,2002,"Winter_Haupt"
"Kärnten","2002-02-01",820670,2,2002,"Winter_Haupt"
"Kärnten","2002-03-01",630937,3,2002,"Winter_Haupt"
"Kärnten","2002-04-01",258638,4,2002,"Übergang"
"Kärnten","2002-05-01",837472,5,2002,"Sommer_Neben"
"Kärnten","2002-06-01",1355741,6,2002,"Sommer_Neben"
"Kärnten","2002-07-01",3105239,7,2002,"Sommer_Haupt"
"Kärnten","2002-08-01",3464723,8,2002,"Sommer_Haupt"
"Kärnten","2002-09-01",1164553,9,2002,"Sommer_Neben"
"Kärnten","2002-10-01",371740,10,2002,"Übergang"
"Kärnten","2002-11-01",139969,11,2002,"Übergang"
"Kärnten","2002-12-01",494514,12,2002,"Winter_Haupt"
"Kärnten","2003-01-01",749382,1,2003,"Winter_Haupt"
"Kärnten","2003-02-01",795337,2,2003,"Winter_Haupt"
"Kärnten","2003-03-01",600806,3,2003,"Winter_Haupt"
"Kärnten","2003-04-01",384405,4,2003,"Übergang"
"Kärnten","2003-05-01",734932,5,2003,"Sommer_Neben"
"Kärnten","2003-06-01",1540320,6,2003,"Sommer_Neben"
"Kärnten","2003-07-01",2878593,7,2003,"Sommer_Haupt"
"Kärnten","2003-08-01",3590062,8,2003,"Sommer_Haupt"
"Kärnten","2003-09-01",1190865,9,2003,"Sommer_Neben"
"Kärnten","2003-10-01",392584,10,2003,"Übergang"
"Kärnten","2003-11-01",139021,11,2003,"Übergang"
"Kärnten","2003-12-01",482290,12,2003,"Winter_Haupt"
"Kärnten","2004-01-01",760405,1,2004,"Winter_Haupt"
"Kärnten","2004-02-01",948800,2,2004,"Winter_Haupt"
"Kärnten","2004-03-01",602238,3,2004,"Winter_Haupt"
"Kärnten","2004-04-01",378652,4,2004,"Übergang"
"Kärnten","2004-05-01",773126,5,2004,"Sommer_Neben"
"Kärnten","2004-06-01",1349477,6,2004,"Sommer_Neben"
"Kärnten","2004-07-01",2710992,7,2004,"Sommer_Haupt"
"Kärnten","2004-08-01",3336494,8,2004,"Sommer_Haupt"
"Kärnten","2004-09-01",1114758,9,2004,"Sommer_Neben"
"Kärnten","2004-10-01",353400,10,2004,"Übergang"
"Kärnten","2004-11-01",144665,11,2004,"Übergang"
"Kärnten","2004-12-01",426994,12,2004,"Winter_Haupt"
"Kärnten","2005-01-01",825868,1,2005,"Winter_Haupt"
"Kärnten","2005-02-01",913887,2,2005,"Winter_Haupt"
"Kärnten","2005-03-01",782841,3,2005,"Winter_Haupt"
"Kärnten","2005-04-01",238273,4,2005,"Übergang"
"Kärnten","2005-05-01",809281,5,2005,"Sommer_Neben"
"Kärnten","2005-06-01",1200251,6,2005,"Sommer_Neben"
"Kärnten","2005-07-01",2669878,7,2005,"Sommer_Haupt"
"Kärnten","2005-08-01",3160570,8,2005,"Sommer_Haupt"
"Kärnten","2005-09-01",1119847,9,2005,"Sommer_Neben"
"Kärnten","2005-10-01",378832,10,2005,"Übergang"
"Kärnten","2005-11-01",163697,11,2005,"Übergang"
"Kärnten","2005-12-01",467407,12,2005,"Winter_Haupt"
"Kärnten","2006-01-01",846117,1,2006,"Winter_Haupt"
"Kärnten","2006-02-01",943788,2,2006,"Winter_Haupt"
"Kärnten","2006-03-01",672059,3,2006,"Winter_Haupt"
"Kärnten","2006-04-01",371561,4,2006,"Übergang"
"Kärnten","2006-05-01",661151,5,2006,"Sommer_Neben"
"Kärnten","2006-06-01",1281084,6,2006,"Sommer_Neben"
"Kärnten","2006-07-01",2650431,7,2006,"Sommer_Haupt"
"Kärnten","2006-08-01",2735702,8,2006,"Sommer_Haupt"
"Kärnten","2006-09-01",1097189,9,2006,"Sommer_Neben"
"Kärnten","2006-10-01",390657,10,2006,"Übergang"
"Kärnten","2006-11-01",172364,11,2006,"Übergang"
"Kärnten","2006-12-01",478666,12,2006,"Winter_Haupt"
"Kärnten","2007-01-01",817691,1,2007,"Winter_Haupt"
"Kärnten","2007-02-01",1035398,2,2007,"Winter_Haupt"
"Kärnten","2007-03-01",694479,3,2007,"Winter_Haupt"
"Kärnten","2007-04-01",419247,4,2007,"Übergang"
"Kärnten","2007-05-01",727471,5,2007,"Sommer_Neben"
"Kärnten","2007-06-01",1337087,6,2007,"Sommer_Neben"
"Kärnten","2007-07-01",2795531,7,2007,"Sommer_Haupt"
"Kärnten","2007-08-01",2770033,8,2007,"Sommer_Haupt"
"Kärnten","2007-09-01",1086326,9,2007,"Sommer_Neben"
"Kärnten","2007-10-01",381668,10,2007,"Übergang"
"Kärnten","2007-11-01",192303,11,2007,"Übergang"
"Kärnten","2007-12-01",537292,12,2007,"Winter_Haupt"
"Kärnten","2008-01-01",878657,1,2008,"Winter_Haupt"
"Kärnten","2008-02-01",1059384,2,2008,"Winter_Haupt"
"Kärnten","2008-03-01",812019,3,2008,"Winter_Haupt"
"Kärnten","2008-04-01",260551,4,2008,"Übergang"
"Kärnten","2008-05-01",815973,5,2008,"Sommer_Neben"
"Kärnten","2008-06-01",1281084,6,2008,"Sommer_Neben"
"Kärnten","2008-07-01",2923582,7,2008,"Sommer_Haupt"
"Kärnten","2008-08-01",2718749,8,2008,"Sommer_Haupt"
"Kärnten","2008-09-01",1058262,9,2008,"Sommer_Neben"
"Kärnten","2008-10-01",392967,10,2008,"Übergang"
"Kärnten","2008-11-01",176382,11,2008,"Übergang"
"Kärnten","2008-12-01",584811,12,2008,"Winter_Haupt"
"Kärnten","2009-01-01",896296,1,2009,"Winter_Haupt"
"Kärnten","2009-02-01",991558,2,2009,"Winter_Haupt"
"Kärnten","2009-03-01",634048,3,2009,"Winter_Haupt"
"Kärnten","2009-04-01",411985,4,2009,"Übergang"
"Kärnten","2009-05-01",724520,5,2009,"Sommer_Neben"
"Kärnten","2009-06-01",1247989,6,2009,"Sommer_Neben"
"Kärnten","2009-07-01",2697690,7,2009,"Sommer_Haupt"
"Kärnten","2009-08-01",2905367,8,2009,"Sommer_Haupt"
"Kärnten","2009-09-01",1119085,9,2009,"Sommer_Neben"
"Kärnten","2009-10-01",392394,10,2009,"Übergang"
"Kärnten","2009-11-01",173463,11,2009,"Übergang"
"Kärnten","2009-12-01",554808,12,2009,"Winter_Haupt"
"Kärnten","2010-01-01",858401,1,2010,"Winter_Haupt"
"Kärnten","2010-02-01",965513,2,2010,"Winter_Haupt"
"Kärnten","2010-03-01",708158,3,2010,"Winter_Haupt"
"Kärnten","2010-04-01",330590,4,2010,"Übergang"
"Kärnten","2010-05-01",687990,5,2010,"Sommer_Neben"
"Kärnten","2010-06-01",1135319,6,2010,"Sommer_Neben"
"Kärnten","2010-07-01",2670597,7,2010,"Sommer_Haupt"
"Kärnten","2010-08-01",2827130,8,2010,"Sommer_Haupt"
"Kärnten","2010-09-01",1050525,9,2010,"Sommer_Neben"
"Kärnten","2010-10-01",379629,10,2010,"Übergang"
"Kärnten","2010-11-01",174290,11,2010,"Übergang"
"Kärnten","2010-12-01",487886,12,2010,"Winter_Haupt"
"Kärnten","2011-01-01",847550,1,2011,"Winter_Haupt"
"Kärnten","2011-02-01",910414,2,2011,"Winter_Haupt"
"Kärnten","2011-03-01",680156,3,2011,"Winter_Haupt"
"Kärnten","2011-04-01",349572,4,2011,"Übergang"
"Kärnten","2011-05-01",584835,5,2011,"Sommer_Neben"
"Kärnten","2011-06-01",1384361,6,2011,"Sommer_Neben"
"Kärnten","2011-07-01",2562835,7,2011,"Sommer_Haupt"
"Kärnten","2011-08-01",2942018,8,2011,"Sommer_Haupt"
"Kärnten","2011-09-01",1122812,9,2011,"Sommer_Neben"
"Kärnten","2011-10-01",380670,10,2011,"Übergang"
"Kärnten","2011-11-01",183186,11,2011,"Übergang"
"Kärnten","2011-12-01",469727,12,2011,"Winter_Haupt"
"Kärnten","2012-01-01",828689,1,2012,"Winter_Haupt"
"Kärnten","2012-02-01",956844,2,2012,"Winter_Haupt"
"Kärnten","2012-03-01",590713,3,2012,"Winter_Haupt"
"Kärnten","2012-04-01",359987,4,2012,"Übergang"
"Kärnten","2012-05-01",731622,5,2012,"Sommer_Neben"
"Kärnten","2012-06-01",1281462,6,2012,"Sommer_Neben"
"Kärnten","2012-07-01",2662108,7,2012,"Sommer_Haupt"
"Kärnten","2012-08-01",2999102,8,2012,"Sommer_Haupt"
"Kärnten","2012-09-01",1138886,9,2012,"Sommer_Neben"
"Kärnten","2012-10-01",385678,10,2012,"Übergang"
"Kärnten","2012-11-01",188462,11,2012,"Übergang"
"Kärnten","2012-12-01",503746,12,2012,"Winter_Haupt"
"Kärnten","2013-01-01",799217,1,2013,"Winter_Haupt"
"Kärnten","2013-02-01",970952,2,2013,"Winter_Haupt"
"Kärnten","2013-03-01",667651,3,2013,"Winter_Haupt"
"Kärnten","2013-04-01",274416,4,2013,"Übergang"
"Kärnten","2013-05-01",753778,5,2013,"Sommer_Neben"
"Kärnten","2013-06-01",1190043,6,2013,"Sommer_Neben"
"Kärnten","2013-07-01",2692416,7,2013,"Sommer_Haupt"
"Kärnten","2013-08-01",2978627,8,2013,"Sommer_Haupt"
"Kärnten","2013-09-01",1099485,9,2013,"Sommer_Neben"
"Kärnten","2013-10-01",373714,10,2013,"Übergang"
"Kärnten","2013-11-01",186750,11,2013,"Übergang"
"Kärnten","2013-12-01",528330,12,2013,"Winter_Haupt"
"Kärnten","2014-01-01",778729,1,2014,"Winter_Haupt"
"Kärnten","2014-02-01",889534,2,2014,"Winter_Haupt"
"Kärnten","2014-03-01",683779,3,2014,"Winter_Haupt"
"Kärnten","2014-04-01",330403,4,2014,"Übergang"
"Kärnten","2014-05-01",673825,5,2014,"Sommer_Neben"
"Kärnten","2014-06-01",1328317,6,2014,"Sommer_Neben"
"Kärnten","2014-07-01",2420813,7,2014,"Sommer_Haupt"
"Kärnten","2014-08-01",2817663,8,2014,"Sommer_Haupt"
"Kärnten","2014-09-01",1063307,9,2014,"Sommer_Neben"
"Kärnten","2014-10-01",386874,10,2014,"Übergang"
"Kärnten","2014-11-01",188236,11,2014,"Übergang"
"Kärnten","2014-12-01",539921,12,2014,"Winter_Haupt"
"Kärnten","2015-01-01",785531,1,2015,"Winter_Haupt"
"Kärnten","2015-02-01",970552,2,2015,"Winter_Haupt"
"Kärnten","2015-03-01",606391,3,2015,"Winter_Haupt"
"Kärnten","2015-04-01",333955,4,2015,"Übergang"
"Kärnten","2015-05-01",764458,5,2015,"Sommer_Neben"
"Kärnten","2015-06-01",1254383,6,2015,"Sommer_Neben"
"Kärnten","2015-07-01",2442227,7,2015,"Sommer_Haupt"
"Kärnten","2015-08-01",2833827,8,2015,"Sommer_Haupt"
"Kärnten","2015-09-01",1092044,9,2015,"Sommer_Neben"
"Kärnten","2015-10-01",377637,10,2015,"Übergang"
"Kärnten","2015-11-01",199786,11,2015,"Übergang"
"Kärnten","2015-12-01",514839,12,2015,"Winter_Haupt"
"Kärnten","2016-01-01",805799,1,2016,"Winter_Haupt"
"Kärnten","2016-02-01",981422,2,2016,"Winter_Haupt"
"Kärnten","2016-03-01",749785,3,2016,"Winter_Haupt"
"Kärnten","2016-04-01",301183,4,2016,"Übergang"
"Kärnten","2016-05-01",789391,5,2016,"Sommer_Neben"
"Kärnten","2016-06-01",1175923,6,2016,"Sommer_Neben"
"Kärnten","2016-07-01",2630758,7,2016,"Sommer_Haupt"
"Kärnten","2016-08-01",3004867,8,2016,"Sommer_Haupt"
"Kärnten","2016-09-01",1200706,9,2016,"Sommer_Neben"
"Kärnten","2016-10-01",419517,10,2016,"Übergang"
"Kärnten","2016-11-01",206971,11,2016,"Übergang"
"Kärnten","2016-12-01",464319,12,2016,"Winter_Haupt"
"Kärnten","2017-01-01",759359,1,2017,"Winter_Haupt"
"Kärnten","2017-02-01",942853,2,2017,"Winter_Haupt"
"Kärnten","2017-03-01",663881,3,2017,"Winter_Haupt"
"Kärnten","2017-04-01",370518,4,2017,"Übergang"
"Kärnten","2017-05-01",734629,5,2017,"Sommer_Neben"
"Kärnten","2017-06-01",1477256,6,2017,"Sommer_Neben"
"Kärnten","2017-07-01",2740053,7,2017,"Sommer_Haupt"
"Kärnten","2017-08-01",3071650,8,2017,"Sommer_Haupt"
"Kärnten","2017-09-01",1116256,9,2017,"Sommer_Neben"
"Kärnten","2017-10-01",427515,10,2017,"Übergang"
"Kärnten","2017-11-01",222899,11,2017,"Übergang"
"Kärnten","2017-12-01",511254,12,2017,"Winter_Haupt"
"Kärnten","2018-01-01",817130,1,2018,"Winter_Haupt"
"Kärnten","2018-02-01",1017923,2,2018,"Winter_Haupt"
"Kärnten","2018-03-01",739692,3,2018,"Winter_Haupt"
"Kärnten","2018-04-01",366983,4,2018,"Übergang"
"Kärnten","2018-05-01",875318,5,2018,"Sommer_Neben"
"Kärnten","2018-06-01",1386696,6,2018,"Sommer_Neben"
"Kärnten","2018-07-01",2772823,7,2018,"Sommer_Haupt"
"Kärnten","2018-08-01",2984342,8,2018,"Sommer_Haupt"
"Kärnten","2018-09-01",1141724,9,2018,"Sommer_Neben"
"Kärnten","2018-10-01",417985,10,2018,"Übergang"
"Kärnten","2018-11-01",232527,11,2018,"Übergang"
"Kärnten","2018-12-01",578891,12,2018,"Winter_Haupt"
"Kärnten","2019-01-01",834834,1,2019,"Winter_Haupt"
"Kärnten","2019-02-01",989743,2,2019,"Winter_Haupt"
"Kärnten","2019-03-01",690229,3,2019,"Winter_Haupt"
"Kärnten","2019-04-01",354125,4,2019,"Übergang"
"Kärnten","2019-05-01",761640,5,2019,"Sommer_Neben"
"Kärnten","2019-06-01",1597321,6,2019,"Sommer_Neben"
"Kärnten","2019-07-01",2730264,7,2019,"Sommer_Haupt"
"Kärnten","2019-08-01",2953763,8,2019,"Sommer_Haupt"
"Kärnten","2019-09-01",1146633,9,2019,"Sommer_Neben"
"Kärnten","2019-10-01",465662,10,2019,"Übergang"
"Kärnten","2019-11-01",229841,11,2019,"Übergang"
"Kärnten","2019-12-01",605494,12,2019,"Winter_Haupt"
"Kärnten","2020-01-01",865458,1,2020,"Winter_Haupt"
"Kärnten","2020-02-01",1142897,2,2020,"Winter_Haupt"
"Kärnten","2020-03-01",290592,3,2020,"Winter_Haupt"
"Kärnten","2020-04-01",20541,4,2020,"Übergang"
"Kärnten","2020-05-01",113188,5,2020,"Sommer_Neben"
"Kärnten","2020-06-01",975579,6,2020,"Sommer_Neben"
"Kärnten","2020-07-01",2747527,7,2020,"Sommer_Haupt"
"Kärnten","2020-08-01",3019125,8,2020,"Sommer_Haupt"
"Kärnten","2020-09-01",1314300,9,2020,"Sommer_Neben"
"Kärnten","2020-10-01",422994,10,2020,"Übergang"
"Kärnten","2020-11-01",104131,11,2020,"Übergang"
"Kärnten","2020-12-01",66489,12,2020,"Winter_Haupt"
"Kärnten","2021-01-01",80869,1,2021,"Winter_Haupt"
"Kärnten","2021-02-01",91149,2,2021,"Winter_Haupt"
"Kärnten","2021-03-01",114248,3,2021,"Winter_Haupt"
"Kärnten","2021-04-01",102874,4,2021,"Übergang"
"Kärnten","2021-05-01",381882,5,2021,"Sommer_Neben"
"Kärnten","2021-06-01",1159839,6,2021,"Sommer_Neben"
"Kärnten","2021-07-01",2616828,7,2021,"Sommer_Haupt"
"Kärnten","2021-08-01",3233507,8,2021,"Sommer_Haupt"
"Kärnten","2021-09-01",1418957,9,2021,"Sommer_Neben"
"Kärnten","2021-10-01",506168,10,2021,"Übergang"
"Kärnten","2021-11-01",189016,11,2021,"Übergang"
"Kärnten","2021-12-01",321902,12,2021,"Winter_Haupt"
"Kärnten","2022-01-01",548072,1,2022,"Winter_Haupt"
"Kärnten","2022-02-01",728848,2,2022,"Winter_Haupt"
"Kärnten","2022-03-01",552576,3,2022,"Winter_Haupt"
"Kärnten","2022-04-01",334753,4,2022,"Übergang"
"Kärnten","2022-05-01",798837,5,2022,"Sommer_Neben"
"Kärnten","2022-06-01",1610923,6,2022,"Sommer_Neben"
"Kärnten","2022-07-01",2682124,7,2022,"Sommer_Haupt"
"Kärnten","2022-08-01",3074289,8,2022,"Sommer_Haupt"
"Kärnten","2022-09-01",1280855,9,2022,"Sommer_Neben"
"Kärnten","2022-10-01",484126,10,2022,"Übergang"
"Kärnten","2022-11-01",228890,11,2022,"Übergang"
"Kärnten","2022-12-01",521935,12,2022,"Winter_Haupt"
"Kärnten","2023-01-01",827044,1,2023,"Winter_Haupt"
"Kärnten","2023-02-01",1005378,2,2023,"Winter_Haupt"
"Kärnten","2023-03-01",590918,3,2023,"Winter_Haupt"
"Kärnten","2023-04-01",396813,4,2023,"Übergang"
"Kärnten","2023-05-01",808811,5,2023,"Sommer_Neben"
"Kärnten","2023-06-01",1530483,6,2023,"Sommer_Neben"
"Kärnten","2023-07-01",2653866,7,2023,"Sommer_Haupt"
"Kärnten","2023-08-01",2831759,8,2023,"Sommer_Haupt"
"Kärnten","2023-09-01",1249299,9,2023,"Sommer_Neben"
"Kärnten","2023-10-01",502669,10,2023,"Übergang"
"Kärnten","2023-11-01",229072,11,2023,"Übergang"
"Kärnten","2023-12-01",553556,12,2023,"Winter_Haupt"
"Kärnten","2024-01-01",852250,1,2024,"Winter_Haupt"
"Kärnten","2024-02-01",1071226,2,2024,"Winter_Haupt"
"Kärnten","2024-03-01",620706,3,2024,"Winter_Haupt"
"Kärnten","2024-04-01",294056,4,2024,"Übergang"
"Kärnten","2024-05-01",863214,5,2024,"Sommer_Neben"
"Kärnten","2024-06-01",1383416,6,2024,"Sommer_Neben"
"Kärnten","2024-07-01",2624240,7,2024,"Sommer_Haupt"
"Kärnten","2024-08-01",2935811,8,2024,"Sommer_Haupt"
"Kärnten","2024-09-01",1157381,9,2024,"Sommer_Neben"
"Kärnten","2024-10-01",495523,10,2024,"Übergang"
"Kärnten","2024-11-01",235612,11,2024,"Übergang"
"Kärnten","2024-12-01",605358,12,2024,"Winter_Haupt"
"Niederösterreich","1974-01-01",266139,1,1974,"Winter_Haupt"
"Niederösterreich","1974-02-01",293457,2,1974,"Winter_Haupt"
"Niederösterreich","1974-03-01",308146,3,1974,"Winter_Haupt"
"Niederösterreich","1974-04-01",379592,4,1974,"Übergang"
"Niederösterreich","1974-05-01",421179,5,1974,"Sommer_Neben"
"Niederösterreich","1974-06-01",621440,6,1974,"Sommer_Neben"
"Niederösterreich","1974-07-01",991636,7,1974,"Sommer_Haupt"
"Niederösterreich","1974-08-01",1164647,8,1974,"Sommer_Haupt"
"Niederösterreich","1974-09-01",629830,9,1974,"Sommer_Neben"
"Niederösterreich","1974-10-01",294568,10,1974,"Übergang"
"Niederösterreich","1974-11-01",185478,11,1974,"Übergang"
"Niederösterreich","1974-12-01",254244,12,1974,"Winter_Haupt"
"Niederösterreich","1975-01-01",269228,1,1975,"Winter_Haupt"
"Niederösterreich","1975-02-01",307942,2,1975,"Winter_Haupt"
"Niederösterreich","1975-03-01",359328,3,1975,"Winter_Haupt"
"Niederösterreich","1975-04-01",288153,4,1975,"Übergang"
"Niederösterreich","1975-05-01",480820,5,1975,"Sommer_Neben"
"Niederösterreich","1975-06-01",601008,6,1975,"Sommer_Neben"
"Niederösterreich","1975-07-01",1014824,7,1975,"Sommer_Haupt"
"Niederösterreich","1975-08-01",1109756,8,1975,"Sommer_Haupt"
"Niederösterreich","1975-09-01",617594,9,1975,"Sommer_Neben"
"Niederösterreich","1975-10-01",321623,10,1975,"Übergang"
"Niederösterreich","1975-11-01",193417,11,1975,"Übergang"
"Niederösterreich","1975-12-01",265206,12,1975,"Winter_Haupt"
"Niederösterreich","1976-01-01",270729,1,1976,"Winter_Haupt"
"Niederösterreich","1976-02-01",304438,2,1976,"Winter_Haupt"
"Niederösterreich","1976-03-01",281524,3,1976,"Winter_Haupt"
"Niederösterreich","1976-04-01",361208,4,1976,"Übergang"
"Niederösterreich","1976-05-01",461836,5,1976,"Sommer_Neben"
"Niederösterreich","1976-06-01",628310,6,1976,"Sommer_Neben"
"Niederösterreich","1976-07-01",986236,7,1976,"Sommer_Haupt"
"Niederösterreich","1976-08-01",1034693,8,1976,"Sommer_Haupt"
"Niederösterreich","1976-09-01",618508,9,1976,"Sommer_Neben"
"Niederösterreich","1976-10-01",342629,10,1976,"Übergang"
"Niederösterreich","1976-11-01",190314,11,1976,"Übergang"
"Niederösterreich","1976-12-01",243328,12,1976,"Winter_Haupt"
"Niederösterreich","1977-01-01",297747,1,1977,"Winter_Haupt"
"Niederösterreich","1977-02-01",296445,2,1977,"Winter_Haupt"
"Niederösterreich","1977-03-01",290525,3,1977,"Winter_Haupt"
"Niederösterreich","1977-04-01",361802,4,1977,"Übergang"
"Niederösterreich","1977-05-01",511936,5,1977,"Sommer_Neben"
"Niederösterreich","1977-06-01",632652,6,1977,"Sommer_Neben"
"Niederösterreich","1977-07-01",1026111,7,1977,"Sommer_Haupt"
"Niederösterreich","1977-08-01",1058454,8,1977,"Sommer_Haupt"
"Niederösterreich","1977-09-01",599552,9,1977,"Sommer_Neben"
"Niederösterreich","1977-10-01",346523,10,1977,"Übergang"
"Niederösterreich","1977-11-01",199437,11,1977,"Übergang"
"Niederösterreich","1977-12-01",245238,12,1977,"Winter_Haupt"
"Niederösterreich","1978-01-01",303501,1,1978,"Winter_Haupt"
"Niederösterreich","1978-02-01",301144,2,1978,"Winter_Haupt"
"Niederösterreich","1978-03-01",350887,3,1978,"Winter_Haupt"
"Niederösterreich","1978-04-01",314457,4,1978,"Übergang"
"Niederösterreich","1978-05-01",525521,5,1978,"Sommer_Neben"
"Niederösterreich","1978-06-01",625615,6,1978,"Sommer_Neben"
"Niederösterreich","1978-07-01",962972,7,1978,"Sommer_Haupt"
"Niederösterreich","1978-08-01",1058217,8,1978,"Sommer_Haupt"
"Niederösterreich","1978-09-01",604121,9,1978,"Sommer_Neben"
"Niederösterreich","1978-10-01",385336,10,1978,"Übergang"
"Niederösterreich","1978-11-01",206106,11,1978,"Übergang"
"Niederösterreich","1978-12-01",262294,12,1978,"Winter_Haupt"
"Niederösterreich","1979-01-01",270015,1,1979,"Winter_Haupt"
"Niederösterreich","1979-02-01",298188,2,1979,"Winter_Haupt"
"Niederösterreich","1979-03-01",289908,3,1979,"Winter_Haupt"
"Niederösterreich","1979-04-01",398302,4,1979,"Übergang"
"Niederösterreich","1979-05-01",503787,5,1979,"Sommer_Neben"
"Niederösterreich","1979-06-01",688408,6,1979,"Sommer_Neben"
"Niederösterreich","1979-07-01",963294,7,1979,"Sommer_Haupt"
"Niederösterreich","1979-08-01",1016830,8,1979,"Sommer_Haupt"
"Niederösterreich","1979-09-01",649845,9,1979,"Sommer_Neben"
"Niederösterreich","1979-10-01",402279,10,1979,"Übergang"
"Niederösterreich","1979-11-01",232582,11,1979,"Übergang"
"Niederösterreich","1979-12-01",267684,12,1979,"Winter_Haupt"
"Niederösterreich","1980-01-01",290804,1,1980,"Winter_Haupt"
"Niederösterreich","1980-02-01",331888,2,1980,"Winter_Haupt"
"Niederösterreich","1980-03-01",296842,3,1980,"Winter_Haupt"
"Niederösterreich","1980-04-01",387005,4,1980,"Übergang"
"Niederösterreich","1980-05-01",563232,5,1980,"Sommer_Neben"
"Niederösterreich","1980-06-01",674071,6,1980,"Sommer_Neben"
"Niederösterreich","1980-07-01",913227,7,1980,"Sommer_Haupt"
"Niederösterreich","1980-08-01",1089199,8,1980,"Sommer_Haupt"
"Niederösterreich","1980-09-01",664839,9,1980,"Sommer_Neben"
"Niederösterreich","1980-10-01",442011,10,1980,"Übergang"
"Niederösterreich","1980-11-01",238082,11,1980,"Übergang"
"Niederösterreich","1980-12-01",282642,12,1980,"Winter_Haupt"
"Niederösterreich","1981-01-01",322011,1,1981,"Winter_Haupt"
"Niederösterreich","1981-02-01",327878,2,1981,"Winter_Haupt"
"Niederösterreich","1981-03-01",318157,3,1981,"Winter_Haupt"
"Niederösterreich","1981-04-01",418245,4,1981,"Übergang"
"Niederösterreich","1981-05-01",585577,5,1981,"Sommer_Neben"
"Niederösterreich","1981-06-01",699602,6,1981,"Sommer_Neben"
"Niederösterreich","1981-07-01",905799,7,1981,"Sommer_Haupt"
"Niederösterreich","1981-08-01",1009580,8,1981,"Sommer_Haupt"
"Niederösterreich","1981-09-01",702347,9,1981,"Sommer_Neben"
"Niederösterreich","1981-10-01",412723,10,1981,"Übergang"
"Niederösterreich","1981-11-01",243839,11,1981,"Übergang"
"Niederösterreich","1981-12-01",269068,12,1981,"Winter_Haupt"
"Niederösterreich","1982-01-01",296123,1,1982,"Winter_Haupt"
"Niederösterreich","1982-02-01",309407,2,1982,"Winter_Haupt"
"Niederösterreich","1982-03-01",317900,3,1982,"Winter_Haupt"
"Niederösterreich","1982-04-01",397027,4,1982,"Übergang"
"Niederösterreich","1982-05-01",551948,5,1982,"Sommer_Neben"
"Niederösterreich","1982-06-01",692989,6,1982,"Sommer_Neben"
"Niederösterreich","1982-07-01",906795,7,1982,"Sommer_Haupt"
"Niederösterreich","1982-08-01",971237,8,1982,"Sommer_Haupt"
"Niederösterreich","1982-09-01",683959,9,1982,"Sommer_Neben"
"Niederösterreich","1982-10-01",441391,10,1982,"Übergang"
"Niederösterreich","1982-11-01",232270,11,1982,"Übergang"
"Niederösterreich","1982-12-01",265989,12,1982,"Winter_Haupt"
"Niederösterreich","1983-01-01",286675,1,1983,"Winter_Haupt"
"Niederösterreich","1983-02-01",312397,2,1983,"Winter_Haupt"
"Niederösterreich","1983-03-01",318629,3,1983,"Winter_Haupt"
"Niederösterreich","1983-04-01",378056,4,1983,"Übergang"
"Niederösterreich","1983-05-01",586713,5,1983,"Sommer_Neben"
"Niederösterreich","1983-06-01",674834,6,1983,"Sommer_Neben"
"Niederösterreich","1983-07-01",890227,7,1983,"Sommer_Haupt"
"Niederösterreich","1983-08-01",962534,8,1983,"Sommer_Haupt"
"Niederösterreich","1983-09-01",684369,9,1983,"Sommer_Neben"
"Niederösterreich","1983-10-01",441720,10,1983,"Übergang"
"Niederösterreich","1983-11-01",238029,11,1983,"Übergang"
"Niederösterreich","1983-12-01",262584,12,1983,"Winter_Haupt"
"Niederösterreich","1984-01-01",298178,1,1984,"Winter_Haupt"
"Niederösterreich","1984-02-01",326319,2,1984,"Winter_Haupt"
"Niederösterreich","1984-03-01",313839,3,1984,"Winter_Haupt"
"Niederösterreich","1984-04-01",466739,4,1984,"Übergang"
"Niederösterreich","1984-05-01",550890,5,1984,"Sommer_Neben"
"Niederösterreich","1984-06-01",703748,6,1984,"Sommer_Neben"
"Niederösterreich","1984-07-01",852535,7,1984,"Sommer_Haupt"
"Niederösterreich","1984-08-01",930816,8,1984,"Sommer_Haupt"
"Niederösterreich","1984-09-01",729959,9,1984,"Sommer_Neben"
"Niederösterreich","1984-10-01",468044,10,1984,"Übergang"
"Niederösterreich","1984-11-01",260811,11,1984,"Übergang"
"Niederösterreich","1984-12-01",269040,12,1984,"Winter_Haupt"
"Niederösterreich","1985-01-01",279963,1,1985,"Winter_Haupt"
"Niederösterreich","1985-02-01",307299,2,1985,"Winter_Haupt"
"Niederösterreich","1985-03-01",327945,3,1985,"Winter_Haupt"
"Niederösterreich","1985-04-01",437476,4,1985,"Übergang"
"Niederösterreich","1985-05-01",570336,5,1985,"Sommer_Neben"
"Niederösterreich","1985-06-01",677107,6,1985,"Sommer_Neben"
"Niederösterreich","1985-07-01",851001,7,1985,"Sommer_Haupt"
"Niederösterreich","1985-08-01",953847,8,1985,"Sommer_Haupt"
"Niederösterreich","1985-09-01",666148,9,1985,"Sommer_Neben"
"Niederösterreich","1985-10-01",467415,10,1985,"Übergang"
"Niederösterreich","1985-11-01",253129,11,1985,"Übergang"
"Niederösterreich","1985-12-01",264654,12,1985,"Winter_Haupt"
"Niederösterreich","1986-01-01",292130,1,1986,"Winter_Haupt"
"Niederösterreich","1986-02-01",325163,2,1986,"Winter_Haupt"
"Niederösterreich","1986-03-01",361745,3,1986,"Winter_Haupt"
"Niederösterreich","1986-04-01",386522,4,1986,"Übergang"
"Niederösterreich","1986-05-01",598372,5,1986,"Sommer_Neben"
"Niederösterreich","1986-06-01",644550,6,1986,"Sommer_Neben"
"Niederösterreich","1986-07-01",829563,7,1986,"Sommer_Haupt"
"Niederösterreich","1986-08-01",900969,8,1986,"Sommer_Haupt"
"Niederösterreich","1986-09-01",663936,9,1986,"Sommer_Neben"
"Niederösterreich","1986-10-01",443386,10,1986,"Übergang"
"Niederösterreich","1986-11-01",252354,11,1986,"Übergang"
"Niederösterreich","1986-12-01",255389,12,1986,"Winter_Haupt"
"Niederösterreich","1987-01-01",288924,1,1987,"Winter_Haupt"
"Niederösterreich","1987-02-01",318043,2,1987,"Winter_Haupt"
"Niederösterreich","1987-03-01",313565,3,1987,"Winter_Haupt"
"Niederösterreich","1987-04-01",448606,4,1987,"Übergang"
"Niederösterreich","1987-05-01",557864,5,1987,"Sommer_Neben"
"Niederösterreich","1987-06-01",643639,6,1987,"Sommer_Neben"
"Niederösterreich","1987-07-01",839385,7,1987,"Sommer_Haupt"
"Niederösterreich","1987-08-01",908962,8,1987,"Sommer_Haupt"
"Niederösterreich","1987-09-01",701949,9,1987,"Sommer_Neben"
"Niederösterreich","1987-10-01",485336,10,1987,"Übergang"
"Niederösterreich","1987-11-01",280445,11,1987,"Übergang"
"Niederösterreich","1987-12-01",260731,12,1987,"Winter_Haupt"
"Niederösterreich","1988-01-01",270597,1,1988,"Winter_Haupt"
"Niederösterreich","1988-02-01",306382,2,1988,"Winter_Haupt"
"Niederösterreich","1988-03-01",350171,3,1988,"Winter_Haupt"
"Niederösterreich","1988-04-01",439797,4,1988,"Übergang"
"Niederösterreich","1988-05-01",571777,5,1988,"Sommer_Neben"
"Niederösterreich","1988-06-01",656034,6,1988,"Sommer_Neben"
"Niederösterreich","1988-07-01",897621,7,1988,"Sommer_Haupt"
"Niederösterreich","1988-08-01",960732,8,1988,"Sommer_Haupt"
"Niederösterreich","1988-09-01",689120,9,1988,"Sommer_Neben"
"Niederösterreich","1988-10-01",487296,10,1988,"Übergang"
"Niederösterreich","1988-11-01",269007,11,1988,"Übergang"
"Niederösterreich","1988-12-01",270166,12,1988,"Winter_Haupt"
"Niederösterreich","1989-01-01",279888,1,1989,"Winter_Haupt"
"Niederösterreich","1989-02-01",310317,2,1989,"Winter_Haupt"
"Niederösterreich","1989-03-01",408714,3,1989,"Winter_Haupt"
"Niederösterreich","1989-04-01",414015,4,1989,"Übergang"
"Niederösterreich","1989-05-01",627938,5,1989,"Sommer_Neben"
"Niederösterreich","1989-06-01",657855,6,1989,"Sommer_Neben"
"Niederösterreich","1989-07-01",890034,7,1989,"Sommer_Haupt"
"Niederösterreich","1989-08-01",984560,8,1989,"Sommer_Haupt"
"Niederösterreich","1989-09-01",712753,9,1989,"Sommer_Neben"
"Niederösterreich","1989-10-01",517850,10,1989,"Übergang"
"Niederösterreich","1989-11-01",307391,11,1989,"Übergang"
"Niederösterreich","1989-12-01",297038,12,1989,"Winter_Haupt"
"Niederösterreich","1990-01-01",304226,1,1990,"Winter_Haupt"
"Niederösterreich","1990-02-01",303621,2,1990,"Winter_Haupt"
"Niederösterreich","1990-03-01",356397,3,1990,"Winter_Haupt"
"Niederösterreich","1990-04-01",499560,4,1990,"Übergang"
"Niederösterreich","1990-05-01",611973,5,1990,"Sommer_Neben"
"Niederösterreich","1990-06-01",752248,6,1990,"Sommer_Neben"
"Niederösterreich","1990-07-01",898415,7,1990,"Sommer_Haupt"
"Niederösterreich","1990-08-01",1021162,8,1990,"Sommer_Haupt"
"Niederösterreich","1990-09-01",754076,9,1990,"Sommer_Neben"
"Niederösterreich","1990-10-01",514290,10,1990,"Übergang"
"Niederösterreich","1990-11-01",294625,11,1990,"Übergang"
"Niederösterreich","1990-12-01",316927,12,1990,"Winter_Haupt"
"Niederösterreich","1991-01-01",301212,1,1991,"Winter_Haupt"
"Niederösterreich","1991-02-01",339842,2,1991,"Winter_Haupt"
"Niederösterreich","1991-03-01",386042,3,1991,"Winter_Haupt"
"Niederösterreich","1991-04-01",423034,4,1991,"Übergang"
"Niederösterreich","1991-05-01",621937,5,1991,"Sommer_Neben"
"Niederösterreich","1991-06-01",690625,6,1991,"Sommer_Neben"
"Niederösterreich","1991-07-01",881111,7,1991,"Sommer_Haupt"
"Niederösterreich","1991-08-01",1022528,8,1991,"Sommer_Haupt"
"Niederösterreich","1991-09-01",769743,9,1991,"Sommer_Neben"
"Niederösterreich","1991-10-01",554295,10,1991,"Übergang"
"Niederösterreich","1991-11-01",309297,11,1991,"Übergang"
"Niederösterreich","1991-12-01",307800,12,1991,"Winter_Haupt"
"Niederösterreich","1992-01-01",313098,1,1992,"Winter_Haupt"
"Niederösterreich","1992-02-01",340214,2,1992,"Winter_Haupt"
"Niederösterreich","1992-03-01",352062,3,1992,"Winter_Haupt"
"Niederösterreich","1992-04-01",449902,4,1992,"Übergang"
"Niederösterreich","1992-05-01",608335,5,1992,"Sommer_Neben"
"Niederösterreich","1992-06-01",682965,6,1992,"Sommer_Neben"
"Niederösterreich","1992-07-01",818831,7,1992,"Sommer_Haupt"
"Niederösterreich","1992-08-01",975297,8,1992,"Sommer_Haupt"
"Niederösterreich","1992-09-01",738606,9,1992,"Sommer_Neben"
"Niederösterreich","1992-10-01",502788,10,1992,"Übergang"
"Niederösterreich","1992-11-01",260753,11,1992,"Übergang"
"Niederösterreich","1992-12-01",290432,12,1992,"Winter_Haupt"
"Niederösterreich","1993-01-01",312543,1,1993,"Winter_Haupt"
"Niederösterreich","1993-02-01",331447,2,1993,"Winter_Haupt"
"Niederösterreich","1993-03-01",343728,3,1993,"Winter_Haupt"
"Niederösterreich","1993-04-01",444252,4,1993,"Übergang"
"Niederösterreich","1993-05-01",610992,5,1993,"Sommer_Neben"
"Niederösterreich","1993-06-01",690626,6,1993,"Sommer_Neben"
"Niederösterreich","1993-07-01",815221,7,1993,"Sommer_Haupt"
"Niederösterreich","1993-08-01",923918,8,1993,"Sommer_Haupt"
"Niederösterreich","1993-09-01",710620,9,1993,"Sommer_Neben"
"Niederösterreich","1993-10-01",486361,10,1993,"Übergang"
"Niederösterreich","1993-11-01",287450,11,1993,"Übergang"
"Niederösterreich","1993-12-01",277621,12,1993,"Winter_Haupt"
"Niederösterreich","1994-01-01",288590,1,1994,"Winter_Haupt"
"Niederösterreich","1994-02-01",322422,2,1994,"Winter_Haupt"
"Niederösterreich","1994-03-01",355085,3,1994,"Winter_Haupt"
"Niederösterreich","1994-04-01",409728,4,1994,"Übergang"
"Niederösterreich","1994-05-01",616140,5,1994,"Sommer_Neben"
"Niederösterreich","1994-06-01",644939,6,1994,"Sommer_Neben"
"Niederösterreich","1994-07-01",784255,7,1994,"Sommer_Haupt"
"Niederösterreich","1994-08-01",887985,8,1994,"Sommer_Haupt"
"Niederösterreich","1994-09-01",673175,9,1994,"Sommer_Neben"
"Niederösterreich","1994-10-01",495605,10,1994,"Übergang"
"Niederösterreich","1994-11-01",277303,11,1994,"Übergang"
"Niederösterreich","1994-12-01",279917,12,1994,"Winter_Haupt"
"Niederösterreich","1995-01-01",309608,1,1995,"Winter_Haupt"
"Niederösterreich","1995-02-01",324843,2,1995,"Winter_Haupt"
"Niederösterreich","1995-03-01",325632,3,1995,"Winter_Haupt"
"Niederösterreich","1995-04-01",417786,4,1995,"Übergang"
"Niederösterreich","1995-05-01",568816,5,1995,"Sommer_Neben"
"Niederösterreich","1995-06-01",643437,6,1995,"Sommer_Neben"
"Niederösterreich","1995-07-01",735884,7,1995,"Sommer_Haupt"
"Niederösterreich","1995-08-01",821029,8,1995,"Sommer_Haupt"
"Niederösterreich","1995-09-01",617600,9,1995,"Sommer_Neben"
"Niederösterreich","1995-10-01",481226,10,1995,"Übergang"
"Niederösterreich","1995-11-01",287819,11,1995,"Übergang"
"Niederösterreich","1995-12-01",293491,12,1995,"Winter_Haupt"
"Niederösterreich","1996-01-01",293609,1,1996,"Winter_Haupt"
"Niederösterreich","1996-02-01",319119,2,1996,"Winter_Haupt"
"Niederösterreich","1996-03-01",324283,3,1996,"Winter_Haupt"
"Niederösterreich","1996-04-01",401862,4,1996,"Übergang"
"Niederösterreich","1996-05-01",564659,5,1996,"Sommer_Neben"
"Niederösterreich","1996-06-01",619492,6,1996,"Sommer_Neben"
"Niederösterreich","1996-07-01",729766,7,1996,"Sommer_Haupt"
"Niederösterreich","1996-08-01",775649,8,1996,"Sommer_Haupt"
"Niederösterreich","1996-09-01",597429,9,1996,"Sommer_Neben"
"Niederösterreich","1996-10-01",450408,10,1996,"Übergang"
"Niederösterreich","1996-11-01",277897,11,1996,"Übergang"
"Niederösterreich","1996-12-01",267659,12,1996,"Winter_Haupt"
"Niederösterreich","1997-01-01",276309,1,1997,"Winter_Haupt"
"Niederösterreich","1997-02-01",282778,2,1997,"Winter_Haupt"
"Niederösterreich","1997-03-01",332794,3,1997,"Winter_Haupt"
"Niederösterreich","1997-04-01",360154,4,1997,"Übergang"
"Niederösterreich","1997-05-01",541725,5,1997,"Sommer_Neben"
"Niederösterreich","1997-06-01",592937,6,1997,"Sommer_Neben"
"Niederösterreich","1997-07-01",660290,7,1997,"Sommer_Haupt"
"Niederösterreich","1997-08-01",782897,8,1997,"Sommer_Haupt"
"Niederösterreich","1997-09-01",596296,9,1997,"Sommer_Neben"
"Niederösterreich","1997-10-01",473607,10,1997,"Übergang"
"Niederösterreich","1997-11-01",277620,11,1997,"Übergang"
"Niederösterreich","1997-12-01",269171,12,1997,"Winter_Haupt"
"Niederösterreich","1998-01-01",268530,1,1998,"Winter_Haupt"
"Niederösterreich","1998-02-01",296345,2,1998,"Winter_Haupt"
"Niederösterreich","1998-03-01",311364,3,1998,"Winter_Haupt"
"Niederösterreich","1998-04-01",389833,4,1998,"Übergang"
"Niederösterreich","1998-05-01",567706,5,1998,"Sommer_Neben"
"Niederösterreich","1998-06-01",594781,6,1998,"Sommer_Neben"
"Niederösterreich","1998-07-01",673549,7,1998,"Sommer_Haupt"
"Niederösterreich","1998-08-01",816592,8,1998,"Sommer_Haupt"
"Niederösterreich","1998-09-01",637987,9,1998,"Sommer_Neben"
"Niederösterreich","1998-10-01",457864,10,1998,"Übergang"
"Niederösterreich","1998-11-01",297180,11,1998,"Übergang"
"Niederösterreich","1998-12-01",294727,12,1998,"Winter_Haupt"
"Niederösterreich","1999-01-01",291719,1,1999,"Winter_Haupt"
"Niederösterreich","1999-02-01",308692,2,1999,"Winter_Haupt"
"Niederösterreich","1999-03-01",342582,3,1999,"Winter_Haupt"
"Niederösterreich","1999-04-01",374309,4,1999,"Übergang"
"Niederösterreich","1999-05-01",562250,5,1999,"Sommer_Neben"
"Niederösterreich","1999-06-01",597528,6,1999,"Sommer_Neben"
"Niederösterreich","1999-07-01",690291,7,1999,"Sommer_Haupt"
"Niederösterreich","1999-08-01",792803,8,1999,"Sommer_Haupt"
"Niederösterreich","1999-09-01",625972,9,1999,"Sommer_Neben"
"Niederösterreich","1999-10-01",480851,10,1999,"Übergang"
"Niederösterreich","1999-11-01",306294,11,1999,"Übergang"
"Niederösterreich","1999-12-01",289267,12,1999,"Winter_Haupt"
"Niederösterreich","2000-01-01",319786,1,2000,"Winter_Haupt"
"Niederösterreich","2000-02-01",337670,2,2000,"Winter_Haupt"
"Niederösterreich","2000-03-01",340804,3,2000,"Winter_Haupt"
"Niederösterreich","2000-04-01",424172,4,2000,"Übergang"
"Niederösterreich","2000-05-01",543416,5,2000,"Sommer_Neben"
"Niederösterreich","2000-06-01",625259,6,2000,"Sommer_Neben"
"Niederösterreich","2000-07-01",681540,7,2000,"Sommer_Haupt"
"Niederösterreich","2000-08-01",778793,8,2000,"Sommer_Haupt"
"Niederösterreich","2000-09-01",602075,9,2000,"Sommer_Neben"
"Niederösterreich","2000-10-01",465735,10,2000,"Übergang"
"Niederösterreich","2000-11-01",312449,11,2000,"Übergang"
"Niederösterreich","2000-12-01",295048,12,2000,"Winter_Haupt"
"Niederösterreich","2001-01-01",311708,1,2001,"Winter_Haupt"
"Niederösterreich","2001-02-01",331703,2,2001,"Winter_Haupt"
"Niederösterreich","2001-03-01",347523,3,2001,"Winter_Haupt"
"Niederösterreich","2001-04-01",412224,4,2001,"Übergang"
"Niederösterreich","2001-05-01",562762,5,2001,"Sommer_Neben"
"Niederösterreich","2001-06-01",608166,6,2001,"Sommer_Neben"
"Niederösterreich","2001-07-01",681586,7,2001,"Sommer_Haupt"
"Niederösterreich","2001-08-01",749511,8,2001,"Sommer_Haupt"
"Niederösterreich","2001-09-01",576395,9,2001,"Sommer_Neben"
"Niederösterreich","2001-10-01",475140,10,2001,"Übergang"
"Niederösterreich","2001-11-01",300063,11,2001,"Übergang"
"Niederösterreich","2001-12-01",286890,12,2001,"Winter_Haupt"
"Niederösterreich","2002-01-01",298678,1,2002,"Winter_Haupt"
"Niederösterreich","2002-02-01",320023,2,2002,"Winter_Haupt"
"Niederösterreich","2002-03-01",358186,3,2002,"Winter_Haupt"
"Niederösterreich","2002-04-01",379351,4,2002,"Übergang"
"Niederösterreich","2002-05-01",570144,5,2002,"Sommer_Neben"
"Niederösterreich","2002-06-01",580469,6,2002,"Sommer_Neben"
"Niederösterreich","2002-07-01",674027,7,2002,"Sommer_Haupt"
"Niederösterreich","2002-08-01",664944,8,2002,"Sommer_Haupt"
"Niederösterreich","2002-09-01",553031,9,2002,"Sommer_Neben"
"Niederösterreich","2002-10-01",456568,10,2002,"Übergang"
"Niederösterreich","2002-11-01",291019,11,2002,"Übergang"
"Niederösterreich","2002-12-01",285824,12,2002,"Winter_Haupt"
"Niederösterreich","2003-01-01",301681,1,2003,"Winter_Haupt"
"Niederösterreich","2003-02-01",333584,2,2003,"Winter_Haupt"
"Niederösterreich","2003-03-01",331715,3,2003,"Winter_Haupt"
"Niederösterreich","2003-04-01",388398,4,2003,"Übergang"
"Niederösterreich","2003-05-01",546414,5,2003,"Sommer_Neben"
"Niederösterreich","2003-06-01",592741,6,2003,"Sommer_Neben"
"Niederösterreich","2003-07-01",657634,7,2003,"Sommer_Haupt"
"Niederösterreich","2003-08-01",743517,8,2003,"Sommer_Haupt"
"Niederösterreich","2003-09-01",615141,9,2003,"Sommer_Neben"
"Niederösterreich","2003-10-01",474844,10,2003,"Übergang"
"Niederösterreich","2003-11-01",321754,11,2003,"Übergang"
"Niederösterreich","2003-12-01",312963,12,2003,"Winter_Haupt"
"Niederösterreich","2004-01-01",328651,1,2004,"Winter_Haupt"
"Niederösterreich","2004-02-01",348576,2,2004,"Winter_Haupt"
"Niederösterreich","2004-03-01",380284,3,2004,"Winter_Haupt"
"Niederösterreich","2004-04-01",416526,4,2004,"Übergang"
"Niederösterreich","2004-05-01",572841,5,2004,"Sommer_Neben"
"Niederösterreich","2004-06-01",607720,6,2004,"Sommer_Neben"
"Niederösterreich","2004-07-01",671929,7,2004,"Sommer_Haupt"
"Niederösterreich","2004-08-01",755994,8,2004,"Sommer_Haupt"
"Niederösterreich","2004-09-01",615295,9,2004,"Sommer_Neben"
"Niederösterreich","2004-10-01",471857,10,2004,"Übergang"
"Niederösterreich","2004-11-01",336029,11,2004,"Übergang"
"Niederösterreich","2004-12-01",319753,12,2004,"Winter_Haupt"
"Niederösterreich","2005-01-01",322537,1,2005,"Winter_Haupt"
"Niederösterreich","2005-02-01",343692,2,2005,"Winter_Haupt"
"Niederösterreich","2005-03-01",372498,3,2005,"Winter_Haupt"
"Niederösterreich","2005-04-01",407462,4,2005,"Übergang"
"Niederösterreich","2005-05-01",570755,5,2005,"Sommer_Neben"
"Niederösterreich","2005-06-01",602648,6,2005,"Sommer_Neben"
"Niederösterreich","2005-07-01",682178,7,2005,"Sommer_Haupt"
"Niederösterreich","2005-08-01",739765,8,2005,"Sommer_Haupt"
"Niederösterreich","2005-09-01",625503,9,2005,"Sommer_Neben"
"Niederösterreich","2005-10-01",496091,10,2005,"Übergang"
"Niederösterreich","2005-11-01",338690,11,2005,"Übergang"
"Niederösterreich","2005-12-01",338818,12,2005,"Winter_Haupt"
"Niederösterreich","2006-01-01",347838,1,2006,"Winter_Haupt"
"Niederösterreich","2006-02-01",361457,2,2006,"Winter_Haupt"
"Niederösterreich","2006-03-01",397612,3,2006,"Winter_Haupt"
"Niederösterreich","2006-04-01",442264,4,2006,"Übergang"
"Niederösterreich","2006-05-01",576864,5,2006,"Sommer_Neben"
"Niederösterreich","2006-06-01",619265,6,2006,"Sommer_Neben"
"Niederösterreich","2006-07-01",694567,7,2006,"Sommer_Haupt"
"Niederösterreich","2006-08-01",737163,8,2006,"Sommer_Haupt"
"Niederösterreich","2006-09-01",634269,9,2006,"Sommer_Neben"
"Niederösterreich","2006-10-01",528080,10,2006,"Übergang"
"Niederösterreich","2006-11-01",376164,11,2006,"Übergang"
"Niederösterreich","2006-12-01",355991,12,2006,"Winter_Haupt"
"Niederösterreich","2007-01-01",340051,1,2007,"Winter_Haupt"
"Niederösterreich","2007-02-01",366259,2,2007,"Winter_Haupt"
"Niederösterreich","2007-03-01",414504,3,2007,"Winter_Haupt"
"Niederösterreich","2007-04-01",475922,4,2007,"Übergang"
"Niederösterreich","2007-05-01",585662,5,2007,"Sommer_Neben"
"Niederösterreich","2007-06-01",653320,6,2007,"Sommer_Neben"
"Niederösterreich","2007-07-01",724312,7,2007,"Sommer_Haupt"
"Niederösterreich","2007-08-01",782985,8,2007,"Sommer_Haupt"
"Niederösterreich","2007-09-01",649282,9,2007,"Sommer_Neben"
"Niederösterreich","2007-10-01",543874,10,2007,"Übergang"
"Niederösterreich","2007-11-01",405420,11,2007,"Übergang"
"Niederösterreich","2007-12-01",389376,12,2007,"Winter_Haupt"
"Niederösterreich","2008-01-01",369691,1,2008,"Winter_Haupt"
"Niederösterreich","2008-02-01",411973,2,2008,"Winter_Haupt"
"Niederösterreich","2008-03-01",430105,3,2008,"Winter_Haupt"
"Niederösterreich","2008-04-01",471901,4,2008,"Übergang"
"Niederösterreich","2008-05-01",655690,5,2008,"Sommer_Neben"
"Niederösterreich","2008-06-01",639822,6,2008,"Sommer_Neben"
"Niederösterreich","2008-07-01",750915,7,2008,"Sommer_Haupt"
"Niederösterreich","2008-08-01",786076,8,2008,"Sommer_Haupt"
"Niederösterreich","2008-09-01",656501,9,2008,"Sommer_Neben"
"Niederösterreich","2008-10-01",559268,10,2008,"Übergang"
"Niederösterreich","2008-11-01",406403,11,2008,"Übergang"
"Niederösterreich","2008-12-01",391244,12,2008,"Winter_Haupt"
"Niederösterreich","2009-01-01",381953,1,2009,"Winter_Haupt"
"Niederösterreich","2009-02-01",403669,2,2009,"Winter_Haupt"
"Niederösterreich","2009-03-01",423351,3,2009,"Winter_Haupt"
"Niederösterreich","2009-04-01",470292,4,2009,"Übergang"
"Niederösterreich","2009-05-01",612469,5,2009,"Sommer_Neben"
"Niederösterreich","2009-06-01",617492,6,2009,"Sommer_Neben"
"Niederösterreich","2009-07-01",712709,7,2009,"Sommer_Haupt"
"Niederösterreich","2009-08-01",798798,8,2009,"Sommer_Haupt"
"Niederösterreich","2009-09-01",677596,9,2009,"Sommer_Neben"
"Niederösterreich","2009-10-01",561717,10,2009,"Übergang"
"Niederösterreich","2009-11-01",399709,11,2009,"Übergang"
"Niederösterreich","2009-12-01",381914,12,2009,"Winter_Haupt"
"Niederösterreich","2010-01-01",372276,1,2010,"Winter_Haupt"
"Niederösterreich","2010-02-01",402328,2,2010,"Winter_Haupt"
"Niederösterreich","2010-03-01",435484,3,2010,"Winter_Haupt"
"Niederösterreich","2010-04-01",463542,4,2010,"Übergang"
"Niederösterreich","2010-05-01",615109,5,2010,"Sommer_Neben"
"Niederösterreich","2010-06-01",637641,6,2010,"Sommer_Neben"
"Niederösterreich","2010-07-01",733516,7,2010,"Sommer_Haupt"
"Niederösterreich","2010-08-01",787601,8,2010,"Sommer_Haupt"
"Niederösterreich","2010-09-01",662938,9,2010,"Sommer_Neben"
"Niederösterreich","2010-10-01",563256,10,2010,"Übergang"
"Niederösterreich","2010-11-01",421609,11,2010,"Übergang"
"Niederösterreich","2010-12-01",381538,12,2010,"Winter_Haupt"
"Niederösterreich","2011-01-01",373632,1,2011,"Winter_Haupt"
"Niederösterreich","2011-02-01",404873,2,2011,"Winter_Haupt"
"Niederösterreich","2011-03-01",434381,3,2011,"Winter_Haupt"
"Niederösterreich","2011-04-01",493107,4,2011,"Übergang"
"Niederösterreich","2011-05-01",630963,5,2011,"Sommer_Neben"
"Niederösterreich","2011-06-01",679172,6,2011,"Sommer_Neben"
"Niederösterreich","2011-07-01",760267,7,2011,"Sommer_Haupt"
"Niederösterreich","2011-08-01",812560,8,2011,"Sommer_Haupt"
"Niederösterreich","2011-09-01",693025,9,2011,"Sommer_Neben"
"Niederösterreich","2011-10-01",580745,10,2011,"Übergang"
"Niederösterreich","2011-11-01",435452,11,2011,"Übergang"
"Niederösterreich","2011-12-01",388229,12,2011,"Winter_Haupt"
"Niederösterreich","2012-01-01",406563,1,2012,"Winter_Haupt"
"Niederösterreich","2012-02-01",403310,2,2012,"Winter_Haupt"
"Niederösterreich","2012-03-01",456461,3,2012,"Winter_Haupt"
"Niederösterreich","2012-04-01",514277,4,2012,"Übergang"
"Niederösterreich","2012-05-01",625774,5,2012,"Sommer_Neben"
"Niederösterreich","2012-06-01",653523,6,2012,"Sommer_Neben"
"Niederösterreich","2012-07-01",741924,7,2012,"Sommer_Haupt"
"Niederösterreich","2012-08-01",803441,8,2012,"Sommer_Haupt"
"Niederösterreich","2012-09-01",687205,9,2012,"Sommer_Neben"
"Niederösterreich","2012-10-01",592120,10,2012,"Übergang"
"Niederösterreich","2012-11-01",450685,11,2012,"Übergang"
"Niederösterreich","2012-12-01",400037,12,2012,"Winter_Haupt"
"Niederösterreich","2013-01-01",383241,1,2013,"Winter_Haupt"
"Niederösterreich","2013-02-01",402484,2,2013,"Winter_Haupt"
"Niederösterreich","2013-03-01",458560,3,2013,"Winter_Haupt"
"Niederösterreich","2013-04-01",479925,4,2013,"Übergang"
"Niederösterreich","2013-05-01",626434,5,2013,"Sommer_Neben"
"Niederösterreich","2013-06-01",606509,6,2013,"Sommer_Neben"
"Niederösterreich","2013-07-01",734713,7,2013,"Sommer_Haupt"
"Niederösterreich","2013-08-01",781524,8,2013,"Sommer_Haupt"
"Niederösterreich","2013-09-01",651454,9,2013,"Sommer_Neben"
"Niederösterreich","2013-10-01",570685,10,2013,"Übergang"
"Niederösterreich","2013-11-01",450983,11,2013,"Übergang"
"Niederösterreich","2013-12-01",386120,12,2013,"Winter_Haupt"
"Niederösterreich","2014-01-01",383619,1,2014,"Winter_Haupt"
"Niederösterreich","2014-02-01",404416,2,2014,"Winter_Haupt"
"Niederösterreich","2014-03-01",447167,3,2014,"Winter_Haupt"
"Niederösterreich","2014-04-01",502255,4,2014,"Übergang"
"Niederösterreich","2014-05-01",642655,5,2014,"Sommer_Neben"
"Niederösterreich","2014-06-01",674317,6,2014,"Sommer_Neben"
"Niederösterreich","2014-07-01",760767,7,2014,"Sommer_Haupt"
"Niederösterreich","2014-08-01",792924,8,2014,"Sommer_Haupt"
"Niederösterreich","2014-09-01",674529,9,2014,"Sommer_Neben"
"Niederösterreich","2014-10-01",598092,10,2014,"Übergang"
"Niederösterreich","2014-11-01",444946,11,2014,"Übergang"
"Niederösterreich","2014-12-01",397444,12,2014,"Winter_Haupt"
"Niederösterreich","2015-01-01",389899,1,2015,"Winter_Haupt"
"Niederösterreich","2015-02-01",415504,2,2015,"Winter_Haupt"
"Niederösterreich","2015-03-01",455538,3,2015,"Winter_Haupt"
"Niederösterreich","2015-04-01",499020,4,2015,"Übergang"
"Niederösterreich","2015-05-01",631682,5,2015,"Sommer_Neben"
"Niederösterreich","2015-06-01",677279,6,2015,"Sommer_Neben"
"Niederösterreich","2015-07-01",774440,7,2015,"Sommer_Haupt"
"Niederösterreich","2015-08-01",815421,8,2015,"Sommer_Haupt"
"Niederösterreich","2015-09-01",705277,9,2015,"Sommer_Neben"
"Niederösterreich","2015-10-01",585316,10,2015,"Übergang"
"Niederösterreich","2015-11-01",461647,11,2015,"Übergang"
"Niederösterreich","2015-12-01",392941,12,2015,"Winter_Haupt"
"Niederösterreich","2016-01-01",379771,1,2016,"Winter_Haupt"
"Niederösterreich","2016-02-01",421132,2,2016,"Winter_Haupt"
"Niederösterreich","2016-03-01",475116,3,2016,"Winter_Haupt"
"Niederösterreich","2016-04-01",518278,4,2016,"Übergang"
"Niederösterreich","2016-05-01",652893,5,2016,"Sommer_Neben"
"Niederösterreich","2016-06-01",645625,6,2016,"Sommer_Neben"
"Niederösterreich","2016-07-01",788933,7,2016,"Sommer_Haupt"
"Niederösterreich","2016-08-01",842888,8,2016,"Sommer_Haupt"
"Niederösterreich","2016-09-01",710211,9,2016,"Sommer_Neben"
"Niederösterreich","2016-10-01",589123,10,2016,"Übergang"
"Niederösterreich","2016-11-01",459033,11,2016,"Übergang"
"Niederösterreich","2016-12-01",419453,12,2016,"Winter_Haupt"
"Niederösterreich","2017-01-01",399150,1,2017,"Winter_Haupt"
"Niederösterreich","2017-02-01",417628,2,2017,"Winter_Haupt"
"Niederösterreich","2017-03-01",488407,3,2017,"Winter_Haupt"
"Niederösterreich","2017-04-01",552591,4,2017,"Übergang"
"Niederösterreich","2017-05-01",681413,5,2017,"Sommer_Neben"
"Niederösterreich","2017-06-01",711679,6,2017,"Sommer_Neben"
"Niederösterreich","2017-07-01",824304,7,2017,"Sommer_Haupt"
"Niederösterreich","2017-08-01",865980,8,2017,"Sommer_Haupt"
"Niederösterreich","2017-09-01",725908,9,2017,"Sommer_Neben"
"Niederösterreich","2017-10-01",601576,10,2017,"Übergang"
"Niederösterreich","2017-11-01",468901,11,2017,"Übergang"
"Niederösterreich","2017-12-01",444076,12,2017,"Winter_Haupt"
"Niederösterreich","2018-01-01",419967,1,2018,"Winter_Haupt"
"Niederösterreich","2018-02-01",439045,2,2018,"Winter_Haupt"
"Niederösterreich","2018-03-01",501759,3,2018,"Winter_Haupt"
"Niederösterreich","2018-04-01",562668,4,2018,"Übergang"
"Niederösterreich","2018-05-01",689026,5,2018,"Sommer_Neben"
"Niederösterreich","2018-06-01",723548,6,2018,"Sommer_Neben"
"Niederösterreich","2018-07-01",840885,7,2018,"Sommer_Haupt"
"Niederösterreich","2018-08-01",896017,8,2018,"Sommer_Haupt"
"Niederösterreich","2018-09-01",739989,9,2018,"Sommer_Neben"
"Niederösterreich","2018-10-01",637877,10,2018,"Übergang"
"Niederösterreich","2018-11-01",488978,11,2018,"Übergang"
"Niederösterreich","2018-12-01",478769,12,2018,"Winter_Haupt"
"Niederösterreich","2019-01-01",430658,1,2019,"Winter_Haupt"
"Niederösterreich","2019-02-01",457865,2,2019,"Winter_Haupt"
"Niederösterreich","2019-03-01",507100,3,2019,"Winter_Haupt"
"Niederösterreich","2019-04-01",576558,4,2019,"Übergang"
"Niederösterreich","2019-05-01",700860,5,2019,"Sommer_Neben"
"Niederösterreich","2019-06-01",776000,6,2019,"Sommer_Neben"
"Niederösterreich","2019-07-01",888215,7,2019,"Sommer_Haupt"
"Niederösterreich","2019-08-01",941734,8,2019,"Sommer_Haupt"
"Niederösterreich","2019-09-01",742924,9,2019,"Sommer_Neben"
"Niederösterreich","2019-10-01",669835,10,2019,"Übergang"
"Niederösterreich","2019-11-01",503053,11,2019,"Übergang"
"Niederösterreich","2019-12-01",483654,12,2019,"Winter_Haupt"
"Niederösterreich","2020-01-01",449309,1,2020,"Winter_Haupt"
"Niederösterreich","2020-02-01",468039,2,2020,"Winter_Haupt"
"Niederösterreich","2020-03-01",220718,3,2020,"Winter_Haupt"
"Niederösterreich","2020-04-01",54577,4,2020,"Übergang"
"Niederösterreich","2020-05-01",117983,5,2020,"Sommer_Neben"
"Niederösterreich","2020-06-01",403677,6,2020,"Sommer_Neben"
"Niederösterreich","2020-07-01",695094,7,2020,"Sommer_Haupt"
"Niederösterreich","2020-08-01",776244,8,2020,"Sommer_Haupt"
"Niederösterreich","2020-09-01",596370,9,2020,"Sommer_Neben"
"Niederösterreich","2020-10-01",427429,10,2020,"Übergang"
"Niederösterreich","2020-11-01",203696,11,2020,"Übergang"
"Niederösterreich","2020-12-01",155039,12,2020,"Winter_Haupt"
"Niederösterreich","2021-01-01",151130,1,2021,"Winter_Haupt"
"Niederösterreich","2021-02-01",175128,2,2021,"Winter_Haupt"
"Niederösterreich","2021-03-01",220306,3,2021,"Winter_Haupt"
"Niederösterreich","2021-04-01",210818,4,2021,"Übergang"
"Niederösterreich","2021-05-01",315434,5,2021,"Sommer_Neben"
"Niederösterreich","2021-06-01",515216,6,2021,"Sommer_Neben"
"Niederösterreich","2021-07-01",738116,7,2021,"Sommer_Haupt"
"Niederösterreich","2021-08-01",840189,8,2021,"Sommer_Haupt"
"Niederösterreich","2021-09-01",683520,9,2021,"Sommer_Neben"
"Niederösterreich","2021-10-01",577042,10,2021,"Übergang"
"Niederösterreich","2021-11-01",332284,11,2021,"Übergang"
"Niederösterreich","2021-12-01",239840,12,2021,"Winter_Haupt"
"Niederösterreich","2022-01-01",286163,1,2022,"Winter_Haupt"
"Niederösterreich","2022-02-01",327658,2,2022,"Winter_Haupt"
"Niederösterreich","2022-03-01",398735,3,2022,"Winter_Haupt"
"Niederösterreich","2022-04-01",469096,4,2022,"Übergang"
"Niederösterreich","2022-05-01",616185,5,2022,"Sommer_Neben"
"Niederösterreich","2022-06-01",686700,6,2022,"Sommer_Neben"
"Niederösterreich","2022-07-01",789339,7,2022,"Sommer_Haupt"
"Niederösterreich","2022-08-01",849534,8,2022,"Sommer_Haupt"
"Niederösterreich","2022-09-01",704687,9,2022,"Sommer_Neben"
"Niederösterreich","2022-10-01",605848,10,2022,"Übergang"
"Niederösterreich","2022-11-01",450862,11,2022,"Übergang"
"Niederösterreich","2022-12-01",413541,12,2022,"Winter_Haupt"
"Niederösterreich","2023-01-01",402382,1,2023,"Winter_Haupt"
"Niederösterreich","2023-02-01",430741,2,2023,"Winter_Haupt"
"Niederösterreich","2023-03-01",477249,3,2023,"Winter_Haupt"
"Niederösterreich","2023-04-01",537386,4,2023,"Übergang"
"Niederösterreich","2023-05-01",681214,5,2023,"Sommer_Neben"
"Niederösterreich","2023-06-01",743565,6,2023,"Sommer_Neben"
"Niederösterreich","2023-07-01",885171,7,2023,"Sommer_Haupt"
"Niederösterreich","2023-08-01",897121,8,2023,"Sommer_Haupt"
"Niederösterreich","2023-09-01",761218,9,2023,"Sommer_Neben"
"Niederösterreich","2023-10-01",628255,10,2023,"Übergang"
"Niederösterreich","2023-11-01",454757,11,2023,"Übergang"
"Niederösterreich","2023-12-01",440762,12,2023,"Winter_Haupt"
"Niederösterreich","2024-01-01",405306,1,2024,"Winter_Haupt"
"Niederösterreich","2024-02-01",432294,2,2024,"Winter_Haupt"
"Niederösterreich","2024-03-01",482042,3,2024,"Winter_Haupt"
"Niederösterreich","2024-04-01",532536,4,2024,"Übergang"
"Niederösterreich","2024-05-01",692406,5,2024,"Sommer_Neben"
"Niederösterreich","2024-06-01",726229,6,2024,"Sommer_Neben"
"Niederösterreich","2024-07-01",866873,7,2024,"Sommer_Haupt"
"Niederösterreich","2024-08-01",962904,8,2024,"Sommer_Haupt"
"Niederösterreich","2024-09-01",648895,9,2024,"Sommer_Neben"
"Niederösterreich","2024-10-01",630435,10,2024,"Übergang"
"Niederösterreich","2024-11-01",484374,11,2024,"Übergang"
"Niederösterreich","2024-12-01",458438,12,2024,"Winter_Haupt"
"Oberösterreich","1974-01-01",255923,1,1974,"Winter_Haupt"
"Oberösterreich","1974-02-01",300653,2,1974,"Winter_Haupt"
"Oberösterreich","1974-03-01",315437,3,1974,"Winter_Haupt"
"Oberösterreich","1974-04-01",390891,4,1974,"Übergang"
"Oberösterreich","1974-05-01",514175,5,1974,"Sommer_Neben"
"Oberösterreich","1974-06-01",853049,6,1974,"Sommer_Neben"
"Oberösterreich","1974-07-01",1906121,7,1974,"Sommer_Haupt"
"Oberösterreich","1974-08-01",2294174,8,1974,"Sommer_Haupt"
"Oberösterreich","1974-09-01",847049,9,1974,"Sommer_Neben"
"Oberösterreich","1974-10-01",344043,10,1974,"Übergang"
"Oberösterreich","1974-11-01",210243,11,1974,"Übergang"
"Oberösterreich","1974-12-01",261311,12,1974,"Winter_Haupt"
"Oberösterreich","1975-01-01",273308,1,1975,"Winter_Haupt"
"Oberösterreich","1975-02-01",293940,2,1975,"Winter_Haupt"
"Oberösterreich","1975-03-01",388359,3,1975,"Winter_Haupt"
"Oberösterreich","1975-04-01",331344,4,1975,"Übergang"
"Oberösterreich","1975-05-01",554338,5,1975,"Sommer_Neben"
"Oberösterreich","1975-06-01",835175,6,1975,"Sommer_Neben"
"Oberösterreich","1975-07-01",2077500,7,1975,"Sommer_Haupt"
"Oberösterreich","1975-08-01",2125858,8,1975,"Sommer_Haupt"
"Oberösterreich","1975-09-01",796207,9,1975,"Sommer_Neben"
"Oberösterreich","1975-10-01",338544,10,1975,"Übergang"
"Oberösterreich","1975-11-01",194191,11,1975,"Übergang"
"Oberösterreich","1975-12-01",279165,12,1975,"Winter_Haupt"
"Oberösterreich","1976-01-01",259707,1,1976,"Winter_Haupt"
"Oberösterreich","1976-02-01",283757,2,1976,"Winter_Haupt"
"Oberösterreich","1976-03-01",305504,3,1976,"Winter_Haupt"
"Oberösterreich","1976-04-01",377697,4,1976,"Übergang"
"Oberösterreich","1976-05-01",512214,5,1976,"Sommer_Neben"
"Oberösterreich","1976-06-01",854367,6,1976,"Sommer_Neben"
"Oberösterreich","1976-07-01",1965727,7,1976,"Sommer_Haupt"
"Oberösterreich","1976-08-01",2031865,8,1976,"Sommer_Haupt"
"Oberösterreich","1976-09-01",777985,9,1976,"Sommer_Neben"
"Oberösterreich","1976-10-01",333318,10,1976,"Übergang"
"Oberösterreich","1976-11-01",196937,11,1976,"Übergang"
"Oberösterreich","1976-12-01",260832,12,1976,"Winter_Haupt"
"Oberösterreich","1977-01-01",285562,1,1977,"Winter_Haupt"
"Oberösterreich","1977-02-01",303819,2,1977,"Winter_Haupt"
"Oberösterreich","1977-03-01",319889,3,1977,"Winter_Haupt"
"Oberösterreich","1977-04-01",375074,4,1977,"Übergang"
"Oberösterreich","1977-05-01",538242,5,1977,"Sommer_Neben"
"Oberösterreich","1977-06-01",901410,6,1977,"Sommer_Neben"
"Oberösterreich","1977-07-01",1954965,7,1977,"Sommer_Haupt"
"Oberösterreich","1977-08-01",1883486,8,1977,"Sommer_Haupt"
"Oberösterreich","1977-09-01",748112,9,1977,"Sommer_Neben"
"Oberösterreich","1977-10-01",364863,10,1977,"Übergang"
"Oberösterreich","1977-11-01",196492,11,1977,"Übergang"
"Oberösterreich","1977-12-01",273597,12,1977,"Winter_Haupt"
"Oberösterreich","1978-01-01",308668,1,1978,"Winter_Haupt"
"Oberösterreich","1978-02-01",308645,2,1978,"Winter_Haupt"
"Oberösterreich","1978-03-01",391573,3,1978,"Winter_Haupt"
"Oberösterreich","1978-04-01",321523,4,1978,"Übergang"
"Oberösterreich","1978-05-01",571563,5,1978,"Sommer_Neben"
"Oberösterreich","1978-06-01",813980,6,1978,"Sommer_Neben"
"Oberösterreich","1978-07-01",1828758,7,1978,"Sommer_Haupt"
"Oberösterreich","1978-08-01",1889188,8,1978,"Sommer_Haupt"
"Oberösterreich","1978-09-01",750159,9,1978,"Sommer_Neben"
"Oberösterreich","1978-10-01",365330,10,1978,"Übergang"
"Oberösterreich","1978-11-01",207786,11,1978,"Übergang"
"Oberösterreich","1978-12-01",299951,12,1978,"Winter_Haupt"
"Oberösterreich","1979-01-01",306801,1,1979,"Winter_Haupt"
"Oberösterreich","1979-02-01",300143,2,1979,"Winter_Haupt"
"Oberösterreich","1979-03-01",312562,3,1979,"Winter_Haupt"
"Oberösterreich","1979-04-01",388103,4,1979,"Übergang"
"Oberösterreich","1979-05-01",549528,5,1979,"Sommer_Neben"
"Oberösterreich","1979-06-01",905324,6,1979,"Sommer_Neben"
"Oberösterreich","1979-07-01",1814479,7,1979,"Sommer_Haupt"
"Oberösterreich","1979-08-01",1938855,8,1979,"Sommer_Haupt"
"Oberösterreich","1979-09-01",791297,9,1979,"Sommer_Neben"
"Oberösterreich","1979-10-01",390484,10,1979,"Übergang"
"Oberösterreich","1979-11-01",214775,11,1979,"Übergang"
"Oberösterreich","1979-12-01",295561,12,1979,"Winter_Haupt"
"Oberösterreich","1980-01-01",304170,1,1980,"Winter_Haupt"
"Oberösterreich","1980-02-01",330513,2,1980,"Winter_Haupt"
"Oberösterreich","1980-03-01",341581,3,1980,"Winter_Haupt"
"Oberösterreich","1980-04-01",390037,4,1980,"Übergang"
"Oberösterreich","1980-05-01",620816,5,1980,"Sommer_Neben"
"Oberösterreich","1980-06-01",927153,6,1980,"Sommer_Neben"
"Oberösterreich","1980-07-01",1744666,7,1980,"Sommer_Haupt"
"Oberösterreich","1980-08-01",1904128,8,1980,"Sommer_Haupt"
"Oberösterreich","1980-09-01",868098,9,1980,"Sommer_Neben"
"Oberösterreich","1980-10-01",431238,10,1980,"Übergang"
"Oberösterreich","1980-11-01",207644,11,1980,"Übergang"
"Oberösterreich","1980-12-01",313177,12,1980,"Winter_Haupt"
"Oberösterreich","1981-01-01",323046,1,1981,"Winter_Haupt"
"Oberösterreich","1981-02-01",322565,2,1981,"Winter_Haupt"
"Oberösterreich","1981-03-01",330265,3,1981,"Winter_Haupt"
"Oberösterreich","1981-04-01",398221,4,1981,"Übergang"
"Oberösterreich","1981-05-01",565893,5,1981,"Sommer_Neben"
"Oberösterreich","1981-06-01",913092,6,1981,"Sommer_Neben"
"Oberösterreich","1981-07-01",1646003,7,1981,"Sommer_Haupt"
"Oberösterreich","1981-08-01",1997594,8,1981,"Sommer_Haupt"
"Oberösterreich","1981-09-01",866825,9,1981,"Sommer_Neben"
"Oberösterreich","1981-10-01",403997,10,1981,"Übergang"
"Oberösterreich","1981-11-01",201243,11,1981,"Übergang"
"Oberösterreich","1981-12-01",293138,12,1981,"Winter_Haupt"
"Oberösterreich","1982-01-01",322601,1,1982,"Winter_Haupt"
"Oberösterreich","1982-02-01",350776,2,1982,"Winter_Haupt"
"Oberösterreich","1982-03-01",330546,3,1982,"Winter_Haupt"
"Oberösterreich","1982-04-01",387809,4,1982,"Übergang"
"Oberösterreich","1982-05-01",601633,5,1982,"Sommer_Neben"
"Oberösterreich","1982-06-01",875593,6,1982,"Sommer_Neben"
"Oberösterreich","1982-07-01",1665630,7,1982,"Sommer_Haupt"
"Oberösterreich","1982-08-01",1855006,8,1982,"Sommer_Haupt"
"Oberösterreich","1982-09-01",849202,9,1982,"Sommer_Neben"
"Oberösterreich","1982-10-01",400290,10,1982,"Übergang"
"Oberösterreich","1982-11-01",196554,11,1982,"Übergang"
"Oberösterreich","1982-12-01",265246,12,1982,"Winter_Haupt"
"Oberösterreich","1983-01-01",308669,1,1983,"Winter_Haupt"
"Oberösterreich","1983-02-01",359792,2,1983,"Winter_Haupt"
"Oberösterreich","1983-03-01",356443,3,1983,"Winter_Haupt"
"Oberösterreich","1983-04-01",332354,4,1983,"Übergang"
"Oberösterreich","1983-05-01",602901,5,1983,"Sommer_Neben"
"Oberösterreich","1983-06-01",832269,6,1983,"Sommer_Neben"
"Oberösterreich","1983-07-01",1721831,7,1983,"Sommer_Haupt"
"Oberösterreich","1983-08-01",1821846,8,1983,"Sommer_Haupt"
"Oberösterreich","1983-09-01",833451,9,1983,"Sommer_Neben"
"Oberösterreich","1983-10-01",407959,10,1983,"Übergang"
"Oberösterreich","1983-11-01",214628,11,1983,"Übergang"
"Oberösterreich","1983-12-01",258937,12,1983,"Winter_Haupt"
"Oberösterreich","1984-01-01",314206,1,1984,"Winter_Haupt"
"Oberösterreich","1984-02-01",348742,2,1984,"Winter_Haupt"
"Oberösterreich","1984-03-01",337989,3,1984,"Winter_Haupt"
"Oberösterreich","1984-04-01",375879,4,1984,"Übergang"
"Oberösterreich","1984-05-01",537433,5,1984,"Sommer_Neben"
"Oberösterreich","1984-06-01",847677,6,1984,"Sommer_Neben"
"Oberösterreich","1984-07-01",1500301,7,1984,"Sommer_Haupt"
"Oberösterreich","1984-08-01",1736005,8,1984,"Sommer_Haupt"
"Oberösterreich","1984-09-01",809624,9,1984,"Sommer_Neben"
"Oberösterreich","1984-10-01",405908,10,1984,"Übergang"
"Oberösterreich","1984-11-01",210357,11,1984,"Übergang"
"Oberösterreich","1984-12-01",284140,12,1984,"Winter_Haupt"
"Oberösterreich","1985-01-01",316900,1,1985,"Winter_Haupt"
"Oberösterreich","1985-02-01",364562,2,1985,"Winter_Haupt"
"Oberösterreich","1985-03-01",336773,3,1985,"Winter_Haupt"
"Oberösterreich","1985-04-01",365228,4,1985,"Übergang"
"Oberösterreich","1985-05-01",570436,5,1985,"Sommer_Neben"
"Oberösterreich","1985-06-01",808392,6,1985,"Sommer_Neben"
"Oberösterreich","1985-07-01",1441876,7,1985,"Sommer_Haupt"
"Oberösterreich","1985-08-01",1600895,8,1985,"Sommer_Haupt"
"Oberösterreich","1985-09-01",780322,9,1985,"Sommer_Neben"
"Oberösterreich","1985-10-01",419386,10,1985,"Übergang"
"Oberösterreich","1985-11-01",213187,11,1985,"Übergang"
"Oberösterreich","1985-12-01",272921,12,1985,"Winter_Haupt"
"Oberösterreich","1986-01-01",325152,1,1986,"Winter_Haupt"
"Oberösterreich","1986-02-01",399022,2,1986,"Winter_Haupt"
"Oberösterreich","1986-03-01",404164,3,1986,"Winter_Haupt"
"Oberösterreich","1986-04-01",320159,4,1986,"Übergang"
"Oberösterreich","1986-05-01",549552,5,1986,"Sommer_Neben"
"Oberösterreich","1986-06-01",698795,6,1986,"Sommer_Neben"
"Oberösterreich","1986-07-01",1414758,7,1986,"Sommer_Haupt"
"Oberösterreich","1986-08-01",1592048,8,1986,"Sommer_Haupt"
"Oberösterreich","1986-09-01",782138,9,1986,"Sommer_Neben"
"Oberösterreich","1986-10-01",406555,10,1986,"Übergang"
"Oberösterreich","1986-11-01",223832,11,1986,"Übergang"
"Oberösterreich","1986-12-01",290858,12,1986,"Winter_Haupt"
"Oberösterreich","1987-01-01",323181,1,1987,"Winter_Haupt"
"Oberösterreich","1987-02-01",385490,2,1987,"Winter_Haupt"
"Oberösterreich","1987-03-01",376529,3,1987,"Winter_Haupt"
"Oberösterreich","1987-04-01",379044,4,1987,"Übergang"
"Oberösterreich","1987-05-01",508737,5,1987,"Sommer_Neben"
"Oberösterreich","1987-06-01",743770,6,1987,"Sommer_Neben"
"Oberösterreich","1987-07-01",1317339,7,1987,"Sommer_Haupt"
"Oberösterreich","1987-08-01",1462870,8,1987,"Sommer_Haupt"
"Oberösterreich","1987-09-01",785762,9,1987,"Sommer_Neben"
"Oberösterreich","1987-10-01",437895,10,1987,"Übergang"
"Oberösterreich","1987-11-01",220737,11,1987,"Übergang"
"Oberösterreich","1987-12-01",276116,12,1987,"Winter_Haupt"
"Oberösterreich","1988-01-01",299061,1,1988,"Winter_Haupt"
"Oberösterreich","1988-02-01",404802,2,1988,"Winter_Haupt"
"Oberösterreich","1988-03-01",389561,3,1988,"Winter_Haupt"
"Oberösterreich","1988-04-01",343232,4,1988,"Übergang"
"Oberösterreich","1988-05-01",530633,5,1988,"Sommer_Neben"
"Oberösterreich","1988-06-01",728660,6,1988,"Sommer_Neben"
"Oberösterreich","1988-07-01",1402830,7,1988,"Sommer_Haupt"
"Oberösterreich","1988-08-01",1543162,8,1988,"Sommer_Haupt"
"Oberösterreich","1988-09-01",751375,9,1988,"Sommer_Neben"
"Oberösterreich","1988-10-01",436727,10,1988,"Übergang"
"Oberösterreich","1988-11-01",227981,11,1988,"Übergang"
"Oberösterreich","1988-12-01",286316,12,1988,"Winter_Haupt"
"Oberösterreich","1989-01-01",335777,1,1989,"Winter_Haupt"
"Oberösterreich","1989-02-01",448338,2,1989,"Winter_Haupt"
"Oberösterreich","1989-03-01",481714,3,1989,"Winter_Haupt"
"Oberösterreich","1989-04-01",358453,4,1989,"Übergang"
"Oberösterreich","1989-05-01",598620,5,1989,"Sommer_Neben"
"Oberösterreich","1989-06-01",726268,6,1989,"Sommer_Neben"
"Oberösterreich","1989-07-01",1485179,7,1989,"Sommer_Haupt"
"Oberösterreich","1989-08-01",1559568,8,1989,"Sommer_Haupt"
"Oberösterreich","1989-09-01",794555,9,1989,"Sommer_Neben"
"Oberösterreich","1989-10-01",457309,10,1989,"Übergang"
"Oberösterreich","1989-11-01",252624,11,1989,"Übergang"
"Oberösterreich","1989-12-01",310540,12,1989,"Winter_Haupt"
"Oberösterreich","1990-01-01",320651,1,1990,"Winter_Haupt"
"Oberösterreich","1990-02-01",405396,2,1990,"Winter_Haupt"
"Oberösterreich","1990-03-01",405338,3,1990,"Winter_Haupt"
"Oberösterreich","1990-04-01",419107,4,1990,"Übergang"
"Oberösterreich","1990-05-01",583740,5,1990,"Sommer_Neben"
"Oberösterreich","1990-06-01",803092,6,1990,"Sommer_Neben"
"Oberösterreich","1990-07-01",1460403,7,1990,"Sommer_Haupt"
"Oberösterreich","1990-08-01",1589913,8,1990,"Sommer_Haupt"
"Oberösterreich","1990-09-01",821498,9,1990,"Sommer_Neben"
"Oberösterreich","1990-10-01",480562,10,1990,"Übergang"
"Oberösterreich","1990-11-01",265410,11,1990,"Übergang"
"Oberösterreich","1990-12-01",334833,12,1990,"Winter_Haupt"
"Oberösterreich","1991-01-01",338032,1,1991,"Winter_Haupt"
"Oberösterreich","1991-02-01",441913,2,1991,"Winter_Haupt"
"Oberösterreich","1991-03-01",425809,3,1991,"Winter_Haupt"
"Oberösterreich","1991-04-01",371432,4,1991,"Übergang"
"Oberösterreich","1991-05-01",628625,5,1991,"Sommer_Neben"
"Oberösterreich","1991-06-01",763863,6,1991,"Sommer_Neben"
"Oberösterreich","1991-07-01",1518078,7,1991,"Sommer_Haupt"
"Oberösterreich","1991-08-01",1658436,8,1991,"Sommer_Haupt"
"Oberösterreich","1991-09-01",850236,9,1991,"Sommer_Neben"
"Oberösterreich","1991-10-01",509762,10,1991,"Übergang"
"Oberösterreich","1991-11-01",265157,11,1991,"Übergang"
"Oberösterreich","1991-12-01",346773,12,1991,"Winter_Haupt"
"Oberösterreich","1992-01-01",347710,1,1992,"Winter_Haupt"
"Oberösterreich","1992-02-01",447680,2,1992,"Winter_Haupt"
"Oberösterreich","1992-03-01",422275,3,1992,"Winter_Haupt"
"Oberösterreich","1992-04-01",416583,4,1992,"Übergang"
"Oberösterreich","1992-05-01",604859,5,1992,"Sommer_Neben"
"Oberösterreich","1992-06-01",825538,6,1992,"Sommer_Neben"
"Oberösterreich","1992-07-01",1515086,7,1992,"Sommer_Haupt"
"Oberösterreich","1992-08-01",1667685,8,1992,"Sommer_Haupt"
"Oberösterreich","1992-09-01",851355,9,1992,"Sommer_Neben"
"Oberösterreich","1992-10-01",484523,10,1992,"Übergang"
"Oberösterreich","1992-11-01",250008,11,1992,"Übergang"
"Oberösterreich","1992-12-01",349987,12,1992,"Winter_Haupt"
"Oberösterreich","1993-01-01",354597,1,1993,"Winter_Haupt"
"Oberösterreich","1993-02-01",446061,2,1993,"Winter_Haupt"
"Oberösterreich","1993-03-01",408471,3,1993,"Winter_Haupt"
"Oberösterreich","1993-04-01",410868,4,1993,"Übergang"
"Oberösterreich","1993-05-01",621358,5,1993,"Sommer_Neben"
"Oberösterreich","1993-06-01",785527,6,1993,"Sommer_Neben"
"Oberösterreich","1993-07-01",1379324,7,1993,"Sommer_Haupt"
"Oberösterreich","1993-08-01",1608409,8,1993,"Sommer_Haupt"
"Oberösterreich","1993-09-01",800032,9,1993,"Sommer_Neben"
"Oberösterreich","1993-10-01",456881,10,1993,"Übergang"
"Oberösterreich","1993-11-01",267684,11,1993,"Übergang"
"Oberösterreich","1993-12-01",324076,12,1993,"Winter_Haupt"
"Oberösterreich","1994-01-01",370976,1,1994,"Winter_Haupt"
"Oberösterreich","1994-02-01",491729,2,1994,"Winter_Haupt"
"Oberösterreich","1994-03-01",440917,3,1994,"Winter_Haupt"
"Oberösterreich","1994-04-01",376578,4,1994,"Übergang"
"Oberösterreich","1994-05-01",650200,5,1994,"Sommer_Neben"
"Oberösterreich","1994-06-01",739233,6,1994,"Sommer_Neben"
"Oberösterreich","1994-07-01",1346440,7,1994,"Sommer_Haupt"
"Oberösterreich","1994-08-01",1442684,8,1994,"Sommer_Haupt"
"Oberösterreich","1994-09-01",767677,9,1994,"Sommer_Neben"
"Oberösterreich","1994-10-01",466007,10,1994,"Übergang"
"Oberösterreich","1994-11-01",258663,11,1994,"Übergang"
"Oberösterreich","1994-12-01",323845,12,1994,"Winter_Haupt"
"Oberösterreich","1995-01-01",384777,1,1995,"Winter_Haupt"
"Oberösterreich","1995-02-01",456019,2,1995,"Winter_Haupt"
"Oberösterreich","1995-03-01",394371,3,1995,"Winter_Haupt"
"Oberösterreich","1995-04-01",400658,4,1995,"Übergang"
"Oberösterreich","1995-05-01",590092,5,1995,"Sommer_Neben"
"Oberösterreich","1995-06-01",764130,6,1995,"Sommer_Neben"
"Oberösterreich","1995-07-01",1284444,7,1995,"Sommer_Haupt"
"Oberösterreich","1995-08-01",1320683,8,1995,"Sommer_Haupt"
"Oberösterreich","1995-09-01",721104,9,1995,"Sommer_Neben"
"Oberösterreich","1995-10-01",447774,10,1995,"Übergang"
"Oberösterreich","1995-11-01",263536,11,1995,"Übergang"
"Oberösterreich","1995-12-01",326449,12,1995,"Winter_Haupt"
"Oberösterreich","1996-01-01",357143,1,1996,"Winter_Haupt"
"Oberösterreich","1996-02-01",451582,2,1996,"Winter_Haupt"
"Oberösterreich","1996-03-01",386150,3,1996,"Winter_Haupt"
"Oberösterreich","1996-04-01",360020,4,1996,"Übergang"
"Oberösterreich","1996-05-01",569173,5,1996,"Sommer_Neben"
"Oberösterreich","1996-06-01",697619,6,1996,"Sommer_Neben"
"Oberösterreich","1996-07-01",1217920,7,1996,"Sommer_Haupt"
"Oberösterreich","1996-08-01",1215560,8,1996,"Sommer_Haupt"
"Oberösterreich","1996-09-01",652890,9,1996,"Sommer_Neben"
"Oberösterreich","1996-10-01",430744,10,1996,"Übergang"
"Oberösterreich","1996-11-01",252286,11,1996,"Übergang"
"Oberösterreich","1996-12-01",307486,12,1996,"Winter_Haupt"
"Oberösterreich","1997-01-01",332609,1,1997,"Winter_Haupt"
"Oberösterreich","1997-02-01",400114,2,1997,"Winter_Haupt"
"Oberösterreich","1997-03-01",395189,3,1997,"Winter_Haupt"
"Oberösterreich","1997-04-01",339788,4,1997,"Übergang"
"Oberösterreich","1997-05-01",580114,5,1997,"Sommer_Neben"
"Oberösterreich","1997-06-01",669140,6,1997,"Sommer_Neben"
"Oberösterreich","1997-07-01",1030222,7,1997,"Sommer_Haupt"
"Oberösterreich","1997-08-01",1226458,8,1997,"Sommer_Haupt"
"Oberösterreich","1997-09-01",658153,9,1997,"Sommer_Neben"
"Oberösterreich","1997-10-01",446056,10,1997,"Übergang"
"Oberösterreich","1997-11-01",248415,11,1997,"Übergang"
"Oberösterreich","1997-12-01",315414,12,1997,"Winter_Haupt"
"Oberösterreich","1998-01-01",304261,1,1998,"Winter_Haupt"
"Oberösterreich","1998-02-01",410589,2,1998,"Winter_Haupt"
"Oberösterreich","1998-03-01",354848,3,1998,"Winter_Haupt"
"Oberösterreich","1998-04-01",368773,4,1998,"Übergang"
"Oberösterreich","1998-05-01",557922,5,1998,"Sommer_Neben"
"Oberösterreich","1998-06-01",660489,6,1998,"Sommer_Neben"
"Oberösterreich","1998-07-01",982216,7,1998,"Sommer_Haupt"
"Oberösterreich","1998-08-01",1301461,8,1998,"Sommer_Haupt"
"Oberösterreich","1998-09-01",677025,9,1998,"Sommer_Neben"
"Oberösterreich","1998-10-01",436811,10,1998,"Übergang"
"Oberösterreich","1998-11-01",268439,11,1998,"Übergang"
"Oberösterreich","1998-12-01",327479,12,1998,"Winter_Haupt"
"Oberösterreich","1999-01-01",347659,1,1999,"Winter_Haupt"
"Oberösterreich","1999-02-01",409655,2,1999,"Winter_Haupt"
"Oberösterreich","1999-03-01",394404,3,1999,"Winter_Haupt"
"Oberösterreich","1999-04-01",369702,4,1999,"Übergang"
"Oberösterreich","1999-05-01",572505,5,1999,"Sommer_Neben"
"Oberösterreich","1999-06-01",672136,6,1999,"Sommer_Neben"
"Oberösterreich","1999-07-01",1001048,7,1999,"Sommer_Haupt"
"Oberösterreich","1999-08-01",1271038,8,1999,"Sommer_Haupt"
"Oberösterreich","1999-09-01",695180,9,1999,"Sommer_Neben"
"Oberösterreich","1999-10-01",438415,10,1999,"Übergang"
"Oberösterreich","1999-11-01",274519,11,1999,"Übergang"
"Oberösterreich","1999-12-01",327111,12,1999,"Winter_Haupt"
"Oberösterreich","2000-01-01",365114,1,2000,"Winter_Haupt"
"Oberösterreich","2000-02-01",422083,2,2000,"Winter_Haupt"
"Oberösterreich","2000-03-01",404825,3,2000,"Winter_Haupt"
"Oberösterreich","2000-04-01",394913,4,2000,"Übergang"
"Oberösterreich","2000-05-01",537469,5,2000,"Sommer_Neben"
"Oberösterreich","2000-06-01",703806,6,2000,"Sommer_Neben"
"Oberösterreich","2000-07-01",1015004,7,2000,"Sommer_Haupt"
"Oberösterreich","2000-08-01",1159817,8,2000,"Sommer_Haupt"
"Oberösterreich","2000-09-01",676271,9,2000,"Sommer_Neben"
"Oberösterreich","2000-10-01",431069,10,2000,"Übergang"
"Oberösterreich","2000-11-01",278791,11,2000,"Übergang"
"Oberösterreich","2000-12-01",329730,12,2000,"Winter_Haupt"
"Oberösterreich","2001-01-01",365369,1,2001,"Winter_Haupt"
"Oberösterreich","2001-02-01",425137,2,2001,"Winter_Haupt"
"Oberösterreich","2001-03-01",402321,3,2001,"Winter_Haupt"
"Oberösterreich","2001-04-01",392974,4,2001,"Übergang"
"Oberösterreich","2001-05-01",541005,5,2001,"Sommer_Neben"
"Oberösterreich","2001-06-01",666912,6,2001,"Sommer_Neben"
"Oberösterreich","2001-07-01",995827,7,2001,"Sommer_Haupt"
"Oberösterreich","2001-08-01",1162534,8,2001,"Sommer_Haupt"
"Oberösterreich","2001-09-01",609782,9,2001,"Sommer_Neben"
"Oberösterreich","2001-10-01",445455,10,2001,"Übergang"
"Oberösterreich","2001-11-01",289795,11,2001,"Übergang"
"Oberösterreich","2001-12-01",334391,12,2001,"Winter_Haupt"
"Oberösterreich","2002-01-01",368209,1,2002,"Winter_Haupt"
"Oberösterreich","2002-02-01",434379,2,2002,"Winter_Haupt"
"Oberösterreich","2002-03-01",425994,3,2002,"Winter_Haupt"
"Oberösterreich","2002-04-01",360760,4,2002,"Übergang"
"Oberösterreich","2002-05-01",576686,5,2002,"Sommer_Neben"
"Oberösterreich","2002-06-01",646041,6,2002,"Sommer_Neben"
"Oberösterreich","2002-07-01",1001484,7,2002,"Sommer_Haupt"
"Oberösterreich","2002-08-01",1036697,8,2002,"Sommer_Haupt"
"Oberösterreich","2002-09-01",620674,9,2002,"Sommer_Neben"
"Oberösterreich","2002-10-01",444477,10,2002,"Übergang"
"Oberösterreich","2002-11-01",290405,11,2002,"Übergang"
"Oberösterreich","2002-12-01",325390,12,2002,"Winter_Haupt"
"Oberösterreich","2003-01-01",346856,1,2003,"Winter_Haupt"
"Oberösterreich","2003-02-01",415567,2,2003,"Winter_Haupt"
"Oberösterreich","2003-03-01",383010,3,2003,"Winter_Haupt"
"Oberösterreich","2003-04-01",380006,4,2003,"Übergang"
"Oberösterreich","2003-05-01",551254,5,2003,"Sommer_Neben"
"Oberösterreich","2003-06-01",683782,6,2003,"Sommer_Neben"
"Oberösterreich","2003-07-01",941131,7,2003,"Sommer_Haupt"
"Oberösterreich","2003-08-01",1177851,8,2003,"Sommer_Haupt"
"Oberösterreich","2003-09-01",620371,9,2003,"Sommer_Neben"
"Oberösterreich","2003-10-01",439127,10,2003,"Übergang"
"Oberösterreich","2003-11-01",289035,11,2003,"Übergang"
"Oberösterreich","2003-12-01",327372,12,2003,"Winter_Haupt"
"Oberösterreich","2004-01-01",349379,1,2004,"Winter_Haupt"
"Oberösterreich","2004-02-01",459581,2,2004,"Winter_Haupt"
"Oberösterreich","2004-03-01",399672,3,2004,"Winter_Haupt"
"Oberösterreich","2004-04-01",400528,4,2004,"Übergang"
"Oberösterreich","2004-05-01",553741,5,2004,"Sommer_Neben"
"Oberösterreich","2004-06-01",633111,6,2004,"Sommer_Neben"
"Oberösterreich","2004-07-01",905379,7,2004,"Sommer_Haupt"
"Oberösterreich","2004-08-01",1121047,8,2004,"Sommer_Haupt"
"Oberösterreich","2004-09-01",641684,9,2004,"Sommer_Neben"
"Oberösterreich","2004-10-01",435207,10,2004,"Übergang"
"Oberösterreich","2004-11-01",310159,11,2004,"Übergang"
"Oberösterreich","2004-12-01",322972,12,2004,"Winter_Haupt"
"Oberösterreich","2005-01-01",383316,1,2005,"Winter_Haupt"
"Oberösterreich","2005-02-01",432658,2,2005,"Winter_Haupt"
"Oberösterreich","2005-03-01",457161,3,2005,"Winter_Haupt"
"Oberösterreich","2005-04-01",365639,4,2005,"Übergang"
"Oberösterreich","2005-05-01",581969,5,2005,"Sommer_Neben"
"Oberösterreich","2005-06-01",627994,6,2005,"Sommer_Neben"
"Oberösterreich","2005-07-01",914052,7,2005,"Sommer_Haupt"
"Oberösterreich","2005-08-01",1061623,8,2005,"Sommer_Haupt"
"Oberösterreich","2005-09-01",613093,9,2005,"Sommer_Neben"
"Oberösterreich","2005-10-01",438421,10,2005,"Übergang"
"Oberösterreich","2005-11-01",299136,11,2005,"Übergang"
"Oberösterreich","2005-12-01",350864,12,2005,"Winter_Haupt"
"Oberösterreich","2006-01-01",388138,1,2006,"Winter_Haupt"
"Oberösterreich","2006-02-01",436321,2,2006,"Winter_Haupt"
"Oberösterreich","2006-03-01",428608,3,2006,"Winter_Haupt"
"Oberösterreich","2006-04-01",403408,4,2006,"Übergang"
"Oberösterreich","2006-05-01",537460,5,2006,"Sommer_Neben"
"Oberösterreich","2006-06-01",646994,6,2006,"Sommer_Neben"
"Oberösterreich","2006-07-01",941862,7,2006,"Sommer_Haupt"
"Oberösterreich","2006-08-01",1002936,8,2006,"Sommer_Haupt"
"Oberösterreich","2006-09-01",648184,9,2006,"Sommer_Neben"
"Oberösterreich","2006-10-01",468666,10,2006,"Übergang"
"Oberösterreich","2006-11-01",334441,11,2006,"Übergang"
"Oberösterreich","2006-12-01",370777,12,2006,"Winter_Haupt"
"Oberösterreich","2007-01-01",383173,1,2007,"Winter_Haupt"
"Oberösterreich","2007-02-01",462395,2,2007,"Winter_Haupt"
"Oberösterreich","2007-03-01",414647,3,2007,"Winter_Haupt"
"Oberösterreich","2007-04-01",440154,4,2007,"Übergang"
"Oberösterreich","2007-05-01",551661,5,2007,"Sommer_Neben"
"Oberösterreich","2007-06-01",665858,6,2007,"Sommer_Neben"
"Oberösterreich","2007-07-01",953260,7,2007,"Sommer_Haupt"
"Oberösterreich","2007-08-01",1014148,8,2007,"Sommer_Haupt"
"Oberösterreich","2007-09-01",617158,9,2007,"Sommer_Neben"
"Oberösterreich","2007-10-01",478987,10,2007,"Übergang"
"Oberösterreich","2007-11-01",347126,11,2007,"Übergang"
"Oberösterreich","2007-12-01",383414,12,2007,"Winter_Haupt"
"Oberösterreich","2008-01-01",416742,1,2008,"Winter_Haupt"
"Oberösterreich","2008-02-01",485517,2,2008,"Winter_Haupt"
"Oberösterreich","2008-03-01",448830,3,2008,"Winter_Haupt"
"Oberösterreich","2008-04-01",388072,4,2008,"Übergang"
"Oberösterreich","2008-05-01",602806,5,2008,"Sommer_Neben"
"Oberösterreich","2008-06-01",622380,6,2008,"Sommer_Neben"
"Oberösterreich","2008-07-01",1009136,7,2008,"Sommer_Haupt"
"Oberösterreich","2008-08-01",1074675,8,2008,"Sommer_Haupt"
"Oberösterreich","2008-09-01",630562,9,2008,"Sommer_Neben"
"Oberösterreich","2008-10-01",490234,10,2008,"Übergang"
"Oberösterreich","2008-11-01",360817,11,2008,"Übergang"
"Oberösterreich","2008-12-01",406627,12,2008,"Winter_Haupt"
"Oberösterreich","2009-01-01",410098,1,2009,"Winter_Haupt"
"Oberösterreich","2009-02-01",469257,2,2009,"Winter_Haupt"
"Oberösterreich","2009-03-01",412647,3,2009,"Winter_Haupt"
"Oberösterreich","2009-04-01",420985,4,2009,"Übergang"
"Oberösterreich","2009-05-01",588537,5,2009,"Sommer_Neben"
"Oberösterreich","2009-06-01",649875,6,2009,"Sommer_Neben"
"Oberösterreich","2009-07-01",942414,7,2009,"Sommer_Haupt"
"Oberösterreich","2009-08-01",1072091,8,2009,"Sommer_Haupt"
"Oberösterreich","2009-09-01",660750,9,2009,"Sommer_Neben"
"Oberösterreich","2009-10-01",490348,10,2009,"Übergang"
"Oberösterreich","2009-11-01",347055,11,2009,"Übergang"
"Oberösterreich","2009-12-01",392122,12,2009,"Winter_Haupt"
"Oberösterreich","2010-01-01",405678,1,2010,"Winter_Haupt"
"Oberösterreich","2010-02-01",463171,2,2010,"Winter_Haupt"
"Oberösterreich","2010-03-01",438587,3,2010,"Winter_Haupt"
"Oberösterreich","2010-04-01",416672,4,2010,"Übergang"
"Oberösterreich","2010-05-01",563830,5,2010,"Sommer_Neben"
"Oberösterreich","2010-06-01",606566,6,2010,"Sommer_Neben"
"Oberösterreich","2010-07-01",939735,7,2010,"Sommer_Haupt"
"Oberösterreich","2010-08-01",1018340,8,2010,"Sommer_Haupt"
"Oberösterreich","2010-09-01",630116,9,2010,"Sommer_Neben"
"Oberösterreich","2010-10-01",495749,10,2010,"Übergang"
"Oberösterreich","2010-11-01",370892,11,2010,"Übergang"
"Oberösterreich","2010-12-01",385229,12,2010,"Winter_Haupt"
"Oberösterreich","2011-01-01",428773,1,2011,"Winter_Haupt"
"Oberösterreich","2011-02-01",462828,2,2011,"Winter_Haupt"
"Oberösterreich","2011-03-01",449909,3,2011,"Winter_Haupt"
"Oberösterreich","2011-04-01",436985,4,2011,"Übergang"
"Oberösterreich","2011-05-01",535965,5,2011,"Sommer_Neben"
"Oberösterreich","2011-06-01",678894,6,2011,"Sommer_Neben"
"Oberösterreich","2011-07-01",954460,7,2011,"Sommer_Haupt"
"Oberösterreich","2011-08-01",1064153,8,2011,"Sommer_Haupt"
"Oberösterreich","2011-09-01",653216,9,2011,"Sommer_Neben"
"Oberösterreich","2011-10-01",507569,10,2011,"Übergang"
"Oberösterreich","2011-11-01",387903,11,2011,"Übergang"
"Oberösterreich","2011-12-01",403562,12,2011,"Winter_Haupt"
"Oberösterreich","2012-01-01",444438,1,2012,"Winter_Haupt"
"Oberösterreich","2012-02-01",496028,2,2012,"Winter_Haupt"
"Oberösterreich","2012-03-01",450266,3,2012,"Winter_Haupt"
"Oberösterreich","2012-04-01",463689,4,2012,"Übergang"
"Oberösterreich","2012-05-01",605447,5,2012,"Sommer_Neben"
"Oberösterreich","2012-06-01",687935,6,2012,"Sommer_Neben"
"Oberösterreich","2012-07-01",946107,7,2012,"Sommer_Haupt"
"Oberösterreich","2012-08-01",1102468,8,2012,"Sommer_Haupt"
"Oberösterreich","2012-09-01",686034,9,2012,"Sommer_Neben"
"Oberösterreich","2012-10-01",545565,10,2012,"Übergang"
"Oberösterreich","2012-11-01",399358,11,2012,"Übergang"
"Oberösterreich","2012-12-01",409822,12,2012,"Winter_Haupt"
"Oberösterreich","2013-01-01",428471,1,2013,"Winter_Haupt"
"Oberösterreich","2013-02-01",495116,2,2013,"Winter_Haupt"
"Oberösterreich","2013-03-01",467561,3,2013,"Winter_Haupt"
"Oberösterreich","2013-04-01",424106,4,2013,"Übergang"
"Oberösterreich","2013-05-01",590388,5,2013,"Sommer_Neben"
"Oberösterreich","2013-06-01",604699,6,2013,"Sommer_Neben"
"Oberösterreich","2013-07-01",972798,7,2013,"Sommer_Haupt"
"Oberösterreich","2013-08-01",1091578,8,2013,"Sommer_Haupt"
"Oberösterreich","2013-09-01",667009,9,2013,"Sommer_Neben"
"Oberösterreich","2013-10-01",528253,10,2013,"Übergang"
"Oberösterreich","2013-11-01",399267,11,2013,"Übergang"
"Oberösterreich","2013-12-01",411585,12,2013,"Winter_Haupt"
"Oberösterreich","2014-01-01",419429,1,2014,"Winter_Haupt"
"Oberösterreich","2014-02-01",462375,2,2014,"Winter_Haupt"
"Oberösterreich","2014-03-01",430962,3,2014,"Winter_Haupt"
"Oberösterreich","2014-04-01",445852,4,2014,"Übergang"
"Oberösterreich","2014-05-01",576756,5,2014,"Sommer_Neben"
"Oberösterreich","2014-06-01",706611,6,2014,"Sommer_Neben"
"Oberösterreich","2014-07-01",922422,7,2014,"Sommer_Haupt"
"Oberösterreich","2014-08-01",1048475,8,2014,"Sommer_Haupt"
"Oberösterreich","2014-09-01",632782,9,2014,"Sommer_Neben"
"Oberösterreich","2014-10-01",538172,10,2014,"Übergang"
"Oberösterreich","2014-11-01",394391,11,2014,"Übergang"
"Oberösterreich","2014-12-01",414916,12,2014,"Winter_Haupt"
"Oberösterreich","2015-01-01",406938,1,2015,"Winter_Haupt"
"Oberösterreich","2015-02-01",485041,2,2015,"Winter_Haupt"
"Oberösterreich","2015-03-01",453252,3,2015,"Winter_Haupt"
"Oberösterreich","2015-04-01",438727,4,2015,"Übergang"
"Oberösterreich","2015-05-01",590688,5,2015,"Sommer_Neben"
"Oberösterreich","2015-06-01",702317,6,2015,"Sommer_Neben"
"Oberösterreich","2015-07-01",968294,7,2015,"Sommer_Haupt"
"Oberösterreich","2015-08-01",1108895,8,2015,"Sommer_Haupt"
"Oberösterreich","2015-09-01",674931,9,2015,"Sommer_Neben"
"Oberösterreich","2015-10-01",538345,10,2015,"Übergang"
"Oberösterreich","2015-11-01",402044,11,2015,"Übergang"
"Oberösterreich","2015-12-01",413785,12,2015,"Winter_Haupt"
"Oberösterreich","2016-01-01",417917,1,2016,"Winter_Haupt"
"Oberösterreich","2016-02-01",495532,2,2016,"Winter_Haupt"
"Oberösterreich","2016-03-01",484804,3,2016,"Winter_Haupt"
"Oberösterreich","2016-04-01",448042,4,2016,"Übergang"
"Oberösterreich","2016-05-01",631838,5,2016,"Sommer_Neben"
"Oberösterreich","2016-06-01",647946,6,2016,"Sommer_Neben"
"Oberösterreich","2016-07-01",1010105,7,2016,"Sommer_Haupt"
"Oberösterreich","2016-08-01",1118612,8,2016,"Sommer_Haupt"
"Oberösterreich","2016-09-01",709105,9,2016,"Sommer_Neben"
"Oberösterreich","2016-10-01",578978,10,2016,"Übergang"
"Oberösterreich","2016-11-01",421811,11,2016,"Übergang"
"Oberösterreich","2016-12-01",440014,12,2016,"Winter_Haupt"
"Oberösterreich","2017-01-01",449390,1,2017,"Winter_Haupt"
"Oberösterreich","2017-02-01",504773,2,2017,"Winter_Haupt"
"Oberösterreich","2017-03-01",498257,3,2017,"Winter_Haupt"
"Oberösterreich","2017-04-01",504781,4,2017,"Übergang"
"Oberösterreich","2017-05-01",609151,5,2017,"Sommer_Neben"
"Oberösterreich","2017-06-01",763709,6,2017,"Sommer_Neben"
"Oberösterreich","2017-07-01",1053454,7,2017,"Sommer_Haupt"
"Oberösterreich","2017-08-01",1139224,8,2017,"Sommer_Haupt"
"Oberösterreich","2017-09-01",712334,9,2017,"Sommer_Neben"
"Oberösterreich","2017-10-01",581745,10,2017,"Übergang"
"Oberösterreich","2017-11-01",431539,11,2017,"Übergang"
"Oberösterreich","2017-12-01",468840,12,2017,"Winter_Haupt"
"Oberösterreich","2018-01-01",483274,1,2018,"Winter_Haupt"
"Oberösterreich","2018-02-01",552676,2,2018,"Winter_Haupt"
"Oberösterreich","2018-03-01",532438,3,2018,"Winter_Haupt"
"Oberösterreich","2018-04-01",512903,4,2018,"Übergang"
"Oberösterreich","2018-05-01",687367,5,2018,"Sommer_Neben"
"Oberösterreich","2018-06-01",768025,6,2018,"Sommer_Neben"
"Oberösterreich","2018-07-01",1098871,7,2018,"Sommer_Haupt"
"Oberösterreich","2018-08-01",1194471,8,2018,"Sommer_Haupt"
"Oberösterreich","2018-09-01",747645,9,2018,"Sommer_Neben"
"Oberösterreich","2018-10-01",616956,10,2018,"Übergang"
"Oberösterreich","2018-11-01",469176,11,2018,"Übergang"
"Oberösterreich","2018-12-01",503489,12,2018,"Winter_Haupt"
"Oberösterreich","2019-01-01",498635,1,2019,"Winter_Haupt"
"Oberösterreich","2019-02-01",573635,2,2019,"Winter_Haupt"
"Oberösterreich","2019-03-01",548482,3,2019,"Winter_Haupt"
"Oberösterreich","2019-04-01",561748,4,2019,"Übergang"
"Oberösterreich","2019-05-01",664446,5,2019,"Sommer_Neben"
"Oberösterreich","2019-06-01",892618,6,2019,"Sommer_Neben"
"Oberösterreich","2019-07-01",1149725,7,2019,"Sommer_Haupt"
"Oberösterreich","2019-08-01",1213361,8,2019,"Sommer_Haupt"
"Oberösterreich","2019-09-01",780595,9,2019,"Sommer_Neben"
"Oberösterreich","2019-10-01",659556,10,2019,"Übergang"
"Oberösterreich","2019-11-01",484441,11,2019,"Übergang"
"Oberösterreich","2019-12-01",516511,12,2019,"Winter_Haupt"
"Oberösterreich","2020-01-01",519361,1,2020,"Winter_Haupt"
"Oberösterreich","2020-02-01",604258,2,2020,"Winter_Haupt"
"Oberösterreich","2020-03-01",235281,3,2020,"Winter_Haupt"
"Oberösterreich","2020-04-01",38204,4,2020,"Übergang"
"Oberösterreich","2020-05-01",110689,5,2020,"Sommer_Neben"
"Oberösterreich","2020-06-01",494780,6,2020,"Sommer_Neben"
"Oberösterreich","2020-07-01",966543,7,2020,"Sommer_Haupt"
"Oberösterreich","2020-08-01",1089764,8,2020,"Sommer_Haupt"
"Oberösterreich","2020-09-01",681937,9,2020,"Sommer_Neben"
"Oberösterreich","2020-10-01",436717,10,2020,"Übergang"
"Oberösterreich","2020-11-01",150968,11,2020,"Übergang"
"Oberösterreich","2020-12-01",104558,12,2020,"Winter_Haupt"
"Oberösterreich","2021-01-01",114405,1,2021,"Winter_Haupt"
"Oberösterreich","2021-02-01",134397,2,2021,"Winter_Haupt"
"Oberösterreich","2021-03-01",168743,3,2021,"Winter_Haupt"
"Oberösterreich","2021-04-01",168442,4,2021,"Übergang"
"Oberösterreich","2021-05-01",318804,5,2021,"Sommer_Neben"
"Oberösterreich","2021-06-01",629529,6,2021,"Sommer_Neben"
"Oberösterreich","2021-07-01",1025709,7,2021,"Sommer_Haupt"
"Oberösterreich","2021-08-01",1174394,8,2021,"Sommer_Haupt"
"Oberösterreich","2021-09-01",800285,9,2021,"Sommer_Neben"
"Oberösterreich","2021-10-01",634629,10,2021,"Übergang"
"Oberösterreich","2021-11-01",320513,11,2021,"Übergang"
"Oberösterreich","2021-12-01",226527,12,2021,"Winter_Haupt"
"Oberösterreich","2022-01-01",325169,1,2022,"Winter_Haupt"
"Oberösterreich","2022-02-01",403875,2,2022,"Winter_Haupt"
"Oberösterreich","2022-03-01",466090,3,2022,"Winter_Haupt"
"Oberösterreich","2022-04-01",514643,4,2022,"Übergang"
"Oberösterreich","2022-05-01",663044,5,2022,"Sommer_Neben"
"Oberösterreich","2022-06-01",843356,6,2022,"Sommer_Neben"
"Oberösterreich","2022-07-01",1154099,7,2022,"Sommer_Haupt"
"Oberösterreich","2022-08-01",1216219,8,2022,"Sommer_Haupt"
"Oberösterreich","2022-09-01",793959,9,2022,"Sommer_Neben"
"Oberösterreich","2022-10-01",640281,10,2022,"Übergang"
"Oberösterreich","2022-11-01",464765,11,2022,"Übergang"
"Oberösterreich","2022-12-01",478723,12,2022,"Winter_Haupt"
"Oberösterreich","2023-01-01",487943,1,2023,"Winter_Haupt"
"Oberösterreich","2023-02-01",545982,2,2023,"Winter_Haupt"
"Oberösterreich","2023-03-01",525534,3,2023,"Winter_Haupt"
"Oberösterreich","2023-04-01",569469,4,2023,"Übergang"
"Oberösterreich","2023-05-01",726078,5,2023,"Sommer_Neben"
"Oberösterreich","2023-06-01",892257,6,2023,"Sommer_Neben"
"Oberösterreich","2023-07-01",1216664,7,2023,"Sommer_Haupt"
"Oberösterreich","2023-08-01",1227388,8,2023,"Sommer_Haupt"
"Oberösterreich","2023-09-01",848746,9,2023,"Sommer_Neben"
"Oberösterreich","2023-10-01",665591,10,2023,"Übergang"
"Oberösterreich","2023-11-01",486196,11,2023,"Übergang"
"Oberösterreich","2023-12-01",497553,12,2023,"Winter_Haupt"
"Oberösterreich","2024-01-01",510506,1,2024,"Winter_Haupt"
"Oberösterreich","2024-02-01",581154,2,2024,"Winter_Haupt"
"Oberösterreich","2024-03-01",575025,3,2024,"Winter_Haupt"
"Oberösterreich","2024-04-01",553389,4,2024,"Übergang"
"Oberösterreich","2024-05-01",786742,5,2024,"Sommer_Neben"
"Oberösterreich","2024-06-01",904112,6,2024,"Sommer_Neben"
"Oberösterreich","2024-07-01",1205901,7,2024,"Sommer_Haupt"
"Oberösterreich","2024-08-01",1264889,8,2024,"Sommer_Haupt"
"Oberösterreich","2024-09-01",790107,9,2024,"Sommer_Neben"
"Oberösterreich","2024-10-01",698104,10,2024,"Übergang"
"Oberösterreich","2024-11-01",493078,11,2024,"Übergang"
"Oberösterreich","2024-12-01",522608,12,2024,"Winter_Haupt"
"Salzburg","1974-01-01",1319189,1,1974,"Winter_Haupt"
"Salzburg","1974-02-01",1372134,2,1974,"Winter_Haupt"
"Salzburg","1974-03-01",1375075,3,1974,"Winter_Haupt"
"Salzburg","1974-04-01",964088,4,1974,"Übergang"
"Salzburg","1974-05-01",724917,5,1974,"Sommer_Neben"
"Salzburg","1974-06-01",1574892,6,1974,"Sommer_Neben"
"Salzburg","1974-07-01",3487858,7,1974,"Sommer_Haupt"
"Salzburg","1974-08-01",4256442,8,1974,"Sommer_Haupt"
"Salzburg","1974-09-01",1663308,9,1974,"Sommer_Neben"
"Salzburg","1974-10-01",417604,10,1974,"Übergang"
"Salzburg","1974-11-01",171298,11,1974,"Übergang"
"Salzburg","1974-12-01",1132499,12,1974,"Winter_Haupt"
"Salzburg","1975-01-01",1518238,1,1975,"Winter_Haupt"
"Salzburg","1975-02-01",1651074,2,1975,"Winter_Haupt"
"Salzburg","1975-03-01",1970387,3,1975,"Winter_Haupt"
"Salzburg","1975-04-01",625581,4,1975,"Übergang"
"Salzburg","1975-05-01",825441,5,1975,"Sommer_Neben"
"Salzburg","1975-06-01",1538149,6,1975,"Sommer_Neben"
"Salzburg","1975-07-01",3968415,7,1975,"Sommer_Haupt"
"Salzburg","1975-08-01",3899231,8,1975,"Sommer_Haupt"
"Salzburg","1975-09-01",1529271,9,1975,"Sommer_Neben"
"Salzburg","1975-10-01",424408,10,1975,"Übergang"
"Salzburg","1975-11-01",170246,11,1975,"Übergang"
"Salzburg","1975-12-01",1251192,12,1975,"Winter_Haupt"
"Salzburg","1976-01-01",1657690,1,1976,"Winter_Haupt"
"Salzburg","1976-02-01",1732119,2,1976,"Winter_Haupt"
"Salzburg","1976-03-01",1477273,3,1976,"Winter_Haupt"
"Salzburg","1976-04-01",1030904,4,1976,"Übergang"
"Salzburg","1976-05-01",708902,5,1976,"Sommer_Neben"
"Salzburg","1976-06-01",1616812,6,1976,"Sommer_Neben"
"Salzburg","1976-07-01",3950798,7,1976,"Sommer_Haupt"
"Salzburg","1976-08-01",3836189,8,1976,"Sommer_Haupt"
"Salzburg","1976-09-01",1595133,9,1976,"Sommer_Neben"
"Salzburg","1976-10-01",446793,10,1976,"Übergang"
"Salzburg","1976-11-01",173312,11,1976,"Übergang"
"Salzburg","1976-12-01",1150068,12,1976,"Winter_Haupt"
"Salzburg","1977-01-01",1809190,1,1977,"Winter_Haupt"
"Salzburg","1977-02-01",1944741,2,1977,"Winter_Haupt"
"Salzburg","1977-03-01",1630070,3,1977,"Winter_Haupt"
"Salzburg","1977-04-01",1041604,4,1977,"Übergang"
"Salzburg","1977-05-01",807248,5,1977,"Sommer_Neben"
"Salzburg","1977-06-01",1711763,6,1977,"Sommer_Neben"
"Salzburg","1977-07-01",3788491,7,1977,"Sommer_Haupt"
"Salzburg","1977-08-01",3688909,8,1977,"Sommer_Haupt"
"Salzburg","1977-09-01",1464335,9,1977,"Sommer_Neben"
"Salzburg","1977-10-01",473774,10,1977,"Übergang"
"Salzburg","1977-11-01",184285,11,1977,"Übergang"
"Salzburg","1977-12-01",1262951,12,1977,"Winter_Haupt"
"Salzburg","1978-01-01",2046586,1,1978,"Winter_Haupt"
"Salzburg","1978-02-01",2086173,2,1978,"Winter_Haupt"
"Salzburg","1978-03-01",2377787,3,1978,"Winter_Haupt"
"Salzburg","1978-04-01",560161,4,1978,"Übergang"
"Salzburg","1978-05-01",894319,5,1978,"Sommer_Neben"
"Salzburg","1978-06-01",1498082,6,1978,"Sommer_Neben"
"Salzburg","1978-07-01",3661702,7,1978,"Sommer_Haupt"
"Salzburg","1978-08-01",3787337,8,1978,"Sommer_Haupt"
"Salzburg","1978-09-01",1435645,9,1978,"Sommer_Neben"
"Salzburg","1978-10-01",449093,10,1978,"Übergang"
"Salzburg","1978-11-01",184802,11,1978,"Übergang"
"Salzburg","1978-12-01",1341317,12,1978,"Winter_Haupt"
"Salzburg","1979-01-01",2142163,1,1979,"Winter_Haupt"
"Salzburg","1979-02-01",2129821,2,1979,"Winter_Haupt"
"Salzburg","1979-03-01",1566216,3,1979,"Winter_Haupt"
"Salzburg","1979-04-01",1135771,4,1979,"Übergang"
"Salzburg","1979-05-01",778257,5,1979,"Sommer_Neben"
"Salzburg","1979-06-01",1721421,6,1979,"Sommer_Neben"
"Salzburg","1979-07-01",3713686,7,1979,"Sommer_Haupt"
"Salzburg","1979-08-01",3815951,8,1979,"Sommer_Haupt"
"Salzburg","1979-09-01",1537277,9,1979,"Sommer_Neben"
"Salzburg","1979-10-01",521271,10,1979,"Übergang"
"Salzburg","1979-11-01",229206,11,1979,"Übergang"
"Salzburg","1979-12-01",1354407,12,1979,"Winter_Haupt"
"Salzburg","1980-01-01",2106351,1,1980,"Winter_Haupt"
"Salzburg","1980-02-01",2389201,2,1980,"Winter_Haupt"
"Salzburg","1980-03-01",1874014,3,1980,"Winter_Haupt"
"Salzburg","1980-04-01",1220275,4,1980,"Übergang"
"Salzburg","1980-05-01",923903,5,1980,"Sommer_Neben"
"Salzburg","1980-06-01",1823735,6,1980,"Sommer_Neben"
"Salzburg","1980-07-01",3672417,7,1980,"Sommer_Haupt"
"Salzburg","1980-08-01",3848386,8,1980,"Sommer_Haupt"
"Salzburg","1980-09-01",1698850,9,1980,"Sommer_Neben"
"Salzburg","1980-10-01",548248,10,1980,"Übergang"
"Salzburg","1980-11-01",222351,11,1980,"Übergang"
"Salzburg","1980-12-01",1541381,12,1980,"Winter_Haupt"
"Salzburg","1981-01-01",2422098,1,1981,"Winter_Haupt"
"Salzburg","1981-02-01",2450000,2,1981,"Winter_Haupt"
"Salzburg","1981-03-01",2139885,3,1981,"Winter_Haupt"
"Salzburg","1981-04-01",1297652,4,1981,"Übergang"
"Salzburg","1981-05-01",860655,5,1981,"Sommer_Neben"
"Salzburg","1981-06-01",1746760,6,1981,"Sommer_Neben"
"Salzburg","1981-07-01",3447537,7,1981,"Sommer_Haupt"
"Salzburg","1981-08-01",4046993,8,1981,"Sommer_Haupt"
"Salzburg","1981-09-01",1767719,9,1981,"Sommer_Neben"
"Salzburg","1981-10-01",566957,10,1981,"Übergang"
"Salzburg","1981-11-01",223512,11,1981,"Übergang"
"Salzburg","1981-12-01",1528879,12,1981,"Winter_Haupt"
"Salzburg","1982-01-01",2573969,1,1982,"Winter_Haupt"
"Salzburg","1982-02-01",2776280,2,1982,"Winter_Haupt"
"Salzburg","1982-03-01",2071446,3,1982,"Winter_Haupt"
"Salzburg","1982-04-01",1256371,4,1982,"Übergang"
"Salzburg","1982-05-01",871658,5,1982,"Sommer_Neben"
"Salzburg","1982-06-01",1632726,6,1982,"Sommer_Neben"
"Salzburg","1982-07-01",3255110,7,1982,"Sommer_Haupt"
"Salzburg","1982-08-01",3620798,8,1982,"Sommer_Haupt"
"Salzburg","1982-09-01",1746579,9,1982,"Sommer_Neben"
"Salzburg","1982-10-01",547137,10,1982,"Übergang"
"Salzburg","1982-11-01",210328,11,1982,"Übergang"
"Salzburg","1982-12-01",1283247,12,1982,"Winter_Haupt"
"Salzburg","1983-01-01",2379023,1,1983,"Winter_Haupt"
"Salzburg","1983-02-01",2863169,2,1983,"Winter_Haupt"
"Salzburg","1983-03-01",2481414,3,1983,"Winter_Haupt"
"Salzburg","1983-04-01",962628,4,1983,"Übergang"
"Salzburg","1983-05-01",890945,5,1983,"Sommer_Neben"
"Salzburg","1983-06-01",1588228,6,1983,"Sommer_Neben"
"Salzburg","1983-07-01",3195456,7,1983,"Sommer_Haupt"
"Salzburg","1983-08-01",3327465,8,1983,"Sommer_Haupt"
"Salzburg","1983-09-01",1649152,9,1983,"Sommer_Neben"
"Salzburg","1983-10-01",554941,10,1983,"Übergang"
"Salzburg","1983-11-01",212269,11,1983,"Übergang"
"Salzburg","1983-12-01",1362792,12,1983,"Winter_Haupt"
"Salzburg","1984-01-01",2486887,1,1984,"Winter_Haupt"
"Salzburg","1984-02-01",2925695,2,1984,"Winter_Haupt"
"Salzburg","1984-03-01",2371247,3,1984,"Winter_Haupt"
"Salzburg","1984-04-01",1021660,4,1984,"Übergang"
"Salzburg","1984-05-01",772493,5,1984,"Sommer_Neben"
"Salzburg","1984-06-01",1585065,6,1984,"Sommer_Neben"
"Salzburg","1984-07-01",3010744,7,1984,"Sommer_Haupt"
"Salzburg","1984-08-01",3295232,8,1984,"Sommer_Haupt"
"Salzburg","1984-09-01",1611109,9,1984,"Sommer_Neben"
"Salzburg","1984-10-01",528521,10,1984,"Übergang"
"Salzburg","1984-11-01",229849,11,1984,"Übergang"
"Salzburg","1984-12-01",1386818,12,1984,"Winter_Haupt"
"Salzburg","1985-01-01",2365303,1,1985,"Winter_Haupt"
"Salzburg","1985-02-01",2974393,2,1985,"Winter_Haupt"
"Salzburg","1985-03-01",2374625,3,1985,"Winter_Haupt"
"Salzburg","1985-04-01",1041993,4,1985,"Übergang"
"Salzburg","1985-05-01",834268,5,1985,"Sommer_Neben"
"Salzburg","1985-06-01",1506470,6,1985,"Sommer_Neben"
"Salzburg","1985-07-01",2817524,7,1985,"Sommer_Haupt"
"Salzburg","1985-08-01",3059220,8,1985,"Sommer_Haupt"
"Salzburg","1985-09-01",1546794,9,1985,"Sommer_Neben"
"Salzburg","1985-10-01",569768,10,1985,"Übergang"
"Salzburg","1985-11-01",240326,11,1985,"Übergang"
"Salzburg","1985-12-01",1305483,12,1985,"Winter_Haupt"
"Salzburg","1986-01-01",2342719,1,1986,"Winter_Haupt"
"Salzburg","1986-02-01",3083324,2,1986,"Winter_Haupt"
"Salzburg","1986-03-01",2969768,3,1986,"Winter_Haupt"
"Salzburg","1986-04-01",815172,4,1986,"Übergang"
"Salzburg","1986-05-01",835982,5,1986,"Sommer_Neben"
"Salzburg","1986-06-01",1294853,6,1986,"Sommer_Neben"
"Salzburg","1986-07-01",2788099,7,1986,"Sommer_Haupt"
"Salzburg","1986-08-01",3114935,8,1986,"Sommer_Haupt"
"Salzburg","1986-09-01",1611604,9,1986,"Sommer_Neben"
"Salzburg","1986-10-01",575522,10,1986,"Übergang"
"Salzburg","1986-11-01",231785,11,1986,"Übergang"
"Salzburg","1986-12-01",1421809,12,1986,"Winter_Haupt"
"Salzburg","1987-01-01",2464930,1,1987,"Winter_Haupt"
"Salzburg","1987-02-01",3024367,2,1987,"Winter_Haupt"
"Salzburg","1987-03-01",2606283,3,1987,"Winter_Haupt"
"Salzburg","1987-04-01",1166551,4,1987,"Übergang"
"Salzburg","1987-05-01",727204,5,1987,"Sommer_Neben"
"Salzburg","1987-06-01",1437780,6,1987,"Sommer_Neben"
"Salzburg","1987-07-01",2745041,7,1987,"Sommer_Haupt"
"Salzburg","1987-08-01",2907196,8,1987,"Sommer_Haupt"
"Salzburg","1987-09-01",1557799,9,1987,"Sommer_Neben"
"Salzburg","1987-10-01",615734,10,1987,"Übergang"
"Salzburg","1987-11-01",238545,11,1987,"Übergang"
"Salzburg","1987-12-01",1349790,12,1987,"Winter_Haupt"
"Salzburg","1988-01-01",2298512,1,1988,"Winter_Haupt"
"Salzburg","1988-02-01",3208080,2,1988,"Winter_Haupt"
"Salzburg","1988-03-01",2924745,3,1988,"Winter_Haupt"
"Salzburg","1988-04-01",1100140,4,1988,"Übergang"
"Salzburg","1988-05-01",767663,5,1988,"Sommer_Neben"
"Salzburg","1988-06-01",1328360,6,1988,"Sommer_Neben"
"Salzburg","1988-07-01",2825147,7,1988,"Sommer_Haupt"
"Salzburg","1988-08-01",3028958,8,1988,"Sommer_Haupt"
"Salzburg","1988-09-01",1567932,9,1988,"Sommer_Neben"
"Salzburg","1988-10-01",654041,10,1988,"Übergang"
"Salzburg","1988-11-01",255239,11,1988,"Übergang"
"Salzburg","1988-12-01",1203858,12,1988,"Winter_Haupt"
"Salzburg","1989-01-01",2543207,1,1989,"Winter_Haupt"
"Salzburg","1989-02-01",3478923,2,1989,"Winter_Haupt"
"Salzburg","1989-03-01",3695023,3,1989,"Winter_Haupt"
"Salzburg","1989-04-01",757492,4,1989,"Übergang"
"Salzburg","1989-05-01",894292,5,1989,"Sommer_Neben"
"Salzburg","1989-06-01",1366080,6,1989,"Sommer_Neben"
"Salzburg","1989-07-01",2947539,7,1989,"Sommer_Haupt"
"Salzburg","1989-08-01",3190032,8,1989,"Sommer_Haupt"
"Salzburg","1989-09-01",1692748,9,1989,"Sommer_Neben"
"Salzburg","1989-10-01",657912,10,1989,"Übergang"
"Salzburg","1989-11-01",275497,11,1989,"Übergang"
"Salzburg","1989-12-01",1356714,12,1989,"Winter_Haupt"
"Salzburg","1990-01-01",2447911,1,1990,"Winter_Haupt"
"Salzburg","1990-02-01",3092250,2,1990,"Winter_Haupt"
"Salzburg","1990-03-01",2705730,3,1990,"Winter_Haupt"
"Salzburg","1990-04-01",1220666,4,1990,"Übergang"
"Salzburg","1990-05-01",865167,5,1990,"Sommer_Neben"
"Salzburg","1990-06-01",1583094,6,1990,"Sommer_Neben"
"Salzburg","1990-07-01",2955518,7,1990,"Sommer_Haupt"
"Salzburg","1990-08-01",3372871,8,1990,"Sommer_Haupt"
"Salzburg","1990-09-01",1856106,9,1990,"Sommer_Neben"
"Salzburg","1990-10-01",792001,10,1990,"Übergang"
"Salzburg","1990-11-01",304280,11,1990,"Übergang"
"Salzburg","1990-12-01",1522457,12,1990,"Winter_Haupt"
"Salzburg","1991-01-01",2535286,1,1991,"Winter_Haupt"
"Salzburg","1991-02-01",3523003,2,1991,"Winter_Haupt"
"Salzburg","1991-03-01",2933492,3,1991,"Winter_Haupt"
"Salzburg","1991-04-01",907450,4,1991,"Übergang"
"Salzburg","1991-05-01",1080486,5,1991,"Sommer_Neben"
"Salzburg","1991-06-01",1596305,6,1991,"Sommer_Neben"
"Salzburg","1991-07-01",3341723,7,1991,"Sommer_Haupt"
"Salzburg","1991-08-01",3765048,8,1991,"Sommer_Haupt"
"Salzburg","1991-09-01",1959937,9,1991,"Sommer_Neben"
"Salzburg","1991-10-01",846830,10,1991,"Übergang"
"Salzburg","1991-11-01",341880,11,1991,"Übergang"
"Salzburg","1991-12-01",1662111,12,1991,"Winter_Haupt"
"Salzburg","1992-01-01",2740009,1,1992,"Winter_Haupt"
"Salzburg","1992-02-01",3473950,2,1992,"Winter_Haupt"
"Salzburg","1992-03-01",2739576,3,1992,"Winter_Haupt"
"Salzburg","1992-04-01",1174282,4,1992,"Übergang"
"Salzburg","1992-05-01",969091,5,1992,"Sommer_Neben"
"Salzburg","1992-06-01",1769447,6,1992,"Sommer_Neben"
"Salzburg","1992-07-01",3398429,7,1992,"Sommer_Haupt"
"Salzburg","1992-08-01",3822207,8,1992,"Sommer_Haupt"
"Salzburg","1992-09-01",1991475,9,1992,"Sommer_Neben"
"Salzburg","1992-10-01",795087,10,1992,"Übergang"
"Salzburg","1992-11-01",307993,11,1992,"Übergang"
"Salzburg","1992-12-01",1753927,12,1992,"Winter_Haupt"
"Salzburg","1993-01-01",3146230,1,1993,"Winter_Haupt"
"Salzburg","1993-02-01",3657581,2,1993,"Winter_Haupt"
"Salzburg","1993-03-01",2707887,3,1993,"Winter_Haupt"
"Salzburg","1993-04-01",1239789,4,1993,"Übergang"
"Salzburg","1993-05-01",1008211,5,1993,"Sommer_Neben"
"Salzburg","1993-06-01",1688210,6,1993,"Sommer_Neben"
"Salzburg","1993-07-01",3212456,7,1993,"Sommer_Haupt"
"Salzburg","1993-08-01",3714890,8,1993,"Sommer_Haupt"
"Salzburg","1993-09-01",1806521,9,1993,"Sommer_Neben"
"Salzburg","1993-10-01",732605,10,1993,"Übergang"
"Salzburg","1993-11-01",315072,11,1993,"Übergang"
"Salzburg","1993-12-01",1595371,12,1993,"Winter_Haupt"
"Salzburg","1994-01-01",3152628,1,1994,"Winter_Haupt"
"Salzburg","1994-02-01",3569858,2,1994,"Winter_Haupt"
"Salzburg","1994-03-01",2876016,3,1994,"Winter_Haupt"
"Salzburg","1994-04-01",896851,4,1994,"Übergang"
"Salzburg","1994-05-01",1050916,5,1994,"Sommer_Neben"
"Salzburg","1994-06-01",1562792,6,1994,"Sommer_Neben"
"Salzburg","1994-07-01",3117784,7,1994,"Sommer_Haupt"
"Salzburg","1994-08-01",3242220,8,1994,"Sommer_Haupt"
"Salzburg","1994-09-01",1679281,9,1994,"Sommer_Neben"
"Salzburg","1994-10-01",681151,10,1994,"Übergang"
"Salzburg","1994-11-01",316219,11,1994,"Übergang"
"Salzburg","1994-12-01",1525228,12,1994,"Winter_Haupt"
"Salzburg","1995-01-01",3051822,1,1995,"Winter_Haupt"
"Salzburg","1995-02-01",3523185,2,1995,"Winter_Haupt"
"Salzburg","1995-03-01",2357019,3,1995,"Winter_Haupt"
"Salzburg","1995-04-01",1097997,4,1995,"Übergang"
"Salzburg","1995-05-01",885090,5,1995,"Sommer_Neben"
"Salzburg","1995-06-01",1539007,6,1995,"Sommer_Neben"
"Salzburg","1995-07-01",2896242,7,1995,"Sommer_Haupt"
"Salzburg","1995-08-01",2942359,8,1995,"Sommer_Haupt"
"Salzburg","1995-09-01",1524230,9,1995,"Sommer_Neben"
"Salzburg","1995-10-01",700370,10,1995,"Übergang"
"Salzburg","1995-11-01",285128,11,1995,"Übergang"
"Salzburg","1995-12-01",1574072,12,1995,"Winter_Haupt"
"Salzburg","1996-01-01",2805623,1,1996,"Winter_Haupt"
"Salzburg","1996-02-01",3440543,2,1996,"Winter_Haupt"
"Salzburg","1996-03-01",2514826,3,1996,"Winter_Haupt"
"Salzburg","1996-04-01",975596,4,1996,"Übergang"
"Salzburg","1996-05-01",862190,5,1996,"Sommer_Neben"
"Salzburg","1996-06-01",1370064,6,1996,"Sommer_Neben"
"Salzburg","1996-07-01",2717265,7,1996,"Sommer_Haupt"
"Salzburg","1996-08-01",2727600,8,1996,"Sommer_Haupt"
"Salzburg","1996-09-01",1357523,9,1996,"Sommer_Neben"
"Salzburg","1996-10-01",680230,10,1996,"Übergang"
"Salzburg","1996-11-01",290199,11,1996,"Übergang"
"Salzburg","1996-12-01",1689140,12,1996,"Winter_Haupt"
"Salzburg","1997-01-01",2537006,1,1997,"Winter_Haupt"
"Salzburg","1997-02-01",3048360,2,1997,"Winter_Haupt"
"Salzburg","1997-03-01",2563281,3,1997,"Winter_Haupt"
"Salzburg","1997-04-01",693303,4,1997,"Übergang"
"Salzburg","1997-05-01",874873,5,1997,"Sommer_Neben"
"Salzburg","1997-06-01",1215035,6,1997,"Sommer_Neben"
"Salzburg","1997-07-01",2293199,7,1997,"Sommer_Haupt"
"Salzburg","1997-08-01",2853615,8,1997,"Sommer_Haupt"
"Salzburg","1997-09-01",1349976,9,1997,"Sommer_Neben"
"Salzburg","1997-10-01",715287,10,1997,"Übergang"
"Salzburg","1997-11-01",279652,11,1997,"Übergang"
"Salzburg","1997-12-01",1700297,12,1997,"Winter_Haupt"
"Salzburg","1998-01-01",2450606,1,1998,"Winter_Haupt"
"Salzburg","1998-02-01",3130870,2,1998,"Winter_Haupt"
"Salzburg","1998-03-01",2047988,3,1998,"Winter_Haupt"
"Salzburg","1998-04-01",1128977,4,1998,"Übergang"
"Salzburg","1998-05-01",813442,5,1998,"Sommer_Neben"
"Salzburg","1998-06-01",1283063,6,1998,"Sommer_Neben"
"Salzburg","1998-07-01",2214373,7,1998,"Sommer_Haupt"
"Salzburg","1998-08-01",3021346,8,1998,"Sommer_Haupt"
"Salzburg","1998-09-01",1434503,9,1998,"Sommer_Neben"
"Salzburg","1998-10-01",677636,10,1998,"Übergang"
"Salzburg","1998-11-01",293576,11,1998,"Übergang"
"Salzburg","1998-12-01",1759276,12,1998,"Winter_Haupt"
"Salzburg","1999-01-01",2850327,1,1999,"Winter_Haupt"
"Salzburg","1999-02-01",3304630,2,1999,"Winter_Haupt"
"Salzburg","1999-03-01",2413591,3,1999,"Winter_Haupt"
"Salzburg","1999-04-01",1028441,4,1999,"Übergang"
"Salzburg","1999-05-01",837180,5,1999,"Sommer_Neben"
"Salzburg","1999-06-01",1302429,6,1999,"Sommer_Neben"
"Salzburg","1999-07-01",2356275,7,1999,"Sommer_Haupt"
"Salzburg","1999-08-01",2982234,8,1999,"Sommer_Haupt"
"Salzburg","1999-09-01",1413311,9,1999,"Sommer_Neben"
"Salzburg","1999-10-01",680707,10,1999,"Übergang"
"Salzburg","1999-11-01",307098,11,1999,"Übergang"
"Salzburg","1999-12-01",1589271,12,1999,"Winter_Haupt"
"Salzburg","2000-01-01",2992703,1,2000,"Winter_Haupt"
"Salzburg","2000-02-01",3334845,2,2000,"Winter_Haupt"
"Salzburg","2000-03-01",2566209,3,2000,"Winter_Haupt"
"Salzburg","2000-04-01",985661,4,2000,"Übergang"
"Salzburg","2000-05-01",707963,5,2000,"Sommer_Neben"
"Salzburg","2000-06-01",1350099,6,2000,"Sommer_Neben"
"Salzburg","2000-07-01",2347966,7,2000,"Sommer_Haupt"
"Salzburg","2000-08-01",2662887,8,2000,"Sommer_Haupt"
"Salzburg","2000-09-01",1399820,9,2000,"Sommer_Neben"
"Salzburg","2000-10-01",679326,10,2000,"Übergang"
"Salzburg","2000-11-01",283904,11,2000,"Übergang"
"Salzburg","2000-12-01",1644197,12,2000,"Winter_Haupt"
"Salzburg","2001-01-01",3061743,1,2001,"Winter_Haupt"
"Salzburg","2001-02-01",3513446,2,2001,"Winter_Haupt"
"Salzburg","2001-03-01",2480459,3,2001,"Winter_Haupt"
"Salzburg","2001-04-01",1090339,4,2001,"Übergang"
"Salzburg","2001-05-01",780076,5,2001,"Sommer_Neben"
"Salzburg","2001-06-01",1295936,6,2001,"Sommer_Neben"
"Salzburg","2001-07-01",2470966,7,2001,"Sommer_Haupt"
"Salzburg","2001-08-01",2649191,8,2001,"Sommer_Haupt"
"Salzburg","2001-09-01",1287124,9,2001,"Sommer_Neben"
"Salzburg","2001-10-01",712895,10,2001,"Übergang"
"Salzburg","2001-11-01",345002,11,2001,"Übergang"
"Salzburg","2001-12-01",1844827,12,2001,"Winter_Haupt"
"Salzburg","2002-01-01",3070447,1,2002,"Winter_Haupt"
"Salzburg","2002-02-01",3733302,2,2002,"Winter_Haupt"
"Salzburg","2002-03-01",2853509,3,2002,"Winter_Haupt"
"Salzburg","2002-04-01",773711,4,2002,"Übergang"
"Salzburg","2002-05-01",905719,5,2002,"Sommer_Neben"
"Salzburg","2002-06-01",1297899,6,2002,"Sommer_Neben"
"Salzburg","2002-07-01",2378265,7,2002,"Sommer_Haupt"
"Salzburg","2002-08-01",2719278,8,2002,"Sommer_Haupt"
"Salzburg","2002-09-01",1321644,9,2002,"Sommer_Neben"
"Salzburg","2002-10-01",724860,10,2002,"Übergang"
"Salzburg","2002-11-01",364193,11,2002,"Übergang"
"Salzburg","2002-12-01",1867108,12,2002,"Winter_Haupt"
"Salzburg","2003-01-01",3033587,1,2003,"Winter_Haupt"
"Salzburg","2003-02-01",3557662,2,2003,"Winter_Haupt"
"Salzburg","2003-03-01",2675284,3,2003,"Winter_Haupt"
"Salzburg","2003-04-01",1042307,4,2003,"Übergang"
"Salzburg","2003-05-01",803351,5,2003,"Sommer_Neben"
"Salzburg","2003-06-01",1374847,6,2003,"Sommer_Neben"
"Salzburg","2003-07-01",2181440,7,2003,"Sommer_Haupt"
"Salzburg","2003-08-01",3009024,8,2003,"Sommer_Haupt"
"Salzburg","2003-09-01",1385790,9,2003,"Sommer_Neben"
"Salzburg","2003-10-01",749659,10,2003,"Übergang"
"Salzburg","2003-11-01",399824,11,2003,"Übergang"
"Salzburg","2003-12-01",1762886,12,2003,"Winter_Haupt"
"Salzburg","2004-01-01",2969060,1,2004,"Winter_Haupt"
"Salzburg","2004-02-01",3888071,2,2004,"Winter_Haupt"
"Salzburg","2004-03-01",2503674,3,2004,"Winter_Haupt"
"Salzburg","2004-04-01",1212257,4,2004,"Übergang"
"Salzburg","2004-05-01",909463,5,2004,"Sommer_Neben"
"Salzburg","2004-06-01",1375542,6,2004,"Sommer_Neben"
"Salzburg","2004-07-01",2249632,7,2004,"Sommer_Haupt"
"Salzburg","2004-08-01",2906928,8,2004,"Sommer_Haupt"
"Salzburg","2004-09-01",1378072,9,2004,"Sommer_Neben"
"Salzburg","2004-10-01",732710,10,2004,"Übergang"
"Salzburg","2004-11-01",386278,11,2004,"Übergang"
"Salzburg","2004-12-01",1666973,12,2004,"Winter_Haupt"
"Salzburg","2005-01-01",3273425,1,2005,"Winter_Haupt"
"Salzburg","2005-02-01",3701727,2,2005,"Winter_Haupt"
"Salzburg","2005-03-01",3444955,3,2005,"Winter_Haupt"
"Salzburg","2005-04-01",773257,4,2005,"Übergang"
"Salzburg","2005-05-01",923074,5,2005,"Sommer_Neben"
"Salzburg","2005-06-01",1246113,6,2005,"Sommer_Neben"
"Salzburg","2005-07-01",2294340,7,2005,"Sommer_Haupt"
"Salzburg","2005-08-01",2826452,8,2005,"Sommer_Haupt"
"Salzburg","2005-09-01",1385170,9,2005,"Sommer_Neben"
"Salzburg","2005-10-01",777388,10,2005,"Übergang"
"Salzburg","2005-11-01",391433,11,2005,"Übergang"
"Salzburg","2005-12-01",1790291,12,2005,"Winter_Haupt"
"Salzburg","2006-01-01",3293084,1,2006,"Winter_Haupt"
"Salzburg","2006-02-01",3842571,2,2006,"Winter_Haupt"
"Salzburg","2006-03-01",2915916,3,2006,"Winter_Haupt"
"Salzburg","2006-04-01",1308743,4,2006,"Übergang"
"Salzburg","2006-05-01",845632,5,2006,"Sommer_Neben"
"Salzburg","2006-06-01",1389342,6,2006,"Sommer_Neben"
"Salzburg","2006-07-01",2384655,7,2006,"Sommer_Haupt"
"Salzburg","2006-08-01",2657926,8,2006,"Sommer_Haupt"
"Salzburg","2006-09-01",1489815,9,2006,"Sommer_Neben"
"Salzburg","2006-10-01",842033,10,2006,"Übergang"
"Salzburg","2006-11-01",423089,11,2006,"Übergang"
"Salzburg","2006-12-01",1880070,12,2006,"Winter_Haupt"
"Salzburg","2007-01-01",3219897,1,2007,"Winter_Haupt"
"Salzburg","2007-02-01",3866765,2,2007,"Winter_Haupt"
"Salzburg","2007-03-01",2696669,3,2007,"Winter_Haupt"
"Salzburg","2007-04-01",1289102,4,2007,"Übergang"
"Salzburg","2007-05-01",873460,5,2007,"Sommer_Neben"
"Salzburg","2007-06-01",1431425,6,2007,"Sommer_Neben"
"Salzburg","2007-07-01",2499670,7,2007,"Sommer_Haupt"
"Salzburg","2007-08-01",2753260,8,2007,"Sommer_Haupt"
"Salzburg","2007-09-01",1440924,9,2007,"Sommer_Neben"
"Salzburg","2007-10-01",857010,10,2007,"Übergang"
"Salzburg","2007-11-01",471733,11,2007,"Übergang"
"Salzburg","2007-12-01",2040428,12,2007,"Winter_Haupt"
"Salzburg","2008-01-01",3328255,1,2008,"Winter_Haupt"
"Salzburg","2008-02-01",4152457,2,2008,"Winter_Haupt"
"Salzburg","2008-03-01",3481817,3,2008,"Winter_Haupt"
"Salzburg","2008-04-01",739753,4,2008,"Übergang"
"Salzburg","2008-05-01",1049984,5,2008,"Sommer_Neben"
"Salzburg","2008-06-01",1381206,6,2008,"Sommer_Neben"
"Salzburg","2008-07-01",2630262,7,2008,"Sommer_Haupt"
"Salzburg","2008-08-01",2779426,8,2008,"Sommer_Haupt"
"Salzburg","2008-09-01",1399520,9,2008,"Sommer_Neben"
"Salzburg","2008-10-01",857953,10,2008,"Übergang"
"Salzburg","2008-11-01",455045,11,2008,"Übergang"
"Salzburg","2008-12-01",2282646,12,2008,"Winter_Haupt"
"Salzburg","2009-01-01",3387602,1,2009,"Winter_Haupt"
"Salzburg","2009-02-01",3935828,2,2009,"Winter_Haupt"
"Salzburg","2009-03-01",2493874,3,2009,"Winter_Haupt"
"Salzburg","2009-04-01",1379981,4,2009,"Übergang"
"Salzburg","2009-05-01",875955,5,2009,"Sommer_Neben"
"Salzburg","2009-06-01",1357653,6,2009,"Sommer_Neben"
"Salzburg","2009-07-01",2532092,7,2009,"Sommer_Haupt"
"Salzburg","2009-08-01",2851106,8,2009,"Sommer_Haupt"
"Salzburg","2009-09-01",1427330,9,2009,"Sommer_Neben"
"Salzburg","2009-10-01",831800,10,2009,"Übergang"
"Salzburg","2009-11-01",462330,11,2009,"Übergang"
"Salzburg","2009-12-01",2204741,12,2009,"Winter_Haupt"
"Salzburg","2010-01-01",3340716,1,2010,"Winter_Haupt"
"Salzburg","2010-02-01",3851208,2,2010,"Winter_Haupt"
"Salzburg","2010-03-01",2844677,3,2010,"Winter_Haupt"
"Salzburg","2010-04-01",1113787,4,2010,"Übergang"
"Salzburg","2010-05-01",938147,5,2010,"Sommer_Neben"
"Salzburg","2010-06-01",1339201,6,2010,"Sommer_Neben"
"Salzburg","2010-07-01",2651302,7,2010,"Sommer_Haupt"
"Salzburg","2010-08-01",2881559,8,2010,"Sommer_Haupt"
"Salzburg","2010-09-01",1493468,9,2010,"Sommer_Neben"
"Salzburg","2010-10-01",871489,10,2010,"Übergang"
"Salzburg","2010-11-01",489337,11,2010,"Übergang"
"Salzburg","2010-12-01",2071045,12,2010,"Winter_Haupt"
"Salzburg","2011-01-01",3490634,1,2011,"Winter_Haupt"
"Salzburg","2011-02-01",3656104,2,2011,"Winter_Haupt"
"Salzburg","2011-03-01",2910272,3,2011,"Winter_Haupt"
"Salzburg","2011-04-01",962137,4,2011,"Übergang"
"Salzburg","2011-05-01",787523,5,2011,"Sommer_Neben"
"Salzburg","2011-06-01",1586611,6,2011,"Sommer_Neben"
"Salzburg","2011-07-01",2677689,7,2011,"Sommer_Haupt"
"Salzburg","2011-08-01",2990592,8,2011,"Sommer_Haupt"
"Salzburg","2011-09-01",1524081,9,2011,"Sommer_Neben"
"Salzburg","2011-10-01",883271,10,2011,"Übergang"
"Salzburg","2011-11-01",495442,11,2011,"Übergang"
"Salzburg","2011-12-01",1985558,12,2011,"Winter_Haupt"
"Salzburg","2012-01-01",3557585,1,2012,"Winter_Haupt"
"Salzburg","2012-02-01",4102829,2,2012,"Winter_Haupt"
"Salzburg","2012-03-01",2673045,3,2012,"Winter_Haupt"
"Salzburg","2012-04-01",1250408,4,2012,"Übergang"
"Salzburg","2012-05-01",992147,5,2012,"Sommer_Neben"
"Salzburg","2012-06-01",1555361,6,2012,"Sommer_Neben"
"Salzburg","2012-07-01",2741264,7,2012,"Sommer_Haupt"
"Salzburg","2012-08-01",3121716,8,2012,"Sommer_Haupt"
"Salzburg","2012-09-01",1598121,9,2012,"Sommer_Neben"
"Salzburg","2012-10-01",919275,10,2012,"Übergang"
"Salzburg","2012-11-01",520897,11,2012,"Übergang"
"Salzburg","2012-12-01",2207761,12,2012,"Winter_Haupt"
"Salzburg","2013-01-01",3487142,1,2013,"Winter_Haupt"
"Salzburg","2013-02-01",4241790,2,2013,"Winter_Haupt"
"Salzburg","2013-03-01",3179487,3,2013,"Winter_Haupt"
"Salzburg","2013-04-01",842038,4,2013,"Übergang"
"Salzburg","2013-05-01",1063475,5,2013,"Sommer_Neben"
"Salzburg","2013-06-01",1471315,6,2013,"Sommer_Neben"
"Salzburg","2013-07-01",2734821,7,2013,"Sommer_Haupt"
"Salzburg","2013-08-01",3384188,8,2013,"Sommer_Haupt"
"Salzburg","2013-09-01",1586405,9,2013,"Sommer_Neben"
"Salzburg","2013-10-01",940619,10,2013,"Übergang"
"Salzburg","2013-11-01",525127,11,2013,"Übergang"
"Salzburg","2013-12-01",2349337,12,2013,"Winter_Haupt"
"Salzburg","2014-01-01",3363690,1,2014,"Winter_Haupt"
"Salzburg","2014-02-01",3873680,2,2014,"Winter_Haupt"
"Salzburg","2014-03-01",2918797,3,2014,"Winter_Haupt"
"Salzburg","2014-04-01",1094935,4,2014,"Übergang"
"Salzburg","2014-05-01",925178,5,2014,"Sommer_Neben"
"Salzburg","2014-06-01",1671150,6,2014,"Sommer_Neben"
"Salzburg","2014-07-01",2640943,7,2014,"Sommer_Haupt"
"Salzburg","2014-08-01",3538126,8,2014,"Sommer_Haupt"
"Salzburg","2014-09-01",1615236,9,2014,"Sommer_Neben"
"Salzburg","2014-10-01",998701,10,2014,"Übergang"
"Salzburg","2014-11-01",520214,11,2014,"Übergang"
"Salzburg","2014-12-01",2327650,12,2014,"Winter_Haupt"
"Salzburg","2015-01-01",3350893,1,2015,"Winter_Haupt"
"Salzburg","2015-02-01",4252823,2,2015,"Winter_Haupt"
"Salzburg","2015-03-01",2761468,3,2015,"Winter_Haupt"
"Salzburg","2015-04-01",1177394,4,2015,"Übergang"
"Salzburg","2015-05-01",1051383,5,2015,"Sommer_Neben"
"Salzburg","2015-06-01",1583121,6,2015,"Sommer_Neben"
"Salzburg","2015-07-01",2967466,7,2015,"Sommer_Haupt"
"Salzburg","2015-08-01",3572813,8,2015,"Sommer_Haupt"
"Salzburg","2015-09-01",1693823,9,2015,"Sommer_Neben"
"Salzburg","2015-10-01",956238,10,2015,"Übergang"
"Salzburg","2015-11-01",547284,11,2015,"Übergang"
"Salzburg","2015-12-01",2237625,12,2015,"Winter_Haupt"
"Salzburg","2016-01-01",3452941,1,2016,"Winter_Haupt"
"Salzburg","2016-02-01",4426195,2,2016,"Winter_Haupt"
"Salzburg","2016-03-01",3649879,3,2016,"Winter_Haupt"
"Salzburg","2016-04-01",801919,4,2016,"Übergang"
"Salzburg","2016-05-01",1205962,5,2016,"Sommer_Neben"
"Salzburg","2016-06-01",1511721,6,2016,"Sommer_Neben"
"Salzburg","2016-07-01",3232723,7,2016,"Sommer_Haupt"
"Salzburg","2016-08-01",3739638,8,2016,"Sommer_Haupt"
"Salzburg","2016-09-01",1810690,9,2016,"Sommer_Neben"
"Salzburg","2016-10-01",1075523,10,2016,"Übergang"
"Salzburg","2016-11-01",578250,11,2016,"Übergang"
"Salzburg","2016-12-01",2024938,12,2016,"Winter_Haupt"
"Salzburg","2017-01-01",3575440,1,2017,"Winter_Haupt"
"Salzburg","2017-02-01",4364036,2,2017,"Winter_Haupt"
"Salzburg","2017-03-01",3136422,3,2017,"Winter_Haupt"
"Salzburg","2017-04-01",1383806,4,2017,"Übergang"
"Salzburg","2017-05-01",1016647,5,2017,"Sommer_Neben"
"Salzburg","2017-06-01",1869145,6,2017,"Sommer_Neben"
"Salzburg","2017-07-01",3402893,7,2017,"Sommer_Haupt"
"Salzburg","2017-08-01",3770707,8,2017,"Sommer_Haupt"
"Salzburg","2017-09-01",1804560,9,2017,"Sommer_Neben"
"Salzburg","2017-10-01",1131932,10,2017,"Übergang"
"Salzburg","2017-11-01",611974,11,2017,"Übergang"
"Salzburg","2017-12-01",2241948,12,2017,"Winter_Haupt"
"Salzburg","2018-01-01",3805052,1,2018,"Winter_Haupt"
"Salzburg","2018-02-01",4573831,2,2018,"Winter_Haupt"
"Salzburg","2018-03-01",3631368,3,2018,"Winter_Haupt"
"Salzburg","2018-04-01",1110193,4,2018,"Übergang"
"Salzburg","2018-05-01",1280142,5,2018,"Sommer_Neben"
"Salzburg","2018-06-01",1773517,6,2018,"Sommer_Neben"
"Salzburg","2018-07-01",3612880,7,2018,"Sommer_Haupt"
"Salzburg","2018-08-01",3716322,8,2018,"Sommer_Haupt"
"Salzburg","2018-09-01",1774370,9,2018,"Sommer_Neben"
"Salzburg","2018-10-01",1168666,10,2018,"Übergang"
"Salzburg","2018-11-01",652642,11,2018,"Übergang"
"Salzburg","2018-12-01",2410563,12,2018,"Winter_Haupt"
"Salzburg","2019-01-01",3695961,1,2019,"Winter_Haupt"
"Salzburg","2019-02-01",4504372,2,2019,"Winter_Haupt"
"Salzburg","2019-03-01",3407138,3,2019,"Winter_Haupt"
"Salzburg","2019-04-01",1310973,4,2019,"Übergang"
"Salzburg","2019-05-01",1012233,5,2019,"Sommer_Neben"
"Salzburg","2019-06-01",2195564,6,2019,"Sommer_Neben"
"Salzburg","2019-07-01",3674219,7,2019,"Sommer_Haupt"
"Salzburg","2019-08-01",3794772,8,2019,"Sommer_Haupt"
"Salzburg","2019-09-01",1829687,9,2019,"Sommer_Neben"
"Salzburg","2019-10-01",1265398,10,2019,"Übergang"
"Salzburg","2019-11-01",662840,11,2019,"Übergang"
"Salzburg","2019-12-01",2618006,12,2019,"Winter_Haupt"
"Salzburg","2020-01-01",3955095,1,2020,"Winter_Haupt"
"Salzburg","2020-02-01",4970911,2,2020,"Winter_Haupt"
"Salzburg","2020-03-01",1494001,3,2020,"Winter_Haupt"
"Salzburg","2020-04-01",19691,4,2020,"Übergang"
"Salzburg","2020-05-01",78791,5,2020,"Sommer_Neben"
"Salzburg","2020-06-01",807114,6,2020,"Sommer_Neben"
"Salzburg","2020-07-01",2894284,7,2020,"Sommer_Haupt"
"Salzburg","2020-08-01",3401295,8,2020,"Sommer_Haupt"
"Salzburg","2020-09-01",1669229,9,2020,"Sommer_Neben"
"Salzburg","2020-10-01",791311,10,2020,"Übergang"
"Salzburg","2020-11-01",120370,11,2020,"Übergang"
"Salzburg","2020-12-01",80572,12,2020,"Winter_Haupt"
"Salzburg","2021-01-01",90642,1,2021,"Winter_Haupt"
"Salzburg","2021-02-01",101254,2,2021,"Winter_Haupt"
"Salzburg","2021-03-01",119555,3,2021,"Winter_Haupt"
"Salzburg","2021-04-01",109824,4,2021,"Übergang"
"Salzburg","2021-05-01",415541,5,2021,"Sommer_Neben"
"Salzburg","2021-06-01",1187417,6,2021,"Sommer_Neben"
"Salzburg","2021-07-01",2880007,7,2021,"Sommer_Haupt"
"Salzburg","2021-08-01",4046482,8,2021,"Sommer_Haupt"
"Salzburg","2021-09-01",1982757,9,2021,"Sommer_Neben"
"Salzburg","2021-10-01",1275814,10,2021,"Übergang"
"Salzburg","2021-11-01",417149,11,2021,"Übergang"
"Salzburg","2021-12-01",1352704,12,2021,"Winter_Haupt"
"Salzburg","2022-01-01",2542215,1,2022,"Winter_Haupt"
"Salzburg","2022-02-01",3449338,2,2022,"Winter_Haupt"
"Salzburg","2022-03-01",2892017,3,2022,"Winter_Haupt"
"Salzburg","2022-04-01",1297305,4,2022,"Übergang"
"Salzburg","2022-05-01",1041196,5,2022,"Sommer_Neben"
"Salzburg","2022-06-01",2076420,6,2022,"Sommer_Neben"
"Salzburg","2022-07-01",3464225,7,2022,"Sommer_Haupt"
"Salzburg","2022-08-01",4016111,8,2022,"Sommer_Haupt"
"Salzburg","2022-09-01",1941994,9,2022,"Sommer_Neben"
"Salzburg","2022-10-01",1299490,10,2022,"Übergang"
"Salzburg","2022-11-01",644195,11,2022,"Übergang"
"Salzburg","2022-12-01",2347968,12,2022,"Winter_Haupt"
"Salzburg","2023-01-01",3780188,1,2023,"Winter_Haupt"
"Salzburg","2023-02-01",4450981,2,2023,"Winter_Haupt"
"Salzburg","2023-03-01",3049530,3,2023,"Winter_Haupt"
"Salzburg","2023-04-01",1346869,4,2023,"Übergang"
"Salzburg","2023-05-01",1260185,5,2023,"Sommer_Neben"
"Salzburg","2023-06-01",2167196,6,2023,"Sommer_Neben"
"Salzburg","2023-07-01",3697174,7,2023,"Sommer_Haupt"
"Salzburg","2023-08-01",3955954,8,2023,"Sommer_Haupt"
"Salzburg","2023-09-01",2014248,9,2023,"Sommer_Neben"
"Salzburg","2023-10-01",1348258,10,2023,"Übergang"
"Salzburg","2023-11-01",663357,11,2023,"Übergang"
"Salzburg","2023-12-01",2399547,12,2023,"Winter_Haupt"
"Salzburg","2024-01-01",3860423,1,2024,"Winter_Haupt"
"Salzburg","2024-02-01",4646883,2,2024,"Winter_Haupt"
"Salzburg","2024-03-01",3098794,3,2024,"Winter_Haupt"
"Salzburg","2024-04-01",924777,4,2024,"Übergang"
"Salzburg","2024-05-01",1490479,5,2024,"Sommer_Neben"
"Salzburg","2024-06-01",1915882,6,2024,"Sommer_Neben"
"Salzburg","2024-07-01",3628251,7,2024,"Sommer_Haupt"
"Salzburg","2024-08-01",3979297,8,2024,"Sommer_Haupt"
"Salzburg","2024-09-01",1847100,9,2024,"Sommer_Neben"
"Salzburg","2024-10-01",1411374,10,2024,"Übergang"
"Salzburg","2024-11-01",691341,11,2024,"Übergang"
"Salzburg","2024-12-01",2681883,12,2024,"Winter_Haupt"
"Steiermark","1974-01-01",490224,1,1974,"Winter_Haupt"
"Steiermark","1974-02-01",571067,2,1974,"Winter_Haupt"
"Steiermark","1974-03-01",532331,3,1974,"Winter_Haupt"
"Steiermark","1974-04-01",468383,4,1974,"Übergang"
"Steiermark","1974-05-01",477978,5,1974,"Sommer_Neben"
"Steiermark","1974-06-01",791230,6,1974,"Sommer_Neben"
"Steiermark","1974-07-01",1667242,7,1974,"Sommer_Haupt"
"Steiermark","1974-08-01",2003871,8,1974,"Sommer_Haupt"
"Steiermark","1974-09-01",881922,9,1974,"Sommer_Neben"
"Steiermark","1974-10-01",314409,10,1974,"Übergang"
"Steiermark","1974-11-01",168184,11,1974,"Übergang"
"Steiermark","1974-12-01",530483,12,1974,"Winter_Haupt"
"Steiermark","1975-01-01",536368,1,1975,"Winter_Haupt"
"Steiermark","1975-02-01",624145,2,1975,"Winter_Haupt"
"Steiermark","1975-03-01",709824,3,1975,"Winter_Haupt"
"Steiermark","1975-04-01",349057,4,1975,"Übergang"
"Steiermark","1975-05-01",490271,5,1975,"Sommer_Neben"
"Steiermark","1975-06-01",766061,6,1975,"Sommer_Neben"
"Steiermark","1975-07-01",1724448,7,1975,"Sommer_Haupt"
"Steiermark","1975-08-01",1952085,8,1975,"Sommer_Haupt"
"Steiermark","1975-09-01",836957,9,1975,"Sommer_Neben"
"Steiermark","1975-10-01",321864,10,1975,"Übergang"
"Steiermark","1975-11-01",166130,11,1975,"Übergang"
"Steiermark","1975-12-01",534902,12,1975,"Winter_Haupt"
"Steiermark","1976-01-01",580209,1,1976,"Winter_Haupt"
"Steiermark","1976-02-01",690659,2,1976,"Winter_Haupt"
"Steiermark","1976-03-01",522631,3,1976,"Winter_Haupt"
"Steiermark","1976-04-01",475048,4,1976,"Übergang"
"Steiermark","1976-05-01",466249,5,1976,"Sommer_Neben"
"Steiermark","1976-06-01",790260,6,1976,"Sommer_Neben"
"Steiermark","1976-07-01",1703136,7,1976,"Sommer_Haupt"
"Steiermark","1976-08-01",1812918,8,1976,"Sommer_Haupt"
"Steiermark","1976-09-01",849158,9,1976,"Sommer_Neben"
"Steiermark","1976-10-01",344030,10,1976,"Übergang"
"Steiermark","1976-11-01",164965,11,1976,"Übergang"
"Steiermark","1976-12-01",488562,12,1976,"Winter_Haupt"
"Steiermark","1977-01-01",660557,1,1977,"Winter_Haupt"
"Steiermark","1977-02-01",747812,2,1977,"Winter_Haupt"
"Steiermark","1977-03-01",587517,3,1977,"Winter_Haupt"
"Steiermark","1977-04-01",500300,4,1977,"Übergang"
"Steiermark","1977-05-01",513139,5,1977,"Sommer_Neben"
"Steiermark","1977-06-01",833363,6,1977,"Sommer_Neben"
"Steiermark","1977-07-01",1660994,7,1977,"Sommer_Haupt"
"Steiermark","1977-08-01",1760745,8,1977,"Sommer_Haupt"
"Steiermark","1977-09-01",832983,9,1977,"Sommer_Neben"
"Steiermark","1977-10-01",363240,10,1977,"Übergang"
"Steiermark","1977-11-01",188458,11,1977,"Übergang"
"Steiermark","1977-12-01",515784,12,1977,"Winter_Haupt"
"Steiermark","1978-01-01",724492,1,1978,"Winter_Haupt"
"Steiermark","1978-02-01",799977,2,1978,"Winter_Haupt"
"Steiermark","1978-03-01",814556,3,1978,"Winter_Haupt"
"Steiermark","1978-04-01",349708,4,1978,"Übergang"
"Steiermark","1978-05-01",539424,5,1978,"Sommer_Neben"
"Steiermark","1978-06-01",772186,6,1978,"Sommer_Neben"
"Steiermark","1978-07-01",1639800,7,1978,"Sommer_Haupt"
"Steiermark","1978-08-01",1776821,8,1978,"Sommer_Haupt"
"Steiermark","1978-09-01",838071,9,1978,"Sommer_Neben"
"Steiermark","1978-10-01",359618,10,1978,"Übergang"
"Steiermark","1978-11-01",200904,11,1978,"Übergang"
"Steiermark","1978-12-01",555756,12,1978,"Winter_Haupt"
"Steiermark","1979-01-01",725742,1,1979,"Winter_Haupt"
"Steiermark","1979-02-01",802238,2,1979,"Winter_Haupt"
"Steiermark","1979-03-01",597929,3,1979,"Winter_Haupt"
"Steiermark","1979-04-01",533519,4,1979,"Übergang"
"Steiermark","1979-05-01",498996,5,1979,"Sommer_Neben"
"Steiermark","1979-06-01",844989,6,1979,"Sommer_Neben"
"Steiermark","1979-07-01",1596558,7,1979,"Sommer_Haupt"
"Steiermark","1979-08-01",1798581,8,1979,"Sommer_Haupt"
"Steiermark","1979-09-01",853724,9,1979,"Sommer_Neben"
"Steiermark","1979-10-01",402091,10,1979,"Übergang"
"Steiermark","1979-11-01",212166,11,1979,"Übergang"
"Steiermark","1979-12-01",553944,12,1979,"Winter_Haupt"
"Steiermark","1980-01-01",709535,1,1980,"Winter_Haupt"
"Steiermark","1980-02-01",849332,2,1980,"Winter_Haupt"
"Steiermark","1980-03-01",640401,3,1980,"Winter_Haupt"
"Steiermark","1980-04-01",510829,4,1980,"Übergang"
"Steiermark","1980-05-01",534647,5,1980,"Sommer_Neben"
"Steiermark","1980-06-01",844168,6,1980,"Sommer_Neben"
"Steiermark","1980-07-01",1560748,7,1980,"Sommer_Haupt"
"Steiermark","1980-08-01",1730763,8,1980,"Sommer_Haupt"
"Steiermark","1980-09-01",913010,9,1980,"Sommer_Neben"
"Steiermark","1980-10-01",381784,10,1980,"Übergang"
"Steiermark","1980-11-01",192518,11,1980,"Übergang"
"Steiermark","1980-12-01",571781,12,1980,"Winter_Haupt"
"Steiermark","1981-01-01",714809,1,1981,"Winter_Haupt"
"Steiermark","1981-02-01",812699,2,1981,"Winter_Haupt"
"Steiermark","1981-03-01",620151,3,1981,"Winter_Haupt"
"Steiermark","1981-04-01",530157,4,1981,"Übergang"
"Steiermark","1981-05-01",515638,5,1981,"Sommer_Neben"
"Steiermark","1981-06-01",815141,6,1981,"Sommer_Neben"
"Steiermark","1981-07-01",1530619,7,1981,"Sommer_Haupt"
"Steiermark","1981-08-01",1831426,8,1981,"Sommer_Haupt"
"Steiermark","1981-09-01",924987,9,1981,"Sommer_Neben"
"Steiermark","1981-10-01",396274,10,1981,"Übergang"
"Steiermark","1981-11-01",193710,11,1981,"Übergang"
"Steiermark","1981-12-01",548277,12,1981,"Winter_Haupt"
"Steiermark","1982-01-01",712847,1,1982,"Winter_Haupt"
"Steiermark","1982-02-01",845121,2,1982,"Winter_Haupt"
"Steiermark","1982-03-01",614021,3,1982,"Winter_Haupt"
"Steiermark","1982-04-01",507239,4,1982,"Übergang"
"Steiermark","1982-05-01",539007,5,1982,"Sommer_Neben"
"Steiermark","1982-06-01",795686,6,1982,"Sommer_Neben"
"Steiermark","1982-07-01",1439454,7,1982,"Sommer_Haupt"
"Steiermark","1982-08-01",1626704,8,1982,"Sommer_Haupt"
"Steiermark","1982-09-01",886501,9,1982,"Sommer_Neben"
"Steiermark","1982-10-01",385677,10,1982,"Übergang"
"Steiermark","1982-11-01",183965,11,1982,"Übergang"
"Steiermark","1982-12-01",485761,12,1982,"Winter_Haupt"
"Steiermark","1983-01-01",688390,1,1983,"Winter_Haupt"
"Steiermark","1983-02-01",845525,2,1983,"Winter_Haupt"
"Steiermark","1983-03-01",689043,3,1983,"Winter_Haupt"
"Steiermark","1983-04-01",403676,4,1983,"Übergang"
"Steiermark","1983-05-01",541132,5,1983,"Sommer_Neben"
"Steiermark","1983-06-01",777638,6,1983,"Sommer_Neben"
"Steiermark","1983-07-01",1370148,7,1983,"Sommer_Haupt"
"Steiermark","1983-08-01",1600388,8,1983,"Sommer_Haupt"
"Steiermark","1983-09-01",862703,9,1983,"Sommer_Neben"
"Steiermark","1983-10-01",381295,10,1983,"Übergang"
"Steiermark","1983-11-01",185400,11,1983,"Übergang"
"Steiermark","1983-12-01",482477,12,1983,"Winter_Haupt"
"Steiermark","1984-01-01",692950,1,1984,"Winter_Haupt"
"Steiermark","1984-02-01",880156,2,1984,"Winter_Haupt"
"Steiermark","1984-03-01",645458,3,1984,"Winter_Haupt"
"Steiermark","1984-04-01",438903,4,1984,"Übergang"
"Steiermark","1984-05-01",487883,5,1984,"Sommer_Neben"
"Steiermark","1984-06-01",787076,6,1984,"Sommer_Neben"
"Steiermark","1984-07-01",1295652,7,1984,"Sommer_Haupt"
"Steiermark","1984-08-01",1546235,8,1984,"Sommer_Haupt"
"Steiermark","1984-09-01",848934,9,1984,"Sommer_Neben"
"Steiermark","1984-10-01",397710,10,1984,"Übergang"
"Steiermark","1984-11-01",189089,11,1984,"Übergang"
"Steiermark","1984-12-01",496372,12,1984,"Winter_Haupt"
"Steiermark","1985-01-01",650784,1,1985,"Winter_Haupt"
"Steiermark","1985-02-01",837681,2,1985,"Winter_Haupt"
"Steiermark","1985-03-01",646623,3,1985,"Winter_Haupt"
"Steiermark","1985-04-01",452183,4,1985,"Übergang"
"Steiermark","1985-05-01",508360,5,1985,"Sommer_Neben"
"Steiermark","1985-06-01",745503,6,1985,"Sommer_Neben"
"Steiermark","1985-07-01",1226501,7,1985,"Sommer_Haupt"
"Steiermark","1985-08-01",1432894,8,1985,"Sommer_Haupt"
"Steiermark","1985-09-01",859048,9,1985,"Sommer_Neben"
"Steiermark","1985-10-01",411482,10,1985,"Übergang"
"Steiermark","1985-11-01",196246,11,1985,"Übergang"
"Steiermark","1985-12-01",472902,12,1985,"Winter_Haupt"
"Steiermark","1986-01-01",663908,1,1986,"Winter_Haupt"
"Steiermark","1986-02-01",865794,2,1986,"Winter_Haupt"
"Steiermark","1986-03-01",799425,3,1986,"Winter_Haupt"
"Steiermark","1986-04-01",363981,4,1986,"Übergang"
"Steiermark","1986-05-01",536084,5,1986,"Sommer_Neben"
"Steiermark","1986-06-01",699114,6,1986,"Sommer_Neben"
"Steiermark","1986-07-01",1237729,7,1986,"Sommer_Haupt"
"Steiermark","1986-08-01",1437714,8,1986,"Sommer_Haupt"
"Steiermark","1986-09-01",866899,9,1986,"Sommer_Neben"
"Steiermark","1986-10-01",440282,10,1986,"Übergang"
"Steiermark","1986-11-01",195318,11,1986,"Übergang"
"Steiermark","1986-12-01",471643,12,1986,"Winter_Haupt"
"Steiermark","1987-01-01",685264,1,1987,"Winter_Haupt"
"Steiermark","1987-02-01",839726,2,1987,"Winter_Haupt"
"Steiermark","1987-03-01",677059,3,1987,"Winter_Haupt"
"Steiermark","1987-04-01",479483,4,1987,"Übergang"
"Steiermark","1987-05-01",511337,5,1987,"Sommer_Neben"
"Steiermark","1987-06-01",744159,6,1987,"Sommer_Neben"
"Steiermark","1987-07-01",1239445,7,1987,"Sommer_Haupt"
"Steiermark","1987-08-01",1392825,8,1987,"Sommer_Haupt"
"Steiermark","1987-09-01",896793,9,1987,"Sommer_Neben"
"Steiermark","1987-10-01",460088,10,1987,"Übergang"
"Steiermark","1987-11-01",201473,11,1987,"Übergang"
"Steiermark","1987-12-01",478593,12,1987,"Winter_Haupt"
"Steiermark","1988-01-01",663357,1,1988,"Winter_Haupt"
"Steiermark","1988-02-01",886386,2,1988,"Winter_Haupt"
"Steiermark","1988-03-01",804055,3,1988,"Winter_Haupt"
"Steiermark","1988-04-01",423037,4,1988,"Übergang"
"Steiermark","1988-05-01",528557,5,1988,"Sommer_Neben"
"Steiermark","1988-06-01",711142,6,1988,"Sommer_Neben"
"Steiermark","1988-07-01",1275166,7,1988,"Sommer_Haupt"
"Steiermark","1988-08-01",1433671,8,1988,"Sommer_Haupt"
"Steiermark","1988-09-01",869226,9,1988,"Sommer_Neben"
"Steiermark","1988-10-01",451274,10,1988,"Übergang"
"Steiermark","1988-11-01",222422,11,1988,"Übergang"
"Steiermark","1988-12-01",420461,12,1988,"Winter_Haupt"
"Steiermark","1989-01-01",686096,1,1989,"Winter_Haupt"
"Steiermark","1989-02-01",905594,2,1989,"Winter_Haupt"
"Steiermark","1989-03-01",963178,3,1989,"Winter_Haupt"
"Steiermark","1989-04-01",390145,4,1989,"Übergang"
"Steiermark","1989-05-01",600030,5,1989,"Sommer_Neben"
"Steiermark","1989-06-01",717363,6,1989,"Sommer_Neben"
"Steiermark","1989-07-01",1336484,7,1989,"Sommer_Haupt"
"Steiermark","1989-08-01",1508345,8,1989,"Sommer_Haupt"
"Steiermark","1989-09-01",908233,9,1989,"Sommer_Neben"
"Steiermark","1989-10-01",504224,10,1989,"Übergang"
"Steiermark","1989-11-01",270891,11,1989,"Übergang"
"Steiermark","1989-12-01",485727,12,1989,"Winter_Haupt"
"Steiermark","1990-01-01",707952,1,1990,"Winter_Haupt"
"Steiermark","1990-02-01",871166,2,1990,"Winter_Haupt"
"Steiermark","1990-03-01",757185,3,1990,"Winter_Haupt"
"Steiermark","1990-04-01",534150,4,1990,"Übergang"
"Steiermark","1990-05-01",558579,5,1990,"Sommer_Neben"
"Steiermark","1990-06-01",789554,6,1990,"Sommer_Neben"
"Steiermark","1990-07-01",1301014,7,1990,"Sommer_Haupt"
"Steiermark","1990-08-01",1511285,8,1990,"Sommer_Haupt"
"Steiermark","1990-09-01",943327,9,1990,"Sommer_Neben"
"Steiermark","1990-10-01",557057,10,1990,"Übergang"
"Steiermark","1990-11-01",275276,11,1990,"Übergang"
"Steiermark","1990-12-01",519825,12,1990,"Winter_Haupt"
"Steiermark","1991-01-01",707726,1,1991,"Winter_Haupt"
"Steiermark","1991-02-01",916118,2,1991,"Winter_Haupt"
"Steiermark","1991-03-01",833821,3,1991,"Winter_Haupt"
"Steiermark","1991-04-01",426653,4,1991,"Übergang"
"Steiermark","1991-05-01",588352,5,1991,"Sommer_Neben"
"Steiermark","1991-06-01",767035,6,1991,"Sommer_Neben"
"Steiermark","1991-07-01",1387334,7,1991,"Sommer_Haupt"
"Steiermark","1991-08-01",1598939,8,1991,"Sommer_Haupt"
"Steiermark","1991-09-01",956714,9,1991,"Sommer_Neben"
"Steiermark","1991-10-01",559252,10,1991,"Übergang"
"Steiermark","1991-11-01",247199,11,1991,"Übergang"
"Steiermark","1991-12-01",541186,12,1991,"Winter_Haupt"
"Steiermark","1992-01-01",739070,1,1992,"Winter_Haupt"
"Steiermark","1992-02-01",945540,2,1992,"Winter_Haupt"
"Steiermark","1992-03-01",707101,3,1992,"Winter_Haupt"
"Steiermark","1992-04-01",502394,4,1992,"Übergang"
"Steiermark","1992-05-01",562227,5,1992,"Sommer_Neben"
"Steiermark","1992-06-01",816961,6,1992,"Sommer_Neben"
"Steiermark","1992-07-01",1366141,7,1992,"Sommer_Haupt"
"Steiermark","1992-08-01",1600845,8,1992,"Sommer_Haupt"
"Steiermark","1992-09-01",938505,9,1992,"Sommer_Neben"
"Steiermark","1992-10-01",555381,10,1992,"Übergang"
"Steiermark","1992-11-01",258881,11,1992,"Übergang"
"Steiermark","1992-12-01",548108,12,1992,"Winter_Haupt"
"Steiermark","1993-01-01",764988,1,1993,"Winter_Haupt"
"Steiermark","1993-02-01",984637,2,1993,"Winter_Haupt"
"Steiermark","1993-03-01",707572,3,1993,"Winter_Haupt"
"Steiermark","1993-04-01",526046,4,1993,"Übergang"
"Steiermark","1993-05-01",601660,5,1993,"Sommer_Neben"
"Steiermark","1993-06-01",777556,6,1993,"Sommer_Neben"
"Steiermark","1993-07-01",1327987,7,1993,"Sommer_Haupt"
"Steiermark","1993-08-01",1562293,8,1993,"Sommer_Haupt"
"Steiermark","1993-09-01",941203,9,1993,"Sommer_Neben"
"Steiermark","1993-10-01",560435,10,1993,"Übergang"
"Steiermark","1993-11-01",259487,11,1993,"Übergang"
"Steiermark","1993-12-01",522900,12,1993,"Winter_Haupt"
"Steiermark","1994-01-01",798877,1,1994,"Winter_Haupt"
"Steiermark","1994-02-01",959784,2,1994,"Winter_Haupt"
"Steiermark","1994-03-01",794711,3,1994,"Winter_Haupt"
"Steiermark","1994-04-01",471030,4,1994,"Übergang"
"Steiermark","1994-05-01",623737,5,1994,"Sommer_Neben"
"Steiermark","1994-06-01",758412,6,1994,"Sommer_Neben"
"Steiermark","1994-07-01",1303851,7,1994,"Sommer_Haupt"
"Steiermark","1994-08-01",1508850,8,1994,"Sommer_Haupt"
"Steiermark","1994-09-01",933136,9,1994,"Sommer_Neben"
"Steiermark","1994-10-01",550817,10,1994,"Übergang"
"Steiermark","1994-11-01",264272,11,1994,"Übergang"
"Steiermark","1994-12-01",489196,12,1994,"Winter_Haupt"
"Steiermark","1995-01-01",787801,1,1995,"Winter_Haupt"
"Steiermark","1995-02-01",990026,2,1995,"Winter_Haupt"
"Steiermark","1995-03-01",650113,3,1995,"Winter_Haupt"
"Steiermark","1995-04-01",539545,4,1995,"Übergang"
"Steiermark","1995-05-01",569282,5,1995,"Sommer_Neben"
"Steiermark","1995-06-01",775171,6,1995,"Sommer_Neben"
"Steiermark","1995-07-01",1253947,7,1995,"Sommer_Haupt"
"Steiermark","1995-08-01",1405657,8,1995,"Sommer_Haupt"
"Steiermark","1995-09-01",879971,9,1995,"Sommer_Neben"
"Steiermark","1995-10-01",558996,10,1995,"Übergang"
"Steiermark","1995-11-01",263220,11,1995,"Übergang"
"Steiermark","1995-12-01",504286,12,1995,"Winter_Haupt"
"Steiermark","1996-01-01",764533,1,1996,"Winter_Haupt"
"Steiermark","1996-02-01",987819,2,1996,"Winter_Haupt"
"Steiermark","1996-03-01",707530,3,1996,"Winter_Haupt"
"Steiermark","1996-04-01",466170,4,1996,"Übergang"
"Steiermark","1996-05-01",575077,5,1996,"Sommer_Neben"
"Steiermark","1996-06-01",730164,6,1996,"Sommer_Neben"
"Steiermark","1996-07-01",1208245,7,1996,"Sommer_Haupt"
"Steiermark","1996-08-01",1348487,8,1996,"Sommer_Haupt"
"Steiermark","1996-09-01",807058,9,1996,"Sommer_Neben"
"Steiermark","1996-10-01",557104,10,1996,"Übergang"
"Steiermark","1996-11-01",288522,11,1996,"Übergang"
"Steiermark","1996-12-01",550580,12,1996,"Winter_Haupt"
"Steiermark","1997-01-01",767715,1,1997,"Winter_Haupt"
"Steiermark","1997-02-01",897069,2,1997,"Winter_Haupt"
"Steiermark","1997-03-01",774743,3,1997,"Winter_Haupt"
"Steiermark","1997-04-01",394488,4,1997,"Übergang"
"Steiermark","1997-05-01",651490,5,1997,"Sommer_Neben"
"Steiermark","1997-06-01",728644,6,1997,"Sommer_Neben"
"Steiermark","1997-07-01",1130033,7,1997,"Sommer_Haupt"
"Steiermark","1997-08-01",1384653,8,1997,"Sommer_Haupt"
"Steiermark","1997-09-01",887688,9,1997,"Sommer_Neben"
"Steiermark","1997-10-01",570743,10,1997,"Übergang"
"Steiermark","1997-11-01",299606,11,1997,"Übergang"
"Steiermark","1997-12-01",589992,12,1997,"Winter_Haupt"
"Steiermark","1998-01-01",788679,1,1998,"Winter_Haupt"
"Steiermark","1998-02-01",938997,2,1998,"Winter_Haupt"
"Steiermark","1998-03-01",608463,3,1998,"Winter_Haupt"
"Steiermark","1998-04-01",538301,4,1998,"Übergang"
"Steiermark","1998-05-01",624485,5,1998,"Sommer_Neben"
"Steiermark","1998-06-01",715428,6,1998,"Sommer_Neben"
"Steiermark","1998-07-01",1128439,7,1998,"Sommer_Haupt"
"Steiermark","1998-08-01",1427826,8,1998,"Sommer_Haupt"
"Steiermark","1998-09-01",836245,9,1998,"Sommer_Neben"
"Steiermark","1998-10-01",572591,10,1998,"Übergang"
"Steiermark","1998-11-01",308705,11,1998,"Übergang"
"Steiermark","1998-12-01",597574,12,1998,"Winter_Haupt"
"Steiermark","1999-01-01",862512,1,1999,"Winter_Haupt"
"Steiermark","1999-02-01",961594,2,1999,"Winter_Haupt"
"Steiermark","1999-03-01",742874,3,1999,"Winter_Haupt"
"Steiermark","1999-04-01",491287,4,1999,"Übergang"
"Steiermark","1999-05-01",628054,5,1999,"Sommer_Neben"
"Steiermark","1999-06-01",738050,6,1999,"Sommer_Neben"
"Steiermark","1999-07-01",1171053,7,1999,"Sommer_Haupt"
"Steiermark","1999-08-01",1435585,8,1999,"Sommer_Haupt"
"Steiermark","1999-09-01",867534,9,1999,"Sommer_Neben"
"Steiermark","1999-10-01",596711,10,1999,"Übergang"
"Steiermark","1999-11-01",316423,11,1999,"Übergang"
"Steiermark","1999-12-01",565475,12,1999,"Winter_Haupt"
"Steiermark","2000-01-01",883536,1,2000,"Winter_Haupt"
"Steiermark","2000-02-01",1032761,2,2000,"Winter_Haupt"
"Steiermark","2000-03-01",705214,3,2000,"Winter_Haupt"
"Steiermark","2000-04-01",525134,4,2000,"Übergang"
"Steiermark","2000-05-01",578808,5,2000,"Sommer_Neben"
"Steiermark","2000-06-01",801213,6,2000,"Sommer_Neben"
"Steiermark","2000-07-01",1154753,7,2000,"Sommer_Haupt"
"Steiermark","2000-08-01",1356747,8,2000,"Sommer_Haupt"
"Steiermark","2000-09-01",857585,9,2000,"Sommer_Neben"
"Steiermark","2000-10-01",602161,10,2000,"Übergang"
"Steiermark","2000-11-01",357920,11,2000,"Übergang"
"Steiermark","2000-12-01",586137,12,2000,"Winter_Haupt"
"Steiermark","2001-01-01",904979,1,2001,"Winter_Haupt"
"Steiermark","2001-02-01",1054813,2,2001,"Winter_Haupt"
"Steiermark","2001-03-01",749710,3,2001,"Winter_Haupt"
"Steiermark","2001-04-01",592028,4,2001,"Übergang"
"Steiermark","2001-05-01",657713,5,2001,"Sommer_Neben"
"Steiermark","2001-06-01",788643,6,2001,"Sommer_Neben"
"Steiermark","2001-07-01",1128145,7,2001,"Sommer_Haupt"
"Steiermark","2001-08-01",1370988,8,2001,"Sommer_Haupt"
"Steiermark","2001-09-01",806578,9,2001,"Sommer_Neben"
"Steiermark","2001-10-01",658659,10,2001,"Übergang"
"Steiermark","2001-11-01",380216,11,2001,"Übergang"
"Steiermark","2001-12-01",609107,12,2001,"Winter_Haupt"
"Steiermark","2002-01-01",923479,1,2002,"Winter_Haupt"
"Steiermark","2002-02-01",1076799,2,2002,"Winter_Haupt"
"Steiermark","2002-03-01",879804,3,2002,"Winter_Haupt"
"Steiermark","2002-04-01",481291,4,2002,"Übergang"
"Steiermark","2002-05-01",710670,5,2002,"Sommer_Neben"
"Steiermark","2002-06-01",746354,6,2002,"Sommer_Neben"
"Steiermark","2002-07-01",1145164,7,2002,"Sommer_Haupt"
"Steiermark","2002-08-01",1354511,8,2002,"Sommer_Haupt"
"Steiermark","2002-09-01",838453,9,2002,"Sommer_Neben"
"Steiermark","2002-10-01",657940,10,2002,"Übergang"
"Steiermark","2002-11-01",389211,11,2002,"Übergang"
"Steiermark","2002-12-01",627485,12,2002,"Winter_Haupt"
"Steiermark","2003-01-01",921087,1,2003,"Winter_Haupt"
"Steiermark","2003-02-01",1078700,2,2003,"Winter_Haupt"
"Steiermark","2003-03-01",763791,3,2003,"Winter_Haupt"
"Steiermark","2003-04-01",577201,4,2003,"Übergang"
"Steiermark","2003-05-01",705998,5,2003,"Sommer_Neben"
"Steiermark","2003-06-01",834622,6,2003,"Sommer_Neben"
"Steiermark","2003-07-01",1126807,7,2003,"Sommer_Haupt"
"Steiermark","2003-08-01",1424801,8,2003,"Sommer_Haupt"
"Steiermark","2003-09-01",876004,9,2003,"Sommer_Neben"
"Steiermark","2003-10-01",635964,10,2003,"Übergang"
"Steiermark","2003-11-01",381945,11,2003,"Übergang"
"Steiermark","2003-12-01",616810,12,2003,"Winter_Haupt"
"Steiermark","2004-01-01",898730,1,2004,"Winter_Haupt"
"Steiermark","2004-02-01",1119795,2,2004,"Winter_Haupt"
"Steiermark","2004-03-01",761040,3,2004,"Winter_Haupt"
"Steiermark","2004-04-01",575411,4,2004,"Übergang"
"Steiermark","2004-05-01",663340,5,2004,"Sommer_Neben"
"Steiermark","2004-06-01",727744,6,2004,"Sommer_Neben"
"Steiermark","2004-07-01",1060182,7,2004,"Sommer_Haupt"
"Steiermark","2004-08-01",1317956,8,2004,"Sommer_Haupt"
"Steiermark","2004-09-01",845098,9,2004,"Sommer_Neben"
"Steiermark","2004-10-01",620671,10,2004,"Übergang"
"Steiermark","2004-11-01",365690,11,2004,"Übergang"
"Steiermark","2004-12-01",589432,12,2004,"Winter_Haupt"
"Steiermark","2005-01-01",954594,1,2005,"Winter_Haupt"
"Steiermark","2005-02-01",1051533,2,2005,"Winter_Haupt"
"Steiermark","2005-03-01",957922,3,2005,"Winter_Haupt"
"Steiermark","2005-04-01",450659,4,2005,"Übergang"
"Steiermark","2005-05-01",692455,5,2005,"Sommer_Neben"
"Steiermark","2005-06-01",720329,6,2005,"Sommer_Neben"
"Steiermark","2005-07-01",1064582,7,2005,"Sommer_Haupt"
"Steiermark","2005-08-01",1304471,8,2005,"Sommer_Haupt"
"Steiermark","2005-09-01",862914,9,2005,"Sommer_Neben"
"Steiermark","2005-10-01",658166,10,2005,"Übergang"
"Steiermark","2005-11-01",394061,11,2005,"Übergang"
"Steiermark","2005-12-01",630160,12,2005,"Winter_Haupt"
"Steiermark","2006-01-01",949043,1,2006,"Winter_Haupt"
"Steiermark","2006-02-01",1087424,2,2006,"Winter_Haupt"
"Steiermark","2006-03-01",827407,3,2006,"Winter_Haupt"
"Steiermark","2006-04-01",581888,4,2006,"Übergang"
"Steiermark","2006-05-01",633572,5,2006,"Sommer_Neben"
"Steiermark","2006-06-01",763219,6,2006,"Sommer_Neben"
"Steiermark","2006-07-01",1075233,7,2006,"Sommer_Haupt"
"Steiermark","2006-08-01",1271092,8,2006,"Sommer_Haupt"
"Steiermark","2006-09-01",865948,9,2006,"Sommer_Neben"
"Steiermark","2006-10-01",660291,10,2006,"Übergang"
"Steiermark","2006-11-01",400151,11,2006,"Übergang"
"Steiermark","2006-12-01",630871,12,2006,"Winter_Haupt"
"Steiermark","2007-01-01",915116,1,2007,"Winter_Haupt"
"Steiermark","2007-02-01",1097366,2,2007,"Winter_Haupt"
"Steiermark","2007-03-01",790469,3,2007,"Winter_Haupt"
"Steiermark","2007-04-01",607236,4,2007,"Übergang"
"Steiermark","2007-05-01",645158,5,2007,"Sommer_Neben"
"Steiermark","2007-06-01",778185,6,2007,"Sommer_Neben"
"Steiermark","2007-07-01",1162391,7,2007,"Sommer_Haupt"
"Steiermark","2007-08-01",1331898,8,2007,"Sommer_Haupt"
"Steiermark","2007-09-01",884567,9,2007,"Sommer_Neben"
"Steiermark","2007-10-01",689388,10,2007,"Übergang"
"Steiermark","2007-11-01",439561,11,2007,"Übergang"
"Steiermark","2007-12-01",708541,12,2007,"Winter_Haupt"
"Steiermark","2008-01-01",994808,1,2008,"Winter_Haupt"
"Steiermark","2008-02-01",1226359,2,2008,"Winter_Haupt"
"Steiermark","2008-03-01",975068,3,2008,"Winter_Haupt"
"Steiermark","2008-04-01",473104,4,2008,"Übergang"
"Steiermark","2008-05-01",743946,5,2008,"Sommer_Neben"
"Steiermark","2008-06-01",749482,6,2008,"Sommer_Neben"
"Steiermark","2008-07-01",1250633,7,2008,"Sommer_Haupt"
"Steiermark","2008-08-01",1355528,8,2008,"Sommer_Haupt"
"Steiermark","2008-09-01",899651,9,2008,"Sommer_Neben"
"Steiermark","2008-10-01",682271,10,2008,"Übergang"
"Steiermark","2008-11-01",431593,11,2008,"Übergang"
"Steiermark","2008-12-01",798855,12,2008,"Winter_Haupt"
"Steiermark","2009-01-01",1038192,1,2009,"Winter_Haupt"
"Steiermark","2009-02-01",1195189,2,2009,"Winter_Haupt"
"Steiermark","2009-03-01",825686,3,2009,"Winter_Haupt"
"Steiermark","2009-04-01",634472,4,2009,"Übergang"
"Steiermark","2009-05-01",689245,5,2009,"Sommer_Neben"
"Steiermark","2009-06-01",826613,6,2009,"Sommer_Neben"
"Steiermark","2009-07-01",1188248,7,2009,"Sommer_Haupt"
"Steiermark","2009-08-01",1410831,8,2009,"Sommer_Haupt"
"Steiermark","2009-09-01",922942,9,2009,"Sommer_Neben"
"Steiermark","2009-10-01",720571,10,2009,"Übergang"
"Steiermark","2009-11-01",428017,11,2009,"Übergang"
"Steiermark","2009-12-01",788302,12,2009,"Winter_Haupt"
"Steiermark","2010-01-01",1078218,1,2010,"Winter_Haupt"
"Steiermark","2010-02-01",1197247,2,2010,"Winter_Haupt"
"Steiermark","2010-03-01",917927,3,2010,"Winter_Haupt"
"Steiermark","2010-04-01",589828,4,2010,"Übergang"
"Steiermark","2010-05-01",701434,5,2010,"Sommer_Neben"
"Steiermark","2010-06-01",815313,6,2010,"Sommer_Neben"
"Steiermark","2010-07-01",1211406,7,2010,"Sommer_Haupt"
"Steiermark","2010-08-01",1410523,8,2010,"Sommer_Haupt"
"Steiermark","2010-09-01",939331,9,2010,"Sommer_Neben"
"Steiermark","2010-10-01",739368,10,2010,"Übergang"
"Steiermark","2010-11-01",439666,11,2010,"Übergang"
"Steiermark","2010-12-01",741657,12,2010,"Winter_Haupt"
"Steiermark","2011-01-01",1094756,1,2011,"Winter_Haupt"
"Steiermark","2011-02-01",1171458,2,2011,"Winter_Haupt"
"Steiermark","2011-03-01",939543,3,2011,"Winter_Haupt"
"Steiermark","2011-04-01",586329,4,2011,"Übergang"
"Steiermark","2011-05-01",638334,5,2011,"Sommer_Neben"
"Steiermark","2011-06-01",922181,6,2011,"Sommer_Neben"
"Steiermark","2011-07-01",1254860,7,2011,"Sommer_Haupt"
"Steiermark","2011-08-01",1476185,8,2011,"Sommer_Haupt"
"Steiermark","2011-09-01",940408,9,2011,"Sommer_Neben"
"Steiermark","2011-10-01",741508,10,2011,"Übergang"
"Steiermark","2011-11-01",454259,11,2011,"Übergang"
"Steiermark","2011-12-01",752458,12,2011,"Winter_Haupt"
"Steiermark","2012-01-01",1109926,1,2012,"Winter_Haupt"
"Steiermark","2012-02-01",1242334,2,2012,"Winter_Haupt"
"Steiermark","2012-03-01",890999,3,2012,"Winter_Haupt"
"Steiermark","2012-04-01",644327,4,2012,"Übergang"
"Steiermark","2012-05-01",704760,5,2012,"Sommer_Neben"
"Steiermark","2012-06-01",856651,6,2012,"Sommer_Neben"
"Steiermark","2012-07-01",1231912,7,2012,"Sommer_Haupt"
"Steiermark","2012-08-01",1487748,8,2012,"Sommer_Haupt"
"Steiermark","2012-09-01",974032,9,2012,"Sommer_Neben"
"Steiermark","2012-10-01",743863,10,2012,"Übergang"
"Steiermark","2012-11-01",488508,11,2012,"Übergang"
"Steiermark","2012-12-01",786583,12,2012,"Winter_Haupt"
"Steiermark","2013-01-01",1044391,1,2013,"Winter_Haupt"
"Steiermark","2013-02-01",1216468,2,2013,"Winter_Haupt"
"Steiermark","2013-03-01",1011740,3,2013,"Winter_Haupt"
"Steiermark","2013-04-01",520929,4,2013,"Übergang"
"Steiermark","2013-05-01",737701,5,2013,"Sommer_Neben"
"Steiermark","2013-06-01",858849,6,2013,"Sommer_Neben"
"Steiermark","2013-07-01",1314908,7,2013,"Sommer_Haupt"
"Steiermark","2013-08-01",1523384,8,2013,"Sommer_Haupt"
"Steiermark","2013-09-01",1008023,9,2013,"Sommer_Neben"
"Steiermark","2013-10-01",757682,10,2013,"Übergang"
"Steiermark","2013-11-01",494335,11,2013,"Übergang"
"Steiermark","2013-12-01",821194,12,2013,"Winter_Haupt"
"Steiermark","2014-01-01",1061505,1,2014,"Winter_Haupt"
"Steiermark","2014-02-01",1218121,2,2014,"Winter_Haupt"
"Steiermark","2014-03-01",934115,3,2014,"Winter_Haupt"
"Steiermark","2014-04-01",597684,4,2014,"Übergang"
"Steiermark","2014-05-01",736400,5,2014,"Sommer_Neben"
"Steiermark","2014-06-01",978656,6,2014,"Sommer_Neben"
"Steiermark","2014-07-01",1268333,7,2014,"Sommer_Haupt"
"Steiermark","2014-08-01",1574744,8,2014,"Sommer_Haupt"
"Steiermark","2014-09-01",960668,9,2014,"Sommer_Neben"
"Steiermark","2014-10-01",769255,10,2014,"Übergang"
"Steiermark","2014-11-01",496062,11,2014,"Übergang"
"Steiermark","2014-12-01",818245,12,2014,"Winter_Haupt"
"Steiermark","2015-01-01",1072063,1,2015,"Winter_Haupt"
"Steiermark","2015-02-01",1303541,2,2015,"Winter_Haupt"
"Steiermark","2015-03-01",939531,3,2015,"Winter_Haupt"
"Steiermark","2015-04-01",611235,4,2015,"Übergang"
"Steiermark","2015-05-01",780701,5,2015,"Sommer_Neben"
"Steiermark","2015-06-01",949963,6,2015,"Sommer_Neben"
"Steiermark","2015-07-01",1345127,7,2015,"Sommer_Haupt"
"Steiermark","2015-08-01",1616204,8,2015,"Sommer_Haupt"
"Steiermark","2015-09-01",1022217,9,2015,"Sommer_Neben"
"Steiermark","2015-10-01",774495,10,2015,"Übergang"
"Steiermark","2015-11-01",505403,11,2015,"Übergang"
"Steiermark","2015-12-01",838922,12,2015,"Winter_Haupt"
"Steiermark","2016-01-01",1114669,1,2016,"Winter_Haupt"
"Steiermark","2016-02-01",1336551,2,2016,"Winter_Haupt"
"Steiermark","2016-03-01",1106942,3,2016,"Winter_Haupt"
"Steiermark","2016-04-01",551205,4,2016,"Übergang"
"Steiermark","2016-05-01",847796,5,2016,"Sommer_Neben"
"Steiermark","2016-06-01",884068,6,2016,"Sommer_Neben"
"Steiermark","2016-07-01",1473246,7,2016,"Sommer_Haupt"
"Steiermark","2016-08-01",1788094,8,2016,"Sommer_Haupt"
"Steiermark","2016-09-01",1102713,9,2016,"Sommer_Neben"
"Steiermark","2016-10-01",846335,10,2016,"Übergang"
"Steiermark","2016-11-01",527245,11,2016,"Übergang"
"Steiermark","2016-12-01",814485,12,2016,"Winter_Haupt"
"Steiermark","2017-01-01",1170560,1,2017,"Winter_Haupt"
"Steiermark","2017-02-01",1364945,2,2017,"Winter_Haupt"
"Steiermark","2017-03-01",1094982,3,2017,"Winter_Haupt"
"Steiermark","2017-04-01",690833,4,2017,"Übergang"
"Steiermark","2017-05-01",762414,5,2017,"Sommer_Neben"
"Steiermark","2017-06-01",1034075,6,2017,"Sommer_Neben"
"Steiermark","2017-07-01",1537144,7,2017,"Sommer_Haupt"
"Steiermark","2017-08-01",1785093,8,2017,"Sommer_Haupt"
"Steiermark","2017-09-01",1110247,9,2017,"Sommer_Neben"
"Steiermark","2017-10-01",837091,10,2017,"Übergang"
"Steiermark","2017-11-01",547079,11,2017,"Übergang"
"Steiermark","2017-12-01",886698,12,2017,"Winter_Haupt"
"Steiermark","2018-01-01",1201266,1,2018,"Winter_Haupt"
"Steiermark","2018-02-01",1429843,2,2018,"Winter_Haupt"
"Steiermark","2018-03-01",1182386,3,2018,"Winter_Haupt"
"Steiermark","2018-04-01",630313,4,2018,"Übergang"
"Steiermark","2018-05-01",856386,5,2018,"Sommer_Neben"
"Steiermark","2018-06-01",1067120,6,2018,"Sommer_Neben"
"Steiermark","2018-07-01",1549526,7,2018,"Sommer_Haupt"
"Steiermark","2018-08-01",1752503,8,2018,"Sommer_Haupt"
"Steiermark","2018-09-01",1075580,9,2018,"Sommer_Neben"
"Steiermark","2018-10-01",844195,10,2018,"Übergang"
"Steiermark","2018-11-01",563718,11,2018,"Übergang"
"Steiermark","2018-12-01",907374,12,2018,"Winter_Haupt"
"Steiermark","2019-01-01",1185778,1,2019,"Winter_Haupt"
"Steiermark","2019-02-01",1426783,2,2019,"Winter_Haupt"
"Steiermark","2019-03-01",1112307,3,2019,"Winter_Haupt"
"Steiermark","2019-04-01",675798,4,2019,"Übergang"
"Steiermark","2019-05-01",778671,5,2019,"Sommer_Neben"
"Steiermark","2019-06-01",1216246,6,2019,"Sommer_Neben"
"Steiermark","2019-07-01",1564886,7,2019,"Sommer_Haupt"
"Steiermark","2019-08-01",1808490,8,2019,"Sommer_Haupt"
"Steiermark","2019-09-01",1114111,9,2019,"Sommer_Neben"
"Steiermark","2019-10-01",875344,10,2019,"Übergang"
"Steiermark","2019-11-01",574208,11,2019,"Übergang"
"Steiermark","2019-12-01",955970,12,2019,"Winter_Haupt"
"Steiermark","2020-01-01",1285911,1,2020,"Winter_Haupt"
"Steiermark","2020-02-01",1549024,2,2020,"Winter_Haupt"
"Steiermark","2020-03-01",481535,3,2020,"Winter_Haupt"
"Steiermark","2020-04-01",34707,4,2020,"Übergang"
"Steiermark","2020-05-01",134895,5,2020,"Sommer_Neben"
"Steiermark","2020-06-01",754523,6,2020,"Sommer_Neben"
"Steiermark","2020-07-01",1619910,7,2020,"Sommer_Haupt"
"Steiermark","2020-08-01",1901432,8,2020,"Sommer_Haupt"
"Steiermark","2020-09-01",1179671,9,2020,"Sommer_Neben"
"Steiermark","2020-10-01",791574,10,2020,"Übergang"
"Steiermark","2020-11-01",167960,11,2020,"Übergang"
"Steiermark","2020-12-01",119391,12,2020,"Winter_Haupt"
"Steiermark","2021-01-01",118703,1,2021,"Winter_Haupt"
"Steiermark","2021-02-01",138371,2,2021,"Winter_Haupt"
"Steiermark","2021-03-01",172209,3,2021,"Winter_Haupt"
"Steiermark","2021-04-01",161484,4,2021,"Übergang"
"Steiermark","2021-05-01",437825,5,2021,"Sommer_Neben"
"Steiermark","2021-06-01",981648,6,2021,"Sommer_Neben"
"Steiermark","2021-07-01",1675992,7,2021,"Sommer_Haupt"
"Steiermark","2021-08-01",2054917,8,2021,"Sommer_Haupt"
"Steiermark","2021-09-01",1281461,9,2021,"Sommer_Neben"
"Steiermark","2021-10-01",990681,10,2021,"Übergang"
"Steiermark","2021-11-01",388352,11,2021,"Übergang"
"Steiermark","2021-12-01",555082,12,2021,"Winter_Haupt"
"Steiermark","2022-01-01",928920,1,2022,"Winter_Haupt"
"Steiermark","2022-02-01",1163982,2,2022,"Winter_Haupt"
"Steiermark","2022-03-01",990875,3,2022,"Winter_Haupt"
"Steiermark","2022-04-01",695188,4,2022,"Übergang"
"Steiermark","2022-05-01",839746,5,2022,"Sommer_Neben"
"Steiermark","2022-06-01",1182613,6,2022,"Sommer_Neben"
"Steiermark","2022-07-01",1747701,7,2022,"Sommer_Haupt"
"Steiermark","2022-08-01",1923542,8,2022,"Sommer_Haupt"
"Steiermark","2022-09-01",1180905,9,2022,"Sommer_Neben"
"Steiermark","2022-10-01",963101,10,2022,"Übergang"
"Steiermark","2022-11-01",536956,11,2022,"Übergang"
"Steiermark","2022-12-01",861098,12,2022,"Winter_Haupt"
"Steiermark","2023-01-01",1215711,1,2023,"Winter_Haupt"
"Steiermark","2023-02-01",1402371,2,2023,"Winter_Haupt"
"Steiermark","2023-03-01",1030655,3,2023,"Winter_Haupt"
"Steiermark","2023-04-01",721726,4,2023,"Übergang"
"Steiermark","2023-05-01",880101,5,2023,"Sommer_Neben"
"Steiermark","2023-06-01",1266731,6,2023,"Sommer_Neben"
"Steiermark","2023-07-01",1662298,7,2023,"Sommer_Haupt"
"Steiermark","2023-08-01",1881140,8,2023,"Sommer_Haupt"
"Steiermark","2023-09-01",1230268,9,2023,"Sommer_Neben"
"Steiermark","2023-10-01",948280,10,2023,"Übergang"
"Steiermark","2023-11-01",550767,11,2023,"Übergang"
"Steiermark","2023-12-01",937061,12,2023,"Winter_Haupt"
"Steiermark","2024-01-01",1247017,1,2024,"Winter_Haupt"
"Steiermark","2024-02-01",1483737,2,2024,"Winter_Haupt"
"Steiermark","2024-03-01",1082603,3,2024,"Winter_Haupt"
"Steiermark","2024-04-01",617375,4,2024,"Übergang"
"Steiermark","2024-05-01",973017,5,2024,"Sommer_Neben"
"Steiermark","2024-06-01",1252489,6,2024,"Sommer_Neben"
"Steiermark","2024-07-01",1682580,7,2024,"Sommer_Haupt"
"Steiermark","2024-08-01",1950567,8,2024,"Sommer_Haupt"
"Steiermark","2024-09-01",1121343,9,2024,"Sommer_Neben"
"Steiermark","2024-10-01",974123,10,2024,"Übergang"
"Steiermark","2024-11-01",586014,11,2024,"Übergang"
"Steiermark","2024-12-01",1004530,12,2024,"Winter_Haupt"
"Tirol","1974-01-01",2194472,1,1974,"Winter_Haupt"
"Tirol","1974-02-01",2085450,2,1974,"Winter_Haupt"
"Tirol","1974-03-01",2240658,3,1974,"Winter_Haupt"
"Tirol","1974-04-01",1511696,4,1974,"Übergang"
"Tirol","1974-05-01",833600,5,1974,"Sommer_Neben"
"Tirol","1974-06-01",2520253,6,1974,"Sommer_Neben"
"Tirol","1974-07-01",6168825,7,1974,"Sommer_Haupt"
"Tirol","1974-08-01",7112325,8,1974,"Sommer_Haupt"
"Tirol","1974-09-01",2825037,9,1974,"Sommer_Neben"
"Tirol","1974-10-01",490200,10,1974,"Übergang"
"Tirol","1974-11-01",155625,11,1974,"Übergang"
"Tirol","1974-12-01",2097337,12,1974,"Winter_Haupt"
"Tirol","1975-01-01",2601994,1,1975,"Winter_Haupt"
"Tirol","1975-02-01",2552916,2,1975,"Winter_Haupt"
"Tirol","1975-03-01",3480094,3,1975,"Winter_Haupt"
"Tirol","1975-04-01",923951,4,1975,"Übergang"
"Tirol","1975-05-01",1115583,5,1975,"Sommer_Neben"
"Tirol","1975-06-01",2768395,6,1975,"Sommer_Neben"
"Tirol","1975-07-01",7504247,7,1975,"Sommer_Haupt"
"Tirol","1975-08-01",6549934,8,1975,"Sommer_Haupt"
"Tirol","1975-09-01",2617995,9,1975,"Sommer_Neben"
"Tirol","1975-10-01",522775,10,1975,"Übergang"
"Tirol","1975-11-01",150975,11,1975,"Übergang"
"Tirol","1975-12-01",2338485,12,1975,"Winter_Haupt"
"Tirol","1976-01-01",2958611,1,1976,"Winter_Haupt"
"Tirol","1976-02-01",3140982,2,1976,"Winter_Haupt"
"Tirol","1976-03-01",2521328,3,1976,"Winter_Haupt"
"Tirol","1976-04-01",1777559,4,1976,"Übergang"
"Tirol","1976-05-01",901869,5,1976,"Sommer_Neben"
"Tirol","1976-06-01",2946720,6,1976,"Sommer_Neben"
"Tirol","1976-07-01",7391500,7,1976,"Sommer_Haupt"
"Tirol","1976-08-01",6703678,8,1976,"Sommer_Haupt"
"Tirol","1976-09-01",2764198,9,1976,"Sommer_Neben"
"Tirol","1976-10-01",592984,10,1976,"Übergang"
"Tirol","1976-11-01",159556,11,1976,"Übergang"
"Tirol","1976-12-01",2147844,12,1976,"Winter_Haupt"
"Tirol","1977-01-01",3257808,1,1977,"Winter_Haupt"
"Tirol","1977-02-01",3318443,2,1977,"Winter_Haupt"
"Tirol","1977-03-01",2684137,3,1977,"Winter_Haupt"
"Tirol","1977-04-01",1754560,4,1977,"Übergang"
"Tirol","1977-05-01",1020386,5,1977,"Sommer_Neben"
"Tirol","1977-06-01",2915940,6,1977,"Sommer_Neben"
"Tirol","1977-07-01",7172945,7,1977,"Sommer_Haupt"
"Tirol","1977-08-01",6322235,8,1977,"Sommer_Haupt"
"Tirol","1977-09-01",2528862,9,1977,"Sommer_Neben"
"Tirol","1977-10-01",665675,10,1977,"Übergang"
"Tirol","1977-11-01",190665,11,1977,"Übergang"
"Tirol","1977-12-01",2225486,12,1977,"Winter_Haupt"
"Tirol","1978-01-01",3659550,1,1978,"Winter_Haupt"
"Tirol","1978-02-01",3463829,2,1978,"Winter_Haupt"
"Tirol","1978-03-01",4181342,3,1978,"Winter_Haupt"
"Tirol","1978-04-01",779196,4,1978,"Übergang"
"Tirol","1978-05-01",1322740,5,1978,"Sommer_Neben"
"Tirol","1978-06-01",2548769,6,1978,"Sommer_Neben"
"Tirol","1978-07-01",7018597,7,1978,"Sommer_Haupt"
"Tirol","1978-08-01",6673825,8,1978,"Sommer_Haupt"
"Tirol","1978-09-01",2674156,9,1978,"Sommer_Neben"
"Tirol","1978-10-01",671816,10,1978,"Übergang"
"Tirol","1978-11-01",239335,11,1978,"Übergang"
"Tirol","1978-12-01",2482616,12,1978,"Winter_Haupt"
"Tirol","1979-01-01",3753624,1,1979,"Winter_Haupt"
"Tirol","1979-02-01",3550327,2,1979,"Winter_Haupt"
"Tirol","1979-03-01",2680901,3,1979,"Winter_Haupt"
"Tirol","1979-04-01",2135894,4,1979,"Übergang"
"Tirol","1979-05-01",1045704,5,1979,"Sommer_Neben"
"Tirol","1979-06-01",2957042,6,1979,"Sommer_Neben"
"Tirol","1979-07-01",7327465,7,1979,"Sommer_Haupt"
"Tirol","1979-08-01",6927131,8,1979,"Sommer_Haupt"
"Tirol","1979-09-01",2970294,9,1979,"Sommer_Neben"
"Tirol","1979-10-01",825296,10,1979,"Übergang"
"Tirol","1979-11-01",286170,11,1979,"Übergang"
"Tirol","1979-12-01",2499837,12,1979,"Winter_Haupt"
"Tirol","1980-01-01",3575442,1,1980,"Winter_Haupt"
"Tirol","1980-02-01",4035388,2,1980,"Winter_Haupt"
"Tirol","1980-03-01",3260660,3,1980,"Winter_Haupt"
"Tirol","1980-04-01",2191528,4,1980,"Übergang"
"Tirol","1980-05-01",1383139,5,1980,"Sommer_Neben"
"Tirol","1980-06-01",3068773,6,1980,"Sommer_Neben"
"Tirol","1980-07-01",7181235,7,1980,"Sommer_Haupt"
"Tirol","1980-08-01",6970935,8,1980,"Sommer_Haupt"
"Tirol","1980-09-01",3329584,9,1980,"Sommer_Neben"
"Tirol","1980-10-01",934642,10,1980,"Übergang"
"Tirol","1980-11-01",258643,11,1980,"Übergang"
"Tirol","1980-12-01",2933453,12,1980,"Winter_Haupt"
"Tirol","1981-01-01",4144771,1,1981,"Winter_Haupt"
"Tirol","1981-02-01",4136757,2,1981,"Winter_Haupt"
"Tirol","1981-03-01",3817248,3,1981,"Winter_Haupt"
"Tirol","1981-04-01",2480842,4,1981,"Übergang"
"Tirol","1981-05-01",1119827,5,1981,"Sommer_Neben"
"Tirol","1981-06-01",3024459,6,1981,"Sommer_Neben"
"Tirol","1981-07-01",6690505,7,1981,"Sommer_Haupt"
"Tirol","1981-08-01",7627718,8,1981,"Sommer_Haupt"
"Tirol","1981-09-01",3649927,9,1981,"Sommer_Neben"
"Tirol","1981-10-01",982622,10,1981,"Übergang"
"Tirol","1981-11-01",291550,11,1981,"Übergang"
"Tirol","1981-12-01",2828275,12,1981,"Winter_Haupt"
"Tirol","1982-01-01",4494385,1,1982,"Winter_Haupt"
"Tirol","1982-02-01",5075613,2,1982,"Winter_Haupt"
"Tirol","1982-03-01",3758782,3,1982,"Winter_Haupt"
"Tirol","1982-04-01",2284000,4,1982,"Übergang"
"Tirol","1982-05-01",1286734,5,1982,"Sommer_Neben"
"Tirol","1982-06-01",2947214,6,1982,"Sommer_Neben"
"Tirol","1982-07-01",6567276,7,1982,"Sommer_Haupt"
"Tirol","1982-08-01",6978599,8,1982,"Sommer_Haupt"
"Tirol","1982-09-01",3463724,9,1982,"Sommer_Neben"
"Tirol","1982-10-01",1017582,10,1982,"Übergang"
"Tirol","1982-11-01",301009,11,1982,"Übergang"
"Tirol","1982-12-01",2463009,12,1982,"Winter_Haupt"
"Tirol","1983-01-01",4422232,1,1983,"Winter_Haupt"
"Tirol","1983-02-01",5152633,2,1983,"Winter_Haupt"
"Tirol","1983-03-01",4354483,3,1983,"Winter_Haupt"
"Tirol","1983-04-01",1795072,4,1983,"Übergang"
"Tirol","1983-05-01",1369343,5,1983,"Sommer_Neben"
"Tirol","1983-06-01",2801477,6,1983,"Sommer_Neben"
"Tirol","1983-07-01",6294684,7,1983,"Sommer_Haupt"
"Tirol","1983-08-01",6278912,8,1983,"Sommer_Haupt"
"Tirol","1983-09-01",3423677,9,1983,"Sommer_Neben"
"Tirol","1983-10-01",1060949,10,1983,"Übergang"
"Tirol","1983-11-01",315250,11,1983,"Übergang"
"Tirol","1983-12-01",2429250,12,1983,"Winter_Haupt"
"Tirol","1984-01-01",4543549,1,1984,"Winter_Haupt"
"Tirol","1984-02-01",5053824,2,1984,"Winter_Haupt"
"Tirol","1984-03-01",4500733,3,1984,"Winter_Haupt"
"Tirol","1984-04-01",1983994,4,1984,"Übergang"
"Tirol","1984-05-01",1061773,5,1984,"Sommer_Neben"
"Tirol","1984-06-01",2913234,6,1984,"Sommer_Neben"
"Tirol","1984-07-01",5920341,7,1984,"Sommer_Haupt"
"Tirol","1984-08-01",6340965,8,1984,"Sommer_Haupt"
"Tirol","1984-09-01",3296848,9,1984,"Sommer_Neben"
"Tirol","1984-10-01",1040134,10,1984,"Übergang"
"Tirol","1984-11-01",393781,11,1984,"Übergang"
"Tirol","1984-12-01",2743693,12,1984,"Winter_Haupt"
"Tirol","1985-01-01",4402081,1,1985,"Winter_Haupt"
"Tirol","1985-02-01",5479681,2,1985,"Winter_Haupt"
"Tirol","1985-03-01",4376905,3,1985,"Winter_Haupt"
"Tirol","1985-04-01",1999130,4,1985,"Übergang"
"Tirol","1985-05-01",1262194,5,1985,"Sommer_Neben"
"Tirol","1985-06-01",2704489,6,1985,"Sommer_Neben"
"Tirol","1985-07-01",5545026,7,1985,"Sommer_Haupt"
"Tirol","1985-08-01",5828527,8,1985,"Sommer_Haupt"
"Tirol","1985-09-01",3183234,9,1985,"Sommer_Neben"
"Tirol","1985-10-01",1141306,10,1985,"Übergang"
"Tirol","1985-11-01",394898,11,1985,"Übergang"
"Tirol","1985-12-01",2476511,12,1985,"Winter_Haupt"
"Tirol","1986-01-01",4139378,1,1986,"Winter_Haupt"
"Tirol","1986-02-01",5593007,2,1986,"Winter_Haupt"
"Tirol","1986-03-01",5353359,3,1986,"Winter_Haupt"
"Tirol","1986-04-01",1459616,4,1986,"Übergang"
"Tirol","1986-05-01",1417077,5,1986,"Sommer_Neben"
"Tirol","1986-06-01",2213936,6,1986,"Sommer_Neben"
"Tirol","1986-07-01",5439806,7,1986,"Sommer_Haupt"
"Tirol","1986-08-01",6039104,8,1986,"Sommer_Haupt"
"Tirol","1986-09-01",3276798,9,1986,"Sommer_Neben"
"Tirol","1986-10-01",1151704,10,1986,"Übergang"
"Tirol","1986-11-01",378484,11,1986,"Übergang"
"Tirol","1986-12-01",2582556,12,1986,"Winter_Haupt"
"Tirol","1987-01-01",4332466,1,1987,"Winter_Haupt"
"Tirol","1987-02-01",5435632,2,1987,"Winter_Haupt"
"Tirol","1987-03-01",4952291,3,1987,"Winter_Haupt"
"Tirol","1987-04-01",2236730,4,1987,"Übergang"
"Tirol","1987-05-01",1152743,5,1987,"Sommer_Neben"
"Tirol","1987-06-01",2598906,6,1987,"Sommer_Neben"
"Tirol","1987-07-01",5212764,7,1987,"Sommer_Haupt"
"Tirol","1987-08-01",5527005,8,1987,"Sommer_Haupt"
"Tirol","1987-09-01",3235124,9,1987,"Sommer_Neben"
"Tirol","1987-10-01",1288484,10,1987,"Übergang"
"Tirol","1987-11-01",403045,11,1987,"Übergang"
"Tirol","1987-12-01",2468107,12,1987,"Winter_Haupt"
"Tirol","1988-01-01",4030228,1,1988,"Winter_Haupt"
"Tirol","1988-02-01",5916639,2,1988,"Winter_Haupt"
"Tirol","1988-03-01",5376246,3,1988,"Winter_Haupt"
"Tirol","1988-04-01",2038894,4,1988,"Übergang"
"Tirol","1988-05-01",1207286,5,1988,"Sommer_Neben"
"Tirol","1988-06-01",2279946,6,1988,"Sommer_Neben"
"Tirol","1988-07-01",5275818,7,1988,"Sommer_Haupt"
"Tirol","1988-08-01",5726474,8,1988,"Sommer_Haupt"
"Tirol","1988-09-01",3380936,9,1988,"Sommer_Neben"
"Tirol","1988-10-01",1393066,10,1988,"Übergang"
"Tirol","1988-11-01",408488,11,1988,"Übergang"
"Tirol","1988-12-01",2086554,12,1988,"Winter_Haupt"
"Tirol","1989-01-01",4520344,1,1989,"Winter_Haupt"
"Tirol","1989-02-01",6282783,2,1989,"Winter_Haupt"
"Tirol","1989-03-01",6718044,3,1989,"Winter_Haupt"
"Tirol","1989-04-01",1250094,4,1989,"Übergang"
"Tirol","1989-05-01",1605739,5,1989,"Sommer_Neben"
"Tirol","1989-06-01",2343933,6,1989,"Sommer_Neben"
"Tirol","1989-07-01",5787015,7,1989,"Sommer_Haupt"
"Tirol","1989-08-01",6045546,8,1989,"Sommer_Haupt"
"Tirol","1989-09-01",3600601,9,1989,"Sommer_Neben"
"Tirol","1989-10-01",1387638,10,1989,"Übergang"
"Tirol","1989-11-01",527491,11,1989,"Übergang"
"Tirol","1989-12-01",2597225,12,1989,"Winter_Haupt"
"Tirol","1990-01-01",4360697,1,1990,"Winter_Haupt"
"Tirol","1990-02-01",5780390,2,1990,"Winter_Haupt"
"Tirol","1990-03-01",4984285,3,1990,"Winter_Haupt"
"Tirol","1990-04-01",2362549,4,1990,"Übergang"
"Tirol","1990-05-01",1393784,5,1990,"Sommer_Neben"
"Tirol","1990-06-01",2869709,6,1990,"Sommer_Neben"
"Tirol","1990-07-01",5794707,7,1990,"Sommer_Haupt"
"Tirol","1990-08-01",6328806,8,1990,"Sommer_Haupt"
"Tirol","1990-09-01",3902518,9,1990,"Sommer_Neben"
"Tirol","1990-10-01",1584837,10,1990,"Übergang"
"Tirol","1990-11-01",592971,11,1990,"Übergang"
"Tirol","1990-12-01",2905088,12,1990,"Winter_Haupt"
"Tirol","1991-01-01",4452757,1,1991,"Winter_Haupt"
"Tirol","1991-02-01",6384233,2,1991,"Winter_Haupt"
"Tirol","1991-03-01",5767858,3,1991,"Winter_Haupt"
"Tirol","1991-04-01",1689166,4,1991,"Übergang"
"Tirol","1991-05-01",1807377,5,1991,"Sommer_Neben"
"Tirol","1991-06-01",2635981,6,1991,"Sommer_Neben"
"Tirol","1991-07-01",6174914,7,1991,"Sommer_Haupt"
"Tirol","1991-08-01",7147770,8,1991,"Sommer_Haupt"
"Tirol","1991-09-01",4034219,9,1991,"Sommer_Neben"
"Tirol","1991-10-01",1763073,10,1991,"Übergang"
"Tirol","1991-11-01",628457,11,1991,"Übergang"
"Tirol","1991-12-01",3162498,12,1991,"Winter_Haupt"
"Tirol","1992-01-01",5036198,1,1992,"Winter_Haupt"
"Tirol","1992-02-01",6316328,2,1992,"Winter_Haupt"
"Tirol","1992-03-01",4983468,3,1992,"Winter_Haupt"
"Tirol","1992-04-01",2391911,4,1992,"Übergang"
"Tirol","1992-05-01",1550473,5,1992,"Sommer_Neben"
"Tirol","1992-06-01",2938321,6,1992,"Sommer_Neben"
"Tirol","1992-07-01",6105290,7,1992,"Sommer_Haupt"
"Tirol","1992-08-01",7147445,8,1992,"Sommer_Haupt"
"Tirol","1992-09-01",4050478,9,1992,"Sommer_Neben"
"Tirol","1992-10-01",1642400,10,1992,"Übergang"
"Tirol","1992-11-01",526063,11,1992,"Übergang"
"Tirol","1992-12-01",3253370,12,1992,"Winter_Haupt"
"Tirol","1993-01-01",5509445,1,1993,"Winter_Haupt"
"Tirol","1993-02-01",6440515,2,1993,"Winter_Haupt"
"Tirol","1993-03-01",4707870,3,1993,"Winter_Haupt"
"Tirol","1993-04-01",2368937,4,1993,"Übergang"
"Tirol","1993-05-01",1535527,5,1993,"Sommer_Neben"
"Tirol","1993-06-01",2860209,6,1993,"Sommer_Neben"
"Tirol","1993-07-01",5785790,7,1993,"Sommer_Haupt"
"Tirol","1993-08-01",6836414,8,1993,"Sommer_Haupt"
"Tirol","1993-09-01",3662395,9,1993,"Sommer_Neben"
"Tirol","1993-10-01",1463526,10,1993,"Übergang"
"Tirol","1993-11-01",604400,11,1993,"Übergang"
"Tirol","1993-12-01",2875478,12,1993,"Winter_Haupt"
"Tirol","1994-01-01",5548675,1,1994,"Winter_Haupt"
"Tirol","1994-02-01",6228132,2,1994,"Winter_Haupt"
"Tirol","1994-03-01",5238436,3,1994,"Winter_Haupt"
"Tirol","1994-04-01",1670576,4,1994,"Übergang"
"Tirol","1994-05-01",1608924,5,1994,"Sommer_Neben"
"Tirol","1994-06-01",2530275,6,1994,"Sommer_Neben"
"Tirol","1994-07-01",5490756,7,1994,"Sommer_Haupt"
"Tirol","1994-08-01",5894865,8,1994,"Sommer_Haupt"
"Tirol","1994-09-01",3394551,9,1994,"Sommer_Neben"
"Tirol","1994-10-01",1467196,10,1994,"Übergang"
"Tirol","1994-11-01",632313,11,1994,"Übergang"
"Tirol","1994-12-01",2805517,12,1994,"Winter_Haupt"
"Tirol","1995-01-01",5300151,1,1995,"Winter_Haupt"
"Tirol","1995-02-01",6185930,2,1995,"Winter_Haupt"
"Tirol","1995-03-01",4190048,3,1995,"Winter_Haupt"
"Tirol","1995-04-01",2283665,4,1995,"Übergang"
"Tirol","1995-05-01",1306422,5,1995,"Sommer_Neben"
"Tirol","1995-06-01",2646419,6,1995,"Sommer_Neben"
"Tirol","1995-07-01",5138452,7,1995,"Sommer_Haupt"
"Tirol","1995-08-01",5452669,8,1995,"Sommer_Haupt"
"Tirol","1995-09-01",3110605,9,1995,"Sommer_Neben"
"Tirol","1995-10-01",1465998,10,1995,"Übergang"
"Tirol","1995-11-01",552433,11,1995,"Übergang"
"Tirol","1995-12-01",2854199,12,1995,"Winter_Haupt"
"Tirol","1996-01-01",4806455,1,1996,"Winter_Haupt"
"Tirol","1996-02-01",6027394,2,1996,"Winter_Haupt"
"Tirol","1996-03-01",4613984,3,1996,"Winter_Haupt"
"Tirol","1996-04-01",1882297,4,1996,"Übergang"
"Tirol","1996-05-01",1360798,5,1996,"Sommer_Neben"
"Tirol","1996-06-01",2336456,6,1996,"Sommer_Neben"
"Tirol","1996-07-01",4935584,7,1996,"Sommer_Haupt"
"Tirol","1996-08-01",4979981,8,1996,"Sommer_Haupt"
"Tirol","1996-09-01",2902341,9,1996,"Sommer_Neben"
"Tirol","1996-10-01",1580548,10,1996,"Übergang"
"Tirol","1996-11-01",599881,11,1996,"Übergang"
"Tirol","1996-12-01",3120212,12,1996,"Winter_Haupt"
"Tirol","1997-01-01",4549902,1,1997,"Winter_Haupt"
"Tirol","1997-02-01",5704588,2,1997,"Winter_Haupt"
"Tirol","1997-03-01",4881612,3,1997,"Winter_Haupt"
"Tirol","1997-04-01",1361941,4,1997,"Übergang"
"Tirol","1997-05-01",1535867,5,1997,"Sommer_Neben"
"Tirol","1997-06-01",2121339,6,1997,"Sommer_Neben"
"Tirol","1997-07-01",4302339,7,1997,"Sommer_Haupt"
"Tirol","1997-08-01",5239956,8,1997,"Sommer_Haupt"
"Tirol","1997-09-01",2982950,9,1997,"Sommer_Neben"
"Tirol","1997-10-01",1524497,10,1997,"Übergang"
"Tirol","1997-11-01",557639,11,1997,"Übergang"
"Tirol","1997-12-01",3270567,12,1997,"Winter_Haupt"
"Tirol","1998-01-01",4508175,1,1998,"Winter_Haupt"
"Tirol","1998-02-01",5955831,2,1998,"Winter_Haupt"
"Tirol","1998-03-01",3999037,3,1998,"Winter_Haupt"
"Tirol","1998-04-01",2355540,4,1998,"Übergang"
"Tirol","1998-05-01",1380844,5,1998,"Sommer_Neben"
"Tirol","1998-06-01",2258361,6,1998,"Sommer_Neben"
"Tirol","1998-07-01",4143310,7,1998,"Sommer_Haupt"
"Tirol","1998-08-01",5677887,8,1998,"Sommer_Haupt"
"Tirol","1998-09-01",3039313,9,1998,"Sommer_Neben"
"Tirol","1998-10-01",1560955,10,1998,"Übergang"
"Tirol","1998-11-01",596941,11,1998,"Übergang"
"Tirol","1998-12-01",3340299,12,1998,"Winter_Haupt"
"Tirol","1999-01-01",5259555,1,1999,"Winter_Haupt"
"Tirol","1999-02-01",6170311,2,1999,"Winter_Haupt"
"Tirol","1999-03-01",4224063,3,1999,"Winter_Haupt"
"Tirol","1999-04-01",2104595,4,1999,"Übergang"
"Tirol","1999-05-01",1385830,5,1999,"Sommer_Neben"
"Tirol","1999-06-01",2214535,6,1999,"Sommer_Neben"
"Tirol","1999-07-01",4310401,7,1999,"Sommer_Haupt"
"Tirol","1999-08-01",5485253,8,1999,"Sommer_Haupt"
"Tirol","1999-09-01",2931809,9,1999,"Sommer_Neben"
"Tirol","1999-10-01",1528872,10,1999,"Übergang"
"Tirol","1999-11-01",630532,11,1999,"Übergang"
"Tirol","1999-12-01",2951485,12,1999,"Winter_Haupt"
"Tirol","2000-01-01",5587006,1,2000,"Winter_Haupt"
"Tirol","2000-02-01",6006609,2,2000,"Winter_Haupt"
"Tirol","2000-03-01",5004073,3,2000,"Winter_Haupt"
"Tirol","2000-04-01",2163402,4,2000,"Übergang"
"Tirol","2000-05-01",1058142,5,2000,"Sommer_Neben"
"Tirol","2000-06-01",2464443,6,2000,"Sommer_Neben"
"Tirol","2000-07-01",4408854,7,2000,"Sommer_Haupt"
"Tirol","2000-08-01",4902595,8,2000,"Sommer_Haupt"
"Tirol","2000-09-01",2999487,9,2000,"Sommer_Neben"
"Tirol","2000-10-01",1527059,10,2000,"Übergang"
"Tirol","2000-11-01",643371,11,2000,"Übergang"
"Tirol","2000-12-01",3346358,12,2000,"Winter_Haupt"
"Tirol","2001-01-01",5675083,1,2001,"Winter_Haupt"
"Tirol","2001-02-01",6476423,2,2001,"Winter_Haupt"
"Tirol","2001-03-01",4884680,3,2001,"Winter_Haupt"
"Tirol","2001-04-01",2422586,4,2001,"Übergang"
"Tirol","2001-05-01",1173421,5,2001,"Sommer_Neben"
"Tirol","2001-06-01",2262151,6,2001,"Sommer_Neben"
"Tirol","2001-07-01",4347842,7,2001,"Sommer_Haupt"
"Tirol","2001-08-01",4856560,8,2001,"Sommer_Haupt"
"Tirol","2001-09-01",2682058,9,2001,"Sommer_Neben"
"Tirol","2001-10-01",1644644,10,2001,"Übergang"
"Tirol","2001-11-01",704888,11,2001,"Übergang"
"Tirol","2001-12-01",3513911,12,2001,"Winter_Haupt"
"Tirol","2002-01-01",5596260,1,2002,"Winter_Haupt"
"Tirol","2002-02-01",6901512,2,2002,"Winter_Haupt"
"Tirol","2002-03-01",5516790,3,2002,"Winter_Haupt"
"Tirol","2002-04-01",1627224,4,2002,"Übergang"
"Tirol","2002-05-01",1455712,5,2002,"Sommer_Neben"
"Tirol","2002-06-01",2216847,6,2002,"Sommer_Neben"
"Tirol","2002-07-01",4427618,7,2002,"Sommer_Haupt"
"Tirol","2002-08-01",5033368,8,2002,"Sommer_Haupt"
"Tirol","2002-09-01",2776884,9,2002,"Sommer_Neben"
"Tirol","2002-10-01",1729067,10,2002,"Übergang"
"Tirol","2002-11-01",708435,11,2002,"Übergang"
"Tirol","2002-12-01",3655497,12,2002,"Winter_Haupt"
"Tirol","2003-01-01",5692081,1,2003,"Winter_Haupt"
"Tirol","2003-02-01",6525556,2,2003,"Winter_Haupt"
"Tirol","2003-03-01",5376772,3,2003,"Winter_Haupt"
"Tirol","2003-04-01",2327852,4,2003,"Übergang"
"Tirol","2003-05-01",1256955,5,2003,"Sommer_Neben"
"Tirol","2003-06-01",2474501,6,2003,"Sommer_Neben"
"Tirol","2003-07-01",4046276,7,2003,"Sommer_Haupt"
"Tirol","2003-08-01",5452979,8,2003,"Sommer_Haupt"
"Tirol","2003-09-01",2896149,9,2003,"Sommer_Neben"
"Tirol","2003-10-01",1635532,10,2003,"Übergang"
"Tirol","2003-11-01",728277,11,2003,"Übergang"
"Tirol","2003-12-01",3622850,12,2003,"Winter_Haupt"
"Tirol","2004-01-01",5599998,1,2004,"Winter_Haupt"
"Tirol","2004-02-01",7202051,2,2004,"Winter_Haupt"
"Tirol","2004-03-01",4970105,3,2004,"Winter_Haupt"
"Tirol","2004-04-01",2502115,4,2004,"Übergang"
"Tirol","2004-05-01",1337123,5,2004,"Sommer_Neben"
"Tirol","2004-06-01",2316495,6,2004,"Sommer_Neben"
"Tirol","2004-07-01",4037998,7,2004,"Sommer_Haupt"
"Tirol","2004-08-01",5224120,8,2004,"Sommer_Haupt"
"Tirol","2004-09-01",2846853,9,2004,"Sommer_Neben"
"Tirol","2004-10-01",1573942,10,2004,"Übergang"
"Tirol","2004-11-01",774095,11,2004,"Übergang"
"Tirol","2004-12-01",3141918,12,2004,"Winter_Haupt"
"Tirol","2005-01-01",6249752,1,2005,"Winter_Haupt"
"Tirol","2005-02-01",7013022,2,2005,"Winter_Haupt"
"Tirol","2005-03-01",6462020,3,2005,"Winter_Haupt"
"Tirol","2005-04-01",1394490,4,2005,"Übergang"
"Tirol","2005-05-01",1475445,5,2005,"Sommer_Neben"
"Tirol","2005-06-01",2107717,6,2005,"Sommer_Neben"
"Tirol","2005-07-01",4170062,7,2005,"Sommer_Haupt"
"Tirol","2005-08-01",5168483,8,2005,"Sommer_Haupt"
"Tirol","2005-09-01",2736997,9,2005,"Sommer_Neben"
"Tirol","2005-10-01",1623185,10,2005,"Übergang"
"Tirol","2005-11-01",730970,11,2005,"Übergang"
"Tirol","2005-12-01",3229548,12,2005,"Winter_Haupt"
"Tirol","2006-01-01",5949719,1,2006,"Winter_Haupt"
"Tirol","2006-02-01",6918004,2,2006,"Winter_Haupt"
"Tirol","2006-03-01",5369057,3,2006,"Winter_Haupt"
"Tirol","2006-04-01",2547044,4,2006,"Übergang"
"Tirol","2006-05-01",1191219,5,2006,"Sommer_Neben"
"Tirol","2006-06-01",2293120,6,2006,"Sommer_Neben"
"Tirol","2006-07-01",4096406,7,2006,"Sommer_Haupt"
"Tirol","2006-08-01",4670414,8,2006,"Sommer_Haupt"
"Tirol","2006-09-01",2949196,9,2006,"Sommer_Neben"
"Tirol","2006-10-01",1670413,10,2006,"Übergang"
"Tirol","2006-11-01",723888,11,2006,"Übergang"
"Tirol","2006-12-01",3353100,12,2006,"Winter_Haupt"
"Tirol","2007-01-01",5724860,1,2007,"Winter_Haupt"
"Tirol","2007-02-01",6894237,2,2007,"Winter_Haupt"
"Tirol","2007-03-01",4966205,3,2007,"Winter_Haupt"
"Tirol","2007-04-01",2396664,4,2007,"Übergang"
"Tirol","2007-05-01",1310046,5,2007,"Sommer_Neben"
"Tirol","2007-06-01",2369019,6,2007,"Sommer_Neben"
"Tirol","2007-07-01",4345748,7,2007,"Sommer_Haupt"
"Tirol","2007-08-01",4743605,8,2007,"Sommer_Haupt"
"Tirol","2007-09-01",2905039,9,2007,"Sommer_Neben"
"Tirol","2007-10-01",1748711,10,2007,"Übergang"
"Tirol","2007-11-01",765382,11,2007,"Übergang"
"Tirol","2007-12-01",3651693,12,2007,"Winter_Haupt"
"Tirol","2008-01-01",5936417,1,2008,"Winter_Haupt"
"Tirol","2008-02-01",7479957,2,2008,"Winter_Haupt"
"Tirol","2008-03-01",6428432,3,2008,"Winter_Haupt"
"Tirol","2008-04-01",1307157,4,2008,"Übergang"
"Tirol","2008-05-01",1591489,5,2008,"Sommer_Neben"
"Tirol","2008-06-01",2311480,6,2008,"Sommer_Neben"
"Tirol","2008-07-01",4479599,7,2008,"Sommer_Haupt"
"Tirol","2008-08-01",4787347,8,2008,"Sommer_Haupt"
"Tirol","2008-09-01",2869799,9,2008,"Sommer_Neben"
"Tirol","2008-10-01",1719574,10,2008,"Übergang"
"Tirol","2008-11-01",792434,11,2008,"Übergang"
"Tirol","2008-12-01",4129686,12,2008,"Winter_Haupt"
"Tirol","2009-01-01",6128037,1,2009,"Winter_Haupt"
"Tirol","2009-02-01",7195320,2,2009,"Winter_Haupt"
"Tirol","2009-03-01",4658209,3,2009,"Winter_Haupt"
"Tirol","2009-04-01",2647671,4,2009,"Übergang"
"Tirol","2009-05-01",1311681,5,2009,"Sommer_Neben"
"Tirol","2009-06-01",2316749,6,2009,"Sommer_Neben"
"Tirol","2009-07-01",4284008,7,2009,"Sommer_Haupt"
"Tirol","2009-08-01",5097868,8,2009,"Sommer_Haupt"
"Tirol","2009-09-01",2871964,9,2009,"Sommer_Neben"
"Tirol","2009-10-01",1619547,10,2009,"Übergang"
"Tirol","2009-11-01",791388,11,2009,"Übergang"
"Tirol","2009-12-01",4063588,12,2009,"Winter_Haupt"
"Tirol","2010-01-01",5964616,1,2010,"Winter_Haupt"
"Tirol","2010-02-01",7051734,2,2010,"Winter_Haupt"
"Tirol","2010-03-01",5241150,3,2010,"Winter_Haupt"
"Tirol","2010-04-01",2123388,4,2010,"Übergang"
"Tirol","2010-05-01",1381699,5,2010,"Sommer_Neben"
"Tirol","2010-06-01",2213356,6,2010,"Sommer_Neben"
"Tirol","2010-07-01",4399065,7,2010,"Sommer_Haupt"
"Tirol","2010-08-01",5209348,8,2010,"Sommer_Haupt"
"Tirol","2010-09-01",2890246,9,2010,"Sommer_Neben"
"Tirol","2010-10-01",1696851,10,2010,"Übergang"
"Tirol","2010-11-01",852174,11,2010,"Übergang"
"Tirol","2010-12-01",3766172,12,2010,"Winter_Haupt"
"Tirol","2011-01-01",6307493,1,2011,"Winter_Haupt"
"Tirol","2011-02-01",6419689,2,2011,"Winter_Haupt"
"Tirol","2011-03-01",5496689,3,2011,"Winter_Haupt"
"Tirol","2011-04-01",1989325,4,2011,"Übergang"
"Tirol","2011-05-01",1068453,5,2011,"Sommer_Neben"
"Tirol","2011-06-01",2607718,6,2011,"Sommer_Neben"
"Tirol","2011-07-01",4349735,7,2011,"Sommer_Haupt"
"Tirol","2011-08-01",5235275,8,2011,"Sommer_Haupt"
"Tirol","2011-09-01",2930291,9,2011,"Sommer_Neben"
"Tirol","2011-10-01",1821814,10,2011,"Übergang"
"Tirol","2011-11-01",884307,11,2011,"Übergang"
"Tirol","2011-12-01",3602793,12,2011,"Winter_Haupt"
"Tirol","2012-01-01",6389750,1,2012,"Winter_Haupt"
"Tirol","2012-02-01",7350442,2,2012,"Winter_Haupt"
"Tirol","2012-03-01",5062017,3,2012,"Winter_Haupt"
"Tirol","2012-04-01",2358489,4,2012,"Übergang"
"Tirol","2012-05-01",1381270,5,2012,"Sommer_Neben"
"Tirol","2012-06-01",2391052,6,2012,"Sommer_Neben"
"Tirol","2012-07-01",4446085,7,2012,"Sommer_Haupt"
"Tirol","2012-08-01",5256319,8,2012,"Sommer_Haupt"
"Tirol","2012-09-01",3046527,9,2012,"Sommer_Neben"
"Tirol","2012-10-01",1777995,10,2012,"Übergang"
"Tirol","2012-11-01",899452,11,2012,"Übergang"
"Tirol","2012-12-01",3960833,12,2012,"Winter_Haupt"
"Tirol","2013-01-01",6207326,1,2013,"Winter_Haupt"
"Tirol","2013-02-01",7573671,2,2013,"Winter_Haupt"
"Tirol","2013-03-01",5969378,3,2013,"Winter_Haupt"
"Tirol","2013-04-01",1566850,4,2013,"Übergang"
"Tirol","2013-05-01",1515067,5,2013,"Sommer_Neben"
"Tirol","2013-06-01",2228607,6,2013,"Sommer_Neben"
"Tirol","2013-07-01",4600541,7,2013,"Sommer_Haupt"
"Tirol","2013-08-01",5512939,8,2013,"Sommer_Haupt"
"Tirol","2013-09-01",2984552,9,2013,"Sommer_Neben"
"Tirol","2013-10-01",1831849,10,2013,"Übergang"
"Tirol","2013-11-01",914167,11,2013,"Übergang"
"Tirol","2013-12-01",4159397,12,2013,"Winter_Haupt"
"Tirol","2014-01-01",5875203,1,2014,"Winter_Haupt"
"Tirol","2014-02-01",6677281,2,2014,"Winter_Haupt"
"Tirol","2014-03-01",5519716,3,2014,"Winter_Haupt"
"Tirol","2014-04-01",2155353,4,2014,"Übergang"
"Tirol","2014-05-01",1269999,5,2014,"Sommer_Neben"
"Tirol","2014-06-01",2669214,6,2014,"Sommer_Neben"
"Tirol","2014-07-01",4334121,7,2014,"Sommer_Haupt"
"Tirol","2014-08-01",5720709,8,2014,"Sommer_Haupt"
"Tirol","2014-09-01",2998483,9,2014,"Sommer_Neben"
"Tirol","2014-10-01",1912815,10,2014,"Übergang"
"Tirol","2014-11-01",925641,11,2014,"Übergang"
"Tirol","2014-12-01",4268989,12,2014,"Winter_Haupt"
"Tirol","2015-01-01",5888500,1,2015,"Winter_Haupt"
"Tirol","2015-02-01",7540343,2,2015,"Winter_Haupt"
"Tirol","2015-03-01",5085337,3,2015,"Winter_Haupt"
"Tirol","2015-04-01",2178019,4,2015,"Übergang"
"Tirol","2015-05-01",1550748,5,2015,"Sommer_Neben"
"Tirol","2015-06-01",2560271,6,2015,"Sommer_Neben"
"Tirol","2015-07-01",4771730,7,2015,"Sommer_Haupt"
"Tirol","2015-08-01",5803720,8,2015,"Sommer_Haupt"
"Tirol","2015-09-01",3110157,9,2015,"Sommer_Neben"
"Tirol","2015-10-01",1826611,10,2015,"Übergang"
"Tirol","2015-11-01",1026007,11,2015,"Übergang"
"Tirol","2015-12-01",4036177,12,2015,"Winter_Haupt"
"Tirol","2016-01-01",5987686,1,2016,"Winter_Haupt"
"Tirol","2016-02-01",7734107,2,2016,"Winter_Haupt"
"Tirol","2016-03-01",6465546,3,2016,"Winter_Haupt"
"Tirol","2016-04-01",1489112,4,2016,"Übergang"
"Tirol","2016-05-01",1768940,5,2016,"Sommer_Neben"
"Tirol","2016-06-01",2362109,6,2016,"Sommer_Neben"
"Tirol","2016-07-01",5128313,7,2016,"Sommer_Haupt"
"Tirol","2016-08-01",6133027,8,2016,"Sommer_Haupt"
"Tirol","2016-09-01",3251614,9,2016,"Sommer_Neben"
"Tirol","2016-10-01",2085454,10,2016,"Übergang"
"Tirol","2016-11-01",1003045,11,2016,"Übergang"
"Tirol","2016-12-01",3546490,12,2016,"Winter_Haupt"
"Tirol","2017-01-01",6131733,1,2017,"Winter_Haupt"
"Tirol","2017-02-01",7367051,2,2017,"Winter_Haupt"
"Tirol","2017-03-01",5639843,3,2017,"Winter_Haupt"
"Tirol","2017-04-01",2703182,4,2017,"Übergang"
"Tirol","2017-05-01",1374229,5,2017,"Sommer_Neben"
"Tirol","2017-06-01",3043262,6,2017,"Sommer_Neben"
"Tirol","2017-07-01",5260750,7,2017,"Sommer_Haupt"
"Tirol","2017-08-01",6115424,8,2017,"Sommer_Haupt"
"Tirol","2017-09-01",3237916,9,2017,"Sommer_Neben"
"Tirol","2017-10-01",2139207,10,2017,"Übergang"
"Tirol","2017-11-01",1076230,11,2017,"Übergang"
"Tirol","2017-12-01",3816226,12,2017,"Winter_Haupt"
"Tirol","2018-01-01",6461204,1,2018,"Winter_Haupt"
"Tirol","2018-02-01",7757020,2,2018,"Winter_Haupt"
"Tirol","2018-03-01",6342488,3,2018,"Winter_Haupt"
"Tirol","2018-04-01",2094925,4,2018,"Übergang"
"Tirol","2018-05-01",1930484,5,2018,"Sommer_Neben"
"Tirol","2018-06-01",2755053,6,2018,"Sommer_Neben"
"Tirol","2018-07-01",5555909,7,2018,"Sommer_Haupt"
"Tirol","2018-08-01",5970990,8,2018,"Sommer_Haupt"
"Tirol","2018-09-01",3393976,9,2018,"Sommer_Neben"
"Tirol","2018-10-01",2171465,10,2018,"Übergang"
"Tirol","2018-11-01",1110856,11,2018,"Übergang"
"Tirol","2018-12-01",4080359,12,2018,"Winter_Haupt"
"Tirol","2019-01-01",6200690,1,2019,"Winter_Haupt"
"Tirol","2019-02-01",7435666,2,2019,"Winter_Haupt"
"Tirol","2019-03-01",6070165,3,2019,"Winter_Haupt"
"Tirol","2019-04-01",2549913,4,2019,"Übergang"
"Tirol","2019-05-01",1400224,5,2019,"Sommer_Neben"
"Tirol","2019-06-01",3368811,6,2019,"Sommer_Neben"
"Tirol","2019-07-01",5633526,7,2019,"Sommer_Haupt"
"Tirol","2019-08-01",6064689,8,2019,"Sommer_Haupt"
"Tirol","2019-09-01",3348686,9,2019,"Sommer_Neben"
"Tirol","2019-10-01",2319840,10,2019,"Übergang"
"Tirol","2019-11-01",1116804,11,2019,"Übergang"
"Tirol","2019-12-01",4388131,12,2019,"Winter_Haupt"
"Tirol","2020-01-01",6495047,1,2020,"Winter_Haupt"
"Tirol","2020-02-01",8312284,2,2020,"Winter_Haupt"
"Tirol","2020-03-01",2547779,3,2020,"Winter_Haupt"
"Tirol","2020-04-01",40081,4,2020,"Übergang"
"Tirol","2020-05-01",99268,5,2020,"Sommer_Neben"
"Tirol","2020-06-01",1131539,6,2020,"Sommer_Neben"
"Tirol","2020-07-01",4822719,7,2020,"Sommer_Haupt"
"Tirol","2020-08-01",5636336,8,2020,"Sommer_Haupt"
"Tirol","2020-09-01",3057046,9,2020,"Sommer_Neben"
"Tirol","2020-10-01",803982,10,2020,"Übergang"
"Tirol","2020-11-01",158488,11,2020,"Übergang"
"Tirol","2020-12-01",100252,12,2020,"Winter_Haupt"
"Tirol","2021-01-01",96674,1,2021,"Winter_Haupt"
"Tirol","2021-02-01",99284,2,2021,"Winter_Haupt"
"Tirol","2021-03-01",117933,3,2021,"Winter_Haupt"
"Tirol","2021-04-01",118540,4,2021,"Übergang"
"Tirol","2021-05-01",585117,5,2021,"Sommer_Neben"
"Tirol","2021-06-01",1903476,6,2021,"Sommer_Neben"
"Tirol","2021-07-01",4704159,7,2021,"Sommer_Haupt"
"Tirol","2021-08-01",6681394,8,2021,"Sommer_Haupt"
"Tirol","2021-09-01",3605701,9,2021,"Sommer_Neben"
"Tirol","2021-10-01",2329538,10,2021,"Übergang"
"Tirol","2021-11-01",812121,11,2021,"Übergang"
"Tirol","2021-12-01",2550075,12,2021,"Winter_Haupt"
"Tirol","2022-01-01",4286838,1,2022,"Winter_Haupt"
"Tirol","2022-02-01",5674441,2,2022,"Winter_Haupt"
"Tirol","2022-03-01",5011984,3,2022,"Winter_Haupt"
"Tirol","2022-04-01",2532960,4,2022,"Übergang"
"Tirol","2022-05-01",1425082,5,2022,"Sommer_Neben"
"Tirol","2022-06-01",3318673,6,2022,"Sommer_Neben"
"Tirol","2022-07-01",5356080,7,2022,"Sommer_Haupt"
"Tirol","2022-08-01",6563984,8,2022,"Sommer_Haupt"
"Tirol","2022-09-01",3443858,9,2022,"Sommer_Neben"
"Tirol","2022-10-01",2285660,10,2022,"Übergang"
"Tirol","2022-11-01",1060975,11,2022,"Übergang"
"Tirol","2022-12-01",3839690,12,2022,"Winter_Haupt"
"Tirol","2023-01-01",6121327,1,2023,"Winter_Haupt"
"Tirol","2023-02-01",7205369,2,2023,"Winter_Haupt"
"Tirol","2023-03-01",4988719,3,2023,"Winter_Haupt"
"Tirol","2023-04-01",2436868,4,2023,"Übergang"
"Tirol","2023-05-01",1746807,5,2023,"Sommer_Neben"
"Tirol","2023-06-01",3294985,6,2023,"Sommer_Neben"
"Tirol","2023-07-01",5557712,7,2023,"Sommer_Haupt"
"Tirol","2023-08-01",6288611,8,2023,"Sommer_Haupt"
"Tirol","2023-09-01",3462865,9,2023,"Sommer_Neben"
"Tirol","2023-10-01",2283541,10,2023,"Übergang"
"Tirol","2023-11-01",1063013,11,2023,"Übergang"
"Tirol","2023-12-01",3957231,12,2023,"Winter_Haupt"
"Tirol","2024-01-01",6290032,1,2024,"Winter_Haupt"
"Tirol","2024-02-01",7610599,2,2024,"Winter_Haupt"
"Tirol","2024-03-01",5418584,3,2024,"Winter_Haupt"
"Tirol","2024-04-01",1610143,4,2024,"Übergang"
"Tirol","2024-05-01",2168642,5,2024,"Sommer_Neben"
"Tirol","2024-06-01",2915382,6,2024,"Sommer_Neben"
"Tirol","2024-07-01",5539044,7,2024,"Sommer_Haupt"
"Tirol","2024-08-01",6365661,8,2024,"Sommer_Haupt"
"Tirol","2024-09-01",3294288,9,2024,"Sommer_Neben"
"Tirol","2024-10-01",2387341,10,2024,"Übergang"
"Tirol","2024-11-01",1118554,11,2024,"Übergang"
"Tirol","2024-12-01",4450904,12,2024,"Winter_Haupt"
"Vorarlberg","1974-01-01",609069,1,1974,"Winter_Haupt"
"Vorarlberg","1974-02-01",539483,2,1974,"Winter_Haupt"
"Vorarlberg","1974-03-01",735714,3,1974,"Winter_Haupt"
"Vorarlberg","1974-04-01",506157,4,1974,"Übergang"
"Vorarlberg","1974-05-01",179961,5,1974,"Sommer_Neben"
"Vorarlberg","1974-06-01",471523,6,1974,"Sommer_Neben"
"Vorarlberg","1974-07-01",1216074,7,1974,"Sommer_Haupt"
"Vorarlberg","1974-08-01",1427977,8,1974,"Sommer_Haupt"
"Vorarlberg","1974-09-01",575250,9,1974,"Sommer_Neben"
"Vorarlberg","1974-10-01",129410,10,1974,"Übergang"
"Vorarlberg","1974-11-01",47701,11,1974,"Übergang"
"Vorarlberg","1974-12-01",565177,12,1974,"Winter_Haupt"
"Vorarlberg","1975-01-01",662654,1,1975,"Winter_Haupt"
"Vorarlberg","1975-02-01",645127,2,1975,"Winter_Haupt"
"Vorarlberg","1975-03-01",967503,3,1975,"Winter_Haupt"
"Vorarlberg","1975-04-01",360332,4,1975,"Übergang"
"Vorarlberg","1975-05-01",239729,5,1975,"Sommer_Neben"
"Vorarlberg","1975-06-01",467861,6,1975,"Sommer_Neben"
"Vorarlberg","1975-07-01",1503616,7,1975,"Sommer_Haupt"
"Vorarlberg","1975-08-01",1307143,8,1975,"Sommer_Haupt"
"Vorarlberg","1975-09-01",546253,9,1975,"Sommer_Neben"
"Vorarlberg","1975-10-01",139542,10,1975,"Übergang"
"Vorarlberg","1975-11-01",47125,11,1975,"Übergang"
"Vorarlberg","1975-12-01",637711,12,1975,"Winter_Haupt"
"Vorarlberg","1976-01-01",729600,1,1976,"Winter_Haupt"
"Vorarlberg","1976-02-01",682509,2,1976,"Winter_Haupt"
"Vorarlberg","1976-03-01",768836,3,1976,"Winter_Haupt"
"Vorarlberg","1976-04-01",570023,4,1976,"Übergang"
"Vorarlberg","1976-05-01",188575,5,1976,"Sommer_Neben"
"Vorarlberg","1976-06-01",542919,6,1976,"Sommer_Neben"
"Vorarlberg","1976-07-01",1446107,7,1976,"Sommer_Haupt"
"Vorarlberg","1976-08-01",1314677,8,1976,"Sommer_Haupt"
"Vorarlberg","1976-09-01",570147,9,1976,"Sommer_Neben"
"Vorarlberg","1976-10-01",147446,10,1976,"Übergang"
"Vorarlberg","1976-11-01",59778,11,1976,"Übergang"
"Vorarlberg","1976-12-01",595421,12,1976,"Winter_Haupt"
"Vorarlberg","1977-01-01",819935,1,1977,"Winter_Haupt"
"Vorarlberg","1977-02-01",798845,2,1977,"Winter_Haupt"
"Vorarlberg","1977-03-01",768094,3,1977,"Winter_Haupt"
"Vorarlberg","1977-04-01",588552,4,1977,"Übergang"
"Vorarlberg","1977-05-01",215215,5,1977,"Sommer_Neben"
"Vorarlberg","1977-06-01",553578,6,1977,"Sommer_Neben"
"Vorarlberg","1977-07-01",1443290,7,1977,"Sommer_Haupt"
"Vorarlberg","1977-08-01",1146039,8,1977,"Sommer_Haupt"
"Vorarlberg","1977-09-01",538018,9,1977,"Sommer_Neben"
"Vorarlberg","1977-10-01",166019,10,1977,"Übergang"
"Vorarlberg","1977-11-01",56923,11,1977,"Übergang"
"Vorarlberg","1977-12-01",587159,12,1977,"Winter_Haupt"
"Vorarlberg","1978-01-01",870888,1,1978,"Winter_Haupt"
"Vorarlberg","1978-02-01",795409,2,1978,"Winter_Haupt"
"Vorarlberg","1978-03-01",1144149,3,1978,"Winter_Haupt"
"Vorarlberg","1978-04-01",235884,4,1978,"Übergang"
"Vorarlberg","1978-05-01",269617,5,1978,"Sommer_Neben"
"Vorarlberg","1978-06-01",494295,6,1978,"Sommer_Neben"
"Vorarlberg","1978-07-01",1346018,7,1978,"Sommer_Haupt"
"Vorarlberg","1978-08-01",1146125,8,1978,"Sommer_Haupt"
"Vorarlberg","1978-09-01",556050,9,1978,"Sommer_Neben"
"Vorarlberg","1978-10-01",180330,10,1978,"Übergang"
"Vorarlberg","1978-11-01",53418,11,1978,"Übergang"
"Vorarlberg","1978-12-01",543300,12,1978,"Winter_Haupt"
"Vorarlberg","1979-01-01",961393,1,1979,"Winter_Haupt"
"Vorarlberg","1979-02-01",829516,2,1979,"Winter_Haupt"
"Vorarlberg","1979-03-01",702165,3,1979,"Winter_Haupt"
"Vorarlberg","1979-04-01",597094,4,1979,"Übergang"
"Vorarlberg","1979-05-01",216984,5,1979,"Sommer_Neben"
"Vorarlberg","1979-06-01",521899,6,1979,"Sommer_Neben"
"Vorarlberg","1979-07-01",1267762,7,1979,"Sommer_Haupt"
"Vorarlberg","1979-08-01",1414648,8,1979,"Sommer_Haupt"
"Vorarlberg","1979-09-01",581079,9,1979,"Sommer_Neben"
"Vorarlberg","1979-10-01",206269,10,1979,"Übergang"
"Vorarlberg","1979-11-01",60410,11,1979,"Übergang"
"Vorarlberg","1979-12-01",617250,12,1979,"Winter_Haupt"
"Vorarlberg","1980-01-01",873531,1,1980,"Winter_Haupt"
"Vorarlberg","1980-02-01",895737,2,1980,"Winter_Haupt"
"Vorarlberg","1980-03-01",832675,3,1980,"Winter_Haupt"
"Vorarlberg","1980-04-01",625347,4,1980,"Übergang"
"Vorarlberg","1980-05-01",277719,5,1980,"Sommer_Neben"
"Vorarlberg","1980-06-01",539509,6,1980,"Sommer_Neben"
"Vorarlberg","1980-07-01",1185853,7,1980,"Sommer_Haupt"
"Vorarlberg","1980-08-01",1340732,8,1980,"Sommer_Haupt"
"Vorarlberg","1980-09-01",672426,9,1980,"Sommer_Neben"
"Vorarlberg","1980-10-01",235544,10,1980,"Übergang"
"Vorarlberg","1980-11-01",53259,11,1980,"Übergang"
"Vorarlberg","1980-12-01",677090,12,1980,"Winter_Haupt"
"Vorarlberg","1981-01-01",935333,1,1981,"Winter_Haupt"
"Vorarlberg","1981-02-01",843822,2,1981,"Winter_Haupt"
"Vorarlberg","1981-03-01",959137,3,1981,"Winter_Haupt"
"Vorarlberg","1981-04-01",653580,4,1981,"Übergang"
"Vorarlberg","1981-05-01",235284,5,1981,"Sommer_Neben"
"Vorarlberg","1981-06-01",551512,6,1981,"Sommer_Neben"
"Vorarlberg","1981-07-01",1215524,7,1981,"Sommer_Haupt"
"Vorarlberg","1981-08-01",1362180,8,1981,"Sommer_Haupt"
"Vorarlberg","1981-09-01",707255,9,1981,"Sommer_Neben"
"Vorarlberg","1981-10-01",210362,10,1981,"Übergang"
"Vorarlberg","1981-11-01",53475,11,1981,"Übergang"
"Vorarlberg","1981-12-01",674839,12,1981,"Winter_Haupt"
"Vorarlberg","1982-01-01",977203,1,1982,"Winter_Haupt"
"Vorarlberg","1982-02-01",1035704,2,1982,"Winter_Haupt"
"Vorarlberg","1982-03-01",941930,3,1982,"Winter_Haupt"
"Vorarlberg","1982-04-01",636374,4,1982,"Übergang"
"Vorarlberg","1982-05-01",255822,5,1982,"Sommer_Neben"
"Vorarlberg","1982-06-01",491428,6,1982,"Sommer_Neben"
"Vorarlberg","1982-07-01",1205033,7,1982,"Sommer_Haupt"
"Vorarlberg","1982-08-01",1258994,8,1982,"Sommer_Haupt"
"Vorarlberg","1982-09-01",685229,9,1982,"Sommer_Neben"
"Vorarlberg","1982-10-01",209723,10,1982,"Übergang"
"Vorarlberg","1982-11-01",54372,11,1982,"Übergang"
"Vorarlberg","1982-12-01",596482,12,1982,"Winter_Haupt"
"Vorarlberg","1983-01-01",905055,1,1983,"Winter_Haupt"
"Vorarlberg","1983-02-01",1076984,2,1983,"Winter_Haupt"
"Vorarlberg","1983-03-01",1127840,3,1983,"Winter_Haupt"
"Vorarlberg","1983-04-01",477574,4,1983,"Übergang"
"Vorarlberg","1983-05-01",251529,5,1983,"Sommer_Neben"
"Vorarlberg","1983-06-01",492723,6,1983,"Sommer_Neben"
"Vorarlberg","1983-07-01",1058812,7,1983,"Sommer_Haupt"
"Vorarlberg","1983-08-01",1189751,8,1983,"Sommer_Haupt"
"Vorarlberg","1983-09-01",672220,9,1983,"Sommer_Neben"
"Vorarlberg","1983-10-01",226969,10,1983,"Übergang"
"Vorarlberg","1983-11-01",52163,11,1983,"Übergang"
"Vorarlberg","1983-12-01",593353,12,1983,"Winter_Haupt"
"Vorarlberg","1984-01-01",924064,1,1984,"Winter_Haupt"
"Vorarlberg","1984-02-01",1062414,2,1984,"Winter_Haupt"
"Vorarlberg","1984-03-01",1082844,3,1984,"Winter_Haupt"
"Vorarlberg","1984-04-01",541925,4,1984,"Übergang"
"Vorarlberg","1984-05-01",211329,5,1984,"Sommer_Neben"
"Vorarlberg","1984-06-01",489750,6,1984,"Sommer_Neben"
"Vorarlberg","1984-07-01",966448,7,1984,"Sommer_Haupt"
"Vorarlberg","1984-08-01",1170385,8,1984,"Sommer_Haupt"
"Vorarlberg","1984-09-01",587153,9,1984,"Sommer_Neben"
"Vorarlberg","1984-10-01",200854,10,1984,"Übergang"
"Vorarlberg","1984-11-01",60806,11,1984,"Übergang"
"Vorarlberg","1984-12-01",586168,12,1984,"Winter_Haupt"
"Vorarlberg","1985-01-01",961555,1,1985,"Winter_Haupt"
"Vorarlberg","1985-02-01",1124927,2,1985,"Winter_Haupt"
"Vorarlberg","1985-03-01",1075637,3,1985,"Winter_Haupt"
"Vorarlberg","1985-04-01",502867,4,1985,"Übergang"
"Vorarlberg","1985-05-01",255587,5,1985,"Sommer_Neben"
"Vorarlberg","1985-06-01",489504,6,1985,"Sommer_Neben"
"Vorarlberg","1985-07-01",971156,7,1985,"Sommer_Haupt"
"Vorarlberg","1985-08-01",1076217,8,1985,"Sommer_Haupt"
"Vorarlberg","1985-09-01",590683,9,1985,"Sommer_Neben"
"Vorarlberg","1985-10-01",222383,10,1985,"Übergang"
"Vorarlberg","1985-11-01",62217,11,1985,"Übergang"
"Vorarlberg","1985-12-01",538372,12,1985,"Winter_Haupt"
"Vorarlberg","1986-01-01",873969,1,1986,"Winter_Haupt"
"Vorarlberg","1986-02-01",1205979,2,1986,"Winter_Haupt"
"Vorarlberg","1986-03-01",1333627,3,1986,"Winter_Haupt"
"Vorarlberg","1986-04-01",346060,4,1986,"Übergang"
"Vorarlberg","1986-05-01",274463,5,1986,"Sommer_Neben"
"Vorarlberg","1986-06-01",414894,6,1986,"Sommer_Neben"
"Vorarlberg","1986-07-01",980115,7,1986,"Sommer_Haupt"
"Vorarlberg","1986-08-01",1084652,8,1986,"Sommer_Haupt"
"Vorarlberg","1986-09-01",601024,9,1986,"Sommer_Neben"
"Vorarlberg","1986-10-01",247802,10,1986,"Übergang"
"Vorarlberg","1986-11-01",61650,11,1986,"Übergang"
"Vorarlberg","1986-12-01",537334,12,1986,"Winter_Haupt"
"Vorarlberg","1987-01-01",864022,1,1987,"Winter_Haupt"
"Vorarlberg","1987-02-01",1137100,2,1987,"Winter_Haupt"
"Vorarlberg","1987-03-01",1172466,3,1987,"Winter_Haupt"
"Vorarlberg","1987-04-01",608305,4,1987,"Übergang"
"Vorarlberg","1987-05-01",221374,5,1987,"Sommer_Neben"
"Vorarlberg","1987-06-01",464690,6,1987,"Sommer_Neben"
"Vorarlberg","1987-07-01",971840,7,1987,"Sommer_Haupt"
"Vorarlberg","1987-08-01",968194,8,1987,"Sommer_Haupt"
"Vorarlberg","1987-09-01",598535,9,1987,"Sommer_Neben"
"Vorarlberg","1987-10-01",256942,10,1987,"Übergang"
"Vorarlberg","1987-11-01",59913,11,1987,"Übergang"
"Vorarlberg","1987-12-01",525484,12,1987,"Winter_Haupt"
"Vorarlberg","1988-01-01",791039,1,1988,"Winter_Haupt"
"Vorarlberg","1988-02-01",1262311,2,1988,"Winter_Haupt"
"Vorarlberg","1988-03-01",1246327,3,1988,"Winter_Haupt"
"Vorarlberg","1988-04-01",521605,4,1988,"Übergang"
"Vorarlberg","1988-05-01",240319,5,1988,"Sommer_Neben"
"Vorarlberg","1988-06-01",421289,6,1988,"Sommer_Neben"
"Vorarlberg","1988-07-01",977118,7,1988,"Sommer_Haupt"
"Vorarlberg","1988-08-01",1008391,8,1988,"Sommer_Haupt"
"Vorarlberg","1988-09-01",631869,9,1988,"Sommer_Neben"
"Vorarlberg","1988-10-01",277467,10,1988,"Übergang"
"Vorarlberg","1988-11-01",62000,11,1988,"Übergang"
"Vorarlberg","1988-12-01",474019,12,1988,"Winter_Haupt"
"Vorarlberg","1989-01-01",934309,1,1989,"Winter_Haupt"
"Vorarlberg","1989-02-01",1309348,2,1989,"Winter_Haupt"
"Vorarlberg","1989-03-01",1465602,3,1989,"Winter_Haupt"
"Vorarlberg","1989-04-01",333916,4,1989,"Übergang"
"Vorarlberg","1989-05-01",308145,5,1989,"Sommer_Neben"
"Vorarlberg","1989-06-01",433754,6,1989,"Sommer_Neben"
"Vorarlberg","1989-07-01",1030508,7,1989,"Sommer_Haupt"
"Vorarlberg","1989-08-01",1053968,8,1989,"Sommer_Haupt"
"Vorarlberg","1989-09-01",677419,9,1989,"Sommer_Neben"
"Vorarlberg","1989-10-01",285199,10,1989,"Übergang"
"Vorarlberg","1989-11-01",77715,11,1989,"Übergang"
"Vorarlberg","1989-12-01",490150,12,1989,"Winter_Haupt"
"Vorarlberg","1990-01-01",795543,1,1990,"Winter_Haupt"
"Vorarlberg","1990-02-01",1106898,2,1990,"Winter_Haupt"
"Vorarlberg","1990-03-01",1058677,3,1990,"Winter_Haupt"
"Vorarlberg","1990-04-01",575284,4,1990,"Übergang"
"Vorarlberg","1990-05-01",269393,5,1990,"Sommer_Neben"
"Vorarlberg","1990-06-01",506418,6,1990,"Sommer_Neben"
"Vorarlberg","1990-07-01",970047,7,1990,"Sommer_Haupt"
"Vorarlberg","1990-08-01",1168528,8,1990,"Sommer_Haupt"
"Vorarlberg","1990-09-01",703142,9,1990,"Sommer_Neben"
"Vorarlberg","1990-10-01",359241,10,1990,"Übergang"
"Vorarlberg","1990-11-01",89852,11,1990,"Übergang"
"Vorarlberg","1990-12-01",585636,12,1990,"Winter_Haupt"
"Vorarlberg","1991-01-01",844688,1,1991,"Winter_Haupt"
"Vorarlberg","1991-02-01",1267092,2,1991,"Winter_Haupt"
"Vorarlberg","1991-03-01",1214180,3,1991,"Winter_Haupt"
"Vorarlberg","1991-04-01",373400,4,1991,"Übergang"
"Vorarlberg","1991-05-01",356180,5,1991,"Sommer_Neben"
"Vorarlberg","1991-06-01",496931,6,1991,"Sommer_Neben"
"Vorarlberg","1991-07-01",1056761,7,1991,"Sommer_Haupt"
"Vorarlberg","1991-08-01",1250628,8,1991,"Sommer_Haupt"
"Vorarlberg","1991-09-01",746687,9,1991,"Sommer_Neben"
"Vorarlberg","1991-10-01",398473,10,1991,"Übergang"
"Vorarlberg","1991-11-01",88476,11,1991,"Übergang"
"Vorarlberg","1991-12-01",589241,12,1991,"Winter_Haupt"
"Vorarlberg","1992-01-01",950163,1,1992,"Winter_Haupt"
"Vorarlberg","1992-02-01",1213605,2,1992,"Winter_Haupt"
"Vorarlberg","1992-03-01",1108412,3,1992,"Winter_Haupt"
"Vorarlberg","1992-04-01",561980,4,1992,"Übergang"
"Vorarlberg","1992-05-01",337446,5,1992,"Sommer_Neben"
"Vorarlberg","1992-06-01",552430,6,1992,"Sommer_Neben"
"Vorarlberg","1992-07-01",1069420,7,1992,"Sommer_Haupt"
"Vorarlberg","1992-08-01",1241200,8,1992,"Sommer_Haupt"
"Vorarlberg","1992-09-01",735172,9,1992,"Sommer_Neben"
"Vorarlberg","1992-10-01",340732,10,1992,"Übergang"
"Vorarlberg","1992-11-01",70958,11,1992,"Übergang"
"Vorarlberg","1992-12-01",607749,12,1992,"Winter_Haupt"
"Vorarlberg","1993-01-01",1060351,1,1993,"Winter_Haupt"
"Vorarlberg","1993-02-01",1261342,2,1993,"Winter_Haupt"
"Vorarlberg","1993-03-01",1112540,3,1993,"Winter_Haupt"
"Vorarlberg","1993-04-01",560341,4,1993,"Übergang"
"Vorarlberg","1993-05-01",321026,5,1993,"Sommer_Neben"
"Vorarlberg","1993-06-01",505656,6,1993,"Sommer_Neben"
"Vorarlberg","1993-07-01",991197,7,1993,"Sommer_Haupt"
"Vorarlberg","1993-08-01",1144840,8,1993,"Sommer_Haupt"
"Vorarlberg","1993-09-01",671271,9,1993,"Sommer_Neben"
"Vorarlberg","1993-10-01",284180,10,1993,"Übergang"
"Vorarlberg","1993-11-01",79675,11,1993,"Übergang"
"Vorarlberg","1993-12-01",578730,12,1993,"Winter_Haupt"
"Vorarlberg","1994-01-01",1124539,1,1994,"Winter_Haupt"
"Vorarlberg","1994-02-01",1261078,2,1994,"Winter_Haupt"
"Vorarlberg","1994-03-01",1215522,3,1994,"Winter_Haupt"
"Vorarlberg","1994-04-01",411032,4,1994,"Übergang"
"Vorarlberg","1994-05-01",325944,5,1994,"Sommer_Neben"
"Vorarlberg","1994-06-01",468471,6,1994,"Sommer_Neben"
"Vorarlberg","1994-07-01",957121,7,1994,"Sommer_Haupt"
"Vorarlberg","1994-08-01",1019084,8,1994,"Sommer_Haupt"
"Vorarlberg","1994-09-01",619406,9,1994,"Sommer_Neben"
"Vorarlberg","1994-10-01",302902,10,1994,"Übergang"
"Vorarlberg","1994-11-01",79871,11,1994,"Übergang"
"Vorarlberg","1994-12-01",526354,12,1994,"Winter_Haupt"
"Vorarlberg","1995-01-01",1063693,1,1995,"Winter_Haupt"
"Vorarlberg","1995-02-01",1216527,2,1995,"Winter_Haupt"
"Vorarlberg","1995-03-01",1020796,3,1995,"Winter_Haupt"
"Vorarlberg","1995-04-01",562100,4,1995,"Übergang"
"Vorarlberg","1995-05-01",261389,5,1995,"Sommer_Neben"
"Vorarlberg","1995-06-01",470691,6,1995,"Sommer_Neben"
"Vorarlberg","1995-07-01",842005,7,1995,"Sommer_Haupt"
"Vorarlberg","1995-08-01",983763,8,1995,"Sommer_Haupt"
"Vorarlberg","1995-09-01",598124,9,1995,"Sommer_Neben"
"Vorarlberg","1995-10-01",308318,10,1995,"Übergang"
"Vorarlberg","1995-11-01",77122,11,1995,"Übergang"
"Vorarlberg","1995-12-01",569320,12,1995,"Winter_Haupt"
"Vorarlberg","1996-01-01",991652,1,1996,"Winter_Haupt"
"Vorarlberg","1996-02-01",1242684,2,1996,"Winter_Haupt"
"Vorarlberg","1996-03-01",1131872,3,1996,"Winter_Haupt"
"Vorarlberg","1996-04-01",481416,4,1996,"Übergang"
"Vorarlberg","1996-05-01",260522,5,1996,"Sommer_Neben"
"Vorarlberg","1996-06-01",449347,6,1996,"Sommer_Neben"
"Vorarlberg","1996-07-01",815536,7,1996,"Sommer_Haupt"
"Vorarlberg","1996-08-01",912220,8,1996,"Sommer_Haupt"
"Vorarlberg","1996-09-01",555757,9,1996,"Sommer_Neben"
"Vorarlberg","1996-10-01",323286,10,1996,"Übergang"
"Vorarlberg","1996-11-01",76394,11,1996,"Übergang"
"Vorarlberg","1996-12-01",618791,12,1996,"Winter_Haupt"
"Vorarlberg","1997-01-01",1006029,1,1997,"Winter_Haupt"
"Vorarlberg","1997-02-01",1173473,2,1997,"Winter_Haupt"
"Vorarlberg","1997-03-01",1120816,3,1997,"Winter_Haupt"
"Vorarlberg","1997-04-01",335272,4,1997,"Übergang"
"Vorarlberg","1997-05-01",297298,5,1997,"Sommer_Neben"
"Vorarlberg","1997-06-01",401653,6,1997,"Sommer_Neben"
"Vorarlberg","1997-07-01",740177,7,1997,"Sommer_Haupt"
"Vorarlberg","1997-08-01",936390,8,1997,"Sommer_Haupt"
"Vorarlberg","1997-09-01",572294,9,1997,"Sommer_Neben"
"Vorarlberg","1997-10-01",305060,10,1997,"Übergang"
"Vorarlberg","1997-11-01",70108,11,1997,"Übergang"
"Vorarlberg","1997-12-01",638219,12,1997,"Winter_Haupt"
"Vorarlberg","1998-01-01",931468,1,1998,"Winter_Haupt"
"Vorarlberg","1998-02-01",1201104,2,1998,"Winter_Haupt"
"Vorarlberg","1998-03-01",944498,3,1998,"Winter_Haupt"
"Vorarlberg","1998-04-01",577424,4,1998,"Übergang"
"Vorarlberg","1998-05-01",272555,5,1998,"Sommer_Neben"
"Vorarlberg","1998-06-01",442892,6,1998,"Sommer_Neben"
"Vorarlberg","1998-07-01",696742,7,1998,"Sommer_Haupt"
"Vorarlberg","1998-08-01",978486,8,1998,"Sommer_Haupt"
"Vorarlberg","1998-09-01",587205,9,1998,"Sommer_Neben"
"Vorarlberg","1998-10-01",292225,10,1998,"Übergang"
"Vorarlberg","1998-11-01",79130,11,1998,"Übergang"
"Vorarlberg","1998-12-01",658582,12,1998,"Winter_Haupt"
"Vorarlberg","1999-01-01",1083829,1,1999,"Winter_Haupt"
"Vorarlberg","1999-02-01",1162575,2,1999,"Winter_Haupt"
"Vorarlberg","1999-03-01",971348,3,1999,"Winter_Haupt"
"Vorarlberg","1999-04-01",517298,4,1999,"Übergang"
"Vorarlberg","1999-05-01",270745,5,1999,"Sommer_Neben"
"Vorarlberg","1999-06-01",435235,6,1999,"Sommer_Neben"
"Vorarlberg","1999-07-01",727773,7,1999,"Sommer_Haupt"
"Vorarlberg","1999-08-01",956528,8,1999,"Sommer_Haupt"
"Vorarlberg","1999-09-01",586791,9,1999,"Sommer_Neben"
"Vorarlberg","1999-10-01",296477,10,1999,"Übergang"
"Vorarlberg","1999-11-01",86522,11,1999,"Übergang"
"Vorarlberg","1999-12-01",598261,12,1999,"Winter_Haupt"
"Vorarlberg","2000-01-01",1106932,1,2000,"Winter_Haupt"
"Vorarlberg","2000-02-01",1144779,2,2000,"Winter_Haupt"
"Vorarlberg","2000-03-01",1137291,3,2000,"Winter_Haupt"
"Vorarlberg","2000-04-01",481268,4,2000,"Übergang"
"Vorarlberg","2000-05-01",218403,5,2000,"Sommer_Neben"
"Vorarlberg","2000-06-01",480657,6,2000,"Sommer_Neben"
"Vorarlberg","2000-07-01",737983,7,2000,"Sommer_Haupt"
"Vorarlberg","2000-08-01",892611,8,2000,"Sommer_Haupt"
"Vorarlberg","2000-09-01",587741,9,2000,"Sommer_Neben"
"Vorarlberg","2000-10-01",304609,10,2000,"Übergang"
"Vorarlberg","2000-11-01",83443,11,2000,"Übergang"
"Vorarlberg","2000-12-01",585788,12,2000,"Winter_Haupt"
"Vorarlberg","2001-01-01",1093756,1,2001,"Winter_Haupt"
"Vorarlberg","2001-02-01",1187009,2,2001,"Winter_Haupt"
"Vorarlberg","2001-03-01",1032502,3,2001,"Winter_Haupt"
"Vorarlberg","2001-04-01",538147,4,2001,"Übergang"
"Vorarlberg","2001-05-01",243112,5,2001,"Sommer_Neben"
"Vorarlberg","2001-06-01",455220,6,2001,"Sommer_Neben"
"Vorarlberg","2001-07-01",754666,7,2001,"Sommer_Haupt"
"Vorarlberg","2001-08-01",920421,8,2001,"Sommer_Haupt"
"Vorarlberg","2001-09-01",549316,9,2001,"Sommer_Neben"
"Vorarlberg","2001-10-01",329945,10,2001,"Übergang"
"Vorarlberg","2001-11-01",92042,11,2001,"Übergang"
"Vorarlberg","2001-12-01",641929,12,2001,"Winter_Haupt"
"Vorarlberg","2002-01-01",1068686,1,2002,"Winter_Haupt"
"Vorarlberg","2002-02-01",1289820,2,2002,"Winter_Haupt"
"Vorarlberg","2002-03-01",1139810,3,2002,"Winter_Haupt"
"Vorarlberg","2002-04-01",353367,4,2002,"Übergang"
"Vorarlberg","2002-05-01",310613,5,2002,"Sommer_Neben"
"Vorarlberg","2002-06-01",408515,6,2002,"Sommer_Neben"
"Vorarlberg","2002-07-01",760065,7,2002,"Sommer_Haupt"
"Vorarlberg","2002-08-01",949441,8,2002,"Sommer_Haupt"
"Vorarlberg","2002-09-01",535493,9,2002,"Sommer_Neben"
"Vorarlberg","2002-10-01",324567,10,2002,"Übergang"
"Vorarlberg","2002-11-01",88785,11,2002,"Übergang"
"Vorarlberg","2002-12-01",673551,12,2002,"Winter_Haupt"
"Vorarlberg","2003-01-01",1058064,1,2003,"Winter_Haupt"
"Vorarlberg","2003-02-01",1186435,2,2003,"Winter_Haupt"
"Vorarlberg","2003-03-01",1136652,3,2003,"Winter_Haupt"
"Vorarlberg","2003-04-01",520018,4,2003,"Übergang"
"Vorarlberg","2003-05-01",259289,5,2003,"Sommer_Neben"
"Vorarlberg","2003-06-01",485074,6,2003,"Sommer_Neben"
"Vorarlberg","2003-07-01",735071,7,2003,"Sommer_Haupt"
"Vorarlberg","2003-08-01",997898,8,2003,"Sommer_Haupt"
"Vorarlberg","2003-09-01",560125,9,2003,"Sommer_Neben"
"Vorarlberg","2003-10-01",299228,10,2003,"Übergang"
"Vorarlberg","2003-11-01",97805,11,2003,"Übergang"
"Vorarlberg","2003-12-01",606485,12,2003,"Winter_Haupt"
"Vorarlberg","2004-01-01",1070956,1,2004,"Winter_Haupt"
"Vorarlberg","2004-02-01",1329216,2,2004,"Winter_Haupt"
"Vorarlberg","2004-03-01",1018369,3,2004,"Winter_Haupt"
"Vorarlberg","2004-04-01",535088,4,2004,"Übergang"
"Vorarlberg","2004-05-01",281534,5,2004,"Sommer_Neben"
"Vorarlberg","2004-06-01",452015,6,2004,"Sommer_Neben"
"Vorarlberg","2004-07-01",715508,7,2004,"Sommer_Haupt"
"Vorarlberg","2004-08-01",1008555,8,2004,"Sommer_Haupt"
"Vorarlberg","2004-09-01",580816,9,2004,"Sommer_Neben"
"Vorarlberg","2004-10-01",282735,10,2004,"Übergang"
"Vorarlberg","2004-11-01",93586,11,2004,"Übergang"
"Vorarlberg","2004-12-01",551792,12,2004,"Winter_Haupt"
"Vorarlberg","2005-01-01",1120354,1,2005,"Winter_Haupt"
"Vorarlberg","2005-02-01",1330586,2,2005,"Winter_Haupt"
"Vorarlberg","2005-03-01",1303718,3,2005,"Winter_Haupt"
"Vorarlberg","2005-04-01",294185,4,2005,"Übergang"
"Vorarlberg","2005-05-01",300265,5,2005,"Sommer_Neben"
"Vorarlberg","2005-06-01",394997,6,2005,"Sommer_Neben"
"Vorarlberg","2005-07-01",724269,7,2005,"Sommer_Haupt"
"Vorarlberg","2005-08-01",935109,8,2005,"Sommer_Haupt"
"Vorarlberg","2005-09-01",539200,9,2005,"Sommer_Neben"
"Vorarlberg","2005-10-01",308506,10,2005,"Übergang"
"Vorarlberg","2005-11-01",97653,11,2005,"Übergang"
"Vorarlberg","2005-12-01",564753,12,2005,"Winter_Haupt"
"Vorarlberg","2006-01-01",1096332,1,2006,"Winter_Haupt"
"Vorarlberg","2006-02-01",1281797,2,2006,"Winter_Haupt"
"Vorarlberg","2006-03-01",1064087,3,2006,"Winter_Haupt"
"Vorarlberg","2006-04-01",523242,4,2006,"Übergang"
"Vorarlberg","2006-05-01",236860,5,2006,"Sommer_Neben"
"Vorarlberg","2006-06-01",436864,6,2006,"Sommer_Neben"
"Vorarlberg","2006-07-01",720379,7,2006,"Sommer_Haupt"
"Vorarlberg","2006-08-01",832877,8,2006,"Sommer_Haupt"
"Vorarlberg","2006-09-01",573976,9,2006,"Sommer_Neben"
"Vorarlberg","2006-10-01",322504,10,2006,"Übergang"
"Vorarlberg","2006-11-01",92919,11,2006,"Übergang"
"Vorarlberg","2006-12-01",565252,12,2006,"Winter_Haupt"
"Vorarlberg","2007-01-01",1029846,1,2007,"Winter_Haupt"
"Vorarlberg","2007-02-01",1254877,2,2007,"Winter_Haupt"
"Vorarlberg","2007-03-01",975817,3,2007,"Winter_Haupt"
"Vorarlberg","2007-04-01",517966,4,2007,"Übergang"
"Vorarlberg","2007-05-01",267168,5,2007,"Sommer_Neben"
"Vorarlberg","2007-06-01",457419,6,2007,"Sommer_Neben"
"Vorarlberg","2007-07-01",914596,7,2007,"Sommer_Haupt"
"Vorarlberg","2007-08-01",871458,8,2007,"Sommer_Haupt"
"Vorarlberg","2007-09-01",545470,9,2007,"Sommer_Neben"
"Vorarlberg","2007-10-01",336648,10,2007,"Übergang"
"Vorarlberg","2007-11-01",107265,11,2007,"Übergang"
"Vorarlberg","2007-12-01",668524,12,2007,"Winter_Haupt"
"Vorarlberg","2008-01-01",1106855,1,2008,"Winter_Haupt"
"Vorarlberg","2008-02-01",1414222,2,2008,"Winter_Haupt"
"Vorarlberg","2008-03-01",1297444,3,2008,"Winter_Haupt"
"Vorarlberg","2008-04-01",271545,4,2008,"Übergang"
"Vorarlberg","2008-05-01",329704,5,2008,"Sommer_Neben"
"Vorarlberg","2008-06-01",415235,6,2008,"Sommer_Neben"
"Vorarlberg","2008-07-01",799115,7,2008,"Sommer_Haupt"
"Vorarlberg","2008-08-01",896731,8,2008,"Sommer_Haupt"
"Vorarlberg","2008-09-01",551797,9,2008,"Sommer_Neben"
"Vorarlberg","2008-10-01",356395,10,2008,"Übergang"
"Vorarlberg","2008-11-01",106622,11,2008,"Übergang"
"Vorarlberg","2008-12-01",751435,12,2008,"Winter_Haupt"
"Vorarlberg","2009-01-01",1178388,1,2009,"Winter_Haupt"
"Vorarlberg","2009-02-01",1293278,2,2009,"Winter_Haupt"
"Vorarlberg","2009-03-01",912793,3,2009,"Winter_Haupt"
"Vorarlberg","2009-04-01",582576,4,2009,"Übergang"
"Vorarlberg","2009-05-01",284526,5,2009,"Sommer_Neben"
"Vorarlberg","2009-06-01",437498,6,2009,"Sommer_Neben"
"Vorarlberg","2009-07-01",769458,7,2009,"Sommer_Haupt"
"Vorarlberg","2009-08-01",976647,8,2009,"Sommer_Haupt"
"Vorarlberg","2009-09-01",572155,9,2009,"Sommer_Neben"
"Vorarlberg","2009-10-01",334800,10,2009,"Übergang"
"Vorarlberg","2009-11-01",96368,11,2009,"Übergang"
"Vorarlberg","2009-12-01",718398,12,2009,"Winter_Haupt"
"Vorarlberg","2010-01-01",1119306,1,2010,"Winter_Haupt"
"Vorarlberg","2010-02-01",1320396,2,2010,"Winter_Haupt"
"Vorarlberg","2010-03-01",1033914,3,2010,"Winter_Haupt"
"Vorarlberg","2010-04-01",479730,4,2010,"Übergang"
"Vorarlberg","2010-05-01",296411,5,2010,"Sommer_Neben"
"Vorarlberg","2010-06-01",430928,6,2010,"Sommer_Neben"
"Vorarlberg","2010-07-01",794191,7,2010,"Sommer_Haupt"
"Vorarlberg","2010-08-01",979099,8,2010,"Sommer_Haupt"
"Vorarlberg","2010-09-01",565572,9,2010,"Sommer_Neben"
"Vorarlberg","2010-10-01",334674,10,2010,"Übergang"
"Vorarlberg","2010-11-01",112324,11,2010,"Übergang"
"Vorarlberg","2010-12-01",698822,12,2010,"Winter_Haupt"
"Vorarlberg","2011-01-01",1134104,1,2011,"Winter_Haupt"
"Vorarlberg","2011-02-01",1153721,2,2011,"Winter_Haupt"
"Vorarlberg","2011-03-01",1079247,3,2011,"Winter_Haupt"
"Vorarlberg","2011-04-01",362847,4,2011,"Übergang"
"Vorarlberg","2011-05-01",224311,5,2011,"Sommer_Neben"
"Vorarlberg","2011-06-01",525478,6,2011,"Sommer_Neben"
"Vorarlberg","2011-07-01",778914,7,2011,"Sommer_Haupt"
"Vorarlberg","2011-08-01",977595,8,2011,"Sommer_Haupt"
"Vorarlberg","2011-09-01",599844,9,2011,"Sommer_Neben"
"Vorarlberg","2011-10-01",379580,10,2011,"Übergang"
"Vorarlberg","2011-11-01",118807,11,2011,"Übergang"
"Vorarlberg","2011-12-01",631459,12,2011,"Winter_Haupt"
"Vorarlberg","2012-01-01",1142244,1,2012,"Winter_Haupt"
"Vorarlberg","2012-02-01",1370848,2,2012,"Winter_Haupt"
"Vorarlberg","2012-03-01",1014535,3,2012,"Winter_Haupt"
"Vorarlberg","2012-04-01",523392,4,2012,"Übergang"
"Vorarlberg","2012-05-01",315297,5,2012,"Sommer_Neben"
"Vorarlberg","2012-06-01",485271,6,2012,"Sommer_Neben"
"Vorarlberg","2012-07-01",811946,7,2012,"Sommer_Haupt"
"Vorarlberg","2012-08-01",979356,8,2012,"Sommer_Haupt"
"Vorarlberg","2012-09-01",612527,9,2012,"Sommer_Neben"
"Vorarlberg","2012-10-01",384380,10,2012,"Übergang"
"Vorarlberg","2012-11-01",133081,11,2012,"Übergang"
"Vorarlberg","2012-12-01",720011,12,2012,"Winter_Haupt"
"Vorarlberg","2013-01-01",1180830,1,2013,"Winter_Haupt"
"Vorarlberg","2013-02-01",1431698,2,2013,"Winter_Haupt"
"Vorarlberg","2013-03-01",1234369,3,2013,"Winter_Haupt"
"Vorarlberg","2013-04-01",326083,4,2013,"Übergang"
"Vorarlberg","2013-05-01",337660,5,2013,"Sommer_Neben"
"Vorarlberg","2013-06-01",444011,6,2013,"Sommer_Neben"
"Vorarlberg","2013-07-01",826458,7,2013,"Sommer_Haupt"
"Vorarlberg","2013-08-01",1061306,8,2013,"Sommer_Haupt"
"Vorarlberg","2013-09-01",603174,9,2013,"Sommer_Neben"
"Vorarlberg","2013-10-01",385821,10,2013,"Übergang"
"Vorarlberg","2013-11-01",132328,11,2013,"Übergang"
"Vorarlberg","2013-12-01",784105,12,2013,"Winter_Haupt"
"Vorarlberg","2014-01-01",1131775,1,2014,"Winter_Haupt"
"Vorarlberg","2014-02-01",1252449,2,2014,"Winter_Haupt"
"Vorarlberg","2014-03-01",1124913,3,2014,"Winter_Haupt"
"Vorarlberg","2014-04-01",394612,4,2014,"Übergang"
"Vorarlberg","2014-05-01",283014,5,2014,"Sommer_Neben"
"Vorarlberg","2014-06-01",545393,6,2014,"Sommer_Neben"
"Vorarlberg","2014-07-01",755489,7,2014,"Sommer_Haupt"
"Vorarlberg","2014-08-01",1058899,8,2014,"Sommer_Haupt"
"Vorarlberg","2014-09-01",606900,9,2014,"Sommer_Neben"
"Vorarlberg","2014-10-01",424193,10,2014,"Übergang"
"Vorarlberg","2014-11-01",134490,11,2014,"Übergang"
"Vorarlberg","2014-12-01",704101,12,2014,"Winter_Haupt"
"Vorarlberg","2015-01-01",1132191,1,2015,"Winter_Haupt"
"Vorarlberg","2015-02-01",1416658,2,2015,"Winter_Haupt"
"Vorarlberg","2015-03-01",1034890,3,2015,"Winter_Haupt"
"Vorarlberg","2015-04-01",443003,4,2015,"Übergang"
"Vorarlberg","2015-05-01",335714,5,2015,"Sommer_Neben"
"Vorarlberg","2015-06-01",496100,6,2015,"Sommer_Neben"
"Vorarlberg","2015-07-01",814312,7,2015,"Sommer_Haupt"
"Vorarlberg","2015-08-01",1050452,8,2015,"Sommer_Haupt"
"Vorarlberg","2015-09-01",604848,9,2015,"Sommer_Neben"
"Vorarlberg","2015-10-01",387608,10,2015,"Übergang"
"Vorarlberg","2015-11-01",152212,11,2015,"Übergang"
"Vorarlberg","2015-12-01",686864,12,2015,"Winter_Haupt"
"Vorarlberg","2016-01-01",1143323,1,2016,"Winter_Haupt"
"Vorarlberg","2016-02-01",1495163,2,2016,"Winter_Haupt"
"Vorarlberg","2016-03-01",1329910,3,2016,"Winter_Haupt"
"Vorarlberg","2016-04-01",295282,4,2016,"Übergang"
"Vorarlberg","2016-05-01",397598,5,2016,"Sommer_Neben"
"Vorarlberg","2016-06-01",449651,6,2016,"Sommer_Neben"
"Vorarlberg","2016-07-01",865416,7,2016,"Sommer_Haupt"
"Vorarlberg","2016-08-01",1115964,8,2016,"Sommer_Haupt"
"Vorarlberg","2016-09-01",659373,9,2016,"Sommer_Neben"
"Vorarlberg","2016-10-01",439485,10,2016,"Übergang"
"Vorarlberg","2016-11-01",154842,11,2016,"Übergang"
"Vorarlberg","2016-12-01",587692,12,2016,"Winter_Haupt"
"Vorarlberg","2017-01-01",1136687,1,2017,"Winter_Haupt"
"Vorarlberg","2017-02-01",1388324,2,2017,"Winter_Haupt"
"Vorarlberg","2017-03-01",1120047,3,2017,"Winter_Haupt"
"Vorarlberg","2017-04-01",506305,4,2017,"Übergang"
"Vorarlberg","2017-05-01",303867,5,2017,"Sommer_Neben"
"Vorarlberg","2017-06-01",595186,6,2017,"Sommer_Neben"
"Vorarlberg","2017-07-01",909090,7,2017,"Sommer_Haupt"
"Vorarlberg","2017-08-01",1085078,8,2017,"Sommer_Haupt"
"Vorarlberg","2017-09-01",632084,9,2017,"Sommer_Neben"
"Vorarlberg","2017-10-01",446419,10,2017,"Übergang"
"Vorarlberg","2017-11-01",156461,11,2017,"Übergang"
"Vorarlberg","2017-12-01",642683,12,2017,"Winter_Haupt"
"Vorarlberg","2018-01-01",1212773,1,2018,"Winter_Haupt"
"Vorarlberg","2018-02-01",1439166,2,2018,"Winter_Haupt"
"Vorarlberg","2018-03-01",1252067,3,2018,"Winter_Haupt"
"Vorarlberg","2018-04-01",386212,4,2018,"Übergang"
"Vorarlberg","2018-05-01",411051,5,2018,"Sommer_Neben"
"Vorarlberg","2018-06-01",532391,6,2018,"Sommer_Neben"
"Vorarlberg","2018-07-01",918773,7,2018,"Sommer_Haupt"
"Vorarlberg","2018-08-01",1043923,8,2018,"Sommer_Haupt"
"Vorarlberg","2018-09-01",654042,9,2018,"Sommer_Neben"
"Vorarlberg","2018-10-01",462971,10,2018,"Übergang"
"Vorarlberg","2018-11-01",174078,11,2018,"Übergang"
"Vorarlberg","2018-12-01",685618,12,2018,"Winter_Haupt"
"Vorarlberg","2019-01-01",1155276,1,2019,"Winter_Haupt"
"Vorarlberg","2019-02-01",1376165,2,2019,"Winter_Haupt"
"Vorarlberg","2019-03-01",1195637,3,2019,"Winter_Haupt"
"Vorarlberg","2019-04-01",434904,4,2019,"Übergang"
"Vorarlberg","2019-05-01",294876,5,2019,"Sommer_Neben"
"Vorarlberg","2019-06-01",635291,6,2019,"Sommer_Neben"
"Vorarlberg","2019-07-01",1021854,7,2019,"Sommer_Haupt"
"Vorarlberg","2019-08-01",1085885,8,2019,"Sommer_Haupt"
"Vorarlberg","2019-09-01",656910,9,2019,"Sommer_Neben"
"Vorarlberg","2019-10-01",476799,10,2019,"Übergang"
"Vorarlberg","2019-11-01",166069,11,2019,"Übergang"
"Vorarlberg","2019-12-01",722120,12,2019,"Winter_Haupt"
"Vorarlberg","2020-01-01",1194496,1,2020,"Winter_Haupt"
"Vorarlberg","2020-02-01",1511130,2,2020,"Winter_Haupt"
"Vorarlberg","2020-03-01",484382,3,2020,"Winter_Haupt"
"Vorarlberg","2020-04-01",8023,4,2020,"Übergang"
"Vorarlberg","2020-05-01",27596,5,2020,"Sommer_Neben"
"Vorarlberg","2020-06-01",258220,6,2020,"Sommer_Neben"
"Vorarlberg","2020-07-01",918932,7,2020,"Sommer_Haupt"
"Vorarlberg","2020-08-01",1085592,8,2020,"Sommer_Haupt"
"Vorarlberg","2020-09-01",645467,9,2020,"Sommer_Neben"
"Vorarlberg","2020-10-01",223498,10,2020,"Übergang"
"Vorarlberg","2020-11-01",31019,11,2020,"Übergang"
"Vorarlberg","2020-12-01",16162,12,2020,"Winter_Haupt"
"Vorarlberg","2021-01-01",16288,1,2021,"Winter_Haupt"
"Vorarlberg","2021-02-01",22871,2,2021,"Winter_Haupt"
"Vorarlberg","2021-03-01",32183,3,2021,"Winter_Haupt"
"Vorarlberg","2021-04-01",31805,4,2021,"Übergang"
"Vorarlberg","2021-05-01",147514,5,2021,"Sommer_Neben"
"Vorarlberg","2021-06-01",370160,6,2021,"Sommer_Neben"
"Vorarlberg","2021-07-01",861264,7,2021,"Sommer_Haupt"
"Vorarlberg","2021-08-01",1256739,8,2021,"Sommer_Haupt"
"Vorarlberg","2021-09-01",733898,9,2021,"Sommer_Neben"
"Vorarlberg","2021-10-01",497202,10,2021,"Übergang"
"Vorarlberg","2021-11-01",135091,11,2021,"Übergang"
"Vorarlberg","2021-12-01",480939,12,2021,"Winter_Haupt"
"Vorarlberg","2022-01-01",875076,1,2022,"Winter_Haupt"
"Vorarlberg","2022-02-01",1112405,2,2022,"Winter_Haupt"
"Vorarlberg","2022-03-01",997543,3,2022,"Winter_Haupt"
"Vorarlberg","2022-04-01",455729,4,2022,"Übergang"
"Vorarlberg","2022-05-01",331269,5,2022,"Sommer_Neben"
"Vorarlberg","2022-06-01",642975,6,2022,"Sommer_Neben"
"Vorarlberg","2022-07-01",936488,7,2022,"Sommer_Haupt"
"Vorarlberg","2022-08-01",1172876,8,2022,"Sommer_Haupt"
"Vorarlberg","2022-09-01",691030,9,2022,"Sommer_Neben"
"Vorarlberg","2022-10-01",494439,10,2022,"Übergang"
"Vorarlberg","2022-11-01",174300,11,2022,"Übergang"
"Vorarlberg","2022-12-01",653188,12,2022,"Winter_Haupt"
"Vorarlberg","2023-01-01",1125760,1,2023,"Winter_Haupt"
"Vorarlberg","2023-02-01",1388908,2,2023,"Winter_Haupt"
"Vorarlberg","2023-03-01",980293,3,2023,"Winter_Haupt"
"Vorarlberg","2023-04-01",475964,4,2023,"Übergang"
"Vorarlberg","2023-05-01",403668,5,2023,"Sommer_Neben"
"Vorarlberg","2023-06-01",658720,6,2023,"Sommer_Neben"
"Vorarlberg","2023-07-01",987244,7,2023,"Sommer_Haupt"
"Vorarlberg","2023-08-01",1157092,8,2023,"Sommer_Haupt"
"Vorarlberg","2023-09-01",737816,9,2023,"Sommer_Neben"
"Vorarlberg","2023-10-01",518007,10,2023,"Übergang"
"Vorarlberg","2023-11-01",174578,11,2023,"Übergang"
"Vorarlberg","2023-12-01",677226,12,2023,"Winter_Haupt"
"Vorarlberg","2024-01-01",1201927,1,2024,"Winter_Haupt"
"Vorarlberg","2024-02-01",1472415,2,2024,"Winter_Haupt"
"Vorarlberg","2024-03-01",1100308,3,2024,"Winter_Haupt"
"Vorarlberg","2024-04-01",304735,4,2024,"Übergang"
"Vorarlberg","2024-05-01",486467,5,2024,"Sommer_Neben"
"Vorarlberg","2024-06-01",572033,6,2024,"Sommer_Neben"
"Vorarlberg","2024-07-01",984785,7,2024,"Sommer_Haupt"
"Vorarlberg","2024-08-01",1212911,8,2024,"Sommer_Haupt"
"Vorarlberg","2024-09-01",658365,9,2024,"Sommer_Neben"
"Vorarlberg","2024-10-01",547981,10,2024,"Übergang"
"Vorarlberg","2024-11-01",188699,11,2024,"Übergang"
"Vorarlberg","2024-12-01",767055,12,2024,"Winter_Haupt"
"Wien","1974-01-01",166690,1,1974,"Winter_Haupt"
"Wien","1974-02-01",161893,2,1974,"Winter_Haupt"
"Wien","1974-03-01",225065,3,1974,"Winter_Haupt"
"Wien","1974-04-01",339544,4,1974,"Übergang"
"Wien","1974-05-01",393827,5,1974,"Sommer_Neben"
"Wien","1974-06-01",412228,6,1974,"Sommer_Neben"
"Wien","1974-07-01",469391,7,1974,"Sommer_Haupt"
"Wien","1974-08-01",535516,8,1974,"Sommer_Haupt"
"Wien","1974-09-01",508577,9,1974,"Sommer_Neben"
"Wien","1974-10-01",357103,10,1974,"Übergang"
"Wien","1974-11-01",201815,11,1974,"Übergang"
"Wien","1974-12-01",169156,12,1974,"Winter_Haupt"
"Wien","1975-01-01",149164,1,1975,"Winter_Haupt"
"Wien","1975-02-01",149177,2,1975,"Winter_Haupt"
"Wien","1975-03-01",260031,3,1975,"Winter_Haupt"
"Wien","1975-04-01",276349,4,1975,"Übergang"
"Wien","1975-05-01",416654,5,1975,"Sommer_Neben"
"Wien","1975-06-01",386819,6,1975,"Sommer_Neben"
"Wien","1975-07-01",511666,7,1975,"Sommer_Haupt"
"Wien","1975-08-01",486504,8,1975,"Sommer_Haupt"
"Wien","1975-09-01",505417,9,1975,"Sommer_Neben"
"Wien","1975-10-01",399088,10,1975,"Übergang"
"Wien","1975-11-01",236279,11,1975,"Übergang"
"Wien","1975-12-01",188893,12,1975,"Winter_Haupt"
"Wien","1976-01-01",162780,1,1976,"Winter_Haupt"
"Wien","1976-02-01",140810,2,1976,"Winter_Haupt"
"Wien","1976-03-01",246783,3,1976,"Winter_Haupt"
"Wien","1976-04-01",337877,4,1976,"Übergang"
"Wien","1976-05-01",434153,5,1976,"Sommer_Neben"
"Wien","1976-06-01",436904,6,1976,"Sommer_Neben"
"Wien","1976-07-01",510298,7,1976,"Sommer_Haupt"
"Wien","1976-08-01",530634,8,1976,"Sommer_Haupt"
"Wien","1976-09-01",526540,9,1976,"Sommer_Neben"
"Wien","1976-10-01",396388,10,1976,"Übergang"
"Wien","1976-11-01",229114,11,1976,"Übergang"
"Wien","1976-12-01",175615,12,1976,"Winter_Haupt"
"Wien","1977-01-01",155094,1,1977,"Winter_Haupt"
"Wien","1977-02-01",150187,2,1977,"Winter_Haupt"
"Wien","1977-03-01",242475,3,1977,"Winter_Haupt"
"Wien","1977-04-01",361845,4,1977,"Übergang"
"Wien","1977-05-01",469705,5,1977,"Sommer_Neben"
"Wien","1977-06-01",456317,6,1977,"Sommer_Neben"
"Wien","1977-07-01",539768,7,1977,"Sommer_Haupt"
"Wien","1977-08-01",536157,8,1977,"Sommer_Haupt"
"Wien","1977-09-01",535998,9,1977,"Sommer_Neben"
"Wien","1977-10-01",420601,10,1977,"Übergang"
"Wien","1977-11-01",225433,11,1977,"Übergang"
"Wien","1977-12-01",183561,12,1977,"Winter_Haupt"
"Wien","1978-01-01",161443,1,1978,"Winter_Haupt"
"Wien","1978-02-01",152700,2,1978,"Winter_Haupt"
"Wien","1978-03-01",286296,3,1978,"Winter_Haupt"
"Wien","1978-04-01",330565,4,1978,"Übergang"
"Wien","1978-05-01",482366,5,1978,"Sommer_Neben"
"Wien","1978-06-01",408833,6,1978,"Sommer_Neben"
"Wien","1978-07-01",527252,7,1978,"Sommer_Haupt"
"Wien","1978-08-01",556679,8,1978,"Sommer_Haupt"
"Wien","1978-09-01",546850,9,1978,"Sommer_Neben"
"Wien","1978-10-01",414540,10,1978,"Übergang"
"Wien","1978-11-01",241478,11,1978,"Übergang"
"Wien","1978-12-01",190782,12,1978,"Winter_Haupt"
"Wien","1979-01-01",156935,1,1979,"Winter_Haupt"
"Wien","1979-02-01",159430,2,1979,"Winter_Haupt"
"Wien","1979-03-01",233587,3,1979,"Winter_Haupt"
"Wien","1979-04-01",372264,4,1979,"Übergang"
"Wien","1979-05-01",433001,5,1979,"Sommer_Neben"
"Wien","1979-06-01",427211,6,1979,"Sommer_Neben"
"Wien","1979-07-01",523409,7,1979,"Sommer_Haupt"
"Wien","1979-08-01",604418,8,1979,"Sommer_Haupt"
"Wien","1979-09-01",560185,9,1979,"Sommer_Neben"
"Wien","1979-10-01",438462,10,1979,"Übergang"
"Wien","1979-11-01",266253,11,1979,"Übergang"
"Wien","1979-12-01",205641,12,1979,"Winter_Haupt"
"Wien","1980-01-01",170291,1,1980,"Winter_Haupt"
"Wien","1980-02-01",173345,2,1980,"Winter_Haupt"
"Wien","1980-03-01",245777,3,1980,"Winter_Haupt"
"Wien","1980-04-01",362951,4,1980,"Übergang"
"Wien","1980-05-01",467613,5,1980,"Sommer_Neben"
"Wien","1980-06-01",448767,6,1980,"Sommer_Neben"
"Wien","1980-07-01",548882,7,1980,"Sommer_Haupt"
"Wien","1980-08-01",650024,8,1980,"Sommer_Haupt"
"Wien","1980-09-01",607605,9,1980,"Sommer_Neben"
"Wien","1980-10-01",453855,10,1980,"Übergang"
"Wien","1980-11-01",241456,11,1980,"Übergang"
"Wien","1980-12-01",208052,12,1980,"Winter_Haupt"
"Wien","1981-01-01",183132,1,1981,"Winter_Haupt"
"Wien","1981-02-01",171180,2,1981,"Winter_Haupt"
"Wien","1981-03-01",249890,3,1981,"Winter_Haupt"
"Wien","1981-04-01",401708,4,1981,"Übergang"
"Wien","1981-05-01",506864,5,1981,"Sommer_Neben"
"Wien","1981-06-01",488014,6,1981,"Sommer_Neben"
"Wien","1981-07-01",528773,7,1981,"Sommer_Haupt"
"Wien","1981-08-01",628579,8,1981,"Sommer_Haupt"
"Wien","1981-09-01",596216,9,1981,"Sommer_Neben"
"Wien","1981-10-01",446831,10,1981,"Übergang"
"Wien","1981-11-01",259408,11,1981,"Übergang"
"Wien","1981-12-01",218323,12,1981,"Winter_Haupt"
"Wien","1982-01-01",170172,1,1982,"Winter_Haupt"
"Wien","1982-02-01",168928,2,1982,"Winter_Haupt"
"Wien","1982-03-01",255755,3,1982,"Winter_Haupt"
"Wien","1982-04-01",387415,4,1982,"Übergang"
"Wien","1982-05-01",474678,5,1982,"Sommer_Neben"
"Wien","1982-06-01",453546,6,1982,"Sommer_Neben"
"Wien","1982-07-01",540979,7,1982,"Sommer_Haupt"
"Wien","1982-08-01",648965,8,1982,"Sommer_Haupt"
"Wien","1982-09-01",587599,9,1982,"Sommer_Neben"
"Wien","1982-10-01",457984,10,1982,"Übergang"
"Wien","1982-11-01",234601,11,1982,"Übergang"
"Wien","1982-12-01",213655,12,1982,"Winter_Haupt"
"Wien","1983-01-01",166815,1,1983,"Winter_Haupt"
"Wien","1983-02-01",161368,2,1983,"Winter_Haupt"
"Wien","1983-03-01",274026,3,1983,"Winter_Haupt"
"Wien","1983-04-01",395069,4,1983,"Übergang"
"Wien","1983-05-01",522015,5,1983,"Sommer_Neben"
"Wien","1983-06-01",461315,6,1983,"Sommer_Neben"
"Wien","1983-07-01",621983,7,1983,"Sommer_Haupt"
"Wien","1983-08-01",653151,8,1983,"Sommer_Haupt"
"Wien","1983-09-01",621204,9,1983,"Sommer_Neben"
"Wien","1983-10-01",456728,10,1983,"Übergang"
"Wien","1983-11-01",265021,11,1983,"Übergang"
"Wien","1983-12-01",226697,12,1983,"Winter_Haupt"
"Wien","1984-01-01",173104,1,1984,"Winter_Haupt"
"Wien","1984-02-01",170770,2,1984,"Winter_Haupt"
"Wien","1984-03-01",303157,3,1984,"Winter_Haupt"
"Wien","1984-04-01",465686,4,1984,"Übergang"
"Wien","1984-05-01",491974,5,1984,"Sommer_Neben"
"Wien","1984-06-01",536517,6,1984,"Sommer_Neben"
"Wien","1984-07-01",654363,7,1984,"Sommer_Haupt"
"Wien","1984-08-01",757815,8,1984,"Sommer_Haupt"
"Wien","1984-09-01",659797,9,1984,"Sommer_Neben"
"Wien","1984-10-01",486050,10,1984,"Übergang"
"Wien","1984-11-01",328794,11,1984,"Übergang"
"Wien","1984-12-01",262942,12,1984,"Winter_Haupt"
"Wien","1985-01-01",183497,1,1985,"Winter_Haupt"
"Wien","1985-02-01",179955,2,1985,"Winter_Haupt"
"Wien","1985-03-01",336310,3,1985,"Winter_Haupt"
"Wien","1985-04-01",484332,4,1985,"Übergang"
"Wien","1985-05-01",549779,5,1985,"Sommer_Neben"
"Wien","1985-06-01",575414,6,1985,"Sommer_Neben"
"Wien","1985-07-01",688325,7,1985,"Sommer_Haupt"
"Wien","1985-08-01",770659,8,1985,"Sommer_Haupt"
"Wien","1985-09-01",675636,9,1985,"Sommer_Neben"
"Wien","1985-10-01",511027,10,1985,"Übergang"
"Wien","1985-11-01",316281,11,1985,"Übergang"
"Wien","1985-12-01",264588,12,1985,"Winter_Haupt"
"Wien","1986-01-01",193938,1,1986,"Winter_Haupt"
"Wien","1986-02-01",184273,2,1986,"Winter_Haupt"
"Wien","1986-03-01",377718,3,1986,"Winter_Haupt"
"Wien","1986-04-01",471106,4,1986,"Übergang"
"Wien","1986-05-01",515830,5,1986,"Sommer_Neben"
"Wien","1986-06-01",458132,6,1986,"Sommer_Neben"
"Wien","1986-07-01",536171,7,1986,"Sommer_Haupt"
"Wien","1986-08-01",701257,8,1986,"Sommer_Haupt"
"Wien","1986-09-01",643712,9,1986,"Sommer_Neben"
"Wien","1986-10-01",525585,10,1986,"Übergang"
"Wien","1986-11-01",329132,11,1986,"Übergang"
"Wien","1986-12-01",302181,12,1986,"Winter_Haupt"
"Wien","1987-01-01",191789,1,1987,"Winter_Haupt"
"Wien","1987-02-01",194408,2,1987,"Winter_Haupt"
"Wien","1987-03-01",322275,3,1987,"Winter_Haupt"
"Wien","1987-04-01",527020,4,1987,"Übergang"
"Wien","1987-05-01",560720,5,1987,"Sommer_Neben"
"Wien","1987-06-01",580783,6,1987,"Sommer_Neben"
"Wien","1987-07-01",684448,7,1987,"Sommer_Haupt"
"Wien","1987-08-01",853529,8,1987,"Sommer_Haupt"
"Wien","1987-09-01",746887,9,1987,"Sommer_Neben"
"Wien","1987-10-01",561272,10,1987,"Übergang"
"Wien","1987-11-01",331340,11,1987,"Übergang"
"Wien","1987-12-01",323529,12,1987,"Winter_Haupt"
"Wien","1988-01-01",247843,1,1988,"Winter_Haupt"
"Wien","1988-02-01",230201,2,1988,"Winter_Haupt"
"Wien","1988-03-01",438085,3,1988,"Winter_Haupt"
"Wien","1988-04-01",561532,4,1988,"Übergang"
"Wien","1988-05-01",576941,5,1988,"Sommer_Neben"
"Wien","1988-06-01",570632,6,1988,"Sommer_Neben"
"Wien","1988-07-01",688352,7,1988,"Sommer_Haupt"
"Wien","1988-08-01",856113,8,1988,"Sommer_Haupt"
"Wien","1988-09-01",746951,9,1988,"Sommer_Neben"
"Wien","1988-10-01",634667,10,1988,"Übergang"
"Wien","1988-11-01",382031,11,1988,"Übergang"
"Wien","1988-12-01",357516,12,1988,"Winter_Haupt"
"Wien","1989-01-01",257865,1,1989,"Winter_Haupt"
"Wien","1989-02-01",261989,2,1989,"Winter_Haupt"
"Wien","1989-03-01",491357,3,1989,"Winter_Haupt"
"Wien","1989-04-01",605264,4,1989,"Übergang"
"Wien","1989-05-01",664931,5,1989,"Sommer_Neben"
"Wien","1989-06-01",613343,6,1989,"Sommer_Neben"
"Wien","1989-07-01",699788,7,1989,"Sommer_Haupt"
"Wien","1989-08-01",926766,8,1989,"Sommer_Haupt"
"Wien","1989-09-01",772479,9,1989,"Sommer_Neben"
"Wien","1989-10-01",632836,10,1989,"Übergang"
"Wien","1989-11-01",419033,11,1989,"Übergang"
"Wien","1989-12-01",405429,12,1989,"Winter_Haupt"
"Wien","1990-01-01",296688,1,1990,"Winter_Haupt"
"Wien","1990-02-01",292640,2,1990,"Winter_Haupt"
"Wien","1990-03-01",472446,3,1990,"Winter_Haupt"
"Wien","1990-04-01",682122,4,1990,"Übergang"
"Wien","1990-05-01",682973,5,1990,"Sommer_Neben"
"Wien","1990-06-01",684117,6,1990,"Sommer_Neben"
"Wien","1990-07-01",772705,7,1990,"Sommer_Haupt"
"Wien","1990-08-01",1024079,8,1990,"Sommer_Haupt"
"Wien","1990-09-01",854293,9,1990,"Sommer_Neben"
"Wien","1990-10-01",671389,10,1990,"Übergang"
"Wien","1990-11-01",470010,11,1990,"Übergang"
"Wien","1990-12-01",391327,12,1990,"Winter_Haupt"
"Wien","1991-01-01",273184,1,1991,"Winter_Haupt"
"Wien","1991-02-01",223998,2,1991,"Winter_Haupt"
"Wien","1991-03-01",418994,3,1991,"Winter_Haupt"
"Wien","1991-04-01",516021,4,1991,"Übergang"
"Wien","1991-05-01",653036,5,1991,"Sommer_Neben"
"Wien","1991-06-01",603833,6,1991,"Sommer_Neben"
"Wien","1991-07-01",683132,7,1991,"Sommer_Haupt"
"Wien","1991-08-01",1003549,8,1991,"Sommer_Haupt"
"Wien","1991-09-01",810741,9,1991,"Sommer_Neben"
"Wien","1991-10-01",667471,10,1991,"Übergang"
"Wien","1991-11-01",440390,11,1991,"Übergang"
"Wien","1991-12-01",423707,12,1991,"Winter_Haupt"
"Wien","1992-01-01",288874,1,1992,"Winter_Haupt"
"Wien","1992-02-01",304332,2,1992,"Winter_Haupt"
"Wien","1992-03-01",490619,3,1992,"Winter_Haupt"
"Wien","1992-04-01",613925,4,1992,"Übergang"
"Wien","1992-05-01",691285,5,1992,"Sommer_Neben"
"Wien","1992-06-01",593893,6,1992,"Sommer_Neben"
"Wien","1992-07-01",735207,7,1992,"Sommer_Haupt"
"Wien","1992-08-01",923574,8,1992,"Sommer_Haupt"
"Wien","1992-09-01",784853,9,1992,"Sommer_Neben"
"Wien","1992-10-01",640254,10,1992,"Übergang"
"Wien","1992-11-01",402939,11,1992,"Übergang"
"Wien","1992-12-01",413086,12,1992,"Winter_Haupt"
"Wien","1993-01-01",297668,1,1993,"Winter_Haupt"
"Wien","1993-02-01",279609,2,1993,"Winter_Haupt"
"Wien","1993-03-01",454273,3,1993,"Winter_Haupt"
"Wien","1993-04-01",558484,4,1993,"Übergang"
"Wien","1993-05-01",656423,5,1993,"Sommer_Neben"
"Wien","1993-06-01",657766,6,1993,"Sommer_Neben"
"Wien","1993-07-01",675735,7,1993,"Sommer_Haupt"
"Wien","1993-08-01",792799,8,1993,"Sommer_Haupt"
"Wien","1993-09-01",752564,9,1993,"Sommer_Neben"
"Wien","1993-10-01",635545,10,1993,"Übergang"
"Wien","1993-11-01",392533,11,1993,"Übergang"
"Wien","1993-12-01",404648,12,1993,"Winter_Haupt"
"Wien","1994-01-01",294513,1,1994,"Winter_Haupt"
"Wien","1994-02-01",279447,2,1994,"Winter_Haupt"
"Wien","1994-03-01",470642,3,1994,"Winter_Haupt"
"Wien","1994-04-01",604528,4,1994,"Übergang"
"Wien","1994-05-01",679915,5,1994,"Sommer_Neben"
"Wien","1994-06-01",650539,6,1994,"Sommer_Neben"
"Wien","1994-07-01",718298,7,1994,"Sommer_Haupt"
"Wien","1994-08-01",829756,8,1994,"Sommer_Haupt"
"Wien","1994-09-01",784758,9,1994,"Sommer_Neben"
"Wien","1994-10-01",707046,10,1994,"Übergang"
"Wien","1994-11-01",413967,11,1994,"Übergang"
"Wien","1994-12-01",458162,12,1994,"Winter_Haupt"
"Wien","1995-01-01",314139,1,1995,"Winter_Haupt"
"Wien","1995-02-01",300349,2,1995,"Winter_Haupt"
"Wien","1995-03-01",515473,3,1995,"Winter_Haupt"
"Wien","1995-04-01",622157,4,1995,"Übergang"
"Wien","1995-05-01",705767,5,1995,"Sommer_Neben"
"Wien","1995-06-01",656040,6,1995,"Sommer_Neben"
"Wien","1995-07-01",680590,7,1995,"Sommer_Haupt"
"Wien","1995-08-01",795855,8,1995,"Sommer_Haupt"
"Wien","1995-09-01",787539,9,1995,"Sommer_Neben"
"Wien","1995-10-01",671354,10,1995,"Übergang"
"Wien","1995-11-01",433972,11,1995,"Übergang"
"Wien","1995-12-01",503269,12,1995,"Winter_Haupt"
"Wien","1996-01-01",308869,1,1996,"Winter_Haupt"
"Wien","1996-02-01",295732,2,1996,"Winter_Haupt"
"Wien","1996-03-01",500991,3,1996,"Winter_Haupt"
"Wien","1996-04-01",626364,4,1996,"Übergang"
"Wien","1996-05-01",753288,5,1996,"Sommer_Neben"
"Wien","1996-06-01",698762,6,1996,"Sommer_Neben"
"Wien","1996-07-01",754303,7,1996,"Sommer_Haupt"
"Wien","1996-08-01",882309,8,1996,"Sommer_Haupt"
"Wien","1996-09-01",805249,9,1996,"Sommer_Neben"
"Wien","1996-10-01",657712,10,1996,"Übergang"
"Wien","1996-11-01",476841,11,1996,"Übergang"
"Wien","1996-12-01",489219,12,1996,"Winter_Haupt"
"Wien","1997-01-01",306775,1,1997,"Winter_Haupt"
"Wien","1997-02-01",309154,2,1997,"Winter_Haupt"
"Wien","1997-03-01",527581,3,1997,"Winter_Haupt"
"Wien","1997-04-01",596173,4,1997,"Übergang"
"Wien","1997-05-01",735467,5,1997,"Sommer_Neben"
"Wien","1997-06-01",670261,6,1997,"Sommer_Neben"
"Wien","1997-07-01",685832,7,1997,"Sommer_Haupt"
"Wien","1997-08-01",855106,8,1997,"Sommer_Haupt"
"Wien","1997-09-01",808596,9,1997,"Sommer_Neben"
"Wien","1997-10-01",710664,10,1997,"Übergang"
"Wien","1997-11-01",467541,11,1997,"Übergang"
"Wien","1997-12-01",538990,12,1997,"Winter_Haupt"
"Wien","1998-01-01",344859,1,1998,"Winter_Haupt"
"Wien","1998-02-01",349696,2,1998,"Winter_Haupt"
"Wien","1998-03-01",516417,3,1998,"Winter_Haupt"
"Wien","1998-04-01",664532,4,1998,"Übergang"
"Wien","1998-05-01",768864,5,1998,"Sommer_Neben"
"Wien","1998-06-01",707643,6,1998,"Sommer_Neben"
"Wien","1998-07-01",778648,7,1998,"Sommer_Haupt"
"Wien","1998-08-01",932982,8,1998,"Sommer_Haupt"
"Wien","1998-09-01",839844,9,1998,"Sommer_Neben"
"Wien","1998-10-01",703252,10,1998,"Übergang"
"Wien","1998-11-01",514401,11,1998,"Übergang"
"Wien","1998-12-01",548278,12,1998,"Winter_Haupt"
"Wien","1999-01-01",360807,1,1999,"Winter_Haupt"
"Wien","1999-02-01",337914,2,1999,"Winter_Haupt"
"Wien","1999-03-01",563185,3,1999,"Winter_Haupt"
"Wien","1999-04-01",585115,4,1999,"Übergang"
"Wien","1999-05-01",755296,5,1999,"Sommer_Neben"
"Wien","1999-06-01",697027,6,1999,"Sommer_Neben"
"Wien","1999-07-01",730830,7,1999,"Sommer_Haupt"
"Wien","1999-08-01",908881,8,1999,"Sommer_Haupt"
"Wien","1999-09-01",826705,9,1999,"Sommer_Neben"
"Wien","1999-10-01",727158,10,1999,"Übergang"
"Wien","1999-11-01",522306,11,1999,"Übergang"
"Wien","1999-12-01",536134,12,1999,"Winter_Haupt"
"Wien","2000-01-01",362595,1,2000,"Winter_Haupt"
"Wien","2000-02-01",334313,2,2000,"Winter_Haupt"
"Wien","2000-03-01",553212,3,2000,"Winter_Haupt"
"Wien","2000-04-01",673331,4,2000,"Übergang"
"Wien","2000-05-01",744262,5,2000,"Sommer_Neben"
"Wien","2000-06-01",751017,6,2000,"Sommer_Neben"
"Wien","2000-07-01",764647,7,2000,"Sommer_Haupt"
"Wien","2000-08-01",894477,8,2000,"Sommer_Haupt"
"Wien","2000-09-01",816381,9,2000,"Sommer_Neben"
"Wien","2000-10-01",677144,10,2000,"Übergang"
"Wien","2000-11-01",514247,11,2000,"Übergang"
"Wien","2000-12-01",618705,12,2000,"Winter_Haupt"
"Wien","2001-01-01",375197,1,2001,"Winter_Haupt"
"Wien","2001-02-01",342884,2,2001,"Winter_Haupt"
"Wien","2001-03-01",574820,3,2001,"Winter_Haupt"
"Wien","2001-04-01",667945,4,2001,"Übergang"
"Wien","2001-05-01",760915,5,2001,"Sommer_Neben"
"Wien","2001-06-01",759501,6,2001,"Sommer_Neben"
"Wien","2001-07-01",771258,7,2001,"Sommer_Haupt"
"Wien","2001-08-01",907655,8,2001,"Sommer_Haupt"
"Wien","2001-09-01",771372,9,2001,"Sommer_Neben"
"Wien","2001-10-01",637123,10,2001,"Übergang"
"Wien","2001-11-01",509986,11,2001,"Übergang"
"Wien","2001-12-01",592927,12,2001,"Winter_Haupt"
"Wien","2002-01-01",352959,1,2002,"Winter_Haupt"
"Wien","2002-02-01",369396,2,2002,"Winter_Haupt"
"Wien","2002-03-01",626453,3,2002,"Winter_Haupt"
"Wien","2002-04-01",630818,4,2002,"Übergang"
"Wien","2002-05-01",774701,5,2002,"Sommer_Neben"
"Wien","2002-06-01",704606,6,2002,"Sommer_Neben"
"Wien","2002-07-01",755785,7,2002,"Sommer_Haupt"
"Wien","2002-08-01",830078,8,2002,"Sommer_Haupt"
"Wien","2002-09-01",729732,9,2002,"Sommer_Neben"
"Wien","2002-10-01",682836,10,2002,"Übergang"
"Wien","2002-11-01",527038,11,2002,"Übergang"
"Wien","2002-12-01",639524,12,2002,"Winter_Haupt"
"Wien","2003-01-01",372643,1,2003,"Winter_Haupt"
"Wien","2003-02-01",371742,2,2003,"Winter_Haupt"
"Wien","2003-03-01",579469,3,2003,"Winter_Haupt"
"Wien","2003-04-01",646098,4,2003,"Übergang"
"Wien","2003-05-01",755528,5,2003,"Sommer_Neben"
"Wien","2003-06-01",686771,6,2003,"Sommer_Neben"
"Wien","2003-07-01",736094,7,2003,"Sommer_Haupt"
"Wien","2003-08-01",901873,8,2003,"Sommer_Haupt"
"Wien","2003-09-01",825006,9,2003,"Sommer_Neben"
"Wien","2003-10-01",772641,10,2003,"Übergang"
"Wien","2003-11-01",591073,11,2003,"Übergang"
"Wien","2003-12-01",703257,12,2003,"Winter_Haupt"
"Wien","2004-01-01",421570,1,2004,"Winter_Haupt"
"Wien","2004-02-01",403530,2,2004,"Winter_Haupt"
"Wien","2004-03-01",627481,3,2004,"Winter_Haupt"
"Wien","2004-04-01",711398,4,2004,"Übergang"
"Wien","2004-05-01",816053,5,2004,"Sommer_Neben"
"Wien","2004-06-01",802864,6,2004,"Sommer_Neben"
"Wien","2004-07-01",838188,7,2004,"Sommer_Haupt"
"Wien","2004-08-01",924923,8,2004,"Sommer_Haupt"
"Wien","2004-09-01",836688,9,2004,"Sommer_Neben"
"Wien","2004-10-01",764482,10,2004,"Übergang"
"Wien","2004-11-01",590519,11,2004,"Übergang"
"Wien","2004-12-01",693846,12,2004,"Winter_Haupt"
"Wien","2005-01-01",453172,1,2005,"Winter_Haupt"
"Wien","2005-02-01",403471,2,2005,"Winter_Haupt"
"Wien","2005-03-01",661928,3,2005,"Winter_Haupt"
"Wien","2005-04-01",688908,4,2005,"Übergang"
"Wien","2005-05-01",845510,5,2005,"Sommer_Neben"
"Wien","2005-06-01",803565,6,2005,"Sommer_Neben"
"Wien","2005-07-01",861243,7,2005,"Sommer_Haupt"
"Wien","2005-08-01",972293,8,2005,"Sommer_Haupt"
"Wien","2005-09-01",882923,9,2005,"Sommer_Neben"
"Wien","2005-10-01",818063,10,2005,"Übergang"
"Wien","2005-11-01",608496,11,2005,"Übergang"
"Wien","2005-12-01",758477,12,2005,"Winter_Haupt"
"Wien","2006-01-01",491168,1,2006,"Winter_Haupt"
"Wien","2006-02-01",448594,2,2006,"Winter_Haupt"
"Wien","2006-03-01",682960,3,2006,"Winter_Haupt"
"Wien","2006-04-01",827991,4,2006,"Übergang"
"Wien","2006-05-01",888162,5,2006,"Sommer_Neben"
"Wien","2006-06-01",863309,6,2006,"Sommer_Neben"
"Wien","2006-07-01",923333,7,2006,"Sommer_Haupt"
"Wien","2006-08-01",1008673,8,2006,"Sommer_Haupt"
"Wien","2006-09-01",903421,9,2006,"Sommer_Neben"
"Wien","2006-10-01",858795,10,2006,"Übergang"
"Wien","2006-11-01",636238,11,2006,"Übergang"
"Wien","2006-12-01",816361,12,2006,"Winter_Haupt"
"Wien","2007-01-01",483278,1,2007,"Winter_Haupt"
"Wien","2007-02-01",449831,2,2007,"Winter_Haupt"
"Wien","2007-03-01",701639,3,2007,"Winter_Haupt"
"Wien","2007-04-01",822413,4,2007,"Übergang"
"Wien","2007-05-01",890612,5,2007,"Sommer_Neben"
"Wien","2007-06-01",854395,6,2007,"Sommer_Neben"
"Wien","2007-07-01",946468,7,2007,"Sommer_Haupt"
"Wien","2007-08-01",1075361,8,2007,"Sommer_Haupt"
"Wien","2007-09-01",947526,9,2007,"Sommer_Neben"
"Wien","2007-10-01",869739,10,2007,"Übergang"
"Wien","2007-11-01",732192,11,2007,"Übergang"
"Wien","2007-12-01",881727,12,2007,"Winter_Haupt"
"Wien","2008-01-01",561036,1,2008,"Winter_Haupt"
"Wien","2008-02-01",534942,2,2008,"Winter_Haupt"
"Wien","2008-03-01",794527,3,2008,"Winter_Haupt"
"Wien","2008-04-01",832907,4,2008,"Übergang"
"Wien","2008-05-01",1005666,5,2008,"Sommer_Neben"
"Wien","2008-06-01",868947,6,2008,"Sommer_Neben"
"Wien","2008-07-01",1015937,7,2008,"Sommer_Haupt"
"Wien","2008-08-01",1076915,8,2008,"Sommer_Haupt"
"Wien","2008-09-01",993154,9,2008,"Sommer_Neben"
"Wien","2008-10-01",932835,10,2008,"Übergang"
"Wien","2008-11-01",731932,11,2008,"Übergang"
"Wien","2008-12-01",883674,12,2008,"Winter_Haupt"
"Wien","2009-01-01",554673,1,2009,"Winter_Haupt"
"Wien","2009-02-01",484811,2,2009,"Winter_Haupt"
"Wien","2009-03-01",674367,3,2009,"Winter_Haupt"
"Wien","2009-04-01",806201,4,2009,"Übergang"
"Wien","2009-05-01",916499,5,2009,"Sommer_Neben"
"Wien","2009-06-01",837254,6,2009,"Sommer_Neben"
"Wien","2009-07-01",972890,7,2009,"Sommer_Haupt"
"Wien","2009-08-01",1071606,8,2009,"Sommer_Haupt"
"Wien","2009-09-01",965778,9,2009,"Sommer_Neben"
"Wien","2009-10-01",934417,10,2009,"Übergang"
"Wien","2009-11-01",708414,11,2009,"Übergang"
"Wien","2009-12-01",915917,12,2009,"Winter_Haupt"
"Wien","2010-01-01",602480,1,2010,"Winter_Haupt"
"Wien","2010-02-01",518817,2,2010,"Winter_Haupt"
"Wien","2010-03-01",838815,3,2010,"Winter_Haupt"
"Wien","2010-04-01",887866,4,2010,"Übergang"
"Wien","2010-05-01",1041328,5,2010,"Sommer_Neben"
"Wien","2010-06-01",934913,6,2010,"Sommer_Neben"
"Wien","2010-07-01",1126222,7,2010,"Sommer_Haupt"
"Wien","2010-08-01",1134627,8,2010,"Sommer_Haupt"
"Wien","2010-09-01",1062317,9,2010,"Sommer_Neben"
"Wien","2010-10-01",970249,10,2010,"Übergang"
"Wien","2010-11-01",817503,11,2010,"Übergang"
"Wien","2010-12-01",924989,12,2010,"Winter_Haupt"
"Wien","2011-01-01",605140,1,2011,"Winter_Haupt"
"Wien","2011-02-01",524523,2,2011,"Winter_Haupt"
"Wien","2011-03-01",867358,3,2011,"Winter_Haupt"
"Wien","2011-04-01",1009776,4,2011,"Übergang"
"Wien","2011-05-01",1046457,5,2011,"Sommer_Neben"
"Wien","2011-06-01",1025045,6,2011,"Sommer_Neben"
"Wien","2011-07-01",1147545,7,2011,"Sommer_Haupt"
"Wien","2011-08-01",1185314,8,2011,"Sommer_Haupt"
"Wien","2011-09-01",1116301,9,2011,"Sommer_Neben"
"Wien","2011-10-01",1011273,10,2011,"Übergang"
"Wien","2011-11-01",857925,11,2011,"Übergang"
"Wien","2011-12-01",1003389,12,2011,"Winter_Haupt"
"Wien","2012-01-01",675617,1,2012,"Winter_Haupt"
"Wien","2012-02-01",590900,2,2012,"Winter_Haupt"
"Wien","2012-03-01",881160,3,2012,"Winter_Haupt"
"Wien","2012-04-01",1119994,4,2012,"Übergang"
"Wien","2012-05-01",1122912,5,2012,"Sommer_Neben"
"Wien","2012-06-01",1113093,6,2012,"Sommer_Neben"
"Wien","2012-07-01",1210495,7,2012,"Sommer_Haupt"
"Wien","2012-08-01",1261248,8,2012,"Sommer_Haupt"
"Wien","2012-09-01",1203153,9,2012,"Sommer_Neben"
"Wien","2012-10-01",1094212,10,2012,"Übergang"
"Wien","2012-11-01",907824,11,2012,"Übergang"
"Wien","2012-12-01",1082220,12,2012,"Winter_Haupt"
"Wien","2013-01-01",674307,1,2013,"Winter_Haupt"
"Wien","2013-02-01",623643,2,2013,"Winter_Haupt"
"Wien","2013-03-01",960247,3,2013,"Winter_Haupt"
"Wien","2013-04-01",1043160,4,2013,"Übergang"
"Wien","2013-05-01",1241877,5,2013,"Sommer_Neben"
"Wien","2013-06-01",1131666,6,2013,"Sommer_Neben"
"Wien","2013-07-01",1191253,7,2013,"Sommer_Haupt"
"Wien","2013-08-01",1353089,8,2013,"Sommer_Haupt"
"Wien","2013-09-01",1186940,9,2013,"Sommer_Neben"
"Wien","2013-10-01",1188741,10,2013,"Übergang"
"Wien","2013-11-01",971630,11,2013,"Übergang"
"Wien","2013-12-01",1152736,12,2013,"Winter_Haupt"
"Wien","2014-01-01",742152,1,2014,"Winter_Haupt"
"Wien","2014-02-01",639986,2,2014,"Winter_Haupt"
"Wien","2014-03-01",937081,3,2014,"Winter_Haupt"
"Wien","2014-04-01",1197089,4,2014,"Übergang"
"Wien","2014-05-01",1278245,5,2014,"Sommer_Neben"
"Wien","2014-06-01",1210559,6,2014,"Sommer_Neben"
"Wien","2014-07-01",1279461,7,2014,"Sommer_Haupt"
"Wien","2014-08-01",1467798,8,2014,"Sommer_Haupt"
"Wien","2014-09-01",1251356,9,2014,"Sommer_Neben"
"Wien","2014-10-01",1241543,10,2014,"Übergang"
"Wien","2014-11-01",1014729,11,2014,"Übergang"
"Wien","2014-12-01",1264267,12,2014,"Winter_Haupt"
"Wien","2015-01-01",755762,1,2015,"Winter_Haupt"
"Wien","2015-02-01",706354,2,2015,"Winter_Haupt"
"Wien","2015-03-01",1006752,3,2015,"Winter_Haupt"
"Wien","2015-04-01",1219952,4,2015,"Übergang"
"Wien","2015-05-01",1308211,5,2015,"Sommer_Neben"
"Wien","2015-06-01",1335019,6,2015,"Sommer_Neben"
"Wien","2015-07-01",1434154,7,2015,"Sommer_Haupt"
"Wien","2015-08-01",1582715,8,2015,"Sommer_Haupt"
"Wien","2015-09-01",1367281,9,2015,"Sommer_Neben"
"Wien","2015-10-01",1252541,10,2015,"Übergang"
"Wien","2015-11-01",1076480,11,2015,"Übergang"
"Wien","2015-12-01",1283040,12,2015,"Winter_Haupt"
"Wien","2016-01-01",782562,1,2016,"Winter_Haupt"
"Wien","2016-02-01",761581,2,2016,"Winter_Haupt"
"Wien","2016-03-01",1146919,3,2016,"Winter_Haupt"
"Wien","2016-04-01",1224792,4,2016,"Übergang"
"Wien","2016-05-01",1401985,5,2016,"Sommer_Neben"
"Wien","2016-06-01",1328686,6,2016,"Sommer_Neben"
"Wien","2016-07-01",1489605,7,2016,"Sommer_Haupt"
"Wien","2016-08-01",1575108,8,2016,"Sommer_Haupt"
"Wien","2016-09-01",1387177,9,2016,"Sommer_Neben"
"Wien","2016-10-01",1353374,10,2016,"Übergang"
"Wien","2016-11-01",1135883,11,2016,"Übergang"
"Wien","2016-12-01",1374766,12,2016,"Winter_Haupt"
"Wien","2017-01-01",834846,1,2017,"Winter_Haupt"
"Wien","2017-02-01",788117,2,2017,"Winter_Haupt"
"Wien","2017-03-01",1077815,3,2017,"Winter_Haupt"
"Wien","2017-04-01",1404465,4,2017,"Übergang"
"Wien","2017-05-01",1402269,5,2017,"Sommer_Neben"
"Wien","2017-06-01",1429361,6,2017,"Sommer_Neben"
"Wien","2017-07-01",1530591,7,2017,"Sommer_Haupt"
"Wien","2017-08-01",1641337,8,2017,"Sommer_Haupt"
"Wien","2017-09-01",1445530,9,2017,"Sommer_Neben"
"Wien","2017-10-01",1403873,10,2017,"Übergang"
"Wien","2017-11-01",1147533,11,2017,"Übergang"
"Wien","2017-12-01",1406993,12,2017,"Winter_Haupt"
"Wien","2018-01-01",878991,1,2018,"Winter_Haupt"
"Wien","2018-02-01",854338,2,2018,"Winter_Haupt"
"Wien","2018-03-01",1172284,3,2018,"Winter_Haupt"
"Wien","2018-04-01",1389806,4,2018,"Übergang"
"Wien","2018-05-01",1468601,5,2018,"Sommer_Neben"
"Wien","2018-06-01",1459395,6,2018,"Sommer_Neben"
"Wien","2018-07-01",1580124,7,2018,"Sommer_Haupt"
"Wien","2018-08-01",1721066,8,2018,"Sommer_Haupt"
"Wien","2018-09-01",1466385,9,2018,"Sommer_Neben"
"Wien","2018-10-01",1510658,10,2018,"Übergang"
"Wien","2018-11-01",1352004,11,2018,"Übergang"
"Wien","2018-12-01",1629845,12,2018,"Winter_Haupt"
"Wien","2019-01-01",1011914,1,2019,"Winter_Haupt"
"Wien","2019-02-01",957951,2,2019,"Winter_Haupt"
"Wien","2019-03-01",1285059,3,2019,"Winter_Haupt"
"Wien","2019-04-01",1567748,4,2019,"Übergang"
"Wien","2019-05-01",1568883,5,2019,"Sommer_Neben"
"Wien","2019-06-01",1574916,6,2019,"Sommer_Neben"
"Wien","2019-07-01",1661177,7,2019,"Sommer_Haupt"
"Wien","2019-08-01",1818711,8,2019,"Sommer_Haupt"
"Wien","2019-09-01",1507048,9,2019,"Sommer_Neben"
"Wien","2019-10-01",1564072,10,2019,"Übergang"
"Wien","2019-11-01",1370293,11,2019,"Übergang"
"Wien","2019-12-01",1716801,12,2019,"Winter_Haupt"
"Wien","2020-01-01",1132878,1,2020,"Winter_Haupt"
"Wien","2020-02-01",1023716,2,2020,"Winter_Haupt"
"Wien","2020-03-01",377418,3,2020,"Winter_Haupt"
"Wien","2020-04-01",28970,4,2020,"Übergang"
"Wien","2020-05-01",41526,5,2020,"Sommer_Neben"
"Wien","2020-06-01",188633,6,2020,"Sommer_Neben"
"Wien","2020-07-01",461551,7,2020,"Sommer_Haupt"
"Wien","2020-08-01",537948,8,2020,"Sommer_Haupt"
"Wien","2020-09-01",381646,9,2020,"Sommer_Neben"
"Wien","2020-10-01",246646,10,2020,"Übergang"
"Wien","2020-11-01",92132,11,2020,"Übergang"
"Wien","2020-12-01",76381,12,2020,"Winter_Haupt"
"Wien","2021-01-01",58701,1,2021,"Winter_Haupt"
"Wien","2021-02-01",69692,2,2021,"Winter_Haupt"
"Wien","2021-03-01",89045,3,2021,"Winter_Haupt"
"Wien","2021-04-01",82333,4,2021,"Übergang"
"Wien","2021-05-01",153262,5,2021,"Sommer_Neben"
"Wien","2021-06-01",360939,6,2021,"Sommer_Neben"
"Wien","2021-07-01",601662,7,2021,"Sommer_Haupt"
"Wien","2021-08-01",922604,8,2021,"Sommer_Haupt"
"Wien","2021-09-01",859279,9,2021,"Sommer_Neben"
"Wien","2021-10-01",951849,10,2021,"Übergang"
"Wien","2021-11-01",548024,11,2021,"Übergang"
"Wien","2021-12-01",299356,12,2021,"Winter_Haupt"
"Wien","2022-01-01",312321,1,2022,"Winter_Haupt"
"Wien","2022-02-01",413801,2,2022,"Winter_Haupt"
"Wien","2022-03-01",702611,3,2022,"Winter_Haupt"
"Wien","2022-04-01",1054519,4,2022,"Übergang"
"Wien","2022-05-01",1216070,5,2022,"Sommer_Neben"
"Wien","2022-06-01",1286686,6,2022,"Sommer_Neben"
"Wien","2022-07-01",1414752,7,2022,"Sommer_Haupt"
"Wien","2022-08-01",1441262,8,2022,"Sommer_Haupt"
"Wien","2022-09-01",1318451,9,2022,"Sommer_Neben"
"Wien","2022-10-01",1346712,10,2022,"Übergang"
"Wien","2022-11-01",1160624,11,2022,"Übergang"
"Wien","2022-12-01",1536857,12,2022,"Winter_Haupt"
"Wien","2023-01-01",928771,1,2023,"Winter_Haupt"
"Wien","2023-02-01",887486,2,2023,"Winter_Haupt"
"Wien","2023-03-01",1144403,3,2023,"Winter_Haupt"
"Wien","2023-04-01",1525001,4,2023,"Übergang"
"Wien","2023-05-01",1492472,5,2023,"Sommer_Neben"
"Wien","2023-06-01",1527439,6,2023,"Sommer_Neben"
"Wien","2023-07-01",1728344,7,2023,"Sommer_Haupt"
"Wien","2023-08-01",1729027,8,2023,"Sommer_Haupt"
"Wien","2023-09-01",1593230,9,2023,"Sommer_Neben"
"Wien","2023-10-01",1539289,10,2023,"Übergang"
"Wien","2023-11-01",1370555,11,2023,"Übergang"
"Wien","2023-12-01",1795109,12,2023,"Winter_Haupt"
"Wien","2024-01-01",998372,1,2024,"Winter_Haupt"
"Wien","2024-02-01",1019700,2,2024,"Winter_Haupt"
"Wien","2024-03-01",1354033,3,2024,"Winter_Haupt"
"Wien","2024-04-01",1540597,4,2024,"Übergang"
"Wien","2024-05-01",1724377,5,2024,"Sommer_Neben"
"Wien","2024-06-01",1653762,6,2024,"Sommer_Neben"
"Wien","2024-07-01",1815777,7,2024,"Sommer_Haupt"
"Wien","2024-08-01",1946487,8,2024,"Sommer_Haupt"
"Wien","2024-09-01",1562091,9,2024,"Sommer_Neben"
"Wien","2024-10-01",1699489,10,2024,"Übergang"
"Wien","2024-11-01",1547399,11,2024,"Übergang"
"Wien","2024-12-01",2002880,12,2024,"Winter_Haupt"
