"bundesland","Datum_str","Mean(t2m_celsius)"
"Wien","1974-01-01",1.832584448924753
"Wien","1974-02-01",4.298040372023831
"Wien","1974-03-01",7.732421155914006
"Wien","1974-04-01",9.785850555555573
"Wien","1974-05-01",13.753306155913993
"Wien","1974-06-01",15.974717027777821
"Wien","1974-07-01",18.51815860215054
"Wien","1974-08-01",20.99050108870968
"Wien","1974-09-01",15.256856486111142
"Wien","1974-10-01",6.834231155913996
"Wien","1974-11-01",4.3215596527777995
"Wien","1974-12-01",4.605766680107547
"Wien","1975-01-01",2.9402712903226043
"Wien","1975-02-01",0.4274579166666898
"Wien","1975-03-01",5.655116115591423
"Wien","1975-04-01",8.988039458333368
"Wien","1975-05-01",15.580304986559165
"Wien","1975-06-01",16.80441997222222
"Wien","1975-07-01",19.609449502688175
"Wien","1975-08-01",19.494749448924775
"Wien","1975-09-01",18.12326223611115
"Wien","1975-10-01",9.520570685483897
"Wien","1975-11-01",3.153343555555582
"Wien","1975-12-01",0.3989371505376567
"Wien","1976-01-01",1.840194811827985
"Wien","1976-02-01",-0.008868002873541376
"Wien","1976-03-01",2.4091689650537873
"Wien","1976-04-01",9.940251361111137
"Wien","1976-05-01",15.18880689516131
"Wien","1976-06-01",19.169432375
"Wien","1976-07-01",21.272118575268877
"Wien","1976-08-01",17.05059654569892
"Wien","1976-09-01",13.656825638888902
"Wien","1976-10-01",10.50013501344089
"Wien","1976-11-01",5.974771430555587
"Wien","1976-12-01",0.36109805107529214
"Wien","1977-01-01",-0.665498293010731
"Wien","1977-02-01",3.1331226339285956
"Wien","1977-03-01",7.7694082258064805
"Wien","1977-04-01",8.258314291666686
"Wien","1977-05-01",14.512751317204334
"Wien","1977-06-01",18.851586458333355
"Wien","1977-07-01",19.594937526881758
"Wien","1977-08-01",18.109390793010775
"Wien","1977-09-01",13.806121041666685
"Wien","1977-10-01",10.362049663978528
"Wien","1977-11-01",5.8540257361111365
"Wien","1977-12-01",0.4090238306451836
"Wien","1978-01-01",0.7376123924731406
"Wien","1978-02-01",-1.2437974702380725
"Wien","1978-03-01",6.159836169354859
"Wien","1978-04-01",8.191188541666685
"Wien","1978-05-01",12.797410873655942
"Wien","1978-06-01",16.825711416666696
"Wien","1978-07-01",18.01353958333335
"Wien","1978-08-01",18.163341451612943
"Wien","1978-09-01",15.119746083333352
"Wien","1978-10-01",10.161024677419377
"Wien","1978-11-01",1.5569691527777996
"Wien","1978-12-01",0.787370591397872
"Wien","1979-01-01",-3.994794126344059
"Wien","1979-02-01",0.7549526339285938
"Wien","1979-03-01",6.084006075268834
"Wien","1979-04-01",8.165290361111133
"Wien","1979-05-01",14.932226250000012
"Wien","1979-06-01",19.522543041666687
"Wien","1979-07-01",17.24607192204303
"Wien","1979-08-01",17.921918911290355
"Wien","1979-09-01",15.101268041666676
"Wien","1979-10-01",8.048104986559167
"Wien","1979-11-01",4.688455680555582
"Wien","1979-12-01",4.422357607526897
"Wien","1980-01-01",-3.988953696236533
"Wien","1980-02-01",1.8223109339080712
"Wien","1980-03-01",4.002188440860238
"Wien","1980-04-01",7.088623263888914
"Wien","1980-05-01",11.8607015994624
"Wien","1980-06-01",17.336211097222236
"Wien","1980-07-01",18.052117069892503
"Wien","1980-08-01",19.215436922043022
"Wien","1980-09-01",14.640872583333357
"Wien","1980-10-01",9.246461989247331
"Wien","1980-11-01",2.658317777777799
"Wien","1980-12-01",0.42920770161292776
"Wien","1981-01-01",-1.1916423118279351
"Wien","1981-02-01",1.3338427083333555
"Wien","1981-03-01",8.28361448924734
"Wien","1981-04-01",9.466106847222239
"Wien","1981-05-01",15.549716061827981
"Wien","1981-06-01",19.44470983333338
"Wien","1981-07-01",19.539981854838715
"Wien","1981-08-01",20.09377108870972
"Wien","1981-09-01",15.86191405555557
"Wien","1981-10-01",10.479390094086051
"Wien","1981-11-01",5.270204875000019
"Wien","1981-12-01",-1.1511792204300872
"Wien","1982-01-01",-4.749901290322557
"Wien","1982-02-01",-1.282887559523787
"Wien","1982-03-01",5.67769674731185
"Wien","1982-04-01",8.00911516666668
"Wien","1982-05-01",15.114574744623676
"Wien","1982-06-01",19.01646868055561
"Wien","1982-07-01",20.81742572580649
"Wien","1982-08-01",20.229188037634458
"Wien","1982-09-01",18.539314847222247
"Wien","1982-10-01",10.792012352150566
"Wien","1982-11-01",5.141371763888913
"Wien","1982-12-01",2.195609005376369
"Wien","1983-01-01",4.395643978494646
"Wien","1983-02-01",-1.77509944940474
"Wien","1983-03-01",6.410401290322608
"Wien","1983-04-01",11.567274763888914
"Wien","1983-05-01",15.739737029569914
"Wien","1983-06-01",18.280634680555586
"Wien","1983-07-01",22.877666411290324
"Wien","1983-08-01",20.81388740591399
"Wien","1983-09-01",16.081962083333373
"Wien","1983-10-01",10.371736559139794
"Wien","1983-11-01",2.048495347222244
"Wien","1983-12-01",0.10124901881722934
"Wien","1984-01-01",0.7276187634408842
"Wien","1984-02-01",0.3323913936781839
"Wien","1984-03-01",3.6377430510752884
"Wien","1984-04-01",8.635129833333352
"Wien","1984-05-01",13.709704744623679
"Wien","1984-06-01",17.193692416666703
"Wien","1984-07-01",18.53828477150539
"Wien","1984-08-01",19.049085591397876
"Wien","1984-09-01",14.857415402777784
"Wien","1984-10-01",11.102424139784972
"Wien","1984-11-01",5.0604275138889125
"Wien","1984-12-01",-0.1800913978494398
"Wien","1985-01-01",-7.231425295698901
"Wien","1985-02-01",-2.62225769345236
"Wien","1985-03-01",3.392849905914002
"Wien","1985-04-01",10.057570111111126
"Wien","1985-05-01",15.904877069892475
"Wien","1985-06-01",16.149496319444488
"Wien","1985-07-01",20.816051733870975
"Wien","1985-08-01",19.50780543010756
"Wien","1985-09-01",16.010678819444465
"Wien","1985-10-01",9.455241303763453
"Wien","1985-11-01",1.5486332777777985
"Wien","1985-12-01",2.7477020967742125
"Wien","1986-01-01",0.10100034946238767
"Wien","1986-02-01",-5.816443288690459
"Wien","1986-03-01",3.107738427419376
"Wien","1986-04-01",11.355154888888903
"Wien","1986-05-01",17.459495510752717
"Wien","1986-06-01",17.89884837500001
"Wien","1986-07-01",19.27316806451614
"Wien","1986-08-01",20.205702661290335
"Wien","1986-09-01",14.76596375000001
"Wien","1986-10-01",10.456398682795736
"Wien","1986-11-01",4.848329736111134
"Wien","1986-12-01",0.08333471774195915
"Wien","1987-01-01",-5.184424368279549
"Wien","1987-02-01",-0.1168298511904551
"Wien","1987-03-01",-1.1907467741935234
"Wien","1987-04-01",10.27347147222225
"Wien","1987-05-01",12.82718579301078
"Wien","1987-06-01",17.463146722222223
"Wien","1987-07-01",20.657741088709667
"Wien","1987-08-01",17.880387849462412
"Wien","1987-09-01",17.904024541666693
"Wien","1987-10-01",11.062941155914004
"Wien","1987-11-01",5.033296347222241
"Wien","1987-12-01",2.062526384408625
"Wien","1988-01-01",1.9861842607527125
"Wien","1988-02-01",2.644780919540253
"Wien","1988-03-01",3.3365800537634622
"Wien","1988-04-01",9.725834763888898
"Wien","1988-05-01",15.862176935483893
"Wien","1988-06-01",17.499982375000027
"Wien","1988-07-01",20.83755361559144
"Wien","1988-08-01",20.14966686827956
"Wien","1988-09-01",15.226721736111125
"Wien","1988-10-01",10.067962473118298
"Wien","1988-11-01",1.077699875000023
"Wien","1988-12-01",2.768884220430132
"Wien","1989-01-01",0.5921405779570124
"Wien","1989-02-01",4.0508845238095414
"Wien","1989-03-01",8.076612930107549
"Wien","1989-04-01",10.66400529166668
"Wien","1989-05-01",14.592775497311854
"Wien","1989-06-01",16.41447194444447
"Wien","1989-07-01",20.70247391129035
"Wien","1989-08-01",19.70545008064515
"Wien","1989-09-01",15.618923152777807
"Wien","1989-10-01",10.928381706989272
"Wien","1989-11-01",2.6073461388889205
"Wien","1989-12-01",1.0025380107527093
"Wien","1990-01-01",-0.22013737903223757
"Wien","1990-02-01",5.009585014880977
"Wien","1990-03-01",8.7571737903226
"Wien","1990-04-01",8.939296666666692
"Wien","1990-05-01",16.034830107526897
"Wien","1990-06-01",17.59275894444444
"Wien","1990-07-01",19.306537056451635
"Wien","1990-08-01",20.96811673387096
"Wien","1990-09-01",13.325386166666691
"Wien","1990-10-01",10.193119032258089
"Wien","1990-11-01",5.540541027777801
"Wien","1990-12-01",-0.09513153225804093
"Wien","1991-01-01",0.11659697580647173
"Wien","1991-02-01",-3.3405845833333108
"Wien","1991-03-01",6.4881210887097
"Wien","1991-04-01",8.374028930555562
"Wien","1991-05-01",11.066424905914
"Wien","1991-06-01",16.901728250000023
"Wien","1991-07-01",21.026036250000008
"Wien","1991-08-01",19.610794099462417
"Wien","1991-09-01",16.56703136111111
"Wien","1991-10-01",8.808469112903264
"Wien","1991-11-01",4.209540152777791
"Wien","1991-12-01",-0.9454740188171853
"Wien","1992-01-01",1.6754886962365827
"Wien","1992-02-01",3.3391380028735878
"Wien","1992-03-01",5.476947809139811
"Wien","1992-04-01",9.659766638888915
"Wien","1992-05-01",15.337556075268857
"Wien","1992-06-01",18.70314833333335
"Wien","1992-07-01",21.484759005376354
"Wien","1992-08-01",24.391498870967744
"Wien","1992-09-01",15.950560097222258
"Wien","1992-10-01",8.554576572580672
"Wien","1992-11-01",4.916729319444458
"Wien","1992-12-01",-0.321627002688152
"Wien","1993-01-01",1.0812161290322801
"Wien","1993-02-01",-2.094759479166644
"Wien","1993-03-01",3.378407594086044
"Wien","1993-04-01",10.38738066666669
"Wien","1993-05-01",17.073207069892497
"Wien","1993-06-01",17.992348430555587
"Wien","1993-07-01",18.667349489247304
"Wien","1993-08-01",19.473167795698924
"Wien","1993-09-01",14.760270055555589
"Wien","1993-10-01",10.286336693548416
"Wien","1993-11-01",1.055190861111136
"Wien","1993-12-01",2.2393801612903457
"Wien","1994-01-01",3.644007553763463
"Wien","1994-02-01",0.9572761607143098
"Wien","1994-03-01",8.21653782258067
"Wien","1994-04-01",9.79527658333335
"Wien","1994-05-01",14.47282491935487
"Wien","1994-06-01",18.47124484722223
"Wien","1994-07-01",22.864442970430133
"Wien","1994-08-01",21.507109448924734
"Wien","1994-09-01",16.9355511666667
"Wien","1994-10-01",8.093523978494643
"Wien","1994-11-01",6.813118111111136
"Wien","1994-12-01",1.5800618279570149
"Wien","1995-01-01",0.0289515322580878
"Wien","1995-02-01",5.286053422619073
"Wien","1995-03-01",4.354195887096795
"Wien","1995-04-01",10.486653708333353
"Wien","1995-05-01",14.423199879032284
"Wien","1995-06-01",16.821495611111143
"Wien","1995-07-01",22.69234399193549
"Wien","1995-08-01",19.162333400537662
"Wien","1995-09-01",14.063889722222243
"Wien","1995-10-01",11.323907473118298
"Wien","1995-11-01",1.9845447083333567
"Wien","1995-12-01",-0.7300142741935249
"Wien","1996-01-01",-3.5342478494623477
"Wien","1996-02-01",-3.75431627873561
"Wien","1996-03-01",1.6779261559140006
"Wien","1996-04-01",9.439538597222253
"Wien","1996-05-01",15.070218911290327
"Wien","1996-06-01",18.216886152777786
"Wien","1996-07-01",17.889455443548435
"Wien","1996-08-01",18.418666223118294
"Wien","1996-09-01",11.966117833333351
"Wien","1996-10-01",10.674924153225827
"Wien","1996-11-01",6.5531722777778025
"Wien","1996-12-01",-3.184304206989223
"Wien","1997-01-01",-3.381806115591376
"Wien","1997-02-01",3.138581741071451
"Wien","1997-03-01",4.976449811827976
"Wien","1997-04-01",7.0244464444444645
"Wien","1997-05-01",15.239265362903259
"Wien","1997-06-01",18.077011583333345
"Wien","1997-07-01",18.399468776881754
"Wien","1997-08-01",19.697375470430124
"Wien","1997-09-01",15.370145166666688
"Wien","1997-10-01",7.724548924731203
"Wien","1997-11-01",4.834125652777797
"Wien","1997-12-01",1.9976225537634644
"Wien","1998-01-01",1.2797106586021723
"Wien","1998-02-01",4.8585291517857385
"Wien","1998-03-01",4.8251393817204535
"Wien","1998-04-01",11.223949500000028
"Wien","1998-05-01",15.282274946236578
"Wien","1998-06-01",18.987863111111132
"Wien","1998-07-01",19.954265537634424
"Wien","1998-08-01",20.16050495967738
"Wien","1998-09-01",14.381818486111134
"Wien","1998-10-01",10.502733682795721
"Wien","1998-11-01",2.2733530138889035
"Wien","1998-12-01",-0.9753344623655685
"Wien","1999-01-01",0.12010470430109835
"Wien","1999-02-01",0.6354688839285941
"Wien","1999-03-01",6.622702688172072
"Wien","1999-04-01",11.000141847222231
"Wien","1999-05-01",15.227213709677434
"Wien","1999-06-01",17.60923377777779
"Wien","1999-07-01",20.41947197580648
"Wien","1999-08-01",18.553961895161304
"Wien","1999-09-01",17.225163027777793
"Wien","1999-10-01",10.420218602150555
"Wien","1999-11-01",3.1251442083333574
"Wien","1999-12-01",0.7158263709677666
"Wien","2000-01-01",-1.6646029569892233
"Wien","2000-02-01",4.2108701724138164
"Wien","2000-03-01",5.79860205645164
"Wien","2000-04-01",13.139465361111132
"Wien","2000-05-01",16.878656599462403
"Wien","2000-06-01",19.879644069444485
"Wien","2000-07-01",18.292323844086038
"Wien","2000-08-01",21.047827943548402
"Wien","2000-09-01",14.924303013888922
"Wien","2000-10-01",12.67605568548389
"Wien","2000-11-01",7.157895958333355
"Wien","2000-12-01",1.7694665188172312
"Wien","2001-01-01",0.03887819892475347
"Wien","2001-02-01",2.592652693452406
"Wien","2001-03-01",6.651032271505394
"Wien","2001-04-01",9.109886166666689
"Wien","2001-05-01",16.75630678763444
"Wien","2001-06-01",16.811938944444485
"Wien","2001-07-01",20.396632741935512
"Wien","2001-08-01",21.19844044354841
"Wien","2001-09-01",13.281301527777803
"Wien","2001-10-01",12.889929408602173
"Wien","2001-11-01",3.496647486111133
"Wien","2001-12-01",-2.0562605241935263
"Wien","2002-01-01",1.0630759543010972
"Wien","2002-02-01",5.518495342261931
"Wien","2002-03-01",6.692408534946261
"Wien","2002-04-01",9.625662111111126
"Wien","2002-05-01",17.22598448924734
"Wien","2002-06-01",20.06858040277781
"Wien","2002-07-01",21.275888293010752
"Wien","2002-08-01",20.19418893817206
"Wien","2002-09-01",14.268967541666688
"Wien","2002-10-01",9.07145954301077
"Wien","2002-11-01",7.341275083333357
"Wien","2002-12-01",-0.893730672042986
"Wien","2003-01-01",-0.9297562096773923
"Wien","2003-02-01",-1.8713973809523565
"Wien","2003-03-01",5.861693104838727
"Wien","2003-04-01",9.468458458333359
"Wien","2003-05-01",17.435859354838737
"Wien","2003-06-01",21.81914216666669
"Wien","2003-07-01",21.170945900537628
"Wien","2003-08-01",23.08401290322583
"Wien","2003-09-01",15.230733736111132
"Wien","2003-10-01",7.407367419354864
"Wien","2003-11-01",6.484963541666689
"Wien","2003-12-01",0.797330685483892
"Wien","2004-01-01",-1.9370516935483628
"Wien","2004-02-01",2.9742519971264647
"Wien","2004-03-01",4.062167755376364
"Wien","2004-04-01",11.094819416666681
"Wien","2004-05-01",13.521536720430127
"Wien","2004-06-01",17.397042805555586
"Wien","2004-07-01",19.533245510752703
"Wien","2004-08-01",20.53495803763446
"Wien","2004-09-01",15.317709305555582
"Wien","2004-10-01",11.21966524193551
"Wien","2004-11-01",5.686631263888911
"Wien","2004-12-01",0.764557849462389
"Wien","2005-01-01",1.244283077957015
"Wien","2005-02-01",-1.7984592261904528
"Wien","2005-03-01",3.2089531586021742
"Wien","2005-04-01",10.717659291666687
"Wien","2005-05-01",15.267206397849485
"Wien","2005-06-01",18.4522106527778
"Wien","2005-07-01",20.062860080645173
"Wien","2005-08-01",18.244575793010767
"Wien","2005-09-01",16.214051097222246
"Wien","2005-10-01",10.589913750000019
"Wien","2005-11-01",3.8384814861111383
"Wien","2005-12-01",0.27275864247314224
"Wien","2006-01-01",-4.751142701612882
"Wien","2006-02-01",-1.0362094791666436
"Wien","2006-03-01",3.322209354838735
"Wien","2006-04-01",11.065626638888913
"Wien","2006-05-01",14.511779771505406
"Wien","2006-06-01",18.53108859722221
"Wien","2006-07-01",22.987312836021538
"Wien","2006-08-01",17.408337473118298
"Wien","2006-09-01",17.709048361111133
"Wien","2006-10-01",12.453568064516139
"Wien","2006-11-01",7.263984625000017
"Wien","2006-12-01",3.050024650537662
"Wien","2007-01-01",5.374297553763465
"Wien","2007-02-01",5.057093214285732
"Wien","2007-03-01",7.489751760752709
"Wien","2007-04-01",12.677794569444476
"Wien","2007-05-01",16.356385698924743
"Wien","2007-06-01",20.647335541666695
"Wien","2007-07-01",21.56701573924732
"Wien","2007-08-01",20.481208360215085
"Wien","2007-09-01",13.52810965277779
"Wien","2007-10-01",8.928270698924765
"Wien","2007-11-01",3.377623291666686
"Wien","2007-12-01",0.32372661290324717
"Wien","2008-01-01",3.020070282258088
"Wien","2008-02-01",3.890099669540251
"Wien","2008-03-01",5.950149879032284
"Wien","2008-04-01",10.485947361111135
"Wien","2008-05-01",15.713382755376351
"Wien","2008-06-01",19.59417976388893
"Wien","2008-07-01",20.085968037634423
"Wien","2008-08-01",19.72664576612904
"Wien","2008-09-01",14.451198791666677
"Wien","2008-10-01",10.622207634408632
"Wien","2008-11-01",6.768675875000023
"Wien","2008-12-01",2.1779575672043223
"Wien","2009-01-01",-1.9295761559139535
"Wien","2009-02-01",1.1038198214285944
"Wien","2009-03-01",5.576273723118301
"Wien","2009-04-01",13.887699819444471
"Wien","2009-05-01",15.74238018817207
"Wien","2009-06-01",17.447448833333368
"Wien","2009-07-01",20.720503534946236
"Wien","2009-08-01",20.55222052419362
"Wien","2009-09-01",17.06601018055557
"Wien","2009-10-01",9.723257392473153
"Wien","2009-11-01",6.380426583333353
"Wien","2009-12-01",1.0276047983871202
"Wien","2010-01-01",-2.782810470430084
"Wien","2010-02-01",0.67183842261907
"Wien","2010-03-01",5.715478561827984
"Wien","2010-04-01",10.444906305555579
"Wien","2010-05-01",14.30188587365593
"Wien","2010-06-01",18.589436638888895
"Wien","2010-07-01",22.098684422043032
"Wien","2010-08-01",19.262150389784956
"Wien","2010-09-01",14.100551166666687
"Wien","2010-10-01",7.683317513440885
"Wien","2010-11-01",7.058277166666689
"Wien","2010-12-01",-3.0682408736558893
"Wien","2011-01-01",0.37168461021507804
"Wien","2011-02-01",0.24762799107145175
"Wien","2011-03-01",5.871573333333353
"Wien","2011-04-01",12.762289958333357
"Wien","2011-05-01",15.390526209677422
"Wien","2011-06-01",19.317361194444487
"Wien","2011-07-01",19.25074869623656
"Wien","2011-08-01",20.76930169354839
"Wien","2011-09-01",17.746617611111148
"Wien","2011-10-01",9.804732809139816
"Wien","2011-11-01",3.15086255555557
"Wien","2011-12-01",3.145525134408624
"Wien","2012-01-01",2.196204865591425
"Wien","2012-02-01",-2.7353573563218156
"Wien","2012-03-01",7.994399919354859
"Wien","2012-04-01",10.643034194444473
"Wien","2012-05-01",16.32084100806453
"Wien","2012-06-01",19.546922986111134
"Wien","2012-07-01",21.133328185483894
"Wien","2012-08-01",21.246002096774216
"Wien","2012-09-01",16.435622819444454
"Wien","2012-10-01",10.001808010752711
"Wien","2012-11-01",6.584309097222244
"Wien","2012-12-01",0.39953422043013004
"Wien","2013-01-01",-0.07094227150535305
"Wien","2013-02-01",0.6686147172619272
"Wien","2013-03-01",2.7150527150537815
"Wien","2013-04-01",11.236700986111135
"Wien","2013-05-01",14.561212862903265
"Wien","2013-06-01",17.987230319444453
"Wien","2013-07-01",22.443884919354876
"Wien","2013-08-01",21.1541227822581
"Wien","2013-09-01",14.900139472222252
"Wien","2013-10-01",10.938422110215086
"Wien","2013-11-01",5.970464013888912
"Wien","2013-12-01",2.7724532930107744
"Wien","2014-01-01",1.8127218279570112
"Wien","2014-02-01",3.767795342261924
"Wien","2014-03-01",8.88022255376346
"Wien","2014-04-01",12.089237277777794
"Wien","2014-05-01",14.414077916666697
"Wien","2014-06-01",19.13099720833335
"Wien","2014-07-01",21.421178454301113
"Wien","2014-08-01",18.478312567204323
"Wien","2014-09-01",15.750015875000008
"Wien","2014-10-01",11.904452163978506
"Wien","2014-11-01",7.779695347222252
"Wien","2014-12-01",3.3935245161290535
"Wien","2015-01-01",2.710982970430134
"Wien","2015-02-01",2.1217882142857376
"Wien","2015-03-01",6.113048642473136
"Wien","2015-04-01",10.656886847222243
"Wien","2015-05-01",14.981298642473153
"Wien","2015-06-01",19.476466041666672
"Wien","2015-07-01",23.580341814516153
"Wien","2015-08-01",23.363935618279612
"Wien","2015-09-01",15.912326833333363
"Wien","2015-10-01",9.81064529569895
"Wien","2015-11-01",8.089067847222244
"Wien","2015-12-01",3.7288084408602367
"Wien","2016-01-01",0.41169987903228195
"Wien","2016-02-01",5.915883908045999
"Wien","2016-03-01",6.098200645161315
"Wien","2016-04-01",10.57543569444447
"Wien","2016-05-01",14.983506021505404
"Wien","2016-06-01",19.510329750000043
"Wien","2016-07-01",21.684361747311847
"Wien","2016-08-01",19.912489731182813
"Wien","2016-09-01",18.33119455555559
"Wien","2016-10-01",9.513711182795726
"Wien","2016-11-01",4.82668218055558
"Wien","2016-12-01",1.0284347311828184
"Wien","2017-01-01",-3.575542298387075
"Wien","2017-02-01",3.016938392857166
"Wien","2017-03-01",8.747280994623685
"Wien","2017-04-01",9.694401555555585
"Wien","2017-05-01",15.972994905913986
"Wien","2017-06-01",21.608406888888894
"Wien","2017-07-01",21.72588151881721
"Wien","2017-08-01",22.183975080645205
"Wien","2017-09-01",14.609502152777797
"Wien","2017-10-01",11.78419870967745
"Wien","2017-11-01",5.619975277777803
"Wien","2017-12-01",2.686137150537659
"Wien","2018-01-01",3.7040650134408843
"Wien","2018-02-01",-1.061064122023787
"Wien","2018-03-01",3.0864945026881956
"Wien","2018-04-01",15.268810208333353
"Wien","2018-05-01",18.130203118279592
"Wien","2018-06-01",20.250969041666714
"Wien","2018-07-01",21.85638412634411
"Wien","2018-08-01",23.354719422043026
"Wien","2018-09-01",17.15689334722226
"Wien","2018-10-01",13.269812043010775
"Wien","2018-11-01",6.301283041666685
"Wien","2018-12-01",2.686765698924756
"Wien","2019-01-01",0.5038910349462593
"Wien","2019-02-01",4.50394961309526
"Wien","2019-03-01",8.31899158602153
"Wien","2019-04-01",11.662856944444451
"Wien","2019-05-01",12.571218494623695
"Wien","2019-06-01",23.00507509722226
"Wien","2019-07-01",21.80842599462368
"Wien","2019-08-01",22.245605658602127
"Wien","2019-09-01",16.6542943888889
"Wien","2019-10-01",11.70010690860218
"Wien","2019-11-01",7.663285125000034
"Wien","2019-12-01",3.0978946370968
"Wien","2020-01-01",1.0028960887097005
"Wien","2020-02-01",6.229540215517262
"Wien","2020-03-01",6.743031599462389
"Wien","2020-04-01",12.126038875000022
"Wien","2020-05-01",13.93994583333335
"Wien","2020-06-01",18.368499083333383
"Wien","2020-07-01",20.59685974462369
"Wien","2020-08-01",21.57233857526884
"Wien","2020-09-01",16.876711736111115
"Wien","2020-10-01",10.849873225806462
"Wien","2020-11-01",5.454928916666687
"Wien","2020-12-01",2.8914367876344307
"Wien","2021-01-01",1.437099327957012
"Wien","2021-02-01",2.438723883928594
"Wien","2021-03-01",5.153656962365612
"Wien","2021-04-01",8.25231584722224
"Wien","2021-05-01",13.189544247311852
"Wien","2021-06-01",21.640116763888933
"Wien","2021-07-01",22.12799865591401
"Wien","2021-08-01",18.953127338709717
"Wien","2021-09-01",16.754614208333365
"Wien","2021-10-01",10.34636723118282
"Wien","2021-11-01",5.290516361111136
"Wien","2021-12-01",2.7276969086021716
"Wien","2022-01-01",2.7613843145161527
"Wien","2022-02-01",5.42230833333336
"Wien","2022-03-01",5.51802169354841
"Wien","2022-04-01",9.266013277777814
"Wien","2022-05-01",17.2041577688172
"Wien","2022-06-01",21.256498194444482
"Wien","2022-07-01",22.050605134408624
"Wien","2022-08-01",21.936047916666713
"Wien","2022-09-01",14.836011055555591
"Wien","2022-10-01",12.745782325268832
"Wien","2022-11-01",6.398932361111127
"Wien","2022-12-01",2.0306070295699152
"Wien","2023-01-01",3.5782453091398145
"Wien","2023-02-01",4.034675684523833
"Wien","2023-03-01",7.536342096774221
"Wien","2023-04-01",8.589081652777802
"Wien","2023-05-01",14.378296854838716
"Wien","2023-06-01",19.230964180555574
"Wien","2023-07-01",23.06181939516132
"Wien","2023-08-01",21.354618521505405
"Wien","2023-09-01",19.860598027777815
"Wien","2023-10-01",14.246858024193559
"Wien","2023-11-01",6.5975387916666834
"Wien","2023-12-01",3.7085463440860456
"Wien","2024-01-01",1.723399314516151
"Wien","2024-02-01",8.607279152298863
"Wien","2024-03-01",9.43990619623659
"Wien","2024-04-01",12.67722650000002
"Wien","2024-05-01",16.469344784946248
"Wien","2024-06-01",20.58791031944448
"Wien","2024-07-01",23.789054018817186
"Wien","2024-08-01",24.105290524193567
"Wien","2024-09-01",17.17303181944447
"Wien","2024-10-01",11.841061814516141
"Wien","2024-11-01",4.531136569444461
"Wien","2024-12-01",2.5851889247312063
"Salzburg","1974-01-01",-2.4834009946236333
"Salzburg","1974-02-01",-2.1195051934523588
"Salzburg","1974-03-01",0.34569065860217085
"Salzburg","1974-04-01",1.2339973194444667
"Salzburg","1974-05-01",4.16310293010755
"Salzburg","1974-06-01",8.476587805555573
"Salzburg","1974-07-01",11.769427956989281
"Salzburg","1974-08-01",13.811386465053795
"Salzburg","1974-09-01",9.673461055555578
"Salzburg","1974-10-01",-1.32792888440858
"Salzburg","1974-11-01",-2.0999454166666434
"Salzburg","1974-12-01",-3.335701586021485
"Salzburg","1975-01-01",-3.167944798387073
"Salzburg","1975-02-01",-3.9773675297618842
"Salzburg","1975-03-01",-0.9118849999999784
"Salzburg","1975-04-01",1.2654157222222449
"Salzburg","1975-05-01",4.906255577957013
"Salzburg","1975-06-01",8.5117381666667
"Salzburg","1975-07-01",12.493309395161319
"Salzburg","1975-08-01",12.855373938172054
"Salzburg","1975-09-01",12.415994472222241
"Salzburg","1975-10-01",4.061836102150559
"Salzburg","1975-11-01",-2.22241544444442
"Salzburg","1975-12-01",-6.025087311827931
"Salzburg","1976-01-01",-5.168048252688153
"Salzburg","1976-02-01",-2.920836853448254
"Salzburg","1976-03-01",-3.096197473118258
"Salzburg","1976-04-01",1.1834089861111339
"Salzburg","1976-05-01",5.753789126344107
"Salzburg","1976-06-01",11.486468388888905
"Salzburg","1976-07-01",13.795056155914008
"Salzburg","1976-08-01",10.010961774193573
"Salzburg","1976-09-01",7.666978902777798
"Salzburg","1976-10-01",7.382227043010789
"Salzburg","1976-11-01",-0.528370861111087
"Salzburg","1976-12-01",-7.736450470430082
"Salzburg","1977-01-01",-5.10639513440858
"Salzburg","1977-02-01",-1.9839084077380726
"Salzburg","1977-03-01",1.0094807392473348
"Salzburg","1977-04-01",0.6497841944444668
"Salzburg","1977-05-01",4.377779422043036
"Salzburg","1977-06-01",8.893321666666681
"Salzburg","1977-07-01",12.098317970430143
"Salzburg","1977-08-01",11.701556545698935
"Salzburg","1977-09-01",7.249584930555572
"Salzburg","1977-10-01",5.8884036559140025
"Salzburg","1977-11-01",-2.1851444305555296
"Salzburg","1977-12-01",-5.035956586021484
"Salzburg","1978-01-01",-6.322552876344068
"Salzburg","1978-02-01",-5.142227886904741
"Salzburg","1978-03-01",-0.8126343413978275
"Salzburg","1978-04-01",1.0833581805555774
"Salzburg","1978-05-01",3.471140443548409
"Salzburg","1978-06-01",7.094746736111135
"Salzburg","1978-07-01",10.018060860215087
"Salzburg","1978-08-01",10.497227473118308
"Salzburg","1978-09-01",7.326391847222242
"Salzburg","1978-10-01",3.7785013575269013
"Salzburg","1978-11-01",-1.3256182499999785
"Salzburg","1978-12-01",-6.164933091397828
"Salzburg","1979-01-01",-9.75460059139781
"Salzburg","1979-02-01",-2.991381815476162
"Salzburg","1979-03-01",-0.16057581989245023
"Salzburg","1979-04-01",0.38611854166668863
"Salzburg","1979-05-01",4.685729435483897
"Salzburg","1979-06-01",11.257276180555586
"Salzburg","1979-07-01",10.912999583333352
"Salzburg","1979-08-01",11.377722768817225
"Salzburg","1979-09-01",9.243531138888914
"Salzburg","1979-10-01",6.354235860215073
"Salzburg","1979-11-01",-2.6434501111110906
"Salzburg","1979-12-01",-3.975048682795676
"Salzburg","1980-01-01",-7.7297518279569655
"Salzburg","1980-02-01",-3.0162220402298576
"Salzburg","1980-03-01",-1.102107943548362
"Salzburg","1980-04-01",-0.5141818055555317
"Salzburg","1980-05-01",3.7737627553763673
"Salzburg","1980-06-01",9.232532916666692
"Salzburg","1980-07-01",11.349627903225823
"Salzburg","1980-08-01",13.15196090053765
"Salzburg","1980-09-01",10.421496041666698
"Salzburg","1980-10-01",3.2987566935484107
"Salzburg","1980-11-01",-2.8427425138888673
"Salzburg","1980-12-01",-7.4177847983870695
"Salzburg","1981-01-01",-9.066931048387074
"Salzburg","1981-02-01",-6.198114523809494
"Salzburg","1981-03-01",0.5443228091398091
"Salzburg","1981-04-01",2.4184808611111306
"Salzburg","1981-05-01",7.148739677419375
"Salzburg","1981-06-01",11.25600113888892
"Salzburg","1981-07-01",11.608261908602172
"Salzburg","1981-08-01",12.710066223118293
"Salzburg","1981-09-01",10.42686841666669
"Salzburg","1981-10-01",4.368823266129063
"Salzburg","1981-11-01",-2.72748508333331
"Salzburg","1981-12-01",-7.57135249999998
"Salzburg","1982-01-01",-5.795232123655885
"Salzburg","1982-02-01",-5.3318010267856915
"Salzburg","1982-03-01",-1.4174179838709433
"Salzburg","1982-04-01",0.23308097222224444
"Salzburg","1982-05-01",5.653162930107543
"Salzburg","1982-06-01",11.649444777777802
"Salzburg","1982-07-01",14.12618526881724
"Salzburg","1982-08-01",12.908184784946268
"Salzburg","1982-09-01",12.63626638888891
"Salzburg","1982-10-01",5.670075725806476
"Salzburg","1982-11-01",0.5008569444444649
"Salzburg","1982-12-01",-4.265172150537611
"Salzburg","1983-01-01",-3.4943898118279337
"Salzburg","1983-02-01",-7.064500119047597
"Salzburg","1983-03-01",-0.23201040322578406
"Salzburg","1983-04-01",2.3803742083333583
"Salzburg","1983-05-01",6.860186491935509
"Salzburg","1983-06-01",11.578062041666694
"Salzburg","1983-07-01",15.955002231182815
"Salzburg","1983-08-01",13.093432096774217
"Salzburg","1983-09-01",10.080394152777814
"Salzburg","1983-10-01",5.633730967741951
"Salzburg","1983-11-01",-0.29108886111108967
"Salzburg","1983-12-01",-6.825422876344069
"Salzburg","1984-01-01",-6.635607271505351
"Salzburg","1984-02-01",-6.251743045976991
"Salzburg","1984-03-01",-2.7913981317204097
"Salzburg","1984-04-01",0.7986591805555783
"Salzburg","1984-05-01",4.180133346774217
"Salzburg","1984-06-01",9.617492152777805
"Salzburg","1984-07-01",11.858556411290355
"Salzburg","1984-08-01",12.315233615591419
"Salzburg","1984-09-01",8.477315611111129
"Salzburg","1984-10-01",6.51169318548389
"Salzburg","1984-11-01",1.6228026111111356
"Salzburg","1984-12-01",-4.993327768817174
"Salzburg","1985-01-01",-10.652719086021499
"Salzburg","1985-02-01",-6.015573452380926
"Salzburg","1985-03-01",-1.4564548521505152
"Salzburg","1985-04-01",1.2399136527778034
"Salzburg","1985-05-01",7.169759650537657
"Salzburg","1985-06-01",9.20939162500002
"Salzburg","1985-07-01",13.974535107526915
"Salzburg","1985-08-01",12.794867486559166
"Salzburg","1985-09-01",10.582655791666681
"Salzburg","1985-10-01",5.631410618279582
"Salzburg","1985-11-01",-3.8564094861110885
"Salzburg","1985-12-01",-3.941644032258043
"Salzburg","1986-01-01",-7.500894811827932
"Salzburg","1986-02-01",-9.587522976190456
"Salzburg","1986-03-01",-0.471665188172021
"Salzburg","1986-04-01",1.4082139861111342
"Salzburg","1986-05-01",8.83111934139788
"Salzburg","1986-06-01",10.72218080555558
"Salzburg","1986-07-01",12.473782620967764
"Salzburg","1986-08-01",13.04461041666668
"Salzburg","1986-09-01",10.133228902777796
"Salzburg","1986-10-01",6.234737916666688
"Salzburg","1986-11-01",-0.8593430277777546
"Salzburg","1986-12-01",-5.838602419354809
"Salzburg","1987-01-01",-9.009009059139768
"Salzburg","1987-02-01",-3.569779062499976
"Salzburg","1987-03-01",-5.043490376344068
"Salzburg","1987-04-01",2.1629560138889126
"Salzburg","1987-05-01",3.768618924731205
"Salzburg","1987-06-01",10.15082187500003
"Salzburg","1987-07-01",14.070801801075286
"Salzburg","1987-08-01",12.125076008064532
"Salzburg","1987-09-01",12.3616462777778
"Salzburg","1987-10-01",7.280525604838733
"Salzburg","1987-11-01",-0.40133955555553286
"Salzburg","1987-12-01",-4.292402970430087
"Salzburg","1988-01-01",-4.253924959677398
"Salzburg","1988-02-01",-5.318343031609167
"Salzburg","1988-03-01",-2.7326790725806265
"Salzburg","1988-04-01",2.2170192500000185
"Salzburg","1988-05-01",7.763596706989276
"Salzburg","1988-06-01",10.327518013888918
"Salzburg","1988-07-01",13.995090161290339
"Salzburg","1988-08-01",13.59316072580647
"Salzburg","1988-09-01",9.37407355555558
"Salzburg","1988-10-01",7.824379381720455
"Salzburg","1988-11-01",-3.6991143194444214
"Salzburg","1988-12-01",-3.678353709677392
"Salzburg","1989-01-01",-4.846523494623639
"Salzburg","1989-02-01",-1.529568452380931
"Salzburg","1989-03-01",1.0961796639785168
"Salzburg","1989-04-01",2.2725461666666895
"Salzburg","1989-05-01",6.701526330645178
"Salzburg","1989-06-01",9.208577833333347
"Salzburg","1989-07-01",13.115714677419382
"Salzburg","1989-08-01",12.645958467741949
"Salzburg","1989-09-01",9.880945888888924
"Salzburg","1989-10-01",5.212635725806477
"Salzburg","1989-11-01",-3.008950694444421
"Salzburg","1989-12-01",-5.960019086021483
"Salzburg","1990-01-01",-6.8890403091397525
"Salzburg","1990-02-01",-1.8653406398809265
"Salzburg","1990-03-01",0.4858446908602382
"Salzburg","1990-04-01",1.0293873611111346
"Salzburg","1990-05-01",8.832218696236586
"Salzburg","1990-06-01",10.6702791527778
"Salzburg","1990-07-01",12.707007997311845
"Salzburg","1990-08-01",13.431820322580675
"Salzburg","1990-09-01",7.847738611111143
"Salzburg","1990-10-01",6.7601322983871155
"Salzburg","1990-11-01",-2.471440888888866
"Salzburg","1990-12-01",-7.110931276881702
"Salzburg","1991-01-01",-6.725433172042983
"Salzburg","1991-02-01",-6.487343794642829
"Salzburg","1991-03-01",1.295226948924755
"Salzburg","1991-04-01",0.5335444166666902
"Salzburg","1991-05-01",3.0845199193548622
"Salzburg","1991-06-01",10.236798902777792
"Salzburg","1991-07-01",14.172877755376362
"Salzburg","1991-08-01",13.581979986559158
"Salzburg","1991-09-01",11.440125236111129
"Salzburg","1991-10-01",4.458306344086048
"Salzburg","1991-11-01",-2.3004765416666446
"Salzburg","1991-12-01",-7.769362540322552
"Salzburg","1992-01-01",-5.580553091397821
"Salzburg","1992-02-01",-3.0403057471264137
"Salzburg","1992-03-01",-0.7009560887096546
"Salzburg","1992-04-01",1.7377130000000232
"Salzburg","1992-05-01",6.6356244354838925
"Salzburg","1992-06-01",11.790730319444485
"Salzburg","1992-07-01",14.131957661290347
"Salzburg","1992-08-01",16.448097741935513
"Salzburg","1992-09-01",10.256189291666683
"Salzburg","1992-10-01",2.6729809274193794
"Salzburg","1992-11-01",-0.35616920833330956
"Salzburg","1992-12-01",-6.148450026881703
"Salzburg","1993-01-01",-3.8570005779569656
"Salzburg","1993-02-01",-5.162937351190457
"Salzburg","1993-03-01",-2.5216120698924502
"Salzburg","1993-04-01",2.3476043888889087
"Salzburg","1993-05-01",9.35377459677422
"Salzburg","1993-06-01",11.660749027777795
"Salzburg","1993-07-01",11.825148387096794
"Salzburg","1993-08-01",13.203894193548411
"Salzburg","1993-09-01",9.191167347222237
"Salzburg","1993-10-01",5.941029099462389
"Salzburg","1993-11-01",-3.101690763888867
"Salzburg","1993-12-01",-5.039991532258048
"Salzburg","1994-01-01",-3.9735368413978276
"Salzburg","1994-02-01",-4.790876205357122
"Salzburg","1994-03-01",1.4002945967742164
"Salzburg","1994-04-01",1.402493138888912
"Salzburg","1994-05-01",8.171049879032285
"Salzburg","1994-06-01",11.737948708333361
"Salzburg","1994-07-01",15.82710545698926
"Salzburg","1994-08-01",14.700321653225833
"Salzburg","1994-09-01",10.964638930555603
"Salzburg","1994-10-01",4.627362540322605
"Salzburg","1994-11-01",2.9978150555555794
"Salzburg","1994-12-01",-3.1951137365591182
"Salzburg","1995-01-01",-8.030690403225778
"Salzburg","1995-02-01",-1.4391988095237858
"Salzburg","1995-03-01",-2.721333494623637
"Salzburg","1995-04-01",1.7156355555555776
"Salzburg","1995-05-01",6.777741397849491
"Salzburg","1995-06-01",9.521788069444467
"Salzburg","1995-07-01",15.77313575268819
"Salzburg","1995-08-01",12.208583911290344
"Salzburg","1995-09-01",7.723853388888901
"Salzburg","1995-10-01",8.435814206989258
"Salzburg","1995-11-01",-2.7715353749999756
"Salzburg","1995-12-01",-5.7242057661290096
"Salzburg","1996-01-01",-5.408659825268803
"Salzburg","1996-02-01",-6.758758591953991
"Salzburg","1996-03-01",-3.595233763440835
"Salzburg","1996-04-01",2.5691155138889132
"Salzburg","1996-05-01",8.251938521505394
"Salzburg","1996-06-01",12.376552458333352
"Salzburg","1996-07-01",11.853465430107558
"Salzburg","1996-08-01",12.124468776881745
"Salzburg","1996-09-01",5.357996263888916
"Salzburg","1996-10-01",4.80093172043013
"Salzburg","1996-11-01",-0.4112902777777555
"Salzburg","1996-12-01",-7.246477607526861
"Salzburg","1997-01-01",-4.800386182795674
"Salzburg","1997-02-01",-2.51767819940474
"Salzburg","1997-03-01",0.11789776881722842
"Salzburg","1997-04-01",-0.4529211527777546
"Salzburg","1997-05-01",6.565726061827983
"Salzburg","1997-06-01",11.736339513888922
"Salzburg","1997-07-01",11.739966612903238
"Salzburg","1997-08-01",13.390613736559168
"Salzburg","1997-09-01",10.979697986111137
"Salzburg","1997-10-01",3.143456129032281
"Salzburg","1997-11-01",-0.6680638055555337
"Salzburg","1997-12-01",-3.7232414650537393
"Salzburg","1998-01-01",-5.833206330645133
"Salzburg","1998-02-01",-1.7532868749999746
"Salzburg","1998-03-01",-2.169698467741913
"Salzburg","1998-04-01",2.0853011111111344
"Salzburg","1998-05-01",8.231658655913998
"Salzburg","1998-06-01",12.063497236111134
"Salzburg","1998-07-01",13.084377392473147
"Salzburg","1998-08-01",13.677165900537654
"Salzburg","1998-09-01",9.02609136111114
"Salzburg","1998-10-01",4.52369545698927
"Salzburg","1998-11-01",-4.765755624999982
"Salzburg","1998-12-01",-6.199657903225782
"Salzburg","1999-01-01",-5.564133091397824
"Salzburg","1999-02-01",-6.202498958333318
"Salzburg","1999-03-01",-0.0949880376343859
"Salzburg","1999-04-01",2.4236740555555776
"Salzburg","1999-05-01",9.253080282258088
"Salzburg","1999-06-01",11.14642431944447
"Salzburg","1999-07-01",13.548028817204324
"Salzburg","1999-08-01",13.132451290322605
"Salzburg","1999-09-01",12.043461847222254
"Salzburg","1999-10-01",5.87245212365594
"Salzburg","1999-11-01",-3.246259277777753
"Salzburg","1999-12-01",-6.447511841397833
"Salzburg","2000-01-01",-7.942413978494592
"Salzburg","2000-02-01",-2.1907184051723885
"Salzburg","2000-03-01",-0.6558894489247101
"Salzburg","2000-04-01",3.5378287638889128
"Salzburg","2000-05-01",9.844326182795724
"Salzburg","2000-06-01",13.129953958333353
"Salzburg","2000-07-01",11.277588669354856
"Salzburg","2000-08-01",14.518683669354864
"Salzburg","2000-09-01",10.277122222222244
"Salzburg","2000-10-01",6.891845416666688
"Salzburg","2000-11-01",0.42593815277779956
"Salzburg","2000-12-01",-3.8055622715053508
"Salzburg","2001-01-01",-6.181878319892452
"Salzburg","2001-02-01",-3.4622721428571173
"Salzburg","2001-03-01",0.9310480645161517
"Salzburg","2001-04-01",0.8890487777778006
"Salzburg","2001-05-01",10.058012930107557
"Salzburg","2001-06-01",9.82788216666669
"Salzburg","2001-07-01",13.62558263440862
"Salzburg","2001-08-01",14.604150000000017
"Salzburg","2001-09-01",6.769630527777793
"Salzburg","2001-10-01",8.929857701612919
"Salzburg","2001-11-01",-2.687595236111083
"Salzburg","2001-12-01",-8.34705321236557
"Salzburg","2002-01-01",-6.640002782258044
"Salzburg","2002-02-01",-0.9893782738095017
"Salzburg","2002-03-01",0.11210837365593593
"Salzburg","2002-04-01",2.3427274722222453
"Salzburg","2002-05-01",9.388192836021524
"Salzburg","2002-06-01",14.045718597222237
"Salzburg","2002-07-01",13.920211384408613
"Salzburg","2002-08-01",13.096402473118307
"Salzburg","2002-09-01",8.042096666666701
"Salzburg","2002-10-01",4.62636646505379
"Salzburg","2002-11-01",1.2675380277778003
"Salzburg","2002-12-01",-3.452508588709649
"Salzburg","2003-01-01",-6.872396935483848
"Salzburg","2003-02-01",-8.50942232142854
"Salzburg","2003-03-01",0.27623928763443045
"Salzburg","2003-04-01",1.9568047083333575
"Salzburg","2003-05-01",10.543349354838735
"Salzburg","2003-06-01",15.729988513888909
"Salzburg","2003-07-01",14.364509032258098
"Salzburg","2003-08-01",16.533203212365606
"Salzburg","2003-09-01",9.446524250000023
"Salzburg","2003-10-01",2.3034738709677693
"Salzburg","2003-11-01",1.8546656805555781
"Salzburg","2003-12-01",-4.07898395161288
"Salzburg","2004-01-01",-7.345842741935461
"Salzburg","2004-02-01",-4.2859892385057226
"Salzburg","2004-03-01",-2.0195383467741683
"Salzburg","2004-04-01",3.2145935000000248
"Salzburg","2004-05-01",6.037574502688201
"Salzburg","2004-06-01",10.94499402777779
"Salzburg","2004-07-01",12.833121827957003
"Salzburg","2004-08-01",13.809213508064563
"Salzburg","2004-09-01",10.03331920833335
"Salzburg","2004-10-01",7.509222903225834
"Salzburg","2004-11-01",-1.2593364999999779
"Salzburg","2004-12-01",-3.7289106451612657
"Salzburg","2005-01-01",-7.375653642473095
"Salzburg","2005-02-01",-7.723173348214263
"Salzburg","2005-03-01",-2.1960340456989007
"Salzburg","2005-04-01",3.146853458333358
"Salzburg","2005-05-01",8.351986411290342
"Salzburg","2005-06-01",12.02094173611113
"Salzburg","2005-07-01",13.372204287634439
"Salzburg","2005-08-01",11.444322163978523
"Salzburg","2005-09-01",10.490427388888905
"Salzburg","2005-10-01",7.093273682795724
"Salzburg","2005-11-01",-0.8742002222222
"Salzburg","2005-12-01",-6.860542836021485
"Salzburg","2006-01-01",-9.017510362903193
"Salzburg","2006-02-01",-5.039793288690453
"Salzburg","2006-03-01",-3.0197976881720225
"Salzburg","2006-04-01",3.4453582500000235
"Salzburg","2006-05-01",7.364422016129049
"Salzburg","2006-06-01",12.005383458333347
"Salzburg","2006-07-01",16.45034876344088
"Salzburg","2006-08-01",10.526842338709711
"Salzburg","2006-09-01",12.528121180555582
"Salzburg","2006-10-01",8.177357002688177
"Salzburg","2006-11-01",0.9299690416666888
"Salzburg","2006-12-01",-1.7921721505376127
"Salzburg","2007-01-01",-2.6494211021505145
"Salzburg","2007-02-01",-1.8776886309523557
"Salzburg","2007-03-01",0.000333991935506922
"Salzburg","2007-04-01",7.25448251388891
"Salzburg","2007-05-01",9.92574064516131
"Salzburg","2007-06-01",13.179172458333358
"Salzburg","2007-07-01",13.682883306451629
"Salzburg","2007-08-01",12.942222836021527
"Salzburg","2007-09-01",7.3465177500000305
"Salzburg","2007-10-01",4.365429489247332
"Salzburg","2007-11-01",-2.9682903888888648
"Salzburg","2007-12-01",-6.689536169354819
"Salzburg","2008-01-01",-3.596801129032237
"Salzburg","2008-02-01",-2.210031436781585
"Salzburg","2008-03-01",-1.7834819086021259
"Salzburg","2008-04-01",2.3241095000000227
"Salzburg","2008-05-01",8.943638427419371
"Salzburg","2008-06-01",12.932203430555576
"Salzburg","2008-07-01",13.088614758064537
"Salzburg","2008-08-01",13.680739610215086
"Salzburg","2008-09-01",8.62895145833336
"Salzburg","2008-10-01",6.144688709677442
"Salzburg","2008-11-01",0.4883451388889108
"Salzburg","2008-12-01",-5.602627728494603
"Salzburg","2009-01-01",-8.309054368279554
"Salzburg","2009-02-01",-5.083371532738074
"Salzburg","2009-03-01",-1.262077688172021
"Salzburg","2009-04-01",4.132230652777801
"Salzburg","2009-05-01",9.503152379032281
"Salzburg","2009-06-01",10.761229277777801
"Salzburg","2009-07-01",13.728728924731215
"Salzburg","2009-08-01",14.662859448924754
"Salzburg","2009-09-01",11.27541287500002
"Salzburg","2009-10-01",4.230000766129057
"Salzburg","2009-11-01",1.957384083333358
"Salzburg","2009-12-01",-5.6437077419354615
"Salzburg","2010-01-01",-7.7463023655913785
"Salzburg","2010-02-01",-5.579757068452355
"Salzburg","2010-03-01",-1.626945161290301
"Salzburg","2010-04-01",3.8284988055555806
"Salzburg","2010-05-01",7.2362527284946445
"Salzburg","2010-06-01",12.10362880555558
"Salzburg","2010-07-01",15.140247916666695
"Salzburg","2010-08-01",12.867771854838724
"Salzburg","2010-09-01",8.670135583333344
"Salzburg","2010-10-01",3.8678688844086273
"Salzburg","2010-11-01",0.28687541666668753
"Salzburg","2010-12-01",-7.726824690860199
"Salzburg","2011-01-01",-6.194370631720414
"Salzburg","2011-02-01",-2.9470255357142596
"Salzburg","2011-03-01",0.90283918010755
"Salzburg","2011-04-01",5.743222319444468
"Salzburg","2011-05-01",9.286750604838728
"Salzburg","2011-06-01",12.127317263888909
"Salzburg","2011-07-01",12.123321612903254
"Salzburg","2011-08-01",14.518481357526902
"Salzburg","2011-09-01",11.918484083333368
"Salzburg","2011-10-01",5.025052258064537
"Salzburg","2011-11-01",2.6637570000000244
"Salzburg","2011-12-01",-3.7750986827956763
"Salzburg","2012-01-01",-5.850890900537617
"Salzburg","2012-02-01",-8.607335761494229
"Salzburg","2012-03-01",1.8765343548387317
"Salzburg","2012-04-01",3.293713555555577
"Salzburg","2012-05-01",8.451350416666687
"Salzburg","2012-06-01",13.08276791666668
"Salzburg","2012-07-01",13.87515817204304
"Salzburg","2012-08-01",14.821014798387116
"Salzburg","2012-09-01",10.613240486111128
"Salzburg","2012-10-01",5.627068051075284
"Salzburg","2012-11-01",1.5230063888889127
"Salzburg","2012-12-01",-5.4222165725806235
"Salzburg","2013-01-01",-4.688919677419332
"Salzburg","2013-02-01",-6.599561607142837
"Salzburg","2013-03-01",-2.2795254032257803
"Salzburg","2013-04-01",4.250407555555576
"Salzburg","2013-05-01",7.291247405914009
"Salzburg","2013-06-01",10.920006680555579
"Salzburg","2013-07-01",15.553074905913999
"Salzburg","2013-08-01",14.498849825268817
"Salzburg","2013-09-01",9.803239027777796
"Salzburg","2013-10-01",6.970559112903251
"Salzburg","2013-11-01",-0.08759134722219934
"Salzburg","2013-12-01",-2.91833696236557
"Salzburg","2014-01-01",-2.0147214112903
"Salzburg","2014-02-01",-1.8262969345237874
"Salzburg","2014-03-01",1.6307342741935689
"Salzburg","2014-04-01",4.651276166666684
"Salzburg","2014-05-01",7.462385026881743
"Salzburg","2014-06-01",12.227678305555582
"Salzburg","2014-07-01",13.757222325268842
"Salzburg","2014-08-01",11.936185201612915
"Salzburg","2014-09-01",10.24001151388892
"Salzburg","2014-10-01",7.864268024193568
"Salzburg","2014-11-01",4.2983089722222445
"Salzburg","2014-12-01",-2.3045652284946017
"Salzburg","2015-01-01",-4.929676599462341
"Salzburg","2015-02-01",-4.74087285714284
"Salzburg","2015-03-01",-0.6783723252687935
"Salzburg","2015-04-01",2.9704661666666916
"Salzburg","2015-05-01",8.484491653225836
"Salzburg","2015-06-01",12.68854987500002
"Salzburg","2015-07-01",16.733831801075272
"Salzburg","2015-08-01",16.115930161290336
"Salzburg","2015-09-01",9.26214280555559
"Salzburg","2015-10-01",5.6039646370968
"Salzburg","2015-11-01",2.3411630972222404
"Salzburg","2015-12-01",0.08233079301077496
"Salzburg","2016-01-01",-4.831835470430081
"Salzburg","2016-02-01",-2.0671365660919307
"Salzburg","2016-03-01",-1.030802715053741
"Salzburg","2016-04-01",4.04342223611113
"Salzburg","2016-05-01",7.917331102150563
"Salzburg","2016-06-01",12.30240619444448
"Salzburg","2016-07-01",14.381446088709687
"Salzburg","2016-08-01",13.753622741935509
"Salzburg","2016-09-01",12.102979777777795
"Salzburg","2016-10-01",4.784432352150564
"Salzburg","2016-11-01",-0.4011470277777558
"Salzburg","2016-12-01",-2.126738629032236
"Salzburg","2017-01-01",-9.50159569892471
"Salzburg","2017-02-01",-1.622616874999977
"Salzburg","2017-03-01",2.159827970430129
"Salzburg","2017-04-01",2.3933516944444673
"Salzburg","2017-05-01",9.1867851075269
"Salzburg","2017-06-01",14.153587666666677
"Salzburg","2017-07-01",14.178802083333357
"Salzburg","2017-08-01",15.414596518817207
"Salzburg","2017-09-01",7.965382722222244
"Salzburg","2017-10-01",6.160313548387123
"Salzburg","2017-11-01",-1.553578402777754
"Salzburg","2017-12-01",-5.993887271505345
"Salzburg","2018-01-01",-2.3666629032257824
"Salzburg","2018-02-01",-7.082462857142838
"Salzburg","2018-03-01",-1.48211006720428
"Salzburg","2018-04-01",6.998121458333355
"Salzburg","2018-05-01",11.16070229838711
"Salzburg","2018-06-01",12.815188111111125
"Salzburg","2018-07-01",14.69886005376348
"Salzburg","2018-08-01",15.633101344086032
"Salzburg","2018-09-01",11.596217194444492
"Salzburg","2018-10-01",7.63455193548389
"Salzburg","2018-11-01",2.8490829444444663
"Salzburg","2018-12-01",-3.9444242338709463
"Salzburg","2019-01-01",-6.345770174731164
"Salzburg","2019-02-01",-1.6131363988094969
"Salzburg","2019-03-01",0.3988304838709908
"Salzburg","2019-04-01",3.248682333333359
"Salzburg","2019-05-01",4.786850564516153
"Salzburg","2019-06-01",16.16748895833336
"Salzburg","2019-07-01",15.304421478494643
"Salzburg","2019-08-01",15.19417892473122
"Salzburg","2019-09-01",10.707184666666702
"Salzburg","2019-10-01",8.00733579301077
"Salzburg","2019-11-01",1.5948730277778007
"Salzburg","2019-12-01",-2.6800900806451406
"Salzburg","2020-01-01",-4.479962486559123
"Salzburg","2020-02-01",-2.227052068965492
"Salzburg","2020-03-01",-0.07042608870965508
"Salzburg","2020-04-01",5.679583972222244
"Salzburg","2020-05-01",7.789958629032279
"Salzburg","2020-06-01",11.919470222222238
"Salzburg","2020-07-01",14.19590685483873
"Salzburg","2020-08-01",15.03174928763443
"Salzburg","2020-09-01",11.19714561111111
"Salzburg","2020-10-01",4.750480900537656
"Salzburg","2020-11-01",2.264604166666693
"Salzburg","2020-12-01",-2.8120936693548173
"Salzburg","2021-01-01",-6.8116973521505155
"Salzburg","2021-02-01",-2.3018947767856903
"Salzburg","2021-03-01",-1.1712223924730985
"Salzburg","2021-04-01",1.0687939166666889
"Salzburg","2021-05-01",5.354229758064534
"Salzburg","2021-06-01",14.774780125000039
"Salzburg","2021-07-01",14.73623717741938
"Salzburg","2021-08-01",12.399522822580675
"Salzburg","2021-09-01",11.328250819444467
"Salzburg","2021-10-01",5.37008284946239
"Salzburg","2021-11-01",0.9143737500000213
"Salzburg","2021-12-01",-3.8244317741935214
"Salzburg","2022-01-01",-3.8810574462365337
"Salzburg","2022-02-01",-3.1677865922618826
"Salzburg","2022-03-01",-1.1758509139784683
"Salzburg","2022-04-01",3.0122142083333556
"Salzburg","2022-05-01",10.32451422043014
"Salzburg","2022-06-01",14.772553041666686
"Salzburg","2022-07-01",15.130805362903246
"Salzburg","2022-08-01",14.734738400537664
"Salzburg","2022-09-01",8.64928458333335
"Salzburg","2022-10-01",9.158102096774211
"Salzburg","2022-11-01",1.8195929583333583
"Salzburg","2022-12-01",-2.3858202822580403
"Salzburg","2023-01-01",-3.0685918951612665
"Salzburg","2023-02-01",-3.0765258482142652
"Salzburg","2023-03-01",1.25605159946239
"Salzburg","2023-04-01",2.066366625000025
"Salzburg","2023-05-01",8.722009637096804
"Salzburg","2023-06-01",13.632224388888904
"Salzburg","2023-07-01",15.283296747311857
"Salzburg","2023-08-01",14.873211572580669
"Salzburg","2023-09-01",13.74910969444447
"Salzburg","2023-10-01",9.164403615591416
"Salzburg","2023-11-01",-0.4188328749999768
"Salzburg","2023-12-01",-2.468099677419333
"Salzburg","2024-01-01",-4.532451962365565
"Salzburg","2024-02-01",1.3142615517241585
"Salzburg","2024-03-01",2.3098184274193807
"Salzburg","2024-04-01",4.832245388888917
"Salzburg","2024-05-01",9.553901908602183
"Salzburg","2024-06-01",13.75825938888891
"Salzburg","2024-07-01",15.995288481182817
"Salzburg","2024-08-01",16.846650309139836
"Salzburg","2024-09-01",9.864202541666678
"Salzburg","2024-10-01",8.863578185483899
"Salzburg","2024-11-01",0.997184069444472
"Salzburg","2024-12-01",-3.55276248655912
"Oberösterreich","1974-01-01",1.383830470430128
"Oberösterreich","1974-02-01",3.2566049107143065
"Oberösterreich","1974-03-01",7.3257261290322795
"Oberösterreich","1974-04-01",8.423567041666704
"Oberösterreich","1974-05-01",11.708610725806466
"Oberösterreich","1974-06-01",14.06965169444447
"Oberösterreich","1974-07-01",16.638430577957003
"Oberösterreich","1974-08-01",18.92765779569897
"Oberösterreich","1974-09-01",14.033235680555562
"Oberösterreich","1974-10-01",5.244243037634425
"Oberösterreich","1974-11-01",3.1557326805555808
"Oberösterreich","1974-12-01",3.3037506317204572
"Oberösterreich","1975-01-01",2.2843802016129273
"Oberösterreich","1975-02-01",0.8843389583333547
"Oberösterreich","1975-03-01",4.613973951612921
"Oberösterreich","1975-04-01",7.766185416666695
"Oberösterreich","1975-05-01",14.102372096774205
"Oberösterreich","1975-06-01",14.87167081944447
"Oberösterreich","1975-07-01",17.940183145161317
"Oberösterreich","1975-08-01",17.605777069892497
"Oberösterreich","1975-09-01",16.677920458333343
"Oberösterreich","1975-10-01",7.952711061827965
"Oberösterreich","1975-11-01",2.3136358333333593
"Oberösterreich","1975-12-01",-1.1973972446236332
"Oberösterreich","1976-01-01",0.9828474596774442
"Oberösterreich","1976-02-01",0.6567947413793322
"Oberösterreich","1976-03-01",1.8671496774193768
"Oberösterreich","1976-04-01",8.388021500000033
"Oberösterreich","1976-05-01",13.61478592741939
"Oberösterreich","1976-06-01",17.245909041666682
"Oberösterreich","1976-07-01",19.597836370967784
"Oberösterreich","1976-08-01",15.24488375000002
"Oberösterreich","1976-09-01",12.392494652777799
"Oberösterreich","1976-10-01",9.820824529569924
"Oberösterreich","1976-11-01",4.6889008611111365
"Oberösterreich","1976-12-01",-2.1265123387096545
"Oberösterreich","1977-01-01",-1.2975087499999796
"Oberösterreich","1977-02-01",2.6099400892857356
"Oberösterreich","1977-03-01",6.115527782258085
"Oberösterreich","1977-04-01",6.842297805555582
"Oberösterreich","1977-05-01",13.11383579301078
"Oberösterreich","1977-06-01",16.752251333333366
"Oberösterreich","1977-07-01",17.73987149193551
"Oberösterreich","1977-08-01",16.65270858870972
"Oberösterreich","1977-09-01",11.920939180555582
"Oberösterreich","1977-10-01",9.070723978494648
"Oberösterreich","1977-11-01",4.273243625000017
"Oberösterreich","1977-12-01",-0.5071134139784724
"Oberösterreich","1978-01-01",-0.1763933602150306
"Oberösterreich","1978-02-01",-1.7518344940475954
"Oberösterreich","1978-03-01",4.709485900537656
"Oberösterreich","1978-04-01",7.483780736111129
"Oberösterreich","1978-05-01",11.547000322580676
"Oberösterreich","1978-06-01",15.433204750000037
"Oberösterreich","1978-07-01",16.33778073924734
"Oberösterreich","1978-08-01",16.0403665994624
"Oberösterreich","1978-09-01",12.99165075000003
"Oberösterreich","1978-10-01",8.37186681451616
"Oberösterreich","1978-11-01",1.3368959027778016
"Oberösterreich","1978-12-01",-0.49906130376341784
"Oberösterreich","1979-01-01",-4.6025637365591185
"Oberösterreich","1979-02-01",0.08048930059526052
"Oberösterreich","1979-03-01",4.726111276881744
"Oberösterreich","1979-04-01",6.536003722222244
"Oberösterreich","1979-05-01",13.526377217741958
"Oberösterreich","1979-06-01",17.9746262777778
"Oberösterreich","1979-07-01",15.810547258064545
"Oberösterreich","1979-08-01",16.133867352150574
"Oberösterreich","1979-09-01",13.809705305555571
"Oberösterreich","1979-10-01",7.79150520161292
"Oberösterreich","1979-11-01",3.047662583333355
"Oberösterreich","1979-12-01",3.4225400806451836
"Oberösterreich","1980-01-01",-3.7712525134408352
"Oberösterreich","1980-02-01",2.162924727011519
"Oberösterreich","1980-03-01",3.730599690860237
"Oberösterreich","1980-04-01",5.695808083333356
"Oberösterreich","1980-05-01",10.795225080645205
"Oberösterreich","1980-06-01",15.276814625000037
"Oberösterreich","1980-07-01",15.824240000000025
"Oberösterreich","1980-08-01",17.53185635752692
"Oberösterreich","1980-09-01",13.765462402777787
"Oberösterreich","1980-10-01",7.978230336021525
"Oberösterreich","1980-11-01",2.080295138888911
"Oberösterreich","1980-12-01",-1.1998338709677223
"Oberösterreich","1981-01-01",-4.331157190860192
"Oberösterreich","1981-02-01",-0.8880392410714054
"Oberösterreich","1981-03-01",7.254725954301096
"Oberösterreich","1981-04-01",8.808906597222226
"Oberösterreich","1981-05-01",13.704431263440895
"Oberösterreich","1981-06-01",16.834375861111106
"Oberösterreich","1981-07-01",16.887230725806475
"Oberösterreich","1981-08-01",17.637427647849492
"Oberösterreich","1981-09-01",14.291779750000018
"Oberösterreich","1981-10-01",8.967128575268832
"Oberösterreich","1981-11-01",4.012193444444466
"Oberösterreich","1981-12-01",-2.242374301075245
"Oberösterreich","1982-01-01",-3.70954943548385
"Oberösterreich","1982-02-01",-1.2216616666666458
"Oberösterreich","1982-03-01",4.586597298387115
"Oberösterreich","1982-04-01",6.6802245277778045
"Oberösterreich","1982-05-01",13.775239368279598
"Oberösterreich","1982-06-01",17.23333050000002
"Oberösterreich","1982-07-01",19.207428131720462
"Oberösterreich","1982-08-01",17.981381344086035
"Oberösterreich","1982-09-01",16.494056236111124
"Oberösterreich","1982-10-01",9.522198911290351
"Oberösterreich","1982-11-01",4.455415875000029
"Oberösterreich","1982-12-01",1.946428776881742
"Oberösterreich","1983-01-01",3.1743182526881957
"Oberösterreich","1983-02-01",-2.582372083333312
"Oberösterreich","1983-03-01",4.838767083333363
"Oberösterreich","1983-04-01",9.782012555555564
"Oberösterreich","1983-05-01",13.11343435483872
"Oberösterreich","1983-06-01",16.44726319444446
"Oberösterreich","1983-07-01",20.76812576612903
"Oberösterreich","1983-08-01",18.127018481182823
"Oberösterreich","1983-09-01",14.105641388888918
"Oberösterreich","1983-10-01",8.875595860215075
"Oberösterreich","1983-11-01",1.4777551111111324
"Oberösterreich","1983-12-01",-1.1369088440859985
"Oberösterreich","1984-01-01",0.023409892473141264
"Oberösterreich","1984-02-01",-0.7446731752873352
"Oberösterreich","1984-03-01",2.878341505376367
"Oberösterreich","1984-04-01",7.118090222222246
"Oberösterreich","1984-05-01",11.848972540322604
"Oberösterreich","1984-06-01",15.231626541666687
"Oberösterreich","1984-07-01",16.46524731182797
"Oberösterreich","1984-08-01",17.211816397849486
"Oberösterreich","1984-09-01",12.803946486111123
"Oberösterreich","1984-10-01",9.772070322580669
"Oberösterreich","1984-11-01",4.13914534722225
"Oberösterreich","1984-12-01",-0.3100063440859986
"Oberösterreich","1985-01-01",-6.884301142473097
"Oberösterreich","1985-02-01",-3.8696624999999716
"Oberösterreich","1985-03-01",3.2116018279570087
"Oberösterreich","1985-04-01",8.485018763888917
"Oberösterreich","1985-05-01",14.440462016129057
"Oberösterreich","1985-06-01",14.235632680555586
"Oberösterreich","1985-07-01",18.505545712365596
"Oberösterreich","1985-08-01",17.514360215053788
"Oberösterreich","1985-09-01",14.157411583333351
"Oberösterreich","1985-10-01",8.063984193548402
"Oberösterreich","1985-11-01",0.7893879444444671
"Oberösterreich","1985-12-01",2.0850136693548604
"Oberösterreich","1986-01-01",-0.3559500537634175
"Oberösterreich","1986-02-01",-6.034309970238065
"Oberösterreich","1986-03-01",3.0859257661290553
"Oberösterreich","1986-04-01",9.205875916666685
"Oberösterreich","1986-05-01",15.649928198924744
"Oberösterreich","1986-06-01",15.994903375000025
"Oberösterreich","1986-07-01",17.32423504032261
"Oberösterreich","1986-08-01",17.97698783602156
"Oberösterreich","1986-09-01",13.301273097222243
"Oberösterreich","1986-10-01",9.134541975806476
"Oberösterreich","1986-11-01",3.7090360138889116
"Oberösterreich","1986-12-01",-0.1759819354838485
"Oberösterreich","1987-01-01",-5.2293026075268605
"Oberösterreich","1987-02-01",-0.5712988244047397
"Oberösterreich","1987-03-01",-1.8761716801075026
"Oberösterreich","1987-04-01",9.307703333333349
"Oberösterreich","1987-05-01",11.048738938172074
"Oberösterreich","1987-06-01",15.602012180555574
"Oberösterreich","1987-07-01",18.7058678494624
"Oberösterreich","1987-08-01",16.451595215053796
"Oberösterreich","1987-09-01",16.3669863888889
"Oberösterreich","1987-10-01",9.66449732526884
"Oberösterreich","1987-11-01",3.916478777777807
"Oberösterreich","1987-12-01",1.1464993413978721
"Oberösterreich","1988-01-01",1.5017156451613107
"Oberösterreich","1988-02-01",1.4984190373563449
"Oberösterreich","1988-03-01",2.407644301075293
"Oberösterreich","1988-04-01",9.0865309027778
"Oberösterreich","1988-05-01",14.831735040322606
"Oberösterreich","1988-06-01",15.821353527777799
"Oberösterreich","1988-07-01",18.663667580645193
"Oberösterreich","1988-08-01",18.199496088709676
"Oberösterreich","1988-09-01",13.730225972222247
"Oberösterreich","1988-10-01",9.934944717741963
"Oberösterreich","1988-11-01",1.3777383055555794
"Oberösterreich","1988-12-01",1.7084806451613153
"Oberösterreich","1989-01-01",0.2711385349462584
"Oberösterreich","1989-02-01",2.809441830357167
"Oberösterreich","1989-03-01",7.296982204301095
"Oberösterreich","1989-04-01",8.940410222222239
"Oberösterreich","1989-05-01",13.281930282258076
"Oberösterreich","1989-06-01",14.668455722222241
"Oberösterreich","1989-07-01",18.1928275134409
"Oberösterreich","1989-08-01",17.502266854838762
"Oberösterreich","1989-09-01",14.221770902777791
"Oberösterreich","1989-10-01",9.600974959677435
"Oberösterreich","1989-11-01",1.1451544861111291
"Oberösterreich","1989-12-01",-0.28264009408600116
"Oberösterreich","1990-01-01",-1.1645073252687972
"Oberösterreich","1990-02-01",4.338161607142877
"Oberösterreich","1990-03-01",7.259993844086046
"Oberösterreich","1990-04-01",7.327541569444458
"Oberösterreich","1990-05-01",14.40560387096776
"Oberösterreich","1990-06-01",15.532772888888914
"Oberösterreich","1990-07-01",16.930896303763486
"Oberösterreich","1990-08-01",18.5035278091398
"Oberösterreich","1990-09-01",11.73196454166668
"Oberösterreich","1990-10-01",9.588338024193563
"Oberösterreich","1990-11-01",3.8498585416666935
"Oberösterreich","1990-12-01",-0.4288248521505144
"Oberösterreich","1991-01-01",0.193746545698944
"Oberösterreich","1991-02-01",-3.345557321428542
"Oberösterreich","1991-03-01",5.8581327016129245
"Oberösterreich","1991-04-01",7.270847583333361
"Oberösterreich","1991-05-01",9.391239637096799
"Oberösterreich","1991-06-01",14.95394919444447
"Oberösterreich","1991-07-01",18.96487395161293
"Oberösterreich","1991-08-01",18.01444423387097
"Oberösterreich","1991-09-01",14.923466333333362
"Oberösterreich","1991-10-01",7.7209009811828135
"Oberösterreich","1991-11-01",2.785988888888912
"Oberösterreich","1991-12-01",-1.4569106586021245
"Oberösterreich","1992-01-01",0.3509917741935708
"Oberösterreich","1992-02-01",2.0897743534482975
"Oberösterreich","1992-03-01",4.464642231182817
"Oberösterreich","1992-04-01",7.963541652777803
"Oberösterreich","1992-05-01",14.603943776881751
"Oberösterreich","1992-06-01",17.49307513888891
"Oberösterreich","1992-07-01",19.483096948924747
"Oberösterreich","1992-08-01",22.367958978494634
"Oberösterreich","1992-09-01",14.336875986111135
"Oberösterreich","1992-10-01",7.368358642473123
"Oberösterreich","1992-11-01",4.34997080555558
"Oberösterreich","1992-12-01",-0.3314527419354614
"Oberösterreich","1993-01-01",0.9248303763441091
"Oberösterreich","1993-02-01",-1.7051666815475954
"Oberösterreich","1993-03-01",2.8861313844086234
"Oberösterreich","1993-04-01",10.035920833333352
"Oberösterreich","1993-05-01",15.602819569892498
"Oberösterreich","1993-06-01",16.381897138888903
"Oberösterreich","1993-07-01",16.60392043010754
"Oberösterreich","1993-08-01",17.814873118279575
"Oberösterreich","1993-09-01",13.257079638888905
"Oberösterreich","1993-10-01",8.970317123655926
"Oberösterreich","1993-11-01",1.440422361111133
"Oberösterreich","1993-12-01",2.287635067204328
"Oberösterreich","1994-01-01",2.4416325672043198
"Oberösterreich","1994-02-01",0.6300944345238315
"Oberösterreich","1994-03-01",7.503901989247333
"Oberösterreich","1994-04-01",8.127547083333358
"Oberösterreich","1994-05-01",13.65417782258068
"Oberösterreich","1994-06-01",17.02402311111114
"Oberösterreich","1994-07-01",21.77190721774196
"Oberösterreich","1994-08-01",20.087288588709693
"Oberösterreich","1994-09-01",15.280882902777796
"Oberösterreich","1994-10-01",7.555755497311848
"Oberösterreich","1994-11-01",7.245541500000027
"Oberösterreich","1994-12-01",1.8173423252688405
"Oberösterreich","1995-01-01",-1.279391061827936
"Oberösterreich","1995-02-01",4.400911175595261
"Oberösterreich","1995-03-01",3.422471814516154
"Oberösterreich","1995-04-01",9.590916430555586
"Oberösterreich","1995-05-01",13.618661424731219
"Oberösterreich","1995-06-01",14.791223041666687
"Oberösterreich","1995-07-01",21.11705368279573
"Oberösterreich","1995-08-01",17.815890201612945
"Oberösterreich","1995-09-01",12.908749861111133
"Oberösterreich","1995-10-01",11.105989637096807
"Oberösterreich","1995-11-01",1.5152158750000246
"Oberösterreich","1995-12-01",-0.7405530107526659
"Oberösterreich","1996-01-01",-3.676863293010732
"Oberösterreich","1996-02-01",-2.25074068965515
"Oberösterreich","1996-03-01",1.0556055913978721
"Oberösterreich","1996-04-01",8.755178097222242
"Oberösterreich","1996-05-01",13.633792983870991
"Oberösterreich","1996-06-01",17.414528152777784
"Oberösterreich","1996-07-01",16.780421559139786
"Oberösterreich","1996-08-01",17.14271596774196
"Oberösterreich","1996-09-01",10.981629486111148
"Oberösterreich","1996-10-01",9.602194180107544
"Oberösterreich","1996-11-01",5.008574916666695
"Oberösterreich","1996-12-01",-2.890278131720408
"Oberösterreich","1997-01-01",-3.220620497311803
"Oberösterreich","1997-02-01",2.956078883928592
"Oberösterreich","1997-03-01",5.501524005376365
"Oberösterreich","1997-04-01",6.334079486111135
"Oberösterreich","1997-05-01",14.282579206989276
"Oberösterreich","1997-06-01",17.2659077638889
"Oberösterreich","1997-07-01",17.344555188172034
"Oberösterreich","1997-08-01",18.900036236559167
"Oberösterreich","1997-09-01",14.502258902777804
"Oberösterreich","1997-10-01",7.243301518817223
"Oberösterreich","1997-11-01",3.714986277777804
"Oberösterreich","1997-12-01",1.5406358333333554
"Oberösterreich","1998-01-01",0.8324760080645369
"Oberösterreich","1998-02-01",3.4213022470238297
"Oberösterreich","1998-03-01",4.603483870967767
"Oberösterreich","1998-04-01",9.857775333333352
"Oberösterreich","1998-05-01",14.435409905913986
"Oberösterreich","1998-06-01",17.597908875000023
"Oberösterreich","1998-07-01",18.04709241935486
"Oberösterreich","1998-08-01",18.625220362903256
"Oberösterreich","1998-09-01",13.395712375000024
"Oberösterreich","1998-10-01",9.650510927419376
"Oberösterreich","1998-11-01",1.6068379722222466
"Oberösterreich","1998-12-01",-0.7499270430107312
"Oberösterreich","1999-01-01",0.46824024193550645
"Oberösterreich","1999-02-01",-0.6416249404761688
"Oberösterreich","1999-03-01",5.462606209677449
"Oberösterreich","1999-04-01",9.493208555555576
"Oberösterreich","1999-05-01",14.57199385752692
"Oberösterreich","1999-06-01",16.218821666666727
"Oberösterreich","1999-07-01",19.18431611559143
"Oberösterreich","1999-08-01",17.890252029569872
"Oberösterreich","1999-09-01",16.567719611111112
"Oberösterreich","1999-10-01",9.303130349462403
"Oberösterreich","1999-11-01",2.605179083333352
"Oberösterreich","1999-12-01",0.19629971774195765
"Oberösterreich","2000-01-01",-2.4194824059139535
"Oberösterreich","2000-02-01",3.2903952442528914
"Oberösterreich","2000-03-01",5.095033064516152
"Oberösterreich","2000-04-01",11.598993736111126
"Oberösterreich","2000-05-01",15.609434005376377
"Oberösterreich","2000-06-01",18.658941083333364
"Oberösterreich","2000-07-01",16.49792381720432
"Oberösterreich","2000-08-01",19.738014435483894
"Oberösterreich","2000-09-01",13.993208333333344
"Oberösterreich","2000-10-01",11.279998131720454
"Oberösterreich","2000-11-01",5.205115555555574
"Oberösterreich","2000-12-01",1.215656962365615
"Oberösterreich","2001-01-01",-1.1751076075268576
"Oberösterreich","2001-02-01",1.7928778422619247
"Oberösterreich","2001-03-01",6.000473360215081
"Oberösterreich","2001-04-01",7.7789994444444694
"Oberösterreich","2001-05-01",15.973714287634445
"Oberösterreich","2001-06-01",15.093476861111135
"Oberösterreich","2001-07-01",18.99101424731185
"Oberösterreich","2001-08-01",19.483603212365622
"Oberösterreich","2001-09-01",11.738188375000012
"Oberösterreich","2001-10-01",12.257328279569913
"Oberösterreich","2001-11-01",2.862967819444467
"Oberösterreich","2001-12-01",-2.271109260752671
"Oberösterreich","2002-01-01",-0.91106831989245
"Oberösterreich","2002-02-01",4.877605833333354
"Oberösterreich","2002-03-01",6.116688776881743
"Oberösterreich","2002-04-01",8.942336541666702
"Oberösterreich","2002-05-01",15.780772473118292
"Oberösterreich","2002-06-01",19.343414152777783
"Oberösterreich","2002-07-01",19.46725291666666
"Oberösterreich","2002-08-01",18.82617228494626
"Oberösterreich","2002-09-01",12.974012944444459
"Oberösterreich","2002-10-01",8.436923360215077
"Oberösterreich","2002-11-01",6.250381333333356
"Oberösterreich","2002-12-01",0.04028892473120551
"Oberösterreich","2003-01-01",-1.3084017876343863
"Oberösterreich","2003-02-01",-2.7406872619047364
"Oberösterreich","2003-03-01",5.355127674731207
"Oberösterreich","2003-04-01",8.789334472222244
"Oberösterreich","2003-05-01",16.31643383064519
"Oberösterreich","2003-06-01",21.532387236111127
"Oberösterreich","2003-07-01",20.371360887096767
"Oberösterreich","2003-08-01",22.56703711021506
"Oberösterreich","2003-09-01",14.820666513888902
"Oberösterreich","2003-10-01",6.482422123655948
"Oberösterreich","2003-11-01",5.209511305555577
"Oberösterreich","2003-12-01",0.2262731989247553
"Oberösterreich","2004-01-01",-1.691034327956968
"Oberösterreich","2004-02-01",1.814482370689676
"Oberösterreich","2004-03-01",3.8084299596774405
"Oberösterreich","2004-04-01",10.008563833333355
"Oberösterreich","2004-05-01",12.269676653225826
"Oberösterreich","2004-06-01",16.146162513888918
"Oberösterreich","2004-07-01",18.056929381720433
"Oberösterreich","2004-08-01",19.18008680107531
"Oberösterreich","2004-09-01",14.454947111111121
"Oberösterreich","2004-10-01",10.554122486559145
"Oberösterreich","2004-11-01",4.3991413750000214
"Oberösterreich","2004-12-01",-0.22311357526879333
"Oberösterreich","2005-01-01",0.284663252688194
"Oberösterreich","2005-02-01",-1.9817707589285483
"Oberösterreich","2005-03-01",3.021267379032278
"Oberösterreich","2005-04-01",9.848194847222231
"Oberösterreich","2005-05-01",14.197153642473143
"Oberösterreich","2005-06-01",17.383882625000044
"Oberösterreich","2005-07-01",18.613118118279594
"Oberösterreich","2005-08-01",16.633338790322618
"Oberösterreich","2005-09-01",15.251045180555588
"Oberösterreich","2005-10-01",10.261462123655933
"Oberösterreich","2005-11-01",2.7024886250000226
"Oberösterreich","2005-12-01",-0.7213737365591172
"Oberösterreich","2006-01-01",-3.9528502284946008
"Oberösterreich","2006-02-01",-1.5760279910714066
"Oberösterreich","2006-03-01",1.695764287634431
"Oberösterreich","2006-04-01",9.51725354166668
"Oberösterreich","2006-05-01",13.519838172043034
"Oberösterreich","2006-06-01",17.53062512500004
"Oberösterreich","2006-07-01",21.91662098118283
"Oberösterreich","2006-08-01",15.754263185483905
"Oberösterreich","2006-09-01",16.861181236111143
"Oberösterreich","2006-10-01",11.399325819892502
"Oberösterreich","2006-11-01",5.815333652777807
"Oberösterreich","2006-12-01",2.1049585752688436
"Oberösterreich","2007-01-01",4.3443911155914225
"Oberösterreich","2007-02-01",4.496217410714314
"Oberösterreich","2007-03-01",6.467959973118299
"Oberösterreich","2007-04-01",12.41176679166669
"Oberösterreich","2007-05-01",15.061613965053795
"Oberösterreich","2007-06-01",19.245733263888905
"Oberösterreich","2007-07-01",19.65937022849465
"Oberösterreich","2007-08-01",18.431861693548402
"Oberösterreich","2007-09-01",12.570827208333354
"Oberösterreich","2007-10-01",8.360539368279596
"Oberösterreich","2007-11-01",2.317519791666687
"Oberösterreich","2007-12-01",0.24230158602153015
"Oberösterreich","2008-01-01",2.0515039516129265
"Oberösterreich","2008-02-01",3.208093290229907
"Oberösterreich","2008-03-01",4.573887325268836
"Oberösterreich","2008-04-01",8.855313930555583
"Oberösterreich","2008-05-01",15.040677217741969
"Oberösterreich","2008-06-01",18.473966736111137
"Oberösterreich","2008-07-01",18.636120376344103
"Oberösterreich","2008-08-01",18.551044650537644
"Oberösterreich","2008-09-01",13.133608541666693
"Oberösterreich","2008-10-01",9.437908212365619
"Oberösterreich","2008-11-01",5.253802666666686
"Oberösterreich","2008-12-01",1.6334083064516338
"Oberösterreich","2009-01-01",-2.4268356989247093
"Oberösterreich","2009-02-01",0.07606566964287968
"Oberösterreich","2009-03-01",4.258351397849486
"Oberösterreich","2009-04-01",13.32278972222224
"Oberösterreich","2009-05-01",14.715409959677428
"Oberösterreich","2009-06-01",16.034619236111148
"Oberösterreich","2009-07-01",19.03756430107534
"Oberösterreich","2009-08-01",19.532806895161308
"Oberösterreich","2009-09-01",15.694309097222241
"Oberösterreich","2009-10-01",8.500695053763462
"Oberösterreich","2009-11-01",6.208932597222239
"Oberösterreich","2009-12-01",0.41889861559142166
"Oberösterreich","2010-01-01",-2.885226249999977
"Oberösterreich","2010-02-01",-0.9338103571428333
"Oberösterreich","2010-03-01",4.313794206989271
"Oberösterreich","2010-04-01",9.550064152777797
"Oberösterreich","2010-05-01",12.906167674731215
"Oberösterreich","2010-06-01",17.458173569444458
"Oberösterreich","2010-07-01",20.394444032258072
"Oberösterreich","2010-08-01",17.836211236559187
"Oberösterreich","2010-09-01",12.83627012500003
"Oberösterreich","2010-10-01",7.69850735215057
"Oberösterreich","2010-11-01",5.674432861111138
"Oberösterreich","2010-12-01",-2.949630403225782
"Oberösterreich","2011-01-01",-0.04429068548384739
"Oberösterreich","2011-02-01",0.41832663690478444
"Oberösterreich","2011-03-01",5.483625456989273
"Oberösterreich","2011-04-01",11.955973888888916
"Oberösterreich","2011-05-01",14.781370618279606
"Oberösterreich","2011-06-01",17.74252602777779
"Oberösterreich","2011-07-01",17.39614205645163
"Oberösterreich","2011-08-01",19.81233814516133
"Oberösterreich","2011-09-01",16.06773511111115
"Oberösterreich","2011-10-01",9.099489274193546
"Oberösterreich","2011-11-01",3.1919596388889144
"Oberösterreich","2011-12-01",2.5051072043010962
"Oberösterreich","2012-01-01",1.4612038306451824
"Oberösterreich","2012-02-01",-3.54324071839079
"Oberösterreich","2012-03-01",7.252275013440886
"Oberösterreich","2012-04-01",9.527422527777796
"Oberösterreich","2012-05-01",15.09994553763444
"Oberösterreich","2012-06-01",18.191169236111133
"Oberösterreich","2012-07-01",19.1311698521506
"Oberösterreich","2012-08-01",19.906222271505428
"Oberösterreich","2012-09-01",14.732468986111133
"Oberösterreich","2012-10-01",8.85206751344088
"Oberösterreich","2012-11-01",5.202527958333356
"Oberösterreich","2012-12-01",0.3713191532258302
"Oberösterreich","2013-01-01",0.12789967741937747
"Oberösterreich","2013-02-01",-0.5670027083333106
"Oberösterreich","2013-03-01",2.099503588709698
"Oberösterreich","2013-04-01",10.079541000000015
"Oberösterreich","2013-05-01",13.089337701612928
"Oberösterreich","2013-06-01",16.930529138888886
"Oberösterreich","2013-07-01",20.97413090053767
"Oberösterreich","2013-08-01",19.75623462365595
"Oberösterreich","2013-09-01",14.073570583333357
"Oberösterreich","2013-10-01",10.040979663978518
"Oberösterreich","2013-11-01",4.874215750000017
"Oberösterreich","2013-12-01",1.7320972177419596
"Oberösterreich","2014-01-01",1.4607462231183053
"Oberösterreich","2014-02-01",3.579208125000025
"Oberösterreich","2014-03-01",7.944574690860237
"Oberösterreich","2014-04-01",11.028410930555562
"Oberösterreich","2014-05-01",12.984755497311854
"Oberösterreich","2014-06-01",17.591661819444454
"Oberösterreich","2014-07-01",19.582916760752695
"Oberösterreich","2014-08-01",17.023049287634468
"Oberösterreich","2014-09-01",14.908825694444463
"Oberösterreich","2014-10-01",11.448960174731216
"Oberösterreich","2014-11-01",6.6130294722222445
"Oberösterreich","2014-12-01",2.693931975806477
"Oberösterreich","2015-01-01",2.00471305107529
"Oberösterreich","2015-02-01",0.8955701190476416
"Oberösterreich","2015-03-01",5.4478700806451865
"Oberösterreich","2015-04-01",9.29124618055558
"Oberösterreich","2015-05-01",13.705479650537645
"Oberösterreich","2015-06-01",17.906727569444442
"Oberösterreich","2015-07-01",21.954121223118324
"Oberösterreich","2015-08-01",22.62431926075268
"Oberösterreich","2015-09-01",14.420785402777815
"Oberösterreich","2015-10-01",9.137818010752698
"Oberösterreich","2015-11-01",7.260750694444471
"Oberösterreich","2015-12-01",3.7983642204301318
"Oberösterreich","2016-01-01",0.0754158602150764
"Oberösterreich","2016-02-01",4.571030890804626
"Oberösterreich","2016-03-01",5.107124032258093
"Oberösterreich","2016-04-01",9.508989986111134
"Oberösterreich","2016-05-01",13.685176276881752
"Oberösterreich","2016-06-01",17.861414402777804
"Oberösterreich","2016-07-01",19.937836169354856
"Oberösterreich","2016-08-01",18.401639529569906
"Oberösterreich","2016-09-01",16.77485320833335
"Oberösterreich","2016-10-01",8.770019422043047
"Oberösterreich","2016-11-01",3.72787326388891
"Oberösterreich","2016-12-01",0.5399287903226031
"Oberösterreich","2017-01-01",-3.8120009274193323
"Oberösterreich","2017-02-01",2.9258851636905012
"Oberösterreich","2017-03-01",7.497554139784975
"Oberösterreich","2017-04-01",8.351384319444465
"Oberösterreich","2017-05-01",15.11436377688175
"Oberösterreich","2017-06-01",20.044465569444487
"Oberösterreich","2017-07-01",20.031708051075295
"Oberösterreich","2017-08-01",20.29936494623657
"Oberösterreich","2017-09-01",12.825924416666698
"Oberösterreich","2017-10-01",10.919864301075288
"Oberösterreich","2017-11-01",4.440165638888907
"Oberösterreich","2017-12-01",1.4865637096774433
"Oberösterreich","2018-01-01",3.2722681720430296
"Oberösterreich","2018-02-01",-1.5965622767856922
"Oberösterreich","2018-03-01",2.5862198521505606
"Oberösterreich","2018-04-01",14.429082638888898
"Oberösterreich","2018-05-01",17.35369805107528
"Oberösterreich","2018-06-01",19.00436169444448
"Oberösterreich","2018-07-01",20.35273236559142
"Oberösterreich","2018-08-01",21.77663145161293
"Oberösterreich","2018-09-01",15.96620758333335
"Oberösterreich","2018-10-01",11.717523212365617
"Oberösterreich","2018-11-01",5.533020652777796
"Oberösterreich","2018-12-01",2.319469059139806
"Oberösterreich","2019-01-01",-0.2776242338709448
"Oberösterreich","2019-02-01",2.9525282589285933
"Oberösterreich","2019-03-01",7.039313588709706
"Oberösterreich","2019-04-01",10.773997611111133
"Oberösterreich","2019-05-01",11.44562838709682
"Oberösterreich","2019-06-01",21.937972833333372
"Oberösterreich","2019-07-01",20.79344098118282
"Oberösterreich","2019-08-01",20.534257446236577
"Oberösterreich","2019-09-01",15.046419722222256
"Oberösterreich","2019-10-01",10.845261424731202
"Oberösterreich","2019-11-01",5.6291567083333565
"Oberösterreich","2019-12-01",2.652015779569915
"Oberösterreich","2020-01-01",1.2913552956989462
"Oberösterreich","2020-02-01",4.733990617816113
"Oberösterreich","2020-03-01",5.638331747311854
"Oberösterreich","2020-04-01",11.267413250000027
"Oberösterreich","2020-05-01",12.432489852150564
"Oberösterreich","2020-06-01",17.123504972222275
"Oberösterreich","2020-07-01",19.24074361559141
"Oberösterreich","2020-08-01",19.905343655913992
"Oberösterreich","2020-09-01",15.497504680555584
"Oberösterreich","2020-10-01",9.553069623655933
"Oberösterreich","2020-11-01",4.473640152777797
"Oberösterreich","2020-12-01",2.158852056451637
"Oberösterreich","2021-01-01",-0.12348475806449392
"Oberösterreich","2021-02-01",2.5848159226190686
"Oberösterreich","2021-03-01",4.466545349462386
"Oberösterreich","2021-04-01",7.007602375000024
"Oberösterreich","2021-05-01",11.483690322580665
"Oberösterreich","2021-06-01",20.26848095833336
"Oberösterreich","2021-07-01",19.870934166666682
"Oberösterreich","2021-08-01",17.262233803763486
"Oberösterreich","2021-09-01",15.75273608333338
"Oberösterreich","2021-10-01",8.955333400537658
"Oberösterreich","2021-11-01",3.805515527777806
"Oberösterreich","2021-12-01",2.0324980913978727
"Oberösterreich","2022-01-01",1.8165142338709896
"Oberösterreich","2022-02-01",4.094912827380981
"Oberösterreich","2022-03-01",5.150443225806473
"Oberösterreich","2022-04-01",7.942421819444467
"Oberösterreich","2022-05-01",15.66667606182798
"Oberösterreich","2022-06-01",19.784162402777795
"Oberösterreich","2022-07-01",20.26671278225808
"Oberösterreich","2022-08-01",20.08143779569895
"Oberösterreich","2022-09-01",13.400765694444472
"Oberösterreich","2022-10-01",12.456090497311862
"Oberösterreich","2022-11-01",5.76215109722225
"Oberösterreich","2022-12-01",1.3167882795699157
"Oberösterreich","2023-01-01",2.747905053763465
"Oberösterreich","2023-02-01",3.0308293303571654
"Oberösterreich","2023-03-01",6.320821155914001
"Oberösterreich","2023-04-01",7.382508833333351
"Oberösterreich","2023-05-01",13.830224569892497
"Oberösterreich","2023-06-01",18.60939831944446
"Oberösterreich","2023-07-01",21.21845993279574
"Oberösterreich","2023-08-01",19.663633575268854
"Oberösterreich","2023-09-01",18.266293708333333
"Oberösterreich","2023-10-01",12.712609744623665
"Oberösterreich","2023-11-01",5.3558049027778045
"Oberösterreich","2023-12-01",2.896001276881747
"Oberösterreich","2024-01-01",0.9319851344086252
"Oberösterreich","2024-02-01",6.769354511494278
"Oberösterreich","2024-03-01",8.310987056451635
"Oberösterreich","2024-04-01",10.981498486111128
"Oberösterreich","2024-05-01",15.37289922043015
"Oberösterreich","2024-06-01",19.00419473611113
"Oberösterreich","2024-07-01",21.275228387096778
"Oberösterreich","2024-08-01",22.302945107526913
"Oberösterreich","2024-09-01",15.738061180555592
"Oberösterreich","2024-10-01",11.248015698924748
"Oberösterreich","2024-11-01",3.7575430694444645
"Oberösterreich","2024-12-01",1.6513089650537853
"Vorarlberg","1974-01-01",-0.6748744623655684
"Vorarlberg","1974-02-01",0.3634945089285948
"Vorarlberg","1974-03-01",2.7627452284946474
"Vorarlberg","1974-04-01",4.394590763888912
"Vorarlberg","1974-05-01",7.61066209677422
"Vorarlberg","1974-06-01",11.005056208333349
"Vorarlberg","1974-07-01",14.146238508064538
"Vorarlberg","1974-08-01",15.21372329301077
"Vorarlberg","1974-09-01",10.984960652777817
"Vorarlberg","1974-10-01",1.0285280510752883
"Vorarlberg","1974-11-01",0.6735915833333563
"Vorarlberg","1974-12-01",-0.879582540322559
"Vorarlberg","1975-01-01",-1.1628900537634186
"Vorarlberg","1975-02-01",-1.9197669047618806
"Vorarlberg","1975-03-01",0.6407168682795923
"Vorarlberg","1975-04-01",4.119381513888911
"Vorarlberg","1975-05-01",8.511859556451624
"Vorarlberg","1975-06-01",10.25368729166668
"Vorarlberg","1975-07-01",14.365866559139805
"Vorarlberg","1975-08-01",14.45784857526883
"Vorarlberg","1975-09-01",13.587705458333357
"Vorarlberg","1975-10-01",4.326302258064542
"Vorarlberg","1975-11-01",0.11110931944446821
"Vorarlberg","1975-12-01",-5.184992513440835
"Vorarlberg","1976-01-01",-3.2929957795698694
"Vorarlberg","1976-02-01",-1.1417194971264157
"Vorarlberg","1976-03-01",0.23131037634411
"Vorarlberg","1976-04-01",4.2358130416666855
"Vorarlberg","1976-05-01",9.394738077957003
"Vorarlberg","1976-06-01",13.97993475000003
"Vorarlberg","1976-07-01",15.095418763440893
"Vorarlberg","1976-08-01",12.283340134408629
"Vorarlberg","1976-09-01",9.534275375000025
"Vorarlberg","1976-10-01",7.766366666666677
"Vorarlberg","1976-11-01",0.26575786111113414
"Vorarlberg","1976-12-01",-6.112617620967719
"Vorarlberg","1977-01-01",-1.9116596505376107
"Vorarlberg","1977-02-01",0.6957065773809763
"Vorarlberg","1977-03-01",3.2083388172043246
"Vorarlberg","1977-04-01",2.933240736111136
"Vorarlberg","1977-05-01",8.573019959677449
"Vorarlberg","1977-06-01",12.570538680555591
"Vorarlberg","1977-07-01",14.533489193548414
"Vorarlberg","1977-08-01",13.20272506720431
"Vorarlberg","1977-09-01",9.90995340277781
"Vorarlberg","1977-10-01",8.545194193548426
"Vorarlberg","1977-11-01",0.6197501944444682
"Vorarlberg","1977-12-01",-3.1801309946236302
"Vorarlberg","1978-01-01",-3.7594129032257833
"Vorarlberg","1978-02-01",-1.7274432142856913
"Vorarlberg","1978-03-01",1.915581733870992
"Vorarlberg","1978-04-01",3.672906527777798
"Vorarlberg","1978-05-01",7.389015336021529
"Vorarlberg","1978-06-01",11.369490513888906
"Vorarlberg","1978-07-01",13.716852056451623
"Vorarlberg","1978-08-01",13.183631760752696
"Vorarlberg","1978-09-01",10.6936482916667
"Vorarlberg","1978-10-01",5.654311532258092
"Vorarlberg","1978-11-01",0.6993811805555787
"Vorarlberg","1978-12-01",-3.050341075268792
"Vorarlberg","1979-01-01",-7.0754122177419205
"Vorarlberg","1979-02-01",-1.3587897023809294
"Vorarlberg","1979-03-01",1.8458514650537856
"Vorarlberg","1979-04-01",2.624634916666688
"Vorarlberg","1979-05-01",8.456965887096796
"Vorarlberg","1979-06-01",12.71478976388891
"Vorarlberg","1979-07-01",13.922293669354863
"Vorarlberg","1979-08-01",12.780382002688183
"Vorarlberg","1979-09-01",10.955186902777806
"Vorarlberg","1979-10-01",7.892296223118302
"Vorarlberg","1979-11-01",-0.516847374999979
"Vorarlberg","1979-12-01",-1.3081062768816973
"Vorarlberg","1980-01-01",-5.88762224462363
"Vorarlberg","1980-02-01",-1.0995474568965287
"Vorarlberg","1980-03-01",1.1466231317204527
"Vorarlberg","1980-04-01",2.055590333333356
"Vorarlberg","1980-05-01",7.173543750000016
"Vorarlberg","1980-06-01",11.23062401388891
"Vorarlberg","1980-07-01",12.843153400537666
"Vorarlberg","1980-08-01",15.344549018817219
"Vorarlberg","1980-09-01",12.245460069444468
"Vorarlberg","1980-10-01",5.387505147849486
"Vorarlberg","1980-11-01",-0.41494911111108823
"Vorarlberg","1980-12-01",-6.15507168010751
"Vorarlberg","1981-01-01",-6.620612096774176
"Vorarlberg","1981-02-01",-5.266484389880932
"Vorarlberg","1981-03-01",2.9493409543010976
"Vorarlberg","1981-04-01",5.969348597222238
"Vorarlberg","1981-05-01",9.181679744623677
"Vorarlberg","1981-06-01",13.115444763888913
"Vorarlberg","1981-07-01",13.484073924731206
"Vorarlberg","1981-08-01",14.706367607526925
"Vorarlberg","1981-09-01",11.854242194444474
"Vorarlberg","1981-10-01",5.685719663978519
"Vorarlberg","1981-11-01",-0.7774097777777557
"Vorarlberg","1981-12-01",-3.3050941935483613
"Vorarlberg","1982-01-01",-2.969307392473095
"Vorarlberg","1982-02-01",-3.187081547619026
"Vorarlberg","1982-03-01",0.42682930107529143
"Vorarlberg","1982-04-01",3.3701038750000247
"Vorarlberg","1982-05-01",8.83404645161293
"Vorarlberg","1982-06-01",13.514801277777803
"Vorarlberg","1982-07-01",16.019637150537655
"Vorarlberg","1982-08-01",13.8394621370968
"Vorarlberg","1982-09-01",13.21575881944448
"Vorarlberg","1982-10-01",6.433329193548407
"Vorarlberg","1982-11-01",2.5480656111111344
"Vorarlberg","1982-12-01",-2.2230753763440623
"Vorarlberg","1983-01-01",-2.2324503360214814
"Vorarlberg","1983-02-01",-5.576621755952355
"Vorarlberg","1983-03-01",1.7788835618279788
"Vorarlberg","1983-04-01",5.581443055555581
"Vorarlberg","1983-05-01",7.818920161290346
"Vorarlberg","1983-06-01",13.792286402777805
"Vorarlberg","1983-07-01",17.994915107526907
"Vorarlberg","1983-08-01",14.464085645161312
"Vorarlberg","1983-09-01",11.494547458333349
"Vorarlberg","1983-10-01",6.938158965053791
"Vorarlberg","1983-11-01",1.5984761527778006
"Vorarlberg","1983-12-01",-3.6747911155913764
"Vorarlberg","1984-01-01",-3.842912903225785
"Vorarlberg","1984-02-01",-4.954931637931007
"Vorarlberg","1984-03-01",-1.5713633064515933
"Vorarlberg","1984-04-01",3.53810104166669
"Vorarlberg","1984-05-01",6.533357728494643
"Vorarlberg","1984-06-01",11.884040083333364
"Vorarlberg","1984-07-01",14.38382829301078
"Vorarlberg","1984-08-01",13.800731451612933
"Vorarlberg","1984-09-01",9.22585294444447
"Vorarlberg","1984-10-01",7.487248844086033
"Vorarlberg","1984-11-01",2.748039791666685
"Vorarlberg","1984-12-01",-2.618416572580622
"Vorarlberg","1985-01-01",-9.008159811827936
"Vorarlberg","1985-02-01",-3.341155937499977
"Vorarlberg","1985-03-01",0.06720407258066811
"Vorarlberg","1985-04-01",4.359406138888907
"Vorarlberg","1985-05-01",9.388466236559184
"Vorarlberg","1985-06-01",11.336298291666681
"Vorarlberg","1985-07-01",16.284274395161326
"Vorarlberg","1985-08-01",14.038227459677442
"Vorarlberg","1985-09-01",12.313902625000031
"Vorarlberg","1985-10-01",7.3036633870967975
"Vorarlberg","1985-11-01",-2.9609292222221995
"Vorarlberg","1985-12-01",-1.027954327956968
"Vorarlberg","1986-01-01",-4.213106370967724
"Vorarlberg","1986-02-01",-7.791586011904738
"Vorarlberg","1986-03-01",1.147080201612926
"Vorarlberg","1986-04-01",3.4107715416666897
"Vorarlberg","1986-05-01",11.8257605107527
"Vorarlberg","1986-06-01",12.785326791666682
"Vorarlberg","1986-07-01",14.349506303763475
"Vorarlberg","1986-08-01",14.36655587365592
"Vorarlberg","1986-09-01",11.58619136111112
"Vorarlberg","1986-10-01",7.492303790322606
"Vorarlberg","1986-11-01",1.3010883750000222
"Vorarlberg","1986-12-01",-2.5661626612902984
"Vorarlberg","1987-01-01",-7.63053086021503
"Vorarlberg","1987-02-01",-2.452894836309495
"Vorarlberg","1987-03-01",-2.629609784946216
"Vorarlberg","1987-04-01",5.601247291666691
"Vorarlberg","1987-05-01",6.360871182795723
"Vorarlberg","1987-06-01",11.298592069444474
"Vorarlberg","1987-07-01",15.18945709677421
"Vorarlberg","1987-08-01",14.039198051075296
"Vorarlberg","1987-09-01",13.832745222222238
"Vorarlberg","1987-10-01",8.529267204301094
"Vorarlberg","1987-11-01",1.9118323888889093
"Vorarlberg","1987-12-01",-1.739804811827932
"Vorarlberg","1988-01-01",-0.40723431451610703
"Vorarlberg","1988-02-01",-2.9179215948275625
"Vorarlberg","1988-03-01",-0.0748866666666446
"Vorarlberg","1988-04-01",5.6793114583333555
"Vorarlberg","1988-05-01",11.103264731182827
"Vorarlberg","1988-06-01",12.097406000000017
"Vorarlberg","1988-07-01",15.150044959677452
"Vorarlberg","1988-08-01",14.590089045698933
"Vorarlberg","1988-09-01",11.137159166666677
"Vorarlberg","1988-10-01",8.621598750000038
"Vorarlberg","1988-11-01",-1.0115006249999774
"Vorarlberg","1988-12-01",-1.6507912903225574
"Vorarlberg","1989-01-01",-4.0019758602150315
"Vorarlberg","1989-02-01",0.2068307886904994
"Vorarlberg","1989-03-01",4.266863682795724
"Vorarlberg","1989-04-01",4.236082194444465
"Vorarlberg","1989-05-01",10.011811021505387
"Vorarlberg","1989-06-01",11.350132652777791
"Vorarlberg","1989-07-01",15.059778051075295
"Vorarlberg","1989-08-01",14.318384905914014
"Vorarlberg","1989-09-01",10.951930361111136
"Vorarlberg","1989-10-01",6.909835806451636
"Vorarlberg","1989-11-01",-0.7836855138888642
"Vorarlberg","1989-12-01",-2.3350385483870744
"Vorarlberg","1990-01-01",-3.415579032258043
"Vorarlberg","1990-02-01",1.7647701785714496
"Vorarlberg","1990-03-01",3.331713481182819
"Vorarlberg","1990-04-01",3.566608263888912
"Vorarlberg","1990-05-01",10.977702244623687
"Vorarlberg","1990-06-01",12.046158916666682
"Vorarlberg","1990-07-01",14.762432459677438
"Vorarlberg","1990-08-01",14.907187204301092
"Vorarlberg","1990-09-01",10.082564736111136
"Vorarlberg","1990-10-01",8.834616061827955
"Vorarlberg","1990-11-01",0.2374769027777997
"Vorarlberg","1990-12-01",-5.297090013440842
"Vorarlberg","1991-01-01",-4.42044645161288
"Vorarlberg","1991-02-01",-5.243744360119029
"Vorarlberg","1991-03-01",3.9577147849462673
"Vorarlberg","1991-04-01",3.407983194444469
"Vorarlberg","1991-05-01",5.913963629032281
"Vorarlberg","1991-06-01",11.576472222222234
"Vorarlberg","1991-07-01",16.338967889784968
"Vorarlberg","1991-08-01",15.69723264784948
"Vorarlberg","1991-09-01",12.955565500000011
"Vorarlberg","1991-10-01",5.848483844086044
"Vorarlberg","1991-11-01",0.16409588888891072
"Vorarlberg","1991-12-01",-4.818098467741911
"Vorarlberg","1992-01-01",-5.496869099462344
"Vorarlberg","1992-02-01",-2.1106406321838875
"Vorarlberg","1992-03-01",2.28232788978497
"Vorarlberg","1992-04-01",4.567788597222249
"Vorarlberg","1992-05-01",11.326073884408624
"Vorarlberg","1992-06-01",13.014526361111127
"Vorarlberg","1992-07-01",15.703434341397873
"Vorarlberg","1992-08-01",17.342364879032267
"Vorarlberg","1992-09-01",11.380329597222241
"Vorarlberg","1992-10-01",4.739710134408619
"Vorarlberg","1992-11-01",2.702672930555578
"Vorarlberg","1992-12-01",-3.685013212365561
"Vorarlberg","1993-01-01",-1.1866277419354618
"Vorarlberg","1993-02-01",-3.929302113095212
"Vorarlberg","1993-03-01",-0.09485979838707344
"Vorarlberg","1993-04-01",6.475743180555579
"Vorarlberg","1993-05-01",11.518131129032275
"Vorarlberg","1993-06-01",13.65386625000003
"Vorarlberg","1993-07-01",13.625856545698944
"Vorarlberg","1993-08-01",14.573723521505384
"Vorarlberg","1993-09-01",10.386559638888905
"Vorarlberg","1993-10-01",6.048878602150569
"Vorarlberg","1993-11-01",-1.564260541666642
"Vorarlberg","1993-12-01",-0.9127609408601915
"Vorarlberg","1994-01-01",-1.3314246908601937
"Vorarlberg","1994-02-01",-2.1487574851190283
"Vorarlberg","1994-03-01",5.252218911290347
"Vorarlberg","1994-04-01",3.9034155000000235
"Vorarlberg","1994-05-01",10.379417002688218
"Vorarlberg","1994-06-01",13.770917055555582
"Vorarlberg","1994-07-01",17.636522768817237
"Vorarlberg","1994-08-01",16.124608239247376
"Vorarlberg","1994-09-01",11.620362666666676
"Vorarlberg","1994-10-01",7.155205833333359
"Vorarlberg","1994-11-01",5.360671458333356
"Vorarlberg","1994-12-01",-0.3408224193548146
"Vorarlberg","1995-01-01",-4.85057290322578
"Vorarlberg","1995-02-01",1.5297989136905001
"Vorarlberg","1995-03-01",-0.3122245295698694
"Vorarlberg","1995-04-01",5.328024513888912
"Vorarlberg","1995-05-01",9.526015470430131
"Vorarlberg","1995-06-01",11.260950430555564
"Vorarlberg","1995-07-01",17.475633817204297
"Vorarlberg","1995-08-01",14.066216169354847
"Vorarlberg","1995-09-01",9.105121138888913
"Vorarlberg","1995-10-01",10.520869327957008
"Vorarlberg","1995-11-01",-0.25984781944442126
"Vorarlberg","1995-12-01",-3.100749838709654
"Vorarlberg","1996-01-01",-2.6986710080644927
"Vorarlberg","1996-02-01",-4.359573979885033
"Vorarlberg","1996-03-01",-1.260779354838687
"Vorarlberg","1996-04-01",5.297997291666688
"Vorarlberg","1996-05-01",9.555187647849484
"Vorarlberg","1996-06-01",13.850416694444469
"Vorarlberg","1996-07-01",14.07863330645164
"Vorarlberg","1996-08-01",13.78015348118281
"Vorarlberg","1996-09-01",8.073635527777798
"Vorarlberg","1996-10-01",6.617452190860239
"Vorarlberg","1996-11-01",1.658944319444469
"Vorarlberg","1996-12-01",-3.5316214516128808
"Vorarlberg","1997-01-01",-3.266700604838689
"Vorarlberg","1997-02-01",0.5462928125000228
"Vorarlberg","1997-03-01",3.920141411290342
"Vorarlberg","1997-04-01",3.442143888888912
"Vorarlberg","1997-05-01",10.051522110215085
"Vorarlberg","1997-06-01",12.825330194444472
"Vorarlberg","1997-07-01",13.70836680107529
"Vorarlberg","1997-08-01",15.91943510752692
"Vorarlberg","1997-09-01",12.780856125000023
"Vorarlberg","1997-10-01",6.789396075268836
"Vorarlberg","1997-11-01",2.85874370833336
"Vorarlberg","1997-12-01",-1.0699075672042793
"Vorarlberg","1998-01-01",-2.9264465860214814
"Vorarlberg","1998-02-01",0.011624419642880213
"Vorarlberg","1998-03-01",1.6123037231183022
"Vorarlberg","1998-04-01",5.200172833333354
"Vorarlberg","1998-05-01",10.84506256720432
"Vorarlberg","1998-06-01",14.08403500000003
"Vorarlberg","1998-07-01",15.264147056451648
"Vorarlberg","1998-08-01",15.025978306451629
"Vorarlberg","1998-09-01",10.747121305555586
"Vorarlberg","1998-10-01",6.551595577957012
"Vorarlberg","1998-11-01",-2.4622273749999755
"Vorarlberg","1998-12-01",-3.5337146370967503
"Vorarlberg","1999-01-01",-2.0403540994623413
"Vorarlberg","1999-02-01",-4.338377812499975
"Vorarlberg","1999-03-01",2.853765336021528
"Vorarlberg","1999-04-01",4.984714375000031
"Vorarlberg","1999-05-01",11.858103440860244
"Vorarlberg","1999-06-01",12.100267861111137
"Vorarlberg","1999-07-01",15.427821075268849
"Vorarlberg","1999-08-01",14.905987540322586
"Vorarlberg","1999-09-01",13.775915319444467
"Vorarlberg","1999-10-01",7.794463387096795
"Vorarlberg","1999-11-01",-2.2503406111110897
"Vorarlberg","1999-12-01",-3.545005672042987
"Vorarlberg","2000-01-01",-5.314805698924701
"Vorarlberg","2000-02-01",0.18022524425289668
"Vorarlberg","2000-03-01",2.4426142741935686
"Vorarlberg","2000-04-01",6.300157597222246
"Vorarlberg","2000-05-01",11.629923763440878
"Vorarlberg","2000-06-01",14.891662736111135
"Vorarlberg","2000-07-01",12.990131814516138
"Vorarlberg","2000-08-01",15.752562231182816
"Vorarlberg","2000-09-01",11.991984986111131
"Vorarlberg","2000-10-01",7.8260752822580875
"Vorarlberg","2000-11-01",1.5225803750000255
"Vorarlberg","2000-12-01",-0.3313754301075039
"Vorarlberg","2001-01-01",-2.1790442876343854
"Vorarlberg","2001-02-01",-0.1971150595237866
"Vorarlberg","2001-03-01",3.8481055779570155
"Vorarlberg","2001-04-01",3.3960283611111297
"Vorarlberg","2001-05-01",12.38746559139788
"Vorarlberg","2001-06-01",11.933875861111147
"Vorarlberg","2001-07-01",15.275724327957006
"Vorarlberg","2001-08-01",15.917553037634447
"Vorarlberg","2001-09-01",8.410338569444466
"Vorarlberg","2001-10-01",10.575661048387106
"Vorarlberg","2001-11-01",-0.11486513888886664
"Vorarlberg","2001-12-01",-5.7871421505376075
"Vorarlberg","2002-01-01",-6.139325537634392
"Vorarlberg","2002-02-01",1.791433437500022
"Vorarlberg","2002-03-01",3.5327681989247566
"Vorarlberg","2002-04-01",5.392511736111128
"Vorarlberg","2002-05-01",10.420626478494658
"Vorarlberg","2002-06-01",16.09207134722227
"Vorarlberg","2002-07-01",15.020085900537643
"Vorarlberg","2002-08-01",14.437600107526912
"Vorarlberg","2002-09-01",9.823209722222243
"Vorarlberg","2002-10-01",7.3126455510753
"Vorarlberg","2002-11-01",3.778179958333355
"Vorarlberg","2002-12-01",0.3348113306451844
"Vorarlberg","2003-01-01",-3.6251841935483657
"Vorarlberg","2003-02-01",-5.782951324404733
"Vorarlberg","2003-03-01",3.403417271505401
"Vorarlberg","2003-04-01",5.701463430555579
"Vorarlberg","2003-05-01",11.84517323924733
"Vorarlberg","2003-06-01",18.302700875000014
"Vorarlberg","2003-07-01",16.073404354838708
"Vorarlberg","2003-08-01",18.422284395161327
"Vorarlberg","2003-09-01",11.203897847222244
"Vorarlberg","2003-10-01",4.075423924731203
"Vorarlberg","2003-11-01",2.962606611111132
"Vorarlberg","2003-12-01",-2.3340837768816978
"Vorarlberg","2004-01-01",-2.8634262634408385
"Vorarlberg","2004-02-01",-2.467304755747103
"Vorarlberg","2004-03-01",0.68498045698927
"Vorarlberg","2004-04-01",5.643434319444462
"Vorarlberg","2004-05-01",8.553238669354869
"Vorarlberg","2004-06-01",13.065016416666683
"Vorarlberg","2004-07-01",14.727295779569902
"Vorarlberg","2004-08-01",15.38827368279572
"Vorarlberg","2004-09-01",12.080926888888913
"Vorarlberg","2004-10-01",9.618303521505402
"Vorarlberg","2004-11-01",1.7680255833333565
"Vorarlberg","2004-12-01",-1.860979879032236
"Vorarlberg","2005-01-01",-4.600383279569869
"Vorarlberg","2005-02-01",-5.385425014880924
"Vorarlberg","2005-03-01",1.2155853763441098
"Vorarlberg","2005-04-01",6.20889809722225
"Vorarlberg","2005-05-01",10.894293037634432
"Vorarlberg","2005-06-01",14.864716000000021
"Vorarlberg","2005-07-01",15.014424301075286
"Vorarlberg","2005-08-01",13.106905241935513
"Vorarlberg","2005-09-01",12.5182324027778
"Vorarlberg","2005-10-01",8.775005443548396
"Vorarlberg","2005-11-01",1.3627892361111325
"Vorarlberg","2005-12-01",-4.1612485080644985
"Vorarlberg","2006-01-01",-7.595296787634392
"Vorarlberg","2006-02-01",-3.2905810119047394
"Vorarlberg","2006-03-01",-0.870553696236539
"Vorarlberg","2006-04-01",4.952753958333357
"Vorarlberg","2006-05-01",10.338973225806468
"Vorarlberg","2006-06-01",14.506024000000023
"Vorarlberg","2006-07-01",18.69261786290328
"Vorarlberg","2006-08-01",11.812583629032277
"Vorarlberg","2006-09-01",14.399446375000023
"Vorarlberg","2006-10-01",10.405162580645172
"Vorarlberg","2006-11-01",4.196793805555575
"Vorarlberg","2006-12-01",-0.03400368279567457
"Vorarlberg","2007-01-01",0.5358538978494838
"Vorarlberg","2007-02-01",1.3695233928571662
"Vorarlberg","2007-03-01",2.4400589650537836
"Vorarlberg","2007-04-01",10.013882472222235
"Vorarlberg","2007-05-01",11.555064811827974
"Vorarlberg","2007-06-01",14.581838041666687
"Vorarlberg","2007-07-01",15.08209157258067
"Vorarlberg","2007-08-01",14.3600003091398
"Vorarlberg","2007-09-01",10.029793736111133
"Vorarlberg","2007-10-01",6.8140959946236785
"Vorarlberg","2007-11-01",-0.5159468333333119
"Vorarlberg","2007-12-01",-3.8262451478494386
"Vorarlberg","2008-01-01",0.49784365591400254
"Vorarlberg","2008-02-01",0.6628396695402523
"Vorarlberg","2008-03-01",1.0763025806451834
"Vorarlberg","2008-04-01",4.720172652777801
"Vorarlberg","2008-05-01",12.04713329301079
"Vorarlberg","2008-06-01",14.644093972222244
"Vorarlberg","2008-07-01",15.106167043010778
"Vorarlberg","2008-08-01",15.076051532258077
"Vorarlberg","2008-09-01",10.182338472222254
"Vorarlberg","2008-10-01",7.8622776747312155
"Vorarlberg","2008-11-01",1.9907550694444693
"Vorarlberg","2008-12-01",-2.417049005376321
"Vorarlberg","2009-01-01",-4.275567083333311
"Vorarlberg","2009-02-01",-2.347225401785691
"Vorarlberg","2009-03-01",1.2225310215053986
"Vorarlberg","2009-04-01",8.249019097222249
"Vorarlberg","2009-05-01",12.649110295698947
"Vorarlberg","2009-06-01",13.333897611111126
"Vorarlberg","2009-07-01",15.597076182795728
"Vorarlberg","2009-08-01",16.839641169354863
"Vorarlberg","2009-09-01",12.879644277777802
"Vorarlberg","2009-10-01",7.109769583333362
"Vorarlberg","2009-11-01",4.50736138888891
"Vorarlberg","2009-12-01",-2.1989951478494425
"Vorarlberg","2010-01-01",-4.473590255376319
"Vorarlberg","2010-02-01",-2.536986666666641
"Vorarlberg","2010-03-01",0.7754496908602367
"Vorarlberg","2010-04-01",6.996995944444464
"Vorarlberg","2010-05-01",8.918431895161316
"Vorarlberg","2010-06-01",14.05648712500002
"Vorarlberg","2010-07-01",16.899586639784943
"Vorarlberg","2010-08-01",14.247559381720466
"Vorarlberg","2010-09-01",10.396809875000022
"Vorarlberg","2010-10-01",6.579971290322606
"Vorarlberg","2010-11-01",2.597033500000026
"Vorarlberg","2010-12-01",-3.728914005376325
"Vorarlberg","2011-01-01",-2.1598334946236335
"Vorarlberg","2011-02-01",0.4741751190476435
"Vorarlberg","2011-03-01",4.120299973118304
"Vorarlberg","2011-04-01",9.173987555555573
"Vorarlberg","2011-05-01",11.750270994623676
"Vorarlberg","2011-06-01",13.831292486111128
"Vorarlberg","2011-07-01",13.420556250000006
"Vorarlberg","2011-08-01",16.373132782258086
"Vorarlberg","2011-09-01",13.56206429166669
"Vorarlberg","2011-10-01",7.01323837365594
"Vorarlberg","2011-11-01",3.954034000000026
"Vorarlberg","2011-12-01",-0.5542777553763224
"Vorarlberg","2012-01-01",-2.0564959408601946
"Vorarlberg","2012-02-01",-6.7839334626436445
"Vorarlberg","2012-03-01",3.481145524193573
"Vorarlberg","2012-04-01",5.753493069444468
"Vorarlberg","2012-05-01",11.258155954301104
"Vorarlberg","2012-06-01",14.994038736111138
"Vorarlberg","2012-07-01",15.277376276881746
"Vorarlberg","2012-08-01",16.693846438172088
"Vorarlberg","2012-09-01",11.820331097222235
"Vorarlberg","2012-10-01",7.964299126344103
"Vorarlberg","2012-11-01",3.8676231250000233
"Vorarlberg","2012-12-01",-1.7866930779569692
"Vorarlberg","2013-01-01",-2.4665349059139507
"Vorarlberg","2013-02-01",-4.21504223214283
"Vorarlberg","2013-03-01",0.6367822580645394
"Vorarlberg","2013-04-01",6.620120388888915
"Vorarlberg","2013-05-01",8.49252099462369
"Vorarlberg","2013-06-01",13.24572601388892
"Vorarlberg","2013-07-01",17.27468509408605
"Vorarlberg","2013-08-01",15.541459139784967
"Vorarlberg","2013-09-01",11.961724444444469
"Vorarlberg","2013-10-01",9.452122903225815
"Vorarlberg","2013-11-01",1.2404856944444667
"Vorarlberg","2013-12-01",-2.9077262365591148
"Vorarlberg","2014-01-01",1.4461728091398083
"Vorarlberg","2014-02-01",2.478970267857164
"Vorarlberg","2014-03-01",4.679414704301096
"Vorarlberg","2014-04-01",7.837255458333357
"Vorarlberg","2014-05-01",9.95154268817206
"Vorarlberg","2014-06-01",14.381897055555577
"Vorarlberg","2014-07-01",15.005323588709702
"Vorarlberg","2014-08-01",13.575305739247328
"Vorarlberg","2014-09-01",12.218983652777805
"Vorarlberg","2014-10-01",9.62790361559143
"Vorarlberg","2014-11-01",5.096319319444461
"Vorarlberg","2014-12-01",0.6208146774193795
"Vorarlberg","2015-01-01",-1.1773149059139558
"Vorarlberg","2015-02-01",-2.9537748958333108
"Vorarlberg","2015-03-01",3.2788160618279787
"Vorarlberg","2015-04-01",6.56414843055558
"Vorarlberg","2015-05-01",11.080147137096791
"Vorarlberg","2015-06-01",14.943640319444475
"Vorarlberg","2015-07-01",18.65987055107529
"Vorarlberg","2015-08-01",16.922169301075307
"Vorarlberg","2015-09-01",10.107137277777799
"Vorarlberg","2015-10-01",7.111312943548412
"Vorarlberg","2015-11-01",4.626852305555584
"Vorarlberg","2015-12-01",1.353879193548409
"Vorarlberg","2016-01-01",-1.512799919354816
"Vorarlberg","2016-02-01",1.276670129310367
"Vorarlberg","2016-03-01",1.6711781048387306
"Vorarlberg","2016-04-01",6.459293333333355
"Vorarlberg","2016-05-01",9.936007163978516
"Vorarlberg","2016-06-01",13.562225597222252
"Vorarlberg","2016-07-01",16.27327969086024
"Vorarlberg","2016-08-01",15.578674811827991
"Vorarlberg","2016-09-01",13.499786916666688
"Vorarlberg","2016-10-01",6.501016854838731
"Vorarlberg","2016-11-01",2.7498129722222453
"Vorarlberg","2016-12-01",-0.47681985215051464
"Vorarlberg","2017-01-01",-6.759775483870948
"Vorarlberg","2017-02-01",1.07633816964288
"Vorarlberg","2017-03-01",5.092376048387125
"Vorarlberg","2017-04-01",5.113852875000027
"Vorarlberg","2017-05-01",11.680891733870999
"Vorarlberg","2017-06-01",16.485963250000026
"Vorarlberg","2017-07-01",15.95898016129036
"Vorarlberg","2017-08-01",16.46816262096774
"Vorarlberg","2017-09-01",9.694310875000022
"Vorarlberg","2017-10-01",8.115998508064536
"Vorarlberg","2017-11-01",1.3884937638889117
"Vorarlberg","2017-12-01",-2.9616646236558895
"Vorarlberg","2018-01-01",1.4539178763441072
"Vorarlberg","2018-02-01",-4.758217723214266
"Vorarlberg","2018-03-01",1.1714827553763671
"Vorarlberg","2018-04-01",9.884643875000018
"Vorarlberg","2018-05-01",12.436604435483902
"Vorarlberg","2018-06-01",15.08067223611113
"Vorarlberg","2018-07-01",17.047222862903244
"Vorarlberg","2018-08-01",16.987960846774207
"Vorarlberg","2018-09-01",13.114607555555594
"Vorarlberg","2018-10-01",8.762999731182816
"Vorarlberg","2018-11-01",4.250627416666686
"Vorarlberg","2018-12-01",-0.4610811155913779
"Vorarlberg","2019-01-01",-3.5146014247311617
"Vorarlberg","2019-02-01",0.3518780654762118
"Vorarlberg","2019-03-01",3.4647699462365824
"Vorarlberg","2019-04-01",6.478537208333358
"Vorarlberg","2019-05-01",7.645192916666685
"Vorarlberg","2019-06-01",16.977035902777803
"Vorarlberg","2019-07-01",17.046570913978517
"Vorarlberg","2019-08-01",15.9610150403226
"Vorarlberg","2019-09-01",12.177585972222227
"Vorarlberg","2019-10-01",9.693772647849489
"Vorarlberg","2019-11-01",3.1605150138889115
"Vorarlberg","2019-12-01",0.76288491935486
"Vorarlberg","2020-01-01",-0.6956178897849224
"Vorarlberg","2020-02-01",1.7705901293103667
"Vorarlberg","2020-03-01",3.0270857526881967
"Vorarlberg","2020-04-01",9.644559750000028
"Vorarlberg","2020-05-01",10.797372876344095
"Vorarlberg","2020-06-01",13.235300625000018
"Vorarlberg","2020-07-01",16.086744139784976
"Vorarlberg","2020-08-01",15.95180978494627
"Vorarlberg","2020-09-01",12.786170194444459
"Vorarlberg","2020-10-01",6.724732728494649
"Vorarlberg","2020-11-01",3.585415263888909
"Vorarlberg","2020-12-01",-1.453099059139764
"Vorarlberg","2021-01-01",-3.184034663978466
"Vorarlberg","2021-02-01",0.5125037797619272
"Vorarlberg","2021-03-01",1.6062785215053987
"Vorarlberg","2021-04-01",3.828320986111131
"Vorarlberg","2021-05-01",7.852495672043031
"Vorarlberg","2021-06-01",15.97932426388893
"Vorarlberg","2021-07-01",15.14639361559141
"Vorarlberg","2021-08-01",14.141030577957018
"Vorarlberg","2021-09-01",12.961382555555584
"Vorarlberg","2021-10-01",6.705970819892493
"Vorarlberg","2021-11-01",1.6105639861111354
"Vorarlberg","2021-12-01",-2.3524454569892193
"Vorarlberg","2022-01-01",-2.9318597715053563
"Vorarlberg","2022-02-01",-0.1709559672618831
"Vorarlberg","2022-03-01",2.4843552688172266
"Vorarlberg","2022-04-01",5.340149333333359
"Vorarlberg","2022-05-01",12.667824784946262
"Vorarlberg","2022-06-01",16.332434986111124
"Vorarlberg","2022-07-01",17.197308427419383
"Vorarlberg","2022-08-01",16.566502567204328
"Vorarlberg","2022-09-01",10.918039597222247
"Vorarlberg","2022-10-01",11.02716862903228
"Vorarlberg","2022-11-01",4.207680861111134
"Vorarlberg","2022-12-01",0.1692233467742157
"Vorarlberg","2023-01-01",-0.611938198924708
"Vorarlberg","2023-02-01",0.11841760416669019
"Vorarlberg","2023-03-01",4.1089586962365825
"Vorarlberg","2023-04-01",5.113578486111128
"Vorarlberg","2023-05-01",11.02076959677422
"Vorarlberg","2023-06-01",16.4447987777778
"Vorarlberg","2023-07-01",16.829003817204335
"Vorarlberg","2023-08-01",16.212063333333354
"Vorarlberg","2023-09-01",14.996196194444458
"Vorarlberg","2023-10-01",10.372593602150568
"Vorarlberg","2023-11-01",2.184457430555578
"Vorarlberg","2023-12-01",0.4232714650537846
"Vorarlberg","2024-01-01",-0.8073575268816967
"Vorarlberg","2024-02-01",4.437226379310369
"Vorarlberg","2024-03-01",5.274194663978514
"Vorarlberg","2024-04-01",7.06875822222224
"Vorarlberg","2024-05-01",11.151721491935499
"Vorarlberg","2024-06-01",14.905047236111137
"Vorarlberg","2024-07-01",17.325089247311865
"Vorarlberg","2024-08-01",17.924571814516156
"Vorarlberg","2024-09-01",11.521822791666677
"Vorarlberg","2024-10-01",9.747328198924748
"Vorarlberg","2024-11-01",2.5277794444444655
"Vorarlberg","2024-12-01",-2.037581962365569
"Niederösterreich","1974-01-01",1.2930701881720674
"Niederösterreich","1974-02-01",3.220139970238117
"Niederösterreich","1974-03-01",6.7680022177419605
"Niederösterreich","1974-04-01",8.278367513888925
"Niederösterreich","1974-05-01",11.933411303763457
"Niederösterreich","1974-06-01",14.275416888888913
"Niederösterreich","1974-07-01",16.920370645161306
"Niederösterreich","1974-08-01",19.285853575268842
"Niederösterreich","1974-09-01",14.002577500000012
"Niederösterreich","1974-10-01",5.597973508064544
"Niederösterreich","1974-11-01",3.2400586527778
"Niederösterreich","1974-12-01",3.8113074327957226
"Niederösterreich","1975-01-01",2.4125792473118493
"Niederösterreich","1975-02-01",-0.27945919642854833
"Niederösterreich","1975-03-01",4.40170510752691
"Niederösterreich","1975-04-01",7.87297350000002
"Niederösterreich","1975-05-01",14.22785942204304
"Niederösterreich","1975-06-01",15.158492930555585
"Niederösterreich","1975-07-01",18.02734224462366
"Niederösterreich","1975-08-01",17.549284838709656
"Niederösterreich","1975-09-01",16.48619833333339
"Niederösterreich","1975-10-01",8.297969932795727
"Niederösterreich","1975-11-01",2.1222314583333546
"Niederösterreich","1975-12-01",-0.4304810618279353
"Niederösterreich","1976-01-01",1.3855406989247565
"Niederösterreich","1976-02-01",0.01046563218393121
"Niederösterreich","1976-03-01",1.6328263306451847
"Niederösterreich","1976-04-01",8.471625930555586
"Niederösterreich","1976-05-01",13.422652352150568
"Niederösterreich","1976-06-01",17.082134527777814
"Niederösterreich","1976-07-01",19.149367836021522
"Niederösterreich","1976-08-01",15.089520860215067
"Niederösterreich","1976-09-01",12.214540708333358
"Niederösterreich","1976-10-01",9.387578575268849
"Niederösterreich","1976-11-01",4.709634347222242
"Niederösterreich","1976-12-01",-1.35088139784944
"Niederösterreich","1977-01-01",-1.289278991935462
"Niederösterreich","1977-02-01",2.621799613095259
"Niederösterreich","1977-03-01",5.931736733870986
"Niederösterreich","1977-04-01",7.022101388888912
"Niederösterreich","1977-05-01",13.437615819892487
"Niederösterreich","1977-06-01",17.18947183333338
"Niederösterreich","1977-07-01",18.05210651881722
"Niederösterreich","1977-08-01",16.66619849462371
"Niederösterreich","1977-09-01",11.967126680555593
"Niederösterreich","1977-10-01",9.36287470430111
"Niederösterreich","1977-11-01",5.040998833333361
"Niederösterreich","1977-12-01",-0.3977531989247073
"Niederösterreich","1978-01-01",0.04498893817206649
"Niederösterreich","1978-02-01",-2.2140899107142618
"Niederösterreich","1978-03-01",5.003897056451639
"Niederösterreich","1978-04-01",7.117596333333347
"Niederösterreich","1978-05-01",11.653856895161312
"Niederösterreich","1978-06-01",15.676643236111117
"Niederösterreich","1978-07-01",16.670557150537665
"Niederösterreich","1978-08-01",16.487716841397887
"Niederösterreich","1978-09-01",13.657350597222237
"Niederösterreich","1978-10-01",8.341310295698948
"Niederösterreich","1978-11-01",1.3479212500000226
"Niederösterreich","1978-12-01",0.26101809139787346
"Niederösterreich","1979-01-01",-4.644610013440839
"Niederösterreich","1979-02-01",-0.28678715773807223
"Niederösterreich","1979-03-01",4.864797217741955
"Niederösterreich","1979-04-01",6.926715444444468
"Niederösterreich","1979-05-01",13.646323696236573
"Niederösterreich","1979-06-01",18.213471847222255
"Niederösterreich","1979-07-01",16.018432526881746
"Niederösterreich","1979-08-01",16.43235454301077
"Niederösterreich","1979-09-01",13.79863173611113
"Niederösterreich","1979-10-01",6.898135443548417
"Niederösterreich","1979-11-01",3.3377326388889075
"Niederösterreich","1979-12-01",3.826678736559167
"Niederösterreich","1980-01-01",-4.227999314516099
"Niederösterreich","1980-02-01",1.3376972557471511
"Niederösterreich","1980-03-01",3.201632163978516
"Niederösterreich","1980-04-01",5.693041361111142
"Niederösterreich","1980-05-01",10.423117029569914
"Niederösterreich","1980-06-01",15.543107180555607
"Niederösterreich","1980-07-01",16.321653978494652
"Niederösterreich","1980-08-01",17.565009206989274
"Niederösterreich","1980-09-01",13.709078416666678
"Niederösterreich","1980-10-01",8.168330954301107
"Niederösterreich","1980-11-01",1.8991310555555785
"Niederösterreich","1980-12-01",-0.22042837365589102
"Niederösterreich","1981-01-01",-3.48302948924729
"Niederösterreich","1981-02-01",0.048763244047642824
"Niederösterreich","1981-03-01",7.390306518817233
"Niederösterreich","1981-04-01",8.462492930555577
"Niederösterreich","1981-05-01",13.872734381720463
"Niederösterreich","1981-06-01",17.390450416666727
"Niederösterreich","1981-07-01",17.608573817204324
"Niederösterreich","1981-08-01",18.205579798387113
"Niederösterreich","1981-09-01",14.357088680555588
"Niederösterreich","1981-10-01",9.359060712365622
"Niederösterreich","1981-11-01",4.306229763888912
"Niederösterreich","1981-12-01",-2.173906895161272
"Niederösterreich","1982-01-01",-5.01406922043008
"Niederösterreich","1982-02-01",-1.9199460416666412
"Niederösterreich","1982-03-01",4.615610026881739
"Niederösterreich","1982-04-01",6.7462543333333524
"Niederösterreich","1982-05-01",13.666026115591427
"Niederösterreich","1982-06-01",17.383580000000048
"Niederösterreich","1982-07-01",19.130818266129094
"Niederösterreich","1982-08-01",18.38141884408607
"Niederösterreich","1982-09-01",16.866582291666685
"Niederösterreich","1982-10-01",9.580574045698945
"Niederösterreich","1982-11-01",4.3174961527778
"Niederösterreich","1982-12-01",1.574664314516151
"Niederösterreich","1983-01-01",3.3993947311828228
"Niederösterreich","1983-02-01",-2.6294733928571206
"Niederösterreich","1983-03-01",5.1980262096774394
"Niederösterreich","1983-04-01",10.267784472222235
"Niederösterreich","1983-05-01",13.93295709677422
"Niederösterreich","1983-06-01",16.551973777777786
"Niederösterreich","1983-07-01",20.816269422043018
"Niederösterreich","1983-08-01",18.468623373655927
"Niederösterreich","1983-09-01",14.545816222222243
"Niederösterreich","1983-10-01",9.015999435483884
"Niederösterreich","1983-11-01",1.4777771944444689
"Niederösterreich","1983-12-01",-1.2107688978494378
"Niederösterreich","1984-01-01",0.2600023387097003
"Niederösterreich","1984-02-01",-0.6870595977011271
"Niederösterreich","1984-03-01",2.3225877284946495
"Niederösterreich","1984-04-01",7.18661961111114
"Niederösterreich","1984-05-01",12.283706290322604
"Niederösterreich","1984-06-01",15.450244541666674
"Niederösterreich","1984-07-01",16.7103738575269
"Niederösterreich","1984-08-01",17.320092150537647
"Niederösterreich","1984-09-01",13.332583305555577
"Niederösterreich","1984-10-01",10.15541262096776
"Niederösterreich","1984-11-01",4.000902597222244
"Niederösterreich","1984-12-01",-0.5740850403225565
"Niederösterreich","1985-01-01",-6.950665389784909
"Niederösterreich","1985-02-01",-3.6635349553571195
"Niederösterreich","1985-03-01",2.4510195430107733
"Niederösterreich","1985-04-01",8.793009916666694
"Niederösterreich","1985-05-01",14.646611559139798
"Niederösterreich","1985-06-01",14.672111486111124
"Niederösterreich","1985-07-01",18.826716948924766
"Niederösterreich","1985-08-01",18.019539663978534
"Niederösterreich","1985-09-01",14.597829875000013
"Niederösterreich","1985-10-01",7.962578575268841
"Niederösterreich","1985-11-01",0.7579204027777996
"Niederösterreich","1985-12-01",2.1270771370967982
"Niederösterreich","1986-01-01",-0.6240570698924492
"Niederösterreich","1986-02-01",-6.520975803571405
"Niederösterreich","1986-03-01",2.449527379032279
"Niederösterreich","1986-04-01",9.994108583333356
"Niederösterreich","1986-05-01",16.12223330645164
"Niederösterreich","1986-06-01",16.294601986111132
"Niederösterreich","1986-07-01",17.502768440860244
"Niederösterreich","1986-08-01",18.33539754032264
"Niederösterreich","1986-09-01",13.562884736111139
"Niederösterreich","1986-10-01",9.110825228494638
"Niederösterreich","1986-11-01",3.886958555555577
"Niederösterreich","1986-12-01",-0.3016713844085793
"Niederösterreich","1987-01-01",-5.489577029569868
"Niederösterreich","1987-02-01",-0.8893284077380771
"Niederösterreich","1987-03-01",-2.042146868279553
"Niederösterreich","1987-04-01",9.306487555555574
"Niederösterreich","1987-05-01",11.575655806451634
"Niederösterreich","1987-06-01",16.1634806388889
"Niederösterreich","1987-07-01",18.962865376344098
"Niederösterreich","1987-08-01",16.58423268817208
"Niederösterreich","1987-09-01",16.52360438888894
"Niederösterreich","1987-10-01",9.752717607526892
"Niederösterreich","1987-11-01",4.091198902777803
"Niederösterreich","1987-12-01",1.2833544623656143
"Niederösterreich","1988-01-01",1.5729458467742181
"Niederösterreich","1988-02-01",1.6638518103448494
"Niederösterreich","1988-03-01",2.5230166801075486
"Niederösterreich","1988-04-01",8.808926694444468
"Niederösterreich","1988-05-01",14.672285577957004
"Niederösterreich","1988-06-01",16.099309916666694
"Niederösterreich","1988-07-01",19.125037876344127
"Niederösterreich","1988-08-01",18.60933103494626
"Niederösterreich","1988-09-01",14.022369513888913
"Niederösterreich","1988-10-01",9.307468279569912
"Niederösterreich","1988-11-01",0.5544763194444682
"Niederösterreich","1988-12-01",1.9066309139785165
"Niederösterreich","1989-01-01",0.2062365994623886
"Niederösterreich","1989-02-01",3.210552752976217
"Niederösterreich","1989-03-01",7.3577066666666955
"Niederösterreich","1989-04-01",9.26692922222225
"Niederösterreich","1989-05-01",13.258403064516145
"Niederösterreich","1989-06-01",14.666993333333354
"Niederösterreich","1989-07-01",18.339075940860273
"Niederösterreich","1989-08-01",17.722359287634454
"Niederösterreich","1989-09-01",14.166750305555572
"Niederösterreich","1989-10-01",9.741346303763454
"Niederösterreich","1989-11-01",1.4518909861111347
"Niederösterreich","1989-12-01",0.3041555107527116
"Niederösterreich","1990-01-01",-0.45500330645159087
"Niederösterreich","1990-02-01",4.388944122023834
"Niederösterreich","1990-03-01",7.315430215053783
"Niederösterreich","1990-04-01",7.4732462638889094
"Niederösterreich","1990-05-01",14.091892002688194
"Niederösterreich","1990-06-01",15.8928859027778
"Niederösterreich","1990-07-01",17.222737123655932
"Niederösterreich","1990-08-01",18.81780040322582
"Niederösterreich","1990-09-01",12.051770375000018
"Niederösterreich","1990-10-01",9.158938736559163
"Niederösterreich","1990-11-01",4.309386625000031
"Niederösterreich","1990-12-01",-0.8372930376343852
"Niederösterreich","1991-01-01",-0.11114893817202144
"Niederösterreich","1991-02-01",-4.221666636904743
"Niederösterreich","1991-03-01",5.438673024193574
"Niederösterreich","1991-04-01",7.157501611111142
"Niederösterreich","1991-05-01",9.754008037634419
"Niederösterreich","1991-06-01",15.365322416666679
"Niederösterreich","1991-07-01",19.188789583333328
"Niederösterreich","1991-08-01",18.032149650537665
"Niederösterreich","1991-09-01",15.062755875000017
"Niederösterreich","1991-10-01",7.648073293010783
"Niederösterreich","1991-11-01",2.829996166666692
"Niederösterreich","1991-12-01",-1.8574004435483655
"Niederösterreich","1992-01-01",0.7158182795699164
"Niederösterreich","1992-02-01",2.3572882327586413
"Niederösterreich","1992-03-01",4.655771760752712
"Niederösterreich","1992-04-01",8.371080361111131
"Niederösterreich","1992-05-01",14.129712419354862
"Niederösterreich","1992-06-01",17.33903559722224
"Niederösterreich","1992-07-01",19.688246612903246
"Niederösterreich","1992-08-01",22.36937889784951
"Niederösterreich","1992-09-01",14.487554250000032
"Niederösterreich","1992-10-01",7.4520896908602445
"Niederösterreich","1992-11-01",4.370979875000031
"Niederösterreich","1992-12-01",-1.151512392473097
"Niederösterreich","1993-01-01",0.8771362634408851
"Niederösterreich","1993-02-01",-2.458091592261883
"Niederösterreich","1993-03-01",2.476432916666689
"Niederösterreich","1993-04-01",9.406902763888912
"Niederösterreich","1993-05-01",15.421996115591424
"Niederösterreich","1993-06-01",16.64140686111114
"Niederösterreich","1993-07-01",16.953684663978528
"Niederösterreich","1993-08-01",18.01423595430107
"Niederösterreich","1993-09-01",13.500065388888908
"Niederösterreich","1993-10-01",9.078755658602164
"Niederösterreich","1993-11-01",0.6987808611111325
"Niederösterreich","1993-12-01",2.4108093010752905
"Niederösterreich","1994-01-01",3.02205854838712
"Niederösterreich","1994-02-01",-0.036920922619023355
"Niederösterreich","1994-03-01",7.547400241935508
"Niederösterreich","1994-04-01",8.516234930555576
"Niederösterreich","1994-05-01",13.44269559139788
"Niederösterreich","1994-06-01",17.18137480555559
"Niederösterreich","1994-07-01",21.271417594086028
"Niederösterreich","1994-08-01",20.149683400537665
"Niederösterreich","1994-09-01",15.784464083333358
"Niederösterreich","1994-10-01",7.271411223118303
"Niederösterreich","1994-11-01",6.780233680555578
"Niederösterreich","1994-12-01",1.409097634408626
"Niederösterreich","1995-01-01",-0.8154341935483634
"Niederösterreich","1995-02-01",4.719281428571451
"Niederösterreich","1995-03-01",3.3910803494623907
"Niederösterreich","1995-04-01",9.481545958333356
"Niederösterreich","1995-05-01",13.55410147849464
"Niederösterreich","1995-06-01",15.348624500000044
"Niederösterreich","1995-07-01",21.00534891129033
"Niederösterreich","1995-08-01",17.552475524193586
"Niederösterreich","1995-09-01",12.94904433333337
"Niederösterreich","1995-10-01",10.46692553763443
"Niederösterreich","1995-11-01",1.066616027777799
"Niederösterreich","1995-12-01",-1.2910907392472892
"Niederösterreich","1996-01-01",-4.45273013440858
"Niederösterreich","1996-02-01",-3.829483132183884
"Niederösterreich","1996-03-01",0.5220609677419596
"Niederösterreich","1996-04-01",8.33482811111113
"Niederösterreich","1996-05-01",13.876179838709708
"Niederösterreich","1996-06-01",17.179375652777797
"Niederösterreich","1996-07-01",16.738059166666684
"Niederösterreich","1996-08-01",17.089031061827992
"Niederösterreich","1996-09-01",10.851108708333351
"Niederösterreich","1996-10-01",9.558140685483892
"Niederösterreich","1996-11-01",5.491219930555578
"Niederösterreich","1996-12-01",-4.043411975806429
"Niederösterreich","1997-01-01",-3.8315452688171865
"Niederösterreich","1997-02-01",2.563068214285738
"Niederösterreich","1997-03-01",4.715831344086041
"Niederösterreich","1997-04-01",6.088467833333349
"Niederösterreich","1997-05-01",14.137692405914002
"Niederösterreich","1997-06-01",16.98485770833335
"Niederösterreich","1997-07-01",17.265636881720464
"Niederösterreich","1997-08-01",18.519744099462393
"Niederösterreich","1997-09-01",14.268189541666674
"Niederösterreich","1997-10-01",6.885661276881743
"Niederösterreich","1997-11-01",3.6123081527777985
"Niederösterreich","1997-12-01",1.5494829704301298
"Niederösterreich","1998-01-01",0.3793006989247527
"Niederösterreich","1998-02-01",3.399889985119067
"Niederösterreich","1998-03-01",4.2627535080645345
"Niederösterreich","1998-04-01",9.974575694444457
"Niederösterreich","1998-05-01",14.0512248387097
"Niederösterreich","1998-06-01",17.6337050555556
"Niederösterreich","1998-07-01",18.458520752688194
"Niederösterreich","1998-08-01",18.73505692204304
"Niederösterreich","1998-09-01",13.296258611111124
"Niederösterreich","1998-10-01",9.708361088709704
"Niederösterreich","1998-11-01",1.5898868472222447
"Niederösterreich","1998-12-01",-1.2752505510752479
"Niederösterreich","1999-01-01",0.15738787634410906
"Niederösterreich","1999-02-01",-0.3556208482142625
"Niederösterreich","1999-03-01",5.356650483870994
"Niederösterreich","1999-04-01",9.762760444444464
"Niederösterreich","1999-05-01",14.287740779569909
"Niederösterreich","1999-06-01",16.2412603611111
"Niederösterreich","1999-07-01",19.12499162634413
"Niederösterreich","1999-08-01",17.56202782258067
"Niederösterreich","1999-09-01",16.284829638888915
"Niederösterreich","1999-10-01",9.393507123655944
"Niederösterreich","1999-11-01",2.336054527777801
"Niederösterreich","1999-12-01",0.2854829838709907
"Niederösterreich","2000-01-01",-2.210779717741914
"Niederösterreich","2000-02-01",3.3606839798850787
"Niederösterreich","2000-03-01",4.915479274193576
"Niederösterreich","2000-04-01",11.905916861111136
"Niederösterreich","2000-05-01",15.54483270161292
"Niederösterreich","2000-06-01",18.531230500000024
"Niederösterreich","2000-07-01",17.02613747311831
"Niederösterreich","2000-08-01",19.973055846774233
"Niederösterreich","2000-09-01",13.795590194444468
"Niederösterreich","2000-10-01",11.613923723118308
"Niederösterreich","2000-11-01",5.552624722222238
"Niederösterreich","2000-12-01",1.0324518010752903
"Niederösterreich","2001-01-01",-0.9943584005376123
"Niederösterreich","2001-02-01",1.73196415178574
"Niederösterreich","2001-03-01",5.863039516129056
"Niederösterreich","2001-04-01",7.979176472222235
"Niederösterreich","2001-05-01",15.508492365591424
"Niederösterreich","2001-06-01",15.395703333333358
"Niederösterreich","2001-07-01",19.05161782258069
"Niederösterreich","2001-08-01",19.865531841397846
"Niederösterreich","2001-09-01",11.97871308333335
"Niederösterreich","2001-10-01",12.11636614247315
"Niederösterreich","2001-11-01",2.896298027777799
"Niederösterreich","2001-12-01",-2.933451236559116
"Niederösterreich","2002-01-01",0.5168796639785147
"Niederösterreich","2002-02-01",4.98504526785717
"Niederösterreich","2002-03-01",5.896208064516146
"Niederösterreich","2002-04-01",8.660999875000012
"Niederösterreich","2002-05-01",15.907512029569926
"Niederösterreich","2002-06-01",19.08015375000006
"Niederösterreich","2002-07-01",19.674260739247316
"Niederösterreich","2002-08-01",18.938242513440898
"Niederösterreich","2002-09-01",13.027410750000017
"Niederösterreich","2002-10-01",8.323622486559163
"Niederösterreich","2002-11-01",6.185549583333364
"Niederösterreich","2002-12-01",-1.03512831989245
"Niederösterreich","2003-01-01",-1.6061169220429925
"Niederösterreich","2003-02-01",-3.599986755952355
"Niederösterreich","2003-03-01",5.123494475806472
"Niederösterreich","2003-04-01",8.369994000000023
"Niederösterreich","2003-05-01",16.23292840053764
"Niederösterreich","2003-06-01",20.768991027777794
"Niederösterreich","2003-07-01",19.92001518817205
"Niederösterreich","2003-08-01",21.953296586021516
"Niederösterreich","2003-09-01",14.17810520833335
"Niederösterreich","2003-10-01",6.209099583333361
"Niederösterreich","2003-11-01",5.399322402777795
"Niederösterreich","2003-12-01",-0.08766108870965564
"Niederösterreich","2004-01-01",-1.8430583064515915
"Niederösterreich","2004-02-01",2.192946250000024
"Niederösterreich","2004-03-01",3.0184591532258302
"Niederösterreich","2004-04-01",10.014620583333356
"Niederösterreich","2004-05-01",12.434465470430123
"Niederösterreich","2004-06-01",16.22372706944446
"Niederösterreich","2004-07-01",18.19074674731187
"Niederösterreich","2004-08-01",18.90956274193551
"Niederösterreich","2004-09-01",14.055278680555567
"Niederösterreich","2004-10-01",10.270910322580683
"Niederösterreich","2004-11-01",4.485284555555579
"Niederösterreich","2004-12-01",-0.02518244623653603
"Niederösterreich","2005-01-01",0.6296928629032511
"Niederösterreich","2005-02-01",-2.5592203422618796
"Niederösterreich","2005-03-01",2.435657163978517
"Niederösterreich","2005-04-01",9.66307495833336
"Niederösterreich","2005-05-01",14.137757567204327
"Niederösterreich","2005-06-01",17.051751000000035
"Niederösterreich","2005-07-01",18.852042862903257
"Niederösterreich","2005-08-01",16.939978387096797
"Niederösterreich","2005-09-01",15.076577777777828
"Niederösterreich","2005-10-01",9.861454153225838
"Niederösterreich","2005-11-01",2.6960829027777966
"Niederösterreich","2005-12-01",-0.6687673790322343
"Niederösterreich","2006-01-01",-5.271461935483857
"Niederösterreich","2006-02-01",-1.6006256101190246
"Niederösterreich","2006-03-01",2.207470053763463
"Niederösterreich","2006-04-01",9.821359777777795
"Niederösterreich","2006-05-01",13.44154620967743
"Niederösterreich","2006-06-01",17.2342781666667
"Niederösterreich","2006-07-01",21.258390094086053
"Niederösterreich","2006-08-01",15.987794448924728
"Niederösterreich","2006-09-01",16.50315294444446
"Niederösterreich","2006-10-01",11.033343198924744
"Niederösterreich","2006-11-01",6.1224570138889165
"Niederösterreich","2006-12-01",2.1881699462365867
"Niederösterreich","2007-01-01",4.721753844086046
"Niederösterreich","2007-02-01",4.213690476190504
"Niederösterreich","2007-03-01",6.262491250000026
"Niederösterreich","2007-04-01",11.62575931944447
"Niederösterreich","2007-05-01",14.973675268817225
"Niederösterreich","2007-06-01",19.121630097222276
"Niederösterreich","2007-07-01",19.952786518817227
"Niederösterreich","2007-08-01",18.722468145161283
"Niederösterreich","2007-09-01",12.381053486111133
"Niederösterreich","2007-10-01",7.858782150537646
"Niederösterreich","2007-11-01",2.277439180555581
"Niederösterreich","2007-12-01",-0.2227126612903015
"Niederösterreich","2008-01-01",2.010878400537657
"Niederösterreich","2008-02-01",3.3207796982758864
"Niederösterreich","2008-03-01",4.759921451612927
"Niederösterreich","2008-04-01",9.169377027777802
"Niederösterreich","2008-05-01",14.5377833870968
"Niederösterreich","2008-06-01",18.496005763888913
"Niederösterreich","2008-07-01",18.74167633064519
"Niederösterreich","2008-08-01",18.58845536290323
"Niederösterreich","2008-09-01",13.178462000000033
"Niederösterreich","2008-10-01",9.63474823924733
"Niederösterreich","2008-11-01",5.3839687500000135
"Niederösterreich","2008-12-01",1.315100322580668
"Niederösterreich","2009-01-01",-2.7455216801075046
"Niederösterreich","2009-02-01",-0.2988337053571199
"Niederösterreich","2009-03-01",4.113165201612934
"Niederösterreich","2009-04-01",12.805979916666686
"Niederösterreich","2009-05-01",14.47281462365593
"Niederösterreich","2009-06-01",16.139163166666695
"Niederösterreich","2009-07-01",19.476062284946263
"Niederösterreich","2009-08-01",19.371217016129076
"Niederösterreich","2009-09-01",15.887486583333354
"Niederösterreich","2009-10-01",8.579615470430147
"Niederösterreich","2009-11-01",6.069677902777803
"Niederösterreich","2009-12-01",0.04537474462367998
"Niederösterreich","2010-01-01",-3.4850724596773968
"Niederösterreich","2010-02-01",-0.8140631845237903
"Niederösterreich","2010-03-01",4.27019604838712
"Niederösterreich","2010-04-01",9.388180319444459
"Niederösterreich","2010-05-01",13.092848655914004
"Niederösterreich","2010-06-01",17.374403138888933
"Niederösterreich","2010-07-01",20.5017533198925
"Niederösterreich","2010-08-01",18.01895177419359
"Niederösterreich","2010-09-01",12.836968347222252
"Niederösterreich","2010-10-01",6.830861182795731
"Niederösterreich","2010-11-01",5.967562736111135
"Niederösterreich","2010-12-01",-3.6310366532257885
"Niederösterreich","2011-01-01",-0.43276219086019296
"Niederösterreich","2011-02-01",-0.24472510416664595
"Niederösterreich","2011-03-01",5.16145552419357
"Niederösterreich","2011-04-01",11.700691027777797
"Niederösterreich","2011-05-01",14.321861236559165
"Niederösterreich","2011-06-01",17.880234305555565
"Niederösterreich","2011-07-01",17.65000137096775
"Niederösterreich","2011-08-01",19.746179610215076
"Niederösterreich","2011-09-01",16.461445097222278
"Niederösterreich","2011-10-01",8.957541129032274
"Niederösterreich","2011-11-01",2.569545166666686
"Niederösterreich","2011-12-01",2.596888333333359
"Niederösterreich","2012-01-01",1.351127137096798
"Niederösterreich","2012-02-01",-3.5680430747126297
"Niederösterreich","2012-03-01",7.069247634408627
"Niederösterreich","2012-04-01",9.22788229166669
"Niederösterreich","2012-05-01",14.733600604838742
"Niederösterreich","2012-06-01",18.272409152777797
"Niederösterreich","2012-07-01",19.445115282258072
"Niederösterreich","2012-08-01",19.760477258064558
"Niederösterreich","2012-09-01",14.916905805555578
"Niederösterreich","2012-10-01",8.828565712365615
"Niederösterreich","2012-11-01",5.29871652777781
"Niederösterreich","2012-12-01",0.15327323924733488
"Niederösterreich","2013-01-01",-0.23603590053761142
"Niederösterreich","2013-02-01",-0.08481982142854828
"Niederösterreich","2013-03-01",1.7891804032258316
"Niederösterreich","2013-04-01",10.136979666666706
"Niederösterreich","2013-05-01",13.282094596774206
"Niederösterreich","2013-06-01",16.760983138888907
"Niederösterreich","2013-07-01",20.657362688172043
"Niederösterreich","2013-08-01",19.556347069892507
"Niederösterreich","2013-09-01",13.831817625000019
"Niederösterreich","2013-10-01",9.953594502688189
"Niederösterreich","2013-11-01",4.874663541666685
"Niederösterreich","2013-12-01",1.8240055107527091
"Niederösterreich","2014-01-01",1.0680398252688397
"Niederösterreich","2014-02-01",3.224245580357167
"Niederösterreich","2014-03-01",7.824433051075299
"Niederösterreich","2014-04-01",10.844933125000026
"Niederösterreich","2014-05-01",13.003050376344097
"Niederösterreich","2014-06-01",17.350789763888926
"Niederösterreich","2014-07-01",19.62511192204305
"Niederösterreich","2014-08-01",17.24188786290326
"Niederösterreich","2014-09-01",14.620041208333365
"Niederösterreich","2014-10-01",11.130626827957014
"Niederösterreich","2014-11-01",6.714468555555581
"Niederösterreich","2014-12-01",2.694656102150561
"Niederösterreich","2015-01-01",2.0653299193548618
"Niederösterreich","2015-02-01",0.927358794642878
"Niederösterreich","2015-03-01",5.148265282258087
"Niederösterreich","2015-04-01",9.272766486111138
"Niederösterreich","2015-05-01",13.603338938172053
"Niederösterreich","2015-06-01",17.716774986111137
"Niederösterreich","2015-07-01",21.726787997311817
"Niederösterreich","2015-08-01",21.589956290322604
"Niederösterreich","2015-09-01",14.146198986111132
"Niederösterreich","2015-10-01",8.858846075268845
"Niederösterreich","2015-11-01",7.380524625000018
"Niederösterreich","2015-12-01",4.112659932795716
"Niederösterreich","2016-01-01",-0.057991680107504585
"Niederösterreich","2016-02-01",4.902387916666688
"Niederösterreich","2016-03-01",4.975795282258085
"Niederösterreich","2016-04-01",9.511151361111132
"Niederösterreich","2016-05-01",13.548501034946245
"Niederösterreich","2016-06-01",17.99963073611115
"Niederösterreich","2016-07-01",19.982568252688196
"Niederösterreich","2016-08-01",18.166896411290328
"Niederösterreich","2016-09-01",16.50538315277778
"Niederösterreich","2016-10-01",8.522047513440885
"Niederösterreich","2016-11-01",3.745984055555577
"Niederösterreich","2016-12-01",0.6745888575269029
"Niederösterreich","2017-01-01",-4.297539690860199
"Niederösterreich","2017-02-01",2.5049229910714517
"Niederösterreich","2017-03-01",7.639952016129049
"Niederösterreich","2017-04-01",8.430658472222243
"Niederösterreich","2017-05-01",14.572617137096797
"Niederösterreich","2017-06-01",19.825378638888896
"Niederösterreich","2017-07-01",19.999449301075284
"Niederösterreich","2017-08-01",20.440814973118282
"Niederösterreich","2017-09-01",13.124530166666691
"Niederösterreich","2017-10-01",10.846373709677428
"Niederösterreich","2017-11-01",4.537282597222244
"Niederösterreich","2017-12-01",1.8091617607527124
"Niederösterreich","2018-01-01",3.1712095161290534
"Niederösterreich","2018-02-01",-1.7509504613095006
"Niederösterreich","2018-03-01",2.216489112903251
"Niederösterreich","2018-04-01",14.328106680555583
"Niederösterreich","2018-05-01",16.648486962365624
"Niederösterreich","2018-06-01",18.774944847222265
"Niederösterreich","2018-07-01",20.267755483870975
"Niederösterreich","2018-08-01",21.52332815860216
"Niederösterreich","2018-09-01",16.017829638888895
"Niederösterreich","2018-10-01",11.786618225806473
"Niederösterreich","2018-11-01",5.31272483333336
"Niederösterreich","2018-12-01",2.0763902150537854
"Niederösterreich","2019-01-01",-0.2578500672042787
"Niederösterreich","2019-02-01",3.4579127380952563
"Niederösterreich","2019-03-01",7.270648346774219
"Niederösterreich","2019-04-01",10.232045722222244
"Niederösterreich","2019-05-01",11.344669260752717
"Niederösterreich","2019-06-01",21.711371194444464
"Niederösterreich","2019-07-01",20.516584408602167
"Niederösterreich","2019-08-01",20.79545662634411
"Niederösterreich","2019-09-01",15.38131138888893
"Niederösterreich","2019-10-01",10.614740672043032
"Niederösterreich","2019-11-01",6.4385591666666855
"Niederösterreich","2019-12-01",2.7236946102150763
"Niederösterreich","2020-01-01",1.1344459408602374
"Niederösterreich","2020-02-01",5.168324037356351
"Niederösterreich","2020-03-01",5.606375604838723
"Niederösterreich","2020-04-01",10.68399066666669
"Niederösterreich","2020-05-01",12.447157647849481
"Niederösterreich","2020-06-01",17.07238380555557
"Niederösterreich","2020-07-01",19.22092435483874
"Niederösterreich","2020-08-01",20.0250078494624
"Niederösterreich","2020-09-01",15.399109652777808
"Niederösterreich","2020-10-01",9.801453709677432
"Niederösterreich","2020-11-01",4.6442230416666925
"Niederösterreich","2020-12-01",2.342817325268842
"Niederösterreich","2021-01-01",0.4983631989247541
"Niederösterreich","2021-02-01",2.367927187500023
"Niederösterreich","2021-03-01",4.261964166666689
"Niederösterreich","2021-04-01",7.036253125000023
"Niederösterreich","2021-05-01",11.733354126344114
"Niederösterreich","2021-06-01",20.122543444444485
"Niederösterreich","2021-07-01",20.534388790322605
"Niederösterreich","2021-08-01",17.576144569892502
"Niederösterreich","2021-09-01",15.581982513888912
"Niederösterreich","2021-10-01",9.09259055107527
"Niederösterreich","2021-11-01",4.121307305555581
"Niederösterreich","2021-12-01",2.327795309139808
"Niederösterreich","2022-01-01",2.1502930510752924
"Niederösterreich","2022-02-01",4.453392336309547
"Niederösterreich","2022-03-01",4.651008776881742
"Niederösterreich","2022-04-01",7.803238333333359
"Niederösterreich","2022-05-01",15.505609502688186
"Niederösterreich","2022-06-01",19.67620912499998
"Niederösterreich","2022-07-01",20.194712271505395
"Niederösterreich","2022-08-01",20.226955309139793
"Niederösterreich","2022-09-01",13.601125902777795
"Niederösterreich","2022-10-01",12.223645120967754
"Niederösterreich","2022-11-01",5.595795208333356
"Niederösterreich","2022-12-01",1.5610734139785172
"Niederösterreich","2023-01-01",2.8569947983871193
"Niederösterreich","2023-02-01",3.123306071428592
"Niederösterreich","2023-03-01",6.470908293010766
"Niederösterreich","2023-04-01",7.341161833333363
"Niederösterreich","2023-05-01",13.260534973118302
"Niederösterreich","2023-06-01",18.0013575416667
"Niederösterreich","2023-07-01",21.408466653225826
"Niederösterreich","2023-08-01",19.83736663978497
"Niederösterreich","2023-09-01",18.225648625000037
"Niederösterreich","2023-10-01",12.953745107526887
"Niederösterreich","2023-11-01",5.636294666666699
"Niederösterreich","2023-12-01",3.610073212365611
"Niederösterreich","2024-01-01",1.1942583602150776
"Niederösterreich","2024-02-01",7.467450043103464
"Niederösterreich","2024-03-01",8.47495360215056
"Niederösterreich","2024-04-01",11.4844275416667
"Niederösterreich","2024-05-01",15.184007311827981
"Niederösterreich","2024-06-01",19.1559202916667
"Niederösterreich","2024-07-01",21.842075497311864
"Niederösterreich","2024-08-01",22.502705040322592
"Niederösterreich","2024-09-01",15.538794680555592
"Niederösterreich","2024-10-01",11.146995241935509
"Niederösterreich","2024-11-01",3.761393972222247
"Niederösterreich","2024-12-01",2.0556909543010984
"Kärnten","1974-01-01",-1.04618139784944
"Kärnten","1974-02-01",1.6752295238095476
"Kärnten","1974-03-01",3.4836268817204536
"Kärnten","1974-04-01",6.180128930555579
"Kärnten","1974-05-01",10.756462258064532
"Kärnten","1974-06-01",12.851495875000024
"Kärnten","1974-07-01",16.201177728494663
"Kärnten","1974-08-01",17.332221599462393
"Kärnten","1974-09-01",12.331688291666682
"Kärnten","1974-10-01",3.336700658602174
"Kärnten","1974-11-01",2.895876722222249
"Kärnten","1974-12-01",-0.6913783064515917
"Kärnten","1975-01-01",0.4190259543010985
"Kärnten","1975-02-01",-0.7034158333333104
"Kärnten","1975-03-01",2.3016772580645375
"Kärnten","1975-04-01",6.081126444444471
"Kärnten","1975-05-01",12.357575349462387
"Kärnten","1975-06-01",13.492152472222244
"Kärnten","1975-07-01",16.59300979838711
"Kärnten","1975-08-01",16.089070000000007
"Kärnten","1975-09-01",14.972196777777805
"Kärnten","1975-10-01",6.995511196236576
"Kärnten","1975-11-01",0.8290640277777983
"Kärnten","1975-12-01",-2.1793102956988997
"Kärnten","1976-01-01",-2.303010161290302
"Kärnten","1976-02-01",-1.4024995833333114
"Kärnten","1976-03-01",0.0027782661290539383
"Kärnten","1976-04-01",6.411261069444463
"Kärnten","1976-05-01",11.726129112903237
"Kärnten","1976-06-01",14.900942527777788
"Kärnten","1976-07-01",16.991465241935487
"Kärnten","1976-08-01",13.284314422043026
"Kärnten","1976-09-01",11.219209777777804
"Kärnten","1976-10-01",8.554853857526911
"Kärnten","1976-11-01",3.554756916666687
"Kärnten","1976-12-01",-4.367853884408583
"Kärnten","1977-01-01",-1.6311195564515906
"Kärnten","1977-02-01",0.4198751041666892
"Kärnten","1977-03-01",4.010001693548415
"Kärnten","1977-04-01",4.829194791666692
"Kärnten","1977-05-01",10.519485685483895
"Kärnten","1977-06-01",14.721133513888912
"Kärnten","1977-07-01",15.855853655914016
"Kärnten","1977-08-01",15.140107284946248
"Kärnten","1977-09-01",10.674580402777808
"Kärnten","1977-10-01",9.018253024193577
"Kärnten","1977-11-01",1.7955452916666883
"Kärnten","1977-12-01",-2.9946166666666403
"Kärnten","1978-01-01",-3.55092243279567
"Kärnten","1978-02-01",-2.9468126488095
"Kärnten","1978-03-01",2.034022903225826
"Kärnten","1978-04-01",4.600551527777801
"Kärnten","1978-05-01",8.943713763440876
"Kärnten","1978-06-01",13.978685625000018
"Kärnten","1978-07-01",15.058693696236585
"Kärnten","1978-08-01",14.48227840053766
"Kärnten","1978-09-01",11.929645180555573
"Kärnten","1978-10-01",7.5936882795699105
"Kärnten","1978-11-01",1.201706013888912
"Kärnten","1978-12-01",-3.0003147043010516
"Kärnten","1979-01-01",-6.609358655913947
"Kärnten","1979-02-01",-1.9896847321428341
"Kärnten","1979-03-01",2.107907782258087
"Kärnten","1979-04-01",5.051100222222247
"Kärnten","1979-05-01",11.270215967741963
"Kärnten","1979-06-01",15.819979347222256
"Kärnten","1979-07-01",15.460992271505402
"Kärnten","1979-08-01",14.745230188172073
"Kärnten","1979-09-01",12.671159875000017
"Kärnten","1979-10-01",6.822105094086036
"Kärnten","1979-11-01",0.7329962500000224
"Kärnten","1979-12-01",-0.49838118279567584
"Kärnten","1980-01-01",-4.953548091397824
"Kärnten","1980-02-01",-0.9610753304597467
"Kärnten","1980-03-01",1.647518588709701
"Kärnten","1980-04-01",4.471975805555583
"Kärnten","1980-05-01",9.462164516129054
"Kärnten","1980-06-01",13.751251597222254
"Kärnten","1980-07-01",15.135298709677453
"Kärnten","1980-08-01",16.870508682795712
"Kärnten","1980-09-01",13.053131527777802
"Kärnten","1980-10-01",6.890209206989268
"Kärnten","1980-11-01",-1.1082482222221994
"Kärnten","1980-12-01",-5.262110362903193
"Kärnten","1981-01-01",-7.814993293010735
"Kärnten","1981-02-01",-3.525467425595215
"Kärnten","1981-03-01",3.2540834408602386
"Kärnten","1981-04-01",7.723154791666696
"Kärnten","1981-05-01",11.124663830645186
"Kärnten","1981-06-01",15.126749444444474
"Kärnten","1981-07-01",15.69267744623659
"Kärnten","1981-08-01",16.03844592741938
"Kärnten","1981-09-01",13.458426319444461
"Kärnten","1981-10-01",8.750420819892497
"Kärnten","1981-11-01",2.3909135694444683
"Kärnten","1981-12-01",-2.8320730510752443
"Kärnten","1982-01-01",-5.508521989247293
"Kärnten","1982-02-01",-4.481641190476165
"Kärnten","1982-03-01",0.9221022580645395
"Kärnten","1982-04-01",5.19341794444447
"Kärnten","1982-05-01",11.588503266129047
"Kärnten","1982-06-01",15.703291541666708
"Kärnten","1982-07-01",17.62360430107533
"Kärnten","1982-08-01",16.555837204301103
"Kärnten","1982-09-01",15.192270250000021
"Kärnten","1982-10-01",8.407814139784957
"Kärnten","1982-11-01",3.5870416527778035
"Kärnten","1982-12-01",-1.1704617069892242
"Kärnten","1983-01-01",-2.7762229704300836
"Kärnten","1983-02-01",-4.334193005952358
"Kärnten","1983-03-01",2.376626491935511
"Kärnten","1983-04-01",8.066932958333359
"Kärnten","1983-05-01",11.753791236559158
"Kärnten","1983-06-01",15.0526026388889
"Kärnten","1983-07-01",19.762173346774205
"Kärnten","1983-08-01",16.78706563172047
"Kärnten","1983-09-01",13.291421847222242
"Kärnten","1983-10-01",7.850826344086045
"Kärnten","1983-11-01",0.7466226388889128
"Kärnten","1983-12-01",-2.3709952284946003
"Kärnten","1984-01-01",-4.795477083333318
"Kärnten","1984-02-01",-3.2384555316091745
"Kärnten","1984-03-01",0.4833624462365823
"Kärnten","1984-04-01",4.987631763888914
"Kärnten","1984-05-01",9.553716088709695
"Kärnten","1984-06-01",13.815791652777792
"Kärnten","1984-07-01",15.597400900537648
"Kärnten","1984-08-01",15.510462405913984
"Kärnten","1984-09-01",11.718875986111133
"Kärnten","1984-10-01",8.956732540322612
"Kärnten","1984-11-01",2.2574265277778003
"Kärnten","1984-12-01",-0.8966669220429886
"Kärnten","1985-01-01",-8.705329973118275
"Kärnten","1985-02-01",-4.945024002976171
"Kärnten","1985-03-01",0.6907951612903435
"Kärnten","1985-04-01",5.9632114027778025
"Kärnten","1985-05-01",12.131442190860236
"Kärnten","1985-06-01",13.387168930555578
"Kärnten","1985-07-01",17.406704852150572
"Kärnten","1985-08-01",16.571338373655948
"Kärnten","1985-09-01",14.072220027777801
"Kärnten","1985-10-01",7.7346169489247485
"Kärnten","1985-11-01",-0.6643876944444232
"Kärnten","1985-12-01",-0.8733479166666441
"Kärnten","1986-01-01",-4.908970497311808
"Kärnten","1986-02-01",-5.949622455357118
"Kärnten","1986-03-01",0.4813943413978723
"Kärnten","1986-04-01",5.848794875000022
"Kärnten","1986-05-01",14.127565188172067
"Kärnten","1986-06-01",14.750677319444478
"Kärnten","1986-07-01",16.165814569892486
"Kärnten","1986-08-01",16.51928626344091
"Kärnten","1986-09-01",12.543228277777803
"Kärnten","1986-10-01",8.10252975806454
"Kärnten","1986-11-01",2.718195347222244
"Kärnten","1986-12-01",-5.02842977150535
"Kärnten","1987-01-01",-6.846607338709653
"Kärnten","1987-02-01",-2.1575386309523577
"Kärnten","1987-03-01",-2.642282352150523
"Kärnten","1987-04-01",5.958808972222247
"Kärnten","1987-05-01",9.915206948924757
"Kärnten","1987-06-01",14.394721152777803
"Kärnten","1987-07-01",17.865469018817194
"Kärnten","1987-08-01",15.899318924731219
"Kärnten","1987-09-01",15.206605041666691
"Kärnten","1987-10-01",8.434239395161308
"Kärnten","1987-11-01",2.6052116388889135
"Kärnten","1987-12-01",-1.7460575268816991
"Kärnten","1988-01-01",0.20512372311830104
"Kärnten","1988-02-01",-1.1619585775861836
"Kärnten","1988-03-01",0.6193377284946461
"Kärnten","1988-04-01",7.1314213472222425
"Kärnten","1988-05-01",12.249558172043038
"Kärnten","1988-06-01",14.282360819444461
"Kärnten","1988-07-01",17.801861478494665
"Kärnten","1988-08-01",17.104014260752688
"Kärnten","1988-09-01",12.543521569444456
"Kärnten","1988-10-01",9.123507768817223
"Kärnten","1988-11-01",-1.1631809027777544
"Kärnten","1988-12-01",-1.6326030510752467
"Kärnten","1989-01-01",-1.5796719758064286
"Kärnten","1989-02-01",1.7256102232143078
"Kärnten","1989-03-01",5.433153091397877
"Kärnten","1989-04-01",7.367822638888909
"Kärnten","1989-05-01",11.30281150537637
"Kärnten","1989-06-01",13.442153625000005
"Kärnten","1989-07-01",16.988135591397864
"Kärnten","1989-08-01",16.29499678763444
"Kärnten","1989-09-01",12.829228458333366
"Kärnten","1989-10-01",7.964516370967766
"Kärnten","1989-11-01",0.9304595277778016
"Kärnten","1989-12-01",-0.2924171774193314
"Kärnten","1990-01-01",-1.7339770161290133
"Kärnten","1990-02-01",2.5003818005952585
"Kärnten","1990-03-01",5.3108762231183055
"Kärnten","1990-04-01",6.045461888888921
"Kärnten","1990-05-01",12.891072661290348
"Kärnten","1990-06-01",14.19781154166667
"Kärnten","1990-07-01",16.424600954301113
"Kärnten","1990-08-01",16.47343201612908
"Kärnten","1990-09-01",11.33010637500003
"Kärnten","1990-10-01",8.78227564516131
"Kärnten","1990-11-01",2.258858583333357
"Kärnten","1990-12-01",-4.6474398252687905
"Kärnten","1991-01-01",-4.592016505376322
"Kärnten","1991-02-01",-5.251092767857113
"Kärnten","1991-03-01",4.465853494623683
"Kärnten","1991-04-01",5.488127027777794
"Kärnten","1991-05-01",8.371274193548413
"Kärnten","1991-06-01",14.214207180555585
"Kärnten","1991-07-01",18.035194112903238
"Kärnten","1991-08-01",17.30213244623658
"Kärnten","1991-09-01",14.223388680555583
"Kärnten","1991-10-01",6.149788629032292
"Kärnten","1991-11-01",1.276667333333353
"Kärnten","1991-12-01",-6.352433884408575
"Kärnten","1992-01-01",-3.4478475268817026
"Kärnten","1992-02-01",-0.5336892528735399
"Kärnten","1992-03-01",2.6881169892473316
"Kärnten","1992-04-01",6.463194263888914
"Kärnten","1992-05-01",12.418338225806473
"Kärnten","1992-06-01",14.883650500000025
"Kärnten","1992-07-01",17.63076698924734
"Kärnten","1992-08-01",20.114649153225855
"Kärnten","1992-09-01",13.471183055555567
"Kärnten","1992-10-01",6.361910322580665
"Kärnten","1992-11-01",3.7722027222222416
"Kärnten","1992-12-01",-3.9613684811827765
"Kärnten","1993-01-01",-2.5452087768817004
"Kärnten","1993-02-01",-1.6830187351190244
"Kärnten","1993-03-01",2.3066723252688393
"Kärnten","1993-04-01",8.229543888888912
"Kärnten","1993-05-01",13.557936787634425
"Kärnten","1993-06-01",15.633632263888911
"Kärnten","1993-07-01",16.302940577957003
"Kärnten","1993-08-01",17.40980620967745
"Kärnten","1993-09-01",12.228126416666692
"Kärnten","1993-10-01",8.3924816666667
"Kärnten","1993-11-01",1.1285595138889108
"Kärnten","1993-12-01",-1.3394201344085794
"Kärnten","1994-01-01",0.21513529569894727
"Kärnten","1994-02-01",-0.33771586309521634
"Kärnten","1994-03-01",7.036576330645184
"Kärnten","1994-04-01",6.243311472222243
"Kärnten","1994-05-01",12.445844475806478
"Kärnten","1994-06-01",15.964000125000021
"Kärnten","1994-07-01",19.063133427419384
"Kärnten","1994-08-01",18.231970376344098
"Kärnten","1994-09-01",14.14850045833336
"Kärnten","1994-10-01",6.9398283736559305
"Kärnten","1994-11-01",6.3944064166666905
"Kärnten","1994-12-01",0.3950469354838936
"Kärnten","1995-01-01",-3.709516962365573
"Kärnten","1995-02-01",1.4315767559524044
"Kärnten","1995-03-01",1.0139831720430326
"Kärnten","1995-04-01",8.07975581944447
"Kärnten","1995-05-01",12.002625389784972
"Kärnten","1995-06-01",14.103380166666703
"Kärnten","1995-07-01",19.3458008602151
"Kärnten","1995-08-01",16.068032580645173
"Kärnten","1995-09-01",11.687316444444459
"Kärnten","1995-10-01",10.165455134408628
"Kärnten","1995-11-01",2.4608725416666886
"Kärnten","1995-12-01",-1.4055896370967527
"Kärnten","1996-01-01",-2.5506234811827704
"Kärnten","1996-02-01",-4.671476091954001
"Kärnten","1996-03-01",-0.7499170295698705
"Kärnten","1996-04-01",7.17778479166669
"Kärnten","1996-05-01",12.623355672043028
"Kärnten","1996-06-01",16.275266361111143
"Kärnten","1996-07-01",15.892545900537662
"Kärnten","1996-08-01",16.072948534946242
"Kärnten","1996-09-01",10.057574805555562
"Kärnten","1996-10-01",7.987471303763461
"Kärnten","1996-11-01",4.401414388888911
"Kärnten","1996-12-01",-2.679609341397827
"Kärnten","1997-01-01",-1.7666144623655682
"Kärnten","1997-02-01",-0.10596642857140641
"Kärnten","1997-03-01",4.965901088709703
"Kärnten","1997-04-01",5.368930944444464
"Kärnten","1997-05-01",12.957075309139798
"Kärnten","1997-06-01",15.378188013888925
"Kärnten","1997-07-01",16.251705577956997
"Kärnten","1997-08-01",16.81116098118284
"Kärnten","1997-09-01",14.041668777777815
"Kärnten","1997-10-01",7.0385946908602515
"Kärnten","1997-11-01",3.51830151388891
"Kärnten","1997-12-01",-1.188358279569872
"Kärnten","1998-01-01",0.5008166532258311
"Kärnten","1998-02-01",3.0045457738095456
"Kärnten","1998-03-01",2.1818403091398046
"Kärnten","1998-04-01",7.732320472222251
"Kärnten","1998-05-01",12.460422177419368
"Kärnten","1998-06-01",16.664252083333373
"Kärnten","1998-07-01",17.715215215053764
"Kärnten","1998-08-01",17.906401451612922
"Kärnten","1998-09-01",12.385330527777805
"Kärnten","1998-10-01",8.53679399193551
"Kärnten","1998-11-01",0.7171263472222452
"Kärnten","1998-12-01",-4.8664107795698675
"Kärnten","1999-01-01",-3.3576491935483666
"Kärnten","1999-02-01",-3.1172546726190262
"Kärnten","1999-03-01",3.350036599462391
"Kärnten","1999-04-01",8.181189500000027
"Kärnten","1999-05-01",13.19743935483875
"Kärnten","1999-06-01",15.469932388888921
"Kärnten","1999-07-01",17.494484435483884
"Kärnten","1999-08-01",16.53769000000001
"Kärnten","1999-09-01",14.62660508333335
"Kärnten","1999-10-01",8.797139247311847
"Kärnten","1999-11-01",0.7262439444444697
"Kärnten","1999-12-01",-2.9072062634408358
"Kärnten","2000-01-01",-6.16460946236557
"Kärnten","2000-02-01",0.019121091954044822
"Kärnten","2000-03-01",3.9626738844086233
"Kärnten","2000-04-01",9.983849763888902
"Kärnten","2000-05-01",13.54929263440862
"Kärnten","2000-06-01",16.917415513888916
"Kärnten","2000-07-01",15.665325712365613
"Kärnten","2000-08-01",18.08608606182798
"Kärnten","2000-09-01",13.364296291666681
"Kärnten","2000-10-01",9.950277930107552
"Kärnten","2000-11-01",5.536331819444468
"Kärnten","2000-12-01",0.9002424596774413
"Kärnten","2001-01-01",-0.4225162634408369
"Kärnten","2001-02-01",0.9234223363095446
"Kärnten","2001-03-01",5.286639650537653
"Kärnten","2001-04-01",6.711171972222244
"Kärnten","2001-05-01",14.177810900537663
"Kärnten","2001-06-01",14.640923069444472
"Kärnten","2001-07-01",17.952568642473132
"Kärnten","2001-08-01",18.768230497311848
"Kärnten","2001-09-01",11.04996865277781
"Kärnten","2001-10-01",11.369925470430134
"Kärnten","2001-11-01",2.0828944027778014
"Kärnten","2001-12-01",-5.37307701612901
"Kärnten","2002-01-01",-3.9562172715053516
"Kärnten","2002-02-01",2.206442738095261
"Kärnten","2002-03-01",5.62709420698927
"Kärnten","2002-04-01",6.855534930555583
"Kärnten","2002-05-01",13.696983548387124
"Kärnten","2002-06-01",17.56519370833335
"Kärnten","2002-07-01",17.931111438172074
"Kärnten","2002-08-01",17.004096572580654
"Kärnten","2002-09-01",12.035272944444479
"Kärnten","2002-10-01",8.791423427419378
"Kärnten","2002-11-01",6.486467236111139
"Kärnten","2002-12-01",0.6173970698924972
"Kärnten","2003-01-01",-3.592730940860189
"Kärnten","2003-02-01",-3.852554300595214
"Kärnten","2003-03-01",4.514252513440879
"Kärnten","2003-04-01",6.383226541666688
"Kärnten","2003-05-01",14.525298037634435
"Kärnten","2003-06-01",19.748310513888935
"Kärnten","2003-07-01",19.0604181182796
"Kärnten","2003-08-01",20.740800551075292
"Kärnten","2003-09-01",12.72216818055558
"Kärnten","2003-10-01",5.593354784946263
"Kärnten","2003-11-01",5.075953638888917
"Kärnten","2003-12-01",0.09081288978497015
"Kärnten","2004-01-01",-3.2090543279569674
"Kärnten","2004-02-01",-0.007095014367793726
"Kärnten","2004-03-01",1.459318857526903
"Kärnten","2004-04-01",7.720802486111139
"Kärnten","2004-05-01",10.762773709677438
"Kärnten","2004-06-01",15.312152569444462
"Kärnten","2004-07-01",17.04911224462369
"Kärnten","2004-08-01",17.297077688172074
"Kärnten","2004-09-01",12.943050527777796
"Kärnten","2004-10-01",10.217035981182821
"Kärnten","2004-11-01",3.2569274166666866
"Kärnten","2004-12-01",-1.446022473118259
"Kärnten","2005-01-01",-2.352810376344062
"Kärnten","2005-02-01",-3.0820219196428345
"Kärnten","2005-03-01",2.146856720430131
"Kärnten","2005-04-01",7.705026375000025
"Kärnten","2005-05-01",13.517987594086067
"Kärnten","2005-06-01",16.6146211805556
"Kärnten","2005-07-01",17.519010537634433
"Kärnten","2005-08-01",15.416607204301092
"Kärnten","2005-09-01",13.728022305555584
"Kärnten","2005-10-01",8.933833024193577
"Kärnten","2005-11-01",2.7832050416666867
"Kärnten","2005-12-01",-4.516270094085991
"Kärnten","2006-01-01",-4.870303185483851
"Kärnten","2006-02-01",-2.1714212351190225
"Kärnten","2006-03-01",0.5832034139785178
"Kärnten","2006-04-01",8.189539263888898
"Kärnten","2006-05-01",12.262023669354864
"Kärnten","2006-06-01",16.491819708333345
"Kärnten","2006-07-01",20.051892822580683
"Kärnten","2006-08-01",14.66633435483874
"Kärnten","2006-09-01",15.022593694444462
"Kärnten","2006-10-01",10.6040912231183
"Kärnten","2006-11-01",4.809975750000025
"Kärnten","2006-12-01",0.9508520833333565
"Kärnten","2007-01-01",1.1930309139785191
"Kärnten","2007-02-01",2.6420221577381207
"Kärnten","2007-03-01",4.964153158602171
"Kärnten","2007-04-01",11.374815916666686
"Kärnten","2007-05-01",13.956066774193564
"Kärnten","2007-06-01",17.119982361111138
"Kärnten","2007-07-01",18.45168534946243
"Kärnten","2007-08-01",17.0731483198925
"Kärnten","2007-09-01",11.661208611111133
"Kärnten","2007-10-01",7.722364099462387
"Kärnten","2007-11-01",2.4238737083333564
"Kärnten","2007-12-01",-1.1004409543010514
"Kärnten","2008-01-01",0.6584655376344309
"Kärnten","2008-02-01",1.7649328017241601
"Kärnten","2008-03-01",3.1666755241935713
"Kärnten","2008-04-01",7.37575161111113
"Kärnten","2008-05-01",13.805130631720441
"Kärnten","2008-06-01",17.045217236111117
"Kärnten","2008-07-01",17.73094729838714
"Kärnten","2008-08-01",17.533740000000055
"Kärnten","2008-09-01",12.216604916666688
"Kärnten","2008-10-01",9.422407083333347
"Kärnten","2008-11-01",3.914254083333355
"Kärnten","2008-12-01",-0.9905777419354619
"Kärnten","2009-01-01",-3.2536009408601987
"Kärnten","2009-02-01",-1.6033088244047402
"Kärnten","2009-03-01",3.211065120967767
"Kärnten","2009-04-01",10.171782708333366
"Kärnten","2009-05-01",14.523174233870982
"Kärnten","2009-06-01",15.264628875000025
"Kärnten","2009-07-01",18.22448587365595
"Kärnten","2009-08-01",18.62343634408605
"Kärnten","2009-09-01",14.403999861111139
"Kärnten","2009-10-01",8.211838521505392
"Kärnten","2009-11-01",4.607352888888913
"Kärnten","2009-12-01",-0.8406486021505133
"Kärnten","2010-01-01",-3.095227647849441
"Kärnten","2010-02-01",-1.2853515327380725
"Kärnten","2010-03-01",2.897749905914
"Kärnten","2010-04-01",8.265461333333361
"Kärnten","2010-05-01",12.251873938172057
"Kärnten","2010-06-01",16.842763583333376
"Kärnten","2010-07-01",19.589175362903244
"Kärnten","2010-08-01",17.1251914650538
"Kärnten","2010-09-01",12.082659791666694
"Kärnten","2010-10-01",6.9319218010752826
"Kärnten","2010-11-01",4.743450097222247
"Kärnten","2010-12-01",-4.266612325268792
"Kärnten","2011-01-01",-2.74668263440858
"Kärnten","2011-02-01",-1.2725875446428343
"Kärnten","2011-03-01",4.037518239247333
"Kärnten","2011-04-01",10.219196277777806
"Kärnten","2011-05-01",13.592999610215076
"Kärnten","2011-06-01",16.52083622222225
"Kärnten","2011-07-01",17.11866869623659
"Kärnten","2011-08-01",18.98206591397853
"Kärnten","2011-09-01",16.270052291666698
"Kärnten","2011-10-01",7.6160880645161475
"Kärnten","2011-11-01",2.8755004027778024
"Kärnten","2011-12-01",0.575015107526905
"Kärnten","2012-01-01",-1.4960390994623411
"Kärnten","2012-02-01",-4.108237298850558
"Kärnten","2012-03-01",6.994719287634437
"Kärnten","2012-04-01",8.18499663888892
"Kärnten","2012-05-01",13.080480739247335
"Kärnten","2012-06-01",17.893927625000057
"Kärnten","2012-07-01",18.526620201612943
"Kärnten","2012-08-01",18.988182163978518
"Kärnten","2012-09-01",13.89263094444447
"Kärnten","2012-10-01",8.674632473118299
"Kärnten","2012-11-01",5.527304208333356
"Kärnten","2012-12-01",-1.7282623387096552
"Kärnten","2013-01-01",-0.7219960080644946
"Kärnten","2013-02-01",-1.6817743749999796
"Kärnten","2013-03-01",0.5891363172043239
"Kärnten","2013-04-01",8.972836555555574
"Kärnten","2013-05-01",11.639848763440881
"Kärnten","2013-06-01",16.159985541666686
"Kärnten","2013-07-01",20.07298276881723
"Kärnten","2013-08-01",19.058025577957004
"Kärnten","2013-09-01",13.39787581944445
"Kärnten","2013-10-01",9.904531129032284
"Kärnten","2013-11-01",4.0907548888889185
"Kärnten","2013-12-01",0.9337202688172274
"Kärnten","2014-01-01",2.184501182795722
"Kärnten","2014-02-01",1.1007494345238333
"Kärnten","2014-03-01",5.6211881048387315
"Kärnten","2014-04-01",9.77115483333336
"Kärnten","2014-05-01",12.128549489247334
"Kärnten","2014-06-01",16.490369083333363
"Kärnten","2014-07-01",17.699571129032282
"Kärnten","2014-08-01",16.379057647849493
"Kärnten","2014-09-01",13.527801708333348
"Kärnten","2014-10-01",10.879580551075287
"Kärnten","2014-11-01",6.8911817361111325
"Kärnten","2014-12-01",1.2063694489247525
"Kärnten","2015-01-01",0.016268991935508303
"Kärnten","2015-02-01",-0.009725297619026315
"Kärnten","2015-03-01",4.465755013440884
"Kärnten","2015-04-01",8.69578545833336
"Kärnten","2015-05-01",13.745767674731198
"Kärnten","2015-06-01",17.34939095833336
"Kärnten","2015-07-01",20.714275981182816
"Kärnten","2015-08-01",19.252944717741943
"Kärnten","2015-09-01",12.983920486111138
"Kärnten","2015-10-01",8.405826532258088
"Kärnten","2015-11-01",4.816009347222254
"Kärnten","2015-12-01",1.1430027016129272
"Kärnten","2016-01-01",-0.752883521505353
"Kärnten","2016-02-01",2.1691025287356576
"Kärnten","2016-03-01",4.17625557795701
"Kärnten","2016-04-01",9.165487722222245
"Kärnten","2016-05-01",12.282100658602172
"Kärnten","2016-06-01",16.549663236111137
"Kärnten","2016-07-01",19.152360752688196
"Kärnten","2016-08-01",17.269193091397884
"Kärnten","2016-09-01",15.131377555555572
"Kärnten","2016-10-01",7.949297271505399
"Kärnten","2016-11-01",3.9863222500000175
"Kärnten","2016-12-01",-0.08462017473115996
"Kärnten","2017-01-01",-5.735113938172015
"Kärnten","2017-02-01",2.096448303571454
"Kärnten","2017-03-01",7.066350282258082
"Kärnten","2017-04-01",8.489856000000024
"Kärnten","2017-05-01",13.884627352150563
"Kärnten","2017-06-01",18.112226430555598
"Kärnten","2017-07-01",18.986695900537658
"Kärnten","2017-08-01",19.04591017473123
"Kärnten","2017-09-01",11.547310847222233
"Kärnten","2017-10-01",9.294918897849486
"Kärnten","2017-11-01",2.6544675833333553
"Kärnten","2017-12-01",-2.512747889784924
"Kärnten","2018-01-01",-0.09666005376341788
"Kärnten","2018-02-01",-3.371095104166641
"Kärnten","2018-03-01",1.113404610215076
"Kärnten","2018-04-01",11.669305402777784
"Kärnten","2018-05-01",14.538409327957007
"Kärnten","2018-06-01",17.164988805555577
"Kärnten","2018-07-01",18.65190334677418
"Kärnten","2018-08-01",19.323500134408615
"Kärnten","2018-09-01",14.877616861111134
"Kärnten","2018-10-01",10.429844489247339
"Kärnten","2018-11-01",5.360720125000018
"Kärnten","2018-12-01",0.2149453360215283
"Kärnten","2019-01-01",-2.6485848387096524
"Kärnten","2019-02-01",1.1158391071428806
"Kärnten","2019-03-01",5.337305241935506
"Kärnten","2019-04-01",8.815050305555575
"Kärnten","2019-05-01",10.039014623655943
"Kärnten","2019-06-01",19.672435402777797
"Kärnten","2019-07-01",18.937695255376358
"Kärnten","2019-08-01",18.84087022849465
"Kärnten","2019-09-01",13.948833986111136
"Kärnten","2019-10-01",10.239108413978503
"Kärnten","2019-11-01",5.45677091666669
"Kärnten","2019-12-01",0.8091455107527121
"Kärnten","2020-01-01",-0.025433266129009986
"Kärnten","2020-02-01",2.920110790229908
"Kärnten","2020-03-01",4.008631250000017
"Kärnten","2020-04-01",9.784799861111134
"Kärnten","2020-05-01",12.376119408602177
"Kärnten","2020-06-01",16.051036652777793
"Kärnten","2020-07-01",18.143281989247317
"Kärnten","2020-08-01",18.698616034946273
"Kärnten","2020-09-01",14.425086625000002
"Kärnten","2020-10-01",8.502057419354863
"Kärnten","2020-11-01",3.371197611111131
"Kärnten","2020-12-01",-0.5084331182795467
"Kärnten","2021-01-01",-3.752210067204276
"Kärnten","2021-02-01",0.048978824404785855
"Kärnten","2021-03-01",3.455738508064537
"Kärnten","2021-04-01",6.20182859722225
"Kärnten","2021-05-01",10.208918413978514
"Kärnten","2021-06-01",18.91398583333337
"Kärnten","2021-07-01",19.353839448924756
"Kärnten","2021-08-01",17.127351048387112
"Kärnten","2021-09-01",14.760872263888912
"Kärnten","2021-10-01",7.757353723118302
"Kärnten","2021-11-01",3.5304965972222404
"Kärnten","2021-12-01",-1.8053464784946023
"Kärnten","2022-01-01",-2.236148602150513
"Kärnten","2022-02-01",0.5135676190476419
"Kärnten","2022-03-01",3.4200436962365823
"Kärnten","2022-04-01",7.21423105555558
"Kärnten","2022-05-01",14.449534139784973
"Kärnten","2022-06-01",19.022860027777828
"Kärnten","2022-07-01",19.897425685483896
"Kärnten","2022-08-01",19.012549623655936
"Kärnten","2022-09-01",12.840578375000039
"Kärnten","2022-10-01",11.82293073924733
"Kärnten","2022-11-01",4.80583234722224
"Kärnten","2022-12-01",0.2069841801075499
"Kärnten","2023-01-01",0.42305260752690554
"Kärnten","2023-02-01",0.05507672619049903
"Kärnten","2023-03-01",5.202452809139809
"Kärnten","2023-04-01",6.801477500000021
"Kärnten","2023-05-01",12.612016478494642
"Kärnten","2023-06-01",17.373725083333365
"Kärnten","2023-07-01",18.89655111559141
"Kärnten","2023-08-01",18.564853333333378
"Kärnten","2023-09-01",16.328823972222235
"Kärnten","2023-10-01",12.049317688172065
"Kärnten","2023-11-01",3.65646384722225
"Kärnten","2023-12-01",0.7063416129032475
"Kärnten","2024-01-01",-0.28217639784944054
"Kärnten","2024-02-01",4.211826839080488
"Kärnten","2024-03-01",6.139375430107558
"Kärnten","2024-04-01",9.038929402777807
"Kärnten","2024-05-01",12.600645174731202
"Kärnten","2024-06-01",17.04491484722225
"Kärnten","2024-07-01",19.772988991935488
"Kärnten","2024-08-01",20.501635134408634
"Kärnten","2024-09-01",13.375203250000036
"Kärnten","2024-10-01",10.265866088709707
"Kärnten","2024-11-01",2.5123174305555804
"Kärnten","2024-12-01",0.4584951209677659
"Steiermark","1974-01-01",-0.17945883064513793
"Steiermark","1974-02-01",2.9259688541666926
"Steiermark","1974-03-01",5.118139569892495
"Steiermark","1974-04-01",7.330568819444465
"Steiermark","1974-05-01",12.030909583333344
"Steiermark","1974-06-01",14.409714305555578
"Steiermark","1974-07-01",17.327402231182816
"Steiermark","1974-08-01",18.654320349462377
"Steiermark","1974-09-01",13.286862333333351
"Steiermark","1974-10-01",4.62152381720432
"Steiermark","1974-11-01",3.3633678472222464
"Steiermark","1974-12-01",1.7953427822580899
"Steiermark","1975-01-01",1.7219127553763685
"Steiermark","1975-02-01",0.3462034523809755
"Steiermark","1975-03-01",4.1349242741935734
"Steiermark","1975-04-01",7.845826111111135
"Steiermark","1975-05-01",13.9806356854839
"Steiermark","1975-06-01",14.958131083333342
"Steiermark","1975-07-01",17.908326438172065
"Steiermark","1975-08-01",16.94655420698928
"Steiermark","1975-09-01",15.746069347222242
"Steiermark","1975-10-01",8.098645967741973
"Steiermark","1975-11-01",1.735262263888907
"Steiermark","1975-12-01",-0.6563476747311602
"Steiermark","1976-01-01",-0.86450646505374
"Steiermark","1976-02-01",-1.7123501580459508
"Steiermark","1976-03-01",0.7312764112903433
"Steiermark","1976-04-01",8.103378736111134
"Steiermark","1976-05-01",12.760550080645187
"Steiermark","1976-06-01",16.269688222222243
"Steiermark","1976-07-01",18.691214798387115
"Steiermark","1976-08-01",14.5207471370968
"Steiermark","1976-09-01",12.372733125000021
"Steiermark","1976-10-01",9.11191657258069
"Steiermark","1976-11-01",3.9185730416666855
"Steiermark","1976-12-01",-3.5775712903225614
"Steiermark","1977-01-01",-1.8879945430107288
"Steiermark","1977-02-01",1.598969285714308
"Steiermark","1977-03-01",6.41722166666669
"Steiermark","1977-04-01",6.73171341666669
"Steiermark","1977-05-01",12.560778293010774
"Steiermark","1977-06-01",16.17043034722225
"Steiermark","1977-07-01",17.161964973118298
"Steiermark","1977-08-01",16.40915153225809
"Steiermark","1977-09-01",11.164192680555567
"Steiermark","1977-10-01",8.99119375000001
"Steiermark","1977-11-01",3.395975236111133
"Steiermark","1977-12-01",-2.5655146236558877
"Steiermark","1978-01-01",-2.474342043010732
"Steiermark","1978-02-01",-2.1098105803571228
"Steiermark","1978-03-01",4.754748198924747
"Steiermark","1978-04-01",6.773410527777798
"Steiermark","1978-05-01",11.13393353494626
"Steiermark","1978-06-01",15.148218666666688
"Steiermark","1978-07-01",15.812015094086055
"Steiermark","1978-08-01",15.377779126344105
"Steiermark","1978-09-01",12.934021722222246
"Steiermark","1978-10-01",8.340815537634434
"Steiermark","1978-11-01",0.9856623750000227
"Steiermark","1978-12-01",-2.808610228494599
"Steiermark","1979-01-01",-5.8914941263440594
"Steiermark","1979-02-01",-1.6453959226190236
"Steiermark","1979-03-01",4.210214099462387
"Steiermark","1979-04-01",6.777220069444471
"Steiermark","1979-05-01",13.097725604838724
"Steiermark","1979-06-01",17.629494638888904
"Steiermark","1979-07-01",16.043846370967753
"Steiermark","1979-08-01",15.664865013440883
"Steiermark","1979-09-01",13.425143638888903
"Steiermark","1979-10-01",6.809399865591426
"Steiermark","1979-11-01",2.7466008333333556
"Steiermark","1979-12-01",0.9784968010752899
"Steiermark","1980-01-01",-4.645257217741913
"Steiermark","1980-02-01",0.2703782183908273
"Steiermark","1980-03-01",3.427335134408624
"Steiermark","1980-04-01",6.222975944444477
"Steiermark","1980-05-01",10.45744228494627
"Steiermark","1980-06-01",15.406304291666675
"Steiermark","1980-07-01",16.2374024731183
"Steiermark","1980-08-01",17.391808696236588
"Steiermark","1980-09-01",13.552067527777796
"Steiermark","1980-10-01",7.849706895161318
"Steiermark","1980-11-01",0.3529743055555784
"Steiermark","1980-12-01",-2.861673346774173
"Steiermark","1981-01-01",-5.651938696236538
"Steiermark","1981-02-01",-1.7645722023809303
"Steiermark","1981-03-01",5.818408884408626
"Steiermark","1981-04-01",8.635505541666687
"Steiermark","1981-05-01",12.77954694892476
"Steiermark","1981-06-01",16.719639527777794
"Steiermark","1981-07-01",17.213656317204357
"Steiermark","1981-08-01",17.318967284946268
"Steiermark","1981-09-01",14.403901333333343
"Steiermark","1981-10-01",9.204833010752717
"Steiermark","1981-11-01",3.443506152777802
"Steiermark","1981-12-01",-2.6218994220429863
"Steiermark","1982-01-01",-5.600471263440838
"Steiermark","1982-02-01",-3.1650031994047443
"Steiermark","1982-03-01",3.3306084946236765
"Steiermark","1982-04-01",6.41609812500002
"Steiermark","1982-05-01",12.847230174731198
"Steiermark","1982-06-01",16.680150041666653
"Steiermark","1982-07-01",18.60741899193552
"Steiermark","1982-08-01",17.715535456989283
"Steiermark","1982-09-01",16.00186504166671
"Steiermark","1982-10-01",9.164160846774228
"Steiermark","1982-11-01",3.9890407916666955
"Steiermark","1982-12-01",0.2651898924731413
"Steiermark","1983-01-01",0.1379857392473345
"Steiermark","1983-02-01",-3.2142108630952175
"Steiermark","1983-03-01",4.648443413978521
"Steiermark","1983-04-01",9.879916805555581
"Steiermark","1983-05-01",13.577553884408609
"Steiermark","1983-06-01",16.18348713888891
"Steiermark","1983-07-01",20.693633965053785
"Steiermark","1983-08-01",17.945812553763478
"Steiermark","1983-09-01",14.137229569444472
"Steiermark","1983-10-01",8.629976666666693
"Steiermark","1983-11-01",0.665859152777799
"Steiermark","1983-12-01",-1.290606733870944
"Steiermark","1984-01-01",-3.152012231182771
"Steiermark","1984-02-01",-2.2389020258620462
"Steiermark","1984-03-01",2.0057884946236793
"Steiermark","1984-04-01",7.240886708333356
"Steiermark","1984-05-01",11.792803736559168
"Steiermark","1984-06-01",15.292461152777799
"Steiermark","1984-07-01",16.533779032258124
"Steiermark","1984-08-01",16.649442204301092
"Steiermark","1984-09-01",12.990809111111142
"Steiermark","1984-10-01",9.487831061827983
"Steiermark","1984-11-01",2.654280138888914
"Steiermark","1984-12-01",-0.5053313440859983
"Steiermark","1985-01-01",-8.019240564516094
"Steiermark","1985-02-01",-3.538488318452362
"Steiermark","1985-03-01",2.2256138709677646
"Steiermark","1985-04-01",7.953929291666681
"Steiermark","1985-05-01",13.796072916666684
"Steiermark","1985-06-01",14.430182194444466
"Steiermark","1985-07-01",18.15076889784951
"Steiermark","1985-08-01",17.645944677419354
"Steiermark","1985-09-01",14.478537916666687
"Steiermark","1985-10-01",7.747854610215084
"Steiermark","1985-11-01",0.32163748611113246
"Steiermark","1985-12-01",0.8138102688172291
"Steiermark","1986-01-01",-3.365651774193532
"Steiermark","1986-02-01",-5.604563035714267
"Steiermark","1986-03-01",1.1581645698924945
"Steiermark","1986-04-01",8.74732843055557
"Steiermark","1986-05-01",15.543035793010768
"Steiermark","1986-06-01",15.770945541666695
"Steiermark","1986-07-01",17.170910631720478
"Steiermark","1986-08-01",17.743272432795717
"Steiermark","1986-09-01",13.377772805555573
"Steiermark","1986-10-01",8.458412029569915
"Steiermark","1986-11-01",2.767062194444469
"Steiermark","1986-12-01",-3.3295142204300836
"Steiermark","1987-01-01",-6.240266518817181
"Steiermark","1987-02-01",-1.8966894494047406
"Steiermark","1987-03-01",-2.0659037634408355
"Steiermark","1987-04-01",9.017213208333345
"Steiermark","1987-05-01",11.357317943548408
"Steiermark","1987-06-01",16.132118972222262
"Steiermark","1987-07-01",19.236877862903214
"Steiermark","1987-08-01",16.30085735215054
"Steiermark","1987-09-01",16.078325527777817
"Steiermark","1987-10-01",9.416005322580668
"Steiermark","1987-11-01",3.3063207777778034
"Steiermark","1987-12-01",-0.3521779435483637
"Steiermark","1988-01-01",0.7371190860215279
"Steiermark","1988-02-01",0.9168014224138147
"Steiermark","1988-03-01",2.200088534946258
"Steiermark","1988-04-01",8.461236861111129
"Steiermark","1988-05-01",13.493381626344116
"Steiermark","1988-06-01",15.568727861111135
"Steiermark","1988-07-01",18.98230540322584
"Steiermark","1988-08-01",18.076535188172087
"Steiermark","1988-09-01",13.705974013888916
"Steiermark","1988-10-01",9.242459758064541
"Steiermark","1988-11-01",-0.6548070694444214
"Steiermark","1988-12-01",-0.09594938172040629
"Steiermark","1989-01-01",-0.9805506317204075
"Steiermark","1989-02-01",2.513454583333356
"Steiermark","1989-03-01",6.967285295698941
"Steiermark","1989-04-01",8.848879291666702
"Steiermark","1989-05-01",12.825992607526908
"Steiermark","1989-06-01",14.661903875000027
"Steiermark","1989-07-01",18.06406069892474
"Steiermark","1989-08-01",17.330700430107555
"Steiermark","1989-09-01",13.85432348611112
"Steiermark","1989-10-01",8.850131048387118
"Steiermark","1989-11-01",1.668093166666684
"Steiermark","1989-12-01",-0.08044958333331105
"Steiermark","1990-01-01",-1.4883072580644903
"Steiermark","1990-02-01",3.5407930059524024
"Steiermark","1990-03-01",6.750053333333351
"Steiermark","1990-04-01",7.394512250000027
"Steiermark","1990-05-01",13.720940618279585
"Steiermark","1990-06-01",15.429393319444472
"Steiermark","1990-07-01",17.180422500000024
"Steiermark","1990-08-01",17.702155322580698
"Steiermark","1990-09-01",11.762424319444465
"Steiermark","1990-10-01",8.866688131720446
"Steiermark","1990-11-01",3.207502375000023
"Steiermark","1990-12-01",-2.2421968010752487
"Steiermark","1991-01-01",-2.4034414112903004
"Steiermark","1991-02-01",-4.659399285714263
"Steiermark","1991-03-01",5.6514766532258305
"Steiermark","1991-04-01",6.7626245138889045
"Steiermark","1991-05-01",9.915105255376352
"Steiermark","1991-06-01",15.510333958333355
"Steiermark","1991-07-01",19.086899543010787
"Steiermark","1991-08-01",17.856817688172047
"Steiermark","1991-09-01",14.655091527777797
"Steiermark","1991-10-01",7.041366438172073
"Steiermark","1991-11-01",2.945080291666687
"Steiermark","1991-12-01",-3.466925268817185
"Steiermark","1992-01-01",-0.8879030376343858
"Steiermark","1992-02-01",1.8709901867816325
"Steiermark","1992-03-01",4.167635779569913
"Steiermark","1992-04-01",8.540053111111133
"Steiermark","1992-05-01",13.88642788978498
"Steiermark","1992-06-01",16.80749272222227
"Steiermark","1992-07-01",19.083661545698927
"Steiermark","1992-08-01",21.84024677419357
"Steiermark","1992-09-01",14.335402972222251
"Steiermark","1992-10-01",7.022726196236589
"Steiermark","1992-11-01",3.914132305555586
"Steiermark","1992-12-01",-1.3823522177419139
"Steiermark","1993-01-01",-0.5656383333333098
"Steiermark","1993-02-01",-0.9385643601190246
"Steiermark","1993-03-01",3.383709422043035
"Steiermark","1993-04-01",9.190081138888898
"Steiermark","1993-05-01",15.435511102150564
"Steiermark","1993-06-01",16.61623881944447
"Steiermark","1993-07-01",17.312911559139792
"Steiermark","1993-08-01",18.203036854838693
"Steiermark","1993-09-01",13.656238986111125
"Steiermark","1993-10-01",9.448153064516145
"Steiermark","1993-11-01",0.4073705277777989
"Steiermark","1993-12-01",-0.9536107526881502
"Steiermark","1994-01-01",1.9792780645161494
"Steiermark","1994-02-01",-0.7670136904761675
"Steiermark","1994-03-01",7.489700241935511
"Steiermark","1994-04-01",8.258736763888916
"Steiermark","1994-05-01",13.469305672043031
"Steiermark","1994-06-01",17.284328791666695
"Steiermark","1994-07-01",20.353740188172054
"Steiermark","1994-08-01",19.52822616935483
"Steiermark","1994-09-01",15.478985902777787
"Steiermark","1994-10-01",7.060904986559159
"Steiermark","1994-11-01",6.532275208333355
"Steiermark","1994-12-01",0.42243725806453813
"Steiermark","1995-01-01",-3.7036926075268584
"Steiermark","1995-02-01",2.5262738244047833
"Steiermark","1995-03-01",3.1506925268817474
"Steiermark","1995-04-01",9.455600013888914
"Steiermark","1995-05-01",13.320525994623676
"Steiermark","1995-06-01",15.352788944444463
"Steiermark","1995-07-01",20.41956311827956
"Steiermark","1995-08-01",17.05579017473123
"Steiermark","1995-09-01",12.464318013888915
"Steiermark","1995-10-01",10.02634259408604
"Steiermark","1995-11-01",1.972556708333358
"Steiermark","1995-12-01",-2.1563589112902983
"Steiermark","1996-01-01",-3.6543748521505144
"Steiermark","1996-02-01",-3.5089771551723916
"Steiermark","1996-03-01",-0.27969233870965654
"Steiermark","1996-04-01",8.531022819444475
"Steiermark","1996-05-01",14.016838790322621
"Steiermark","1996-06-01",17.49831972222224
"Steiermark","1996-07-01",16.750626034946247
"Steiermark","1996-08-01",17.099086989247372
"Steiermark","1996-09-01",10.840614625000017
"Steiermark","1996-10-01",9.182237083333353
"Steiermark","1996-11-01",5.122550291666693
"Steiermark","1996-12-01",-3.3234743682795447
"Steiermark","1997-01-01",-3.3157635215053545
"Steiermark","1997-02-01",1.7279004761904977
"Steiermark","1997-03-01",4.965270497311859
"Steiermark","1997-04-01",6.213417652777802
"Steiermark","1997-05-01",14.366368306451646
"Steiermark","1997-06-01",16.699081208333343
"Steiermark","1997-07-01",17.213365913978514
"Steiermark","1997-08-01",17.494950322580646
"Steiermark","1997-09-01",14.045080291666679
"Steiermark","1997-10-01",6.820840456989267
"Steiermark","1997-11-01",3.658396402777799
"Steiermark","1997-12-01",0.733583279569915
"Steiermark","1998-01-01",0.6021151881720652
"Steiermark","1998-02-01",4.169478035714308
"Steiermark","1998-03-01",3.5110306720430335
"Steiermark","1998-04-01",9.353317152777796
"Steiermark","1998-05-01",13.404026693548413
"Steiermark","1998-06-01",17.39662286111113
"Steiermark","1998-07-01",18.290109650537655
"Steiermark","1998-08-01",18.538314354838725
"Steiermark","1998-09-01",13.208972680555586
"Steiermark","1998-10-01",9.265611236559174
"Steiermark","1998-11-01",1.4141997916666913
"Steiermark","1998-12-01",-3.427404704301054
"Steiermark","1999-01-01",-1.9103997446236318
"Steiermark","1999-02-01",-1.0988547470237866
"Steiermark","1999-03-01",5.547341854838735
"Steiermark","1999-04-01",9.63904593055558
"Steiermark","1999-05-01",13.917700954301095
"Steiermark","1999-06-01",16.678113333333346
"Steiermark","1999-07-01",18.76928987903227
"Steiermark","1999-08-01",17.108616935483894
"Steiermark","1999-09-01",15.700840166666698
"Steiermark","1999-10-01",9.25457134408604
"Steiermark","1999-11-01",1.5774208472222468
"Steiermark","1999-12-01",-1.7490513575268607
"Steiermark","2000-01-01",-4.474024663978475
"Steiermark","2000-02-01",2.43424827586209
"Steiermark","2000-03-01",5.085388870967764
"Steiermark","2000-04-01",11.526537333333353
"Steiermark","2000-05-01",14.802728669354869
"Steiermark","2000-06-01",18.141049486111125
"Steiermark","2000-07-01",16.900090981182807
"Steiermark","2000-08-01",19.45183474462368
"Steiermark","2000-09-01",14.117669833333343
"Steiermark","2000-10-01",10.921784368279592
"Steiermark","2000-11-01",6.0266110000000275
"Steiermark","2000-12-01",1.02717745967744
"Steiermark","2001-01-01",-0.46494067204298795
"Steiermark","2001-02-01",1.7393495386905014
"Steiermark","2001-03-01",6.142740188172073
"Steiermark","2001-04-01",7.952923763888905
"Steiermark","2001-05-01",15.460130161290346
"Steiermark","2001-06-01",15.67128684722225
"Steiermark","2001-07-01",18.897288427419365
"Steiermark","2001-08-01",19.676861572580666
"Steiermark","2001-09-01",11.87666843055558
"Steiermark","2001-10-01",11.774444892473149
"Steiermark","2001-11-01",2.412662097222244
"Steiermark","2001-12-01",-3.4563559274193314
"Steiermark","2002-01-01",-2.0192651747311543
"Steiermark","2002-02-01",3.598187514880973
"Steiermark","2002-03-01",6.075196384408626
"Steiermark","2002-04-01",8.062722694444467
"Steiermark","2002-05-01",15.446286250000016
"Steiermark","2002-06-01",18.724385902777808
"Steiermark","2002-07-01",19.415923360215103
"Steiermark","2002-08-01",18.2559553360215
"Steiermark","2002-09-01",13.008468347222244
"Steiermark","2002-10-01",8.719653131720456
"Steiermark","2002-11-01",6.43688766666669
"Steiermark","2002-12-01",-0.1717564381720203
"Steiermark","2003-01-01",-3.287340604838689
"Steiermark","2003-02-01",-3.8871409226190257
"Steiermark","2003-03-01",5.279434045698949
"Steiermark","2003-04-01",7.8122217777777925
"Steiermark","2003-05-01",15.96937450268819
"Steiermark","2003-06-01",20.581520611111102
"Steiermark","2003-07-01",20.128720577957026
"Steiermark","2003-08-01",21.661259341397873
"Steiermark","2003-09-01",13.357850319444482
"Steiermark","2003-10-01",6.401878467741966
"Steiermark","2003-11-01",5.185390347222241
"Steiermark","2003-12-01",-0.14077647849460076
"Steiermark","2004-01-01",-2.437967688172021
"Steiermark","2004-02-01",0.5751707327586449
"Steiermark","2004-03-01",2.3974000268817424
"Steiermark","2004-04-01",9.240763541666688
"Steiermark","2004-05-01",11.89899795698927
"Steiermark","2004-06-01",16.06181863888892
"Steiermark","2004-07-01",17.683239543010746
"Steiermark","2004-08-01",17.96358614247313
"Steiermark","2004-09-01",13.363039611111134
"Steiermark","2004-10-01",10.225963333333363
"Steiermark","2004-11-01",3.852837555555579
"Steiermark","2004-12-01",-0.5908566935483641
"Steiermark","2005-01-01",-1.1382416263440636
"Steiermark","2005-02-01",-3.607843005952357
"Steiermark","2005-03-01",1.939510067204324
"Steiermark","2005-04-01",9.029652333333358
"Steiermark","2005-05-01",14.292569354838726
"Steiermark","2005-06-01",17.050171708333366
"Steiermark","2005-07-01",18.326209556451634
"Steiermark","2005-08-01",16.352230456989247
"Steiermark","2005-09-01",14.519892847222238
"Steiermark","2005-10-01",9.176068239247334
"Steiermark","2005-11-01",2.3505531805555786
"Steiermark","2005-12-01",-2.2160329973118063
"Steiermark","2006-01-01",-5.481176478494609
"Steiermark","2006-02-01",-1.7259557886904517
"Steiermark","2006-03-01",1.807334879032282
"Steiermark","2006-04-01",9.323860694444457
"Steiermark","2006-05-01",12.930222311827992
"Steiermark","2006-06-01",17.034320416666674
"Steiermark","2006-07-01",20.671711747311853
"Steiermark","2006-08-01",15.698107473118329
"Steiermark","2006-09-01",15.439401166666693
"Steiermark","2006-10-01",10.591757903225828
"Steiermark","2006-11-01",4.63917504166669
"Steiermark","2006-12-01",0.8566958736559356
"Steiermark","2007-01-01",2.181622647849486
"Steiermark","2007-02-01",3.540296056547644
"Steiermark","2007-03-01",5.875693306451645
"Steiermark","2007-04-01",11.580323138888916
"Steiermark","2007-05-01",14.758060362903247
"Steiermark","2007-06-01",18.340567791666686
"Steiermark","2007-07-01",19.2639338575269
"Steiermark","2007-08-01",17.889537943548405
"Steiermark","2007-09-01",12.075883875000029
"Steiermark","2007-10-01",7.977210913978523
"Steiermark","2007-11-01",2.699529236111137
"Steiermark","2007-12-01",-1.934513709677396
"Steiermark","2008-01-01",0.8480279704301298
"Steiermark","2008-02-01",2.678982413793128
"Steiermark","2008-03-01",4.541641142473133
"Steiermark","2008-04-01",9.012168763888926
"Steiermark","2008-05-01",14.660762674731204
"Steiermark","2008-06-01",17.933680763888912
"Steiermark","2008-07-01",18.666602782258106
"Steiermark","2008-08-01",18.156834032258086
"Steiermark","2008-09-01",12.948764388888907
"Steiermark","2008-10-01",9.581716639784963
"Steiermark","2008-11-01",4.5070840138889166
"Steiermark","2008-12-01",0.5179172983871194
"Steiermark","2009-01-01",-3.1602466801075093
"Steiermark","2009-02-01",-0.11493177083331052
"Steiermark","2009-03-01",4.575626975806481
"Steiermark","2009-04-01",11.92219965277781
"Steiermark","2009-05-01",14.761448400537653
"Steiermark","2009-06-01",16.05141780555558
"Steiermark","2009-07-01",19.104971384408618
"Steiermark","2009-08-01",18.989217634408593
"Steiermark","2009-09-01",15.178971069444465
"Steiermark","2009-10-01",8.486345013440875
"Steiermark","2009-11-01",4.518172319444469
"Steiermark","2009-12-01",-0.38979010752685966
"Steiermark","2010-01-01",-3.832530403225785
"Steiermark","2010-02-01",-1.4244916815475965
"Steiermark","2010-03-01",4.075580483870993
"Steiermark","2010-04-01",9.1045375277778
"Steiermark","2010-05-01",13.641504623655939
"Steiermark","2010-06-01",17.795384069444474
"Steiermark","2010-07-01",20.657445698924768
"Steiermark","2010-08-01",17.685283897849484
"Steiermark","2010-09-01",12.580183847222242
"Steiermark","2010-10-01",6.9313996102150846
"Steiermark","2010-11-01",5.238221944444467
"Steiermark","2010-12-01",-4.523313413978469
"Steiermark","2011-01-01",-1.7820459677419145
"Steiermark","2011-02-01",-0.5718306101190254
"Steiermark","2011-03-01",4.845459529569915
"Steiermark","2011-04-01",11.106203083333352
"Steiermark","2011-05-01",14.13778063172045
"Steiermark","2011-06-01",17.500418763888877
"Steiermark","2011-07-01",17.53875876344086
"Steiermark","2011-08-01",19.214557916666664
"Steiermark","2011-09-01",16.416907069444466
"Steiermark","2011-10-01",7.89649958333336
"Steiermark","2011-11-01",1.7909485416666888
"Steiermark","2011-12-01",0.32988600806453855
"Steiermark","2012-01-01",-0.3834676344085793
"Steiermark","2012-02-01",-2.993838117816075
"Steiermark","2012-03-01",7.530715188172065
"Steiermark","2012-04-01",9.31545727777779
"Steiermark","2012-05-01",14.211370537634433
"Steiermark","2012-06-01",18.50941613888894
"Steiermark","2012-07-01",19.21338454301078
"Steiermark","2012-08-01",19.48417840053763
"Steiermark","2012-09-01",14.707277986111123
"Steiermark","2012-10-01",8.695782836021513
"Steiermark","2012-11-01",5.511506972222238
"Steiermark","2012-12-01",-0.9088796908601918
"Steiermark","2013-01-01",-0.6483552150537407
"Steiermark","2013-02-01",-0.5624598363095001
"Steiermark","2013-03-01",1.945642056451634
"Steiermark","2013-04-01",10.2022549027778
"Steiermark","2013-05-01",13.141762056451636
"Steiermark","2013-06-01",17.09158466666671
"Steiermark","2013-07-01",20.745975981182788
"Steiermark","2013-08-01",19.82496407258064
"Steiermark","2013-09-01",13.614086000000029
"Steiermark","2013-10-01",10.178742540322588
"Steiermark","2013-11-01",4.535169513888913
"Steiermark","2013-12-01",0.7939986021505602
"Steiermark","2014-01-01",1.5528716397849733
"Steiermark","2014-02-01",2.078197351190496
"Steiermark","2014-03-01",7.57086966397852
"Steiermark","2014-04-01",10.68982654166669
"Steiermark","2014-05-01",13.114957594086043
"Steiermark","2014-06-01",17.06505900000002
"Steiermark","2014-07-01",18.806154247311856
"Steiermark","2014-08-01",16.91432064516131
"Steiermark","2014-09-01",14.12222641666669
"Steiermark","2014-10-01",11.227797594086049
"Steiermark","2014-11-01",6.933517236111131
"Steiermark","2014-12-01",1.1292496370967977
"Steiermark","2015-01-01",0.9983496102150766
"Steiermark","2015-02-01",0.9715865773809744
"Steiermark","2015-03-01",5.122487258064533
"Steiermark","2015-04-01",9.479245750000016
"Steiermark","2015-05-01",14.285623481182824
"Steiermark","2015-06-01",18.008361888888906
"Steiermark","2015-07-01",21.413061518817198
"Steiermark","2015-08-01",20.727176021505386
"Steiermark","2015-09-01",14.061960375000023
"Steiermark","2015-10-01",8.798829005376355
"Steiermark","2015-11-01",5.70721448611114
"Steiermark","2015-12-01",0.8981460752688402
"Steiermark","2016-01-01",-0.7576326747311601
"Steiermark","2016-02-01",3.789896494252895
"Steiermark","2016-03-01",5.164666209677432
"Steiermark","2016-04-01",10.285590819444472
"Steiermark","2016-05-01",13.644068884408634
"Steiermark","2016-06-01",17.770945750000042
"Steiermark","2016-07-01",20.04736977150538
"Steiermark","2016-08-01",18.050451276881724
"Steiermark","2016-09-01",16.285558805555567
"Steiermark","2016-10-01",8.484231962365616
"Steiermark","2016-11-01",4.1123925416666856
"Steiermark","2016-12-01",-0.5873058467741696
"Steiermark","2017-01-01",-5.179327836021484
"Steiermark","2017-02-01",2.3592077976190677
"Steiermark","2017-03-01",7.716721370967759
"Steiermark","2017-04-01",9.150131944444484
"Steiermark","2017-05-01",14.81990081989249
"Steiermark","2017-06-01",19.397675569444484
"Steiermark","2017-07-01",19.88676224462367
"Steiermark","2017-08-01",20.04738080645165
"Steiermark","2017-09-01",12.652022875000029
"Steiermark","2017-10-01",10.008315860215077
"Steiermark","2017-11-01",3.8373407083333584
"Steiermark","2017-12-01",0.37705111559142057
"Steiermark","2018-01-01",1.4970578225806666
"Steiermark","2018-02-01",-2.014860238095216
"Steiermark","2018-03-01",2.2773193548387374
"Steiermark","2018-04-01",13.333737375000016
"Steiermark","2018-05-01",15.845877849462397
"Steiermark","2018-06-01",18.11285561111113
"Steiermark","2018-07-01",19.52472419354841
"Steiermark","2018-08-01",19.950346250000017
"Steiermark","2018-09-01",15.475698791666671
"Steiermark","2018-10-01",10.988334059139813
"Steiermark","2018-11-01",5.759110222222246
"Steiermark","2018-12-01",0.2811072177419595
"Steiermark","2019-01-01",-1.0592380107526658
"Steiermark","2019-02-01",3.101275000000024
"Steiermark","2019-03-01",6.666212594086038
"Steiermark","2019-04-01",9.977237416666696
"Steiermark","2019-05-01",11.266225295698938
"Steiermark","2019-06-01",21.204663666666697
"Steiermark","2019-07-01",20.425331599462368
"Steiermark","2019-08-01",20.284163077957004
"Steiermark","2019-09-01",14.924024694444485
"Steiermark","2019-10-01",10.646485416666685
"Steiermark","2019-11-01",6.2783719444444674
"Steiermark","2019-12-01",1.4337771908602366
"Steiermark","2020-01-01",-0.28354481182793423
"Steiermark","2020-02-01",3.7435602729885287
"Steiermark","2020-03-01",5.094541048387122
"Steiermark","2020-04-01",10.14958561111112
"Steiermark","2020-05-01",12.770120349462386
"Steiermark","2020-06-01",17.316756333333352
"Steiermark","2020-07-01",18.915686505376375
"Steiermark","2020-08-01",19.84455961021511
"Steiermark","2020-09-01",15.167271500000028
"Steiermark","2020-10-01",9.39107458333335
"Steiermark","2020-11-01",3.3060520972222487
"Steiermark","2020-12-01",-0.17373848118277163
"Steiermark","2021-01-01",-1.4968898790322356
"Steiermark","2021-02-01",2.3736786755952615
"Steiermark","2021-03-01",4.2625483064516345
"Steiermark","2021-04-01",6.932710291666692
"Steiermark","2021-05-01",11.549892177419375
"Steiermark","2021-06-01",20.226576444444476
"Steiermark","2021-07-01",20.951175940860207
"Steiermark","2021-08-01",17.83936752688173
"Steiermark","2021-09-01",15.345377625000014
"Steiermark","2021-10-01",8.364197540322618
"Steiermark","2021-11-01",3.7947635138889084
"Steiermark","2021-12-01",-0.09765036290320281
"Steiermark","2022-01-01",0.66638235215056
"Steiermark","2022-02-01",3.026042247023833
"Steiermark","2022-03-01",4.1306106586021665
"Steiermark","2022-04-01",8.026962111111134
"Steiermark","2022-05-01",15.424464825268842
"Steiermark","2022-06-01",19.916431388888878
"Steiermark","2022-07-01",20.760545174731213
"Steiermark","2022-08-01",20.28420369623661
"Steiermark","2022-09-01",13.510235888888905
"Steiermark","2022-10-01",11.981979435483897
"Steiermark","2022-11-01",5.239987125000022
"Steiermark","2022-12-01",0.6740429704301316
"Steiermark","2023-01-01",1.7873007661290539
"Steiermark","2023-02-01",1.8550780208333564
"Steiermark","2023-03-01",6.015591814516158
"Steiermark","2023-04-01",7.608798166666686
"Steiermark","2023-05-01",13.485432822580663
"Steiermark","2023-06-01",17.97179316666669
"Steiermark","2023-07-01",19.978876774193584
"Steiermark","2023-08-01",19.25761529569895
"Steiermark","2023-09-01",17.1597356805556
"Steiermark","2023-10-01",12.446920389784971
"Steiermark","2023-11-01",4.362208944444467
"Steiermark","2023-12-01",1.2299366263441087
"Steiermark","2024-01-01",0.2174583198924958
"Steiermark","2024-02-01",5.890761379310364
"Steiermark","2024-03-01",7.708428481182807
"Steiermark","2024-04-01",10.957592444444467
"Steiermark","2024-05-01",14.253154650537654
"Steiermark","2024-06-01",18.665969430555588
"Steiermark","2024-07-01",21.13242310483874
"Steiermark","2024-08-01",22.01921161290323
"Steiermark","2024-09-01",14.876988000000017
"Steiermark","2024-10-01",10.881100483870997
"Steiermark","2024-11-01",2.9533871666666913
"Steiermark","2024-12-01",1.1885015053763672
"Tirol","1974-01-01",-3.618670900537613
"Tirol","1974-02-01",-2.788801458333309
"Tirol","1974-03-01",-0.19356122311825863
"Tirol","1974-04-01",0.5449104305555785
"Tirol","1974-05-01",3.807028185483893
"Tirol","1974-06-01",6.98123970833336
"Tirol","1974-07-01",10.610191397849487
"Tirol","1974-08-01",12.211153010752723
"Tirol","1974-09-01",7.952040805555584
"Tirol","1974-10-01",-2.6517624596773954
"Tirol","1974-11-01",-3.051102513888867
"Tirol","1974-12-01",-4.196255712365563
"Tirol","1975-01-01",-4.243373010752668
"Tirol","1975-02-01",-5.400020997023781
"Tirol","1975-03-01",-2.2764967338709425
"Tirol","1975-04-01",1.052425833333357
"Tirol","1975-05-01",5.076834032258085
"Tirol","1975-06-01",6.6372117361111345
"Tirol","1975-07-01",10.686093548387138
"Tirol","1975-08-01",11.132633561827971
"Tirol","1975-09-01",10.593940416666692
"Tirol","1975-10-01",1.3850467338709904
"Tirol","1975-11-01",-3.116483152777754
"Tirol","1975-12-01",-7.470076948924707
"Tirol","1976-01-01",-6.471663440860198
"Tirol","1976-02-01",-3.6868549712643466
"Tirol","1976-03-01",-3.4947504032257846
"Tirol","1976-04-01",0.6326625000000224
"Tirol","1976-05-01",5.4241756989247465
"Tirol","1976-06-01",9.878815527777794
"Tirol","1976-07-01",11.54889551075271
"Tirol","1976-08-01",8.6515902419355
"Tirol","1976-09-01",5.821008319444468
"Tirol","1976-10-01",4.54948069892475
"Tirol","1976-11-01",-2.927417777777752
"Tirol","1976-12-01",-9.51985803763439
"Tirol","1977-01-01",-5.779106196236534
"Tirol","1977-02-01",-2.725936889880926
"Tirol","1977-03-01",0.4370591397849684
"Tirol","1977-04-01",-0.02119359722220058
"Tirol","1977-05-01",4.624257768817225
"Tirol","1977-06-01",8.917578819444472
"Tirol","1977-07-01",11.115686290322603
"Tirol","1977-08-01",10.02981801075272
"Tirol","1977-09-01",7.036237861111136
"Tirol","1977-10-01",5.603440981182817
"Tirol","1977-11-01",-2.9457235972222
"Tirol","1977-12-01",-5.816744677419338
"Tirol","1978-01-01",-7.1704361559139596
"Tirol","1978-02-01",-5.3892046428571225
"Tirol","1978-03-01",-1.0474740322580398
"Tirol","1978-04-01",0.5032475138889114
"Tirol","1978-05-01",3.3216577822580877
"Tirol","1978-06-01",7.425719819444471
"Tirol","1978-07-01",10.27501985215057
"Tirol","1978-08-01",10.024394758064538
"Tirol","1978-09-01",7.51548637500003
"Tirol","1978-10-01",2.8756824731183053
"Tirol","1978-11-01",-1.9592033194444218
"Tirol","1978-12-01",-5.7300254973118
"Tirol","1979-01-01",-10.336244704301045
"Tirol","1979-02-01",-4.110437678571408
"Tirol","1979-03-01",-1.2985284677419102
"Tirol","1979-04-01",-0.5432148333333107
"Tirol","1979-05-01",4.3260435349462565
"Tirol","1979-06-01",8.452308805555578
"Tirol","1979-07-01",10.083625362903245
"Tirol","1979-08-01",9.704693561827982
"Tirol","1979-09-01",7.571481444444473
"Tirol","1979-10-01",4.395938709677444
"Tirol","1979-11-01",-3.9443243611110876
"Tirol","1979-12-01",-4.702659341397827
"Tirol","1980-01-01",-8.810621263440826
"Tirol","1980-02-01",-4.175587887931002
"Tirol","1980-03-01",-2.0094149462365416
"Tirol","1980-04-01",-1.6725182361110886
"Tirol","1980-05-01",3.2603428091398077
"Tirol","1980-06-01",7.459033569444458
"Tirol","1980-07-01",9.729551532258093
"Tirol","1980-08-01",12.209109395161335
"Tirol","1980-09-01",9.130809180555573
"Tirol","1980-10-01",1.4849327150537868
"Tirol","1980-11-01",-4.040850972222206
"Tirol","1980-12-01",-8.800444717741915
"Tirol","1981-01-01",-10.058748279569864
"Tirol","1981-02-01",-7.914371011904739
"Tirol","1981-03-01",-0.1003880645161075
"Tirol","1981-04-01",1.8372440416666855
"Tirol","1981-05-01",5.613188333333357
"Tirol","1981-06-01",9.691750916666681
"Tirol","1981-07-01",10.05513600806454
"Tirol","1981-08-01",11.381071411290351
"Tirol","1981-09-01",8.757924694444474
"Tirol","1981-10-01",2.577094045698946
"Tirol","1981-11-01",-4.453729999999978
"Tirol","1981-12-01",-7.8736973118279305
"Tirol","1982-01-01",-6.240861129032236
"Tirol","1982-02-01",-6.841849687499976
"Tirol","1982-03-01",-3.1241315188171863
"Tirol","1982-04-01",-0.4868726805555331
"Tirol","1982-05-01",5.545070416666685
"Tirol","1982-06-01",10.21703184722225
"Tirol","1982-07-01",12.715753508064534
"Tirol","1982-08-01",10.91709572580647
"Tirol","1982-09-01",10.439826472222235
"Tirol","1982-10-01",3.4369660080645423
"Tirol","1982-11-01",-0.7185132777777551
"Tirol","1982-12-01",-5.328163266129007
"Tirol","1983-01-01",-5.091709475806428
"Tirol","1983-02-01",-8.447934642857126
"Tirol","1983-03-01",-1.4263313037634182
"Tirol","1983-04-01",2.0860506527778004
"Tirol","1983-05-01",5.279411491935505
"Tirol","1983-06-01",9.990079083333352
"Tirol","1983-07-01",14.633891465053763
"Tirol","1983-08-01",11.064766155914016
"Tirol","1983-09-01",8.457723291666678
"Tirol","1983-10-01",4.036205604838742
"Tirol","1983-11-01",-1.3211364861110886
"Tirol","1983-12-01",-7.652743991935465
"Tirol","1984-01-01",-7.709284663978469
"Tirol","1984-02-01",-7.769992844827569
"Tirol","1984-03-01",-4.505623091397823
"Tirol","1984-04-01",-0.3238415555555334
"Tirol","1984-05-01",3.211869569892494
"Tirol","1984-06-01",8.252411305555578
"Tirol","1984-07-01",10.896597795698941
"Tirol","1984-08-01",10.60622448924732
"Tirol","1984-09-01",6.01718302777779
"Tirol","1984-10-01",4.241149892473134
"Tirol","1984-11-01",-0.5046461111110876
"Tirol","1984-12-01",-6.621933454301051
"Tirol","1985-01-01",-11.846350174731157
"Tirol","1985-02-01",-6.620635074404738
"Tirol","1985-03-01",-3.260569663978474
"Tirol","1985-04-01",0.4073906805555791
"Tirol","1985-05-01",6.072602432795723
"Tirol","1985-06-01",7.838128861111133
"Tirol","1985-07-01",13.030797647849488
"Tirol","1985-08-01",10.751908427419382
"Tirol","1985-09-01",9.361565250000023
"Tirol","1985-10-01",3.891243131720457
"Tirol","1985-11-01",-6.122811874999967
"Tirol","1985-12-01",-4.673315658602129
"Tirol","1986-01-01",-8.333742809139768
"Tirol","1986-02-01",-10.49921986607141
"Tirol","1986-03-01",-1.7121076881720192
"Tirol","1986-04-01",0.6097660972222442
"Tirol","1986-05-01",7.832317446236587
"Tirol","1986-06-01",9.151803458333356
"Tirol","1986-07-01",10.965899516129056
"Tirol","1986-08-01",10.96491348118282
"Tirol","1986-09-01",8.603275500000017
"Tirol","1986-10-01",4.591470793010771
"Tirol","1986-11-01",-2.079390083333309
"Tirol","1986-12-01",-6.972004180107502
"Tirol","1987-01-01",-10.23293155913977
"Tirol","1987-02-01",-4.821620877976168
"Tirol","1987-03-01",-6.693716505376319
"Tirol","1987-04-01",1.7376199444444664
"Tirol","1987-05-01",2.8638214247312077
"Tirol","1987-06-01",7.945278819444467
"Tirol","1987-07-01",12.149404798387119
"Tirol","1987-08-01",10.847351559139806
"Tirol","1987-09-01",10.532436180555584
"Tirol","1987-10-01",5.320564852150563
"Tirol","1987-11-01",-1.818806166666644
"Tirol","1987-12-01",-5.350763575268793
"Tirol","1988-01-01",-4.664923897849445
"Tirol","1988-02-01",-6.735320028735608
"Tirol","1988-03-01",-3.748626545698904
"Tirol","1988-04-01",2.08024804166669
"Tirol","1988-05-01",7.241538991935502
"Tirol","1988-06-01",8.533512000000016
"Tirol","1988-07-01",12.430058857526896
"Tirol","1988-08-01",11.412824032258069
"Tirol","1988-09-01",7.760418458333358
"Tirol","1988-10-01",5.784927956989273
"Tirol","1988-11-01",-5.158491499999974
"Tirol","1988-12-01",-5.4555028897849205
"Tirol","1989-01-01",-7.071079354838684
"Tirol","1989-02-01",-2.7310240476190257
"Tirol","1989-03-01",0.6992945833333564
"Tirol","1989-04-01",0.8953423888889115
"Tirol","1989-05-01",6.044197110215075
"Tirol","1989-06-01",7.361435708333359
"Tirol","1989-07-01",11.520321330645181
"Tirol","1989-08-01",10.956757500000023
"Tirol","1989-09-01",7.75536302777779
"Tirol","1989-10-01",3.708467405914003
"Tirol","1989-11-01",-4.844120736111094
"Tirol","1989-12-01",-6.707202876344059
"Tirol","1990-01-01",-7.641418548387075
"Tirol","1990-02-01",-2.339762217261884
"Tirol","1990-03-01",-0.3905460887096545
"Tirol","1990-04-01",-0.0186781527777554
"Tirol","1990-05-01",6.734844879032283
"Tirol","1990-06-01",8.876847986111128
"Tirol","1990-07-01",11.371042459677438
"Tirol","1990-08-01",11.612515309139814
"Tirol","1990-09-01",6.683594541666688
"Tirol","1990-10-01",5.109317688172064
"Tirol","1990-11-01",-3.624581861111091
"Tirol","1990-12-01",-8.76408991935483
"Tirol","1991-01-01",-7.319096626344069
"Tirol","1991-02-01",-7.814566383928543
"Tirol","1991-03-01",0.44481286290324945
"Tirol","1991-04-01",-0.4084461388888655
"Tirol","1991-05-01",1.5802350940860432
"Tirol","1991-06-01",7.976363708333351
"Tirol","1991-07-01",12.655819233870986
"Tirol","1991-08-01",12.163310604838733
"Tirol","1991-09-01",9.920184361111138
"Tirol","1991-10-01",2.8905708602150773
"Tirol","1991-11-01",-3.5829991805555306
"Tirol","1991-12-01",-8.897579583333297
"Tirol","1992-01-01",-7.269251088709657
"Tirol","1992-02-01",-4.9993343247126205
"Tirol","1992-03-01",-1.4647338306451394
"Tirol","1992-04-01",1.0021363888889117
"Tirol","1992-05-01",7.077814368279593
"Tirol","1992-06-01",9.717591861111138
"Tirol","1992-07-01",12.87922283602154
"Tirol","1992-08-01",14.291325188172074
"Tirol","1992-09-01",8.338461722222242
"Tirol","1992-10-01",1.2770540725806674
"Tirol","1992-11-01",-0.9000132638888655
"Tirol","1992-12-01",-7.039846801075242
"Tirol","1993-01-01",-4.628093534946215
"Tirol","1993-02-01",-6.751460342261886
"Tirol","1993-03-01",-3.633980295698898
"Tirol","1993-04-01",2.415077500000023
"Tirol","1993-05-01",8.064575967741952
"Tirol","1993-06-01",10.293900138888922
"Tirol","1993-07-01",10.345496276881745
"Tirol","1993-08-01",11.463126518817228
"Tirol","1993-09-01",7.209595013888909
"Tirol","1993-10-01",3.422106827957016
"Tirol","1993-11-01",-4.6093915972222
"Tirol","1993-12-01",-4.915018978494599
"Tirol","1994-01-01",-5.152171155913957
"Tirol","1994-02-01",-5.602459077380926
"Tirol","1994-03-01",1.6408090053763673
"Tirol","1994-04-01",0.5255635138889153
"Tirol","1994-05-01",7.26743354838712
"Tirol","1994-06-01",10.571519833333353
"Tirol","1994-07-01",14.23238900537637
"Tirol","1994-08-01",13.150697634408624
"Tirol","1994-09-01",8.965679152777799
"Tirol","1994-10-01",3.3718470430107783
"Tirol","1994-11-01",2.0715466805555796
"Tirol","1994-12-01",-3.908005040322561
"Tirol","1995-01-01",-8.299732432795674
"Tirol","1995-02-01",-2.256270610119026
"Tirol","1995-03-01",-4.042202244623638
"Tirol","1995-04-01",1.6806352638889104
"Tirol","1995-05-01",5.856952903225833
"Tirol","1995-06-01",7.841420083333359
"Tirol","1995-07-01",14.539817526881738
"Tirol","1995-08-01",10.580634126344105
"Tirol","1995-09-01",6.129108527777796
"Tirol","1995-10-01",7.421246155913994
"Tirol","1995-11-01",-3.371570416666642
"Tirol","1995-12-01",-6.130616518817183
"Tirol","1996-01-01",-5.859751021505351
"Tirol","1996-02-01",-7.999831048850539
"Tirol","1996-03-01",-4.498601962365569
"Tirol","1996-04-01",1.967590208333356
"Tirol","1996-05-01",6.90192395161292
"Tirol","1996-06-01",11.060060583333353
"Tirol","1996-07-01",11.000051034946244
"Tirol","1996-08-01",10.70789766129034
"Tirol","1996-09-01",4.589542375000025
"Tirol","1996-10-01",3.125120497311853
"Tirol","1996-11-01",-1.9083876805555335
"Tirol","1996-12-01",-7.007472432795676
"Tirol","1997-01-01",-5.247110967741916
"Tirol","1997-02-01",-3.3420109821428365
"Tirol","1997-03-01",0.15038259408604307
"Tirol","1997-04-01",-0.8547088472221984
"Tirol","1997-05-01",7.2533406048387405
"Tirol","1997-06-01",9.956138916666688
"Tirol","1997-07-01",10.455672782258079
"Tirol","1997-08-01",12.42806705645164
"Tirol","1997-09-01",10.168427930555568
"Tirol","1997-10-01",3.0403342741935746
"Tirol","1997-11-01",-1.0946789444444216
"Tirol","1997-12-01",-4.474971586021487
"Tirol","1998-01-01",-6.452690336021479
"Tirol","1998-02-01",-2.3228194791666454
"Tirol","1998-03-01",-2.5895712365591157
"Tirol","1998-04-01",1.7003698333333561
"Tirol","1998-05-01",7.394352661290347
"Tirol","1998-06-01",10.757366833333357
"Tirol","1998-07-01",12.31434162634412
"Tirol","1998-08-01",12.35454995967744
"Tirol","1998-09-01",7.4839389861111405
"Tirol","1998-10-01",3.0104191129032523
"Tirol","1998-11-01",-6.072373527777754
"Tirol","1998-12-01",-7.140146290322562
"Tirol","1999-01-01",-6.354768696236543
"Tirol","1999-02-01",-7.2355527232142585
"Tirol","1999-03-01",-0.6768041397849238
"Tirol","1999-04-01",1.6780351666666908
"Tirol","1999-05-01",7.635598844086042
"Tirol","1999-06-01",9.103077486111136
"Tirol","1999-07-01",12.175260201612934
"Tirol","1999-08-01",11.64609547043013
"Tirol","1999-09-01",10.499989097222256
"Tirol","1999-10-01",4.476025403225824
"Tirol","1999-11-01",-5.003068388888867
"Tirol","1999-12-01",-7.031822836021485
"Tirol","2000-01-01",-8.798198427419324
"Tirol","2000-02-01",-3.4008510775861827
"Tirol","2000-03-01",-1.36139467741933
"Tirol","2000-04-01",2.922603833333356
"Tirol","2000-05-01",8.335988010752715
"Tirol","2000-06-01",11.816757819444467
"Tirol","2000-07-01",9.908504502688182
"Tirol","2000-08-01",12.909161397849486
"Tirol","2000-09-01",8.664033208333374
"Tirol","2000-10-01",5.114608481182816
"Tirol","2000-11-01",-1.7556061249999753
"Tirol","2000-12-01",-4.345175228494602
"Tirol","2001-01-01",-6.280759744623631
"Tirol","2001-02-01",-4.069859330357122
"Tirol","2001-03-01",0.5243431586021724
"Tirol","2001-04-01",-0.07182472222219842
"Tirol","2001-05-01",9.076646639784983
"Tirol","2001-06-01",8.559129472222246
"Tirol","2001-07-01",12.256491720430137
"Tirol","2001-08-01",13.021634368279585
"Tirol","2001-09-01",4.987777513888919
"Tirol","2001-10-01",7.456082069892485
"Tirol","2001-11-01",-3.8966655138888666
"Tirol","2001-12-01",-9.783407594086004
"Tirol","2002-01-01",-7.861534973118257
"Tirol","2002-02-01",-1.2444747916666428
"Tirol","2002-03-01",-0.15446216397847268
"Tirol","2002-04-01",1.6899289027778017
"Tirol","2002-05-01",7.784693857526904
"Tirol","2002-06-01",12.904845680555578
"Tirol","2002-07-01",12.315197365591425
"Tirol","2002-08-01",11.490755080645167
"Tirol","2002-09-01",6.344829805555581
"Tirol","2002-10-01",3.922927594086042
"Tirol","2002-11-01",0.9920231805555785
"Tirol","2002-12-01",-3.8075716397849186
"Tirol","2003-01-01",-7.76661641129031
"Tirol","2003-02-01",-8.284147633928537
"Tirol","2003-03-01",-0.37384635752685985
"Tirol","2003-04-01",1.7018630000000234
"Tirol","2003-05-01",8.94259258064519
"Tirol","2003-06-01",14.639934500000015
"Tirol","2003-07-01",12.904356357526897
"Tirol","2003-08-01",14.913042405914009
"Tirol","2003-09-01",7.886738819444459
"Tirol","2003-10-01",0.31095178763442827
"Tirol","2003-11-01",0.5908305277778012
"Tirol","2003-12-01",-5.268646720430086
"Tirol","2004-01-01",-7.232979180107506
"Tirol","2004-02-01",-4.833503649425263
"Tirol","2004-03-01",-2.4128331989247123
"Tirol","2004-04-01",2.5234731111111333
"Tirol","2004-05-01",5.1954450403226105
"Tirol","2004-06-01",9.946201055555589
"Tirol","2004-07-01",11.776395779569917
"Tirol","2004-08-01",12.671564865591424
"Tirol","2004-09-01",9.216529583333362
"Tirol","2004-10-01",6.758894489247335
"Tirol","2004-11-01",-1.792426888888865
"Tirol","2004-12-01",-4.932937715053743
"Tirol","2005-01-01",-7.054715295698903
"Tirol","2005-02-01",-8.282004747023786
"Tirol","2005-03-01",-2.015053723118256
"Tirol","2005-04-01",2.898233055555581
"Tirol","2005-05-01",7.554548857526901
"Tirol","2005-06-01",11.450636930555586
"Tirol","2005-07-01",12.022781518817235
"Tirol","2005-08-01",10.24933922043014
"Tirol","2005-09-01",9.42272734722225
"Tirol","2005-10-01",6.018102741935504
"Tirol","2005-11-01",-1.7008646388888649
"Tirol","2005-12-01",-6.838200336021483
"Tirol","2006-01-01",-9.296827204301037
"Tirol","2006-02-01",-5.6587188988095
"Tirol","2006-03-01",-3.4727703763440636
"Tirol","2006-04-01",2.2971577500000224
"Tirol","2006-05-01",7.094864475806472
"Tirol","2006-06-01",11.151796958333351
"Tirol","2006-07-01",15.392551532258096
"Tirol","2006-08-01",8.959606182795728
"Tirol","2006-09-01",11.83736438888891
"Tirol","2006-10-01",7.177422553763469
"Tirol","2006-11-01",0.8026370972222467
"Tirol","2006-12-01",-2.2120217204300836
"Tirol","2007-01-01",-2.3309384811827725
"Tirol","2007-02-01",-1.6838015773809287
"Tirol","2007-03-01",-0.3251833333333104
"Tirol","2007-04-01",7.110529722222247
"Tirol","2007-05-01",8.65708606182799
"Tirol","2007-06-01",11.91318393055558
"Tirol","2007-07-01",12.70589259408604
"Tirol","2007-08-01",11.59586880376345
"Tirol","2007-09-01",6.474087611111131
"Tirol","2007-10-01",3.527065215053794
"Tirol","2007-11-01",-3.3315049861110873
"Tirol","2007-12-01",-7.568930551075251
"Tirol","2008-01-01",-3.2080165456989023
"Tirol","2008-02-01",-2.767303965517218
"Tirol","2008-03-01",-2.4099957795698677
"Tirol","2008-04-01",1.6872356250000236
"Tirol","2008-05-01",8.63224043010755
"Tirol","2008-06-01",11.815504541666687
"Tirol","2008-07-01",11.987935631720456
"Tirol","2008-08-01",12.668099905913992
"Tirol","2008-09-01",7.4511780138889065
"Tirol","2008-10-01",5.284196505376367
"Tirol","2008-11-01",-1.0776598055555326
"Tirol","2008-12-01",-5.200288413978474
"Tirol","2009-01-01",-7.925811989247287
"Tirol","2009-02-01",-5.75571758928569
"Tirol","2009-03-01",-2.051072553763419
"Tirol","2009-04-01",4.240275791666679
"Tirol","2009-05-01",8.939722016129048
"Tirol","2009-06-01",9.844363944444469
"Tirol","2009-07-01",12.683781115591419
"Tirol","2009-08-01",13.895562473118314
"Tirol","2009-09-01",10.062864194444467
"Tirol","2009-10-01",3.6400727419355046
"Tirol","2009-11-01",1.1685922916666882
"Tirol","2009-12-01",-7.2951124731182535
"Tirol","2010-01-01",-8.557201814516098
"Tirol","2010-02-01",-5.5208694345237745
"Tirol","2010-03-01",-2.318096881720409
"Tirol","2010-04-01",3.1259332916666893
"Tirol","2010-05-01",5.889209583333349
"Tirol","2010-06-01",10.848567861111123
"Tirol","2010-07-01",14.325742943548416
"Tirol","2010-08-01",11.609149852150562
"Tirol","2010-09-01",7.579573152777792
"Tirol","2010-10-01",3.279847782258087
"Tirol","2010-11-01",-1.0125749583333108
"Tirol","2010-12-01",-6.8582922715053565
"Tirol","2011-01-01",-5.299395994623631
"Tirol","2011-02-01",-3.2707991964285523
"Tirol","2011-03-01",0.1750976344086258
"Tirol","2011-04-01",5.515587194444469
"Tirol","2011-05-01",8.285564919354862
"Tirol","2011-06-01",10.79312155555556
"Tirol","2011-07-01",10.642609448924752
"Tirol","2011-08-01",13.610479771505403
"Tirol","2011-09-01",10.865132625000026
"Tirol","2011-10-01",3.970173172043036
"Tirol","2011-11-01",1.9560718194444664
"Tirol","2011-12-01",-3.8413457392472887
"Tirol","2012-01-01",-5.6400943413978295
"Tirol","2012-02-01",-9.161804425287318
"Tirol","2012-03-01",1.5776327822580887
"Tirol","2012-04-01",2.2162798750000223
"Tirol","2012-05-01",7.643906962365606
"Tirol","2012-06-01",12.057164652777795
"Tirol","2012-07-01",12.59427924731184
"Tirol","2012-08-01",13.748980215053802
"Tirol","2012-09-01",9.143062861111122
"Tirol","2012-10-01",5.028048131720448
"Tirol","2012-11-01",0.5676772916666889
"Tirol","2012-12-01",-5.843368884408586
"Tirol","2013-01-01",-4.746061034946209
"Tirol","2013-02-01",-7.2591120684523585
"Tirol","2013-03-01",-2.255982607526858
"Tirol","2013-04-01",3.424275291666689
"Tirol","2013-05-01",5.727620994623683
"Tirol","2013-06-01",9.715893041666694
"Tirol","2013-07-01",14.328436841397869
"Tirol","2013-08-01",12.888251922043036
"Tirol","2013-09-01",8.836009277777807
"Tirol","2013-10-01",6.029856881720448
"Tirol","2013-11-01",-1.576326749999977
"Tirol","2013-12-01",-4.788776760752671
"Tirol","2014-01-01",-3.4306664112903
"Tirol","2014-02-01",-1.6629385565475963
"Tirol","2014-03-01",1.1092291397849674
"Tirol","2014-04-01",4.238889819444469
"Tirol","2014-05-01",6.100165188172065
"Tirol","2014-06-01",10.685242805555571
"Tirol","2014-07-01",12.207528857526892
"Tirol","2014-08-01",10.602128158602184
"Tirol","2014-09-01",9.27423181944447
"Tirol","2014-10-01",6.1718764650537965
"Tirol","2014-11-01",3.006850027777801
"Tirol","2014-12-01",-2.126110551075246
"Tirol","2015-01-01",-4.591528951612875
"Tirol","2015-02-01",-5.390363854166641
"Tirol","2015-03-01",-0.5051887768816976
"Tirol","2015-04-01",2.410589486111134
"Tirol","2015-05-01",7.670987876344099
"Tirol","2015-06-01",11.768251291666685
"Tirol","2015-07-01",15.626261263440869
"Tirol","2015-08-01",14.337422016129047
"Tirol","2015-09-01",7.324289666666701
"Tirol","2015-10-01",4.273422620967764
"Tirol","2015-11-01",1.640448486111136
"Tirol","2015-12-01",-1.0575598521505152
"Tirol","2016-01-01",-4.6985522849462145
"Tirol","2016-02-01",-1.788886020114919
"Tirol","2016-03-01",-1.4956000806451404
"Tirol","2016-04-01",3.423961444444465
"Tirol","2016-05-01",6.523630819892497
"Tirol","2016-06-01",10.844297166666697
"Tirol","2016-07-01",13.2212264919355
"Tirol","2016-08-01",12.669980470430117
"Tirol","2016-09-01",10.639038027777788
"Tirol","2016-10-01",3.463217392473139
"Tirol","2016-11-01",-0.7961144444444221
"Tirol","2016-12-01",-2.8036881048386872
"Tirol","2017-01-01",-9.306558965053739
"Tirol","2017-02-01",-1.5177974702380743
"Tirol","2017-03-01",2.2249901881720677
"Tirol","2017-04-01",1.6949778750000215
"Tirol","2017-05-01",8.259853763440878
"Tirol","2017-06-01",13.386243611111132
"Tirol","2017-07-01",12.870042110215062
"Tirol","2017-08-01",13.847007096774211
"Tirol","2017-09-01",6.402472000000023
"Tirol","2017-10-01",5.470428306451636
"Tirol","2017-11-01",-2.065482805555534
"Tirol","2017-12-01",-5.834390241935462
"Tirol","2018-01-01",-2.0533956048386885
"Tirol","2018-02-01",-7.7624089136904555
"Tirol","2018-03-01",-1.7478501747311619
"Tirol","2018-04-01",6.382590444444467
"Tirol","2018-05-01",9.218098857526918
"Tirol","2018-06-01",11.523475319444465
"Tirol","2018-07-01",13.436993091397882
"Tirol","2018-08-01",13.719008373655926
"Tirol","2018-09-01",10.412342305555564
"Tirol","2018-10-01",6.362893104838732
"Tirol","2018-11-01",1.6733175000000207
"Tirol","2018-12-01",-4.568932177419342
"Tirol","2019-01-01",-7.007586465053743
"Tirol","2019-02-01",-1.891449166666643
"Tirol","2019-03-01",0.08999508064518243
"Tirol","2019-04-01",2.9791943333333535
"Tirol","2019-05-01",4.162661223118299
"Tirol","2019-06-01",14.435205277777795
"Tirol","2019-07-01",13.919579005376367
"Tirol","2019-08-01",13.34443073924732
"Tirol","2019-09-01",9.143442402777792
"Tirol","2019-10-01",6.5812126747312
"Tirol","2019-11-01",0.0017814305555779314
"Tirol","2019-12-01",-2.8737629569892245
"Tirol","2020-01-01",-4.709198575268789
"Tirol","2020-02-01",-1.9194978879310094
"Tirol","2020-03-01",-1.148565349462344
"Tirol","2020-04-01",5.460679388888909
"Tirol","2020-05-01",7.094872634408626
"Tirol","2020-06-01",10.240413555555577
"Tirol","2020-07-01",13.105629543010766
"Tirol","2020-08-01",13.265753642473136
"Tirol","2020-09-01",9.881681847222227
"Tirol","2020-10-01",3.4376778360215257
"Tirol","2020-11-01",1.1741666527778003
"Tirol","2020-12-01",-4.25760350806449
"Tirol","2021-01-01",-7.276371586021492
"Tirol","2021-02-01",-2.458693080357121
"Tirol","2021-03-01",-2.0151859811827713
"Tirol","2021-04-01",0.6422493888889128
"Tirol","2021-05-01",4.882792809139804
"Tirol","2021-06-01",13.227383000000039
"Tirol","2021-07-01",12.832642029569932
"Tirol","2021-08-01",11.25992537634411
"Tirol","2021-09-01",10.257415583333358
"Tirol","2021-10-01",4.163585403225827
"Tirol","2021-11-01",-0.6765029583333105
"Tirol","2021-12-01",-4.367856411290292
"Tirol","2022-01-01",-4.751194919354815
"Tirol","2022-02-01",-3.411577544642836
"Tirol","2022-03-01",-0.4723479569892265
"Tirol","2022-04-01",2.98535925000002
"Tirol","2022-05-01",9.487923387096808
"Tirol","2022-06-01",13.546669402777805
"Tirol","2022-07-01",14.28996255376348
"Tirol","2022-08-01",13.51938875000003
"Tirol","2022-09-01",7.558595902777796
"Tirol","2022-10-01",8.24027129032259
"Tirol","2022-11-01",0.5023082500000255
"Tirol","2022-12-01",-2.5380103897849198
"Tirol","2023-01-01",-4.123102486559121
"Tirol","2023-02-01",-2.996384821428548
"Tirol","2023-03-01",0.7790379704301315
"Tirol","2023-04-01",1.5955896111111336
"Tirol","2023-05-01",7.536362943548413
"Tirol","2023-06-01",12.52477362500004
"Tirol","2023-07-01",13.838712150537662
"Tirol","2023-08-01",13.411356733870974
"Tirol","2023-09-01",12.33420934722224
"Tirol","2023-10-01",7.971768629032266
"Tirol","2023-11-01",-1.2747256388888668
"Tirol","2023-12-01",-2.023510967741911
"Tirol","2024-01-01",-4.252658145161265
"Tirol","2024-02-01",0.3549233333333558
"Tirol","2024-03-01",1.8207603629032496
"Tirol","2024-04-01",3.6920426527778
"Tirol","2024-05-01",7.656857876344106
"Tirol","2024-06-01",11.691838638888912
"Tirol","2024-07-01",14.623600981182815
"Tirol","2024-08-01",15.403084744623683
"Tirol","2024-09-01",8.198867472222236
"Tirol","2024-10-01",7.095201397849485
"Tirol","2024-11-01",0.005416944444471609
"Tirol","2024-12-01",-4.891017204301053
"Burgenland","1974-01-01",1.815019166666689
"Burgenland","1974-02-01",4.41890111607145
"Burgenland","1974-03-01",7.640749381720452
"Burgenland","1974-04-01",9.589216527777797
"Burgenland","1974-05-01",13.693616491935519
"Burgenland","1974-06-01",16.163700041666687
"Burgenland","1974-07-01",18.790344704301077
"Burgenland","1974-08-01",20.92142090053766
"Burgenland","1974-09-01",15.150255972222276
"Burgenland","1974-10-01",6.781200900537664
"Burgenland","1974-11-01",4.864141652777805
"Burgenland","1974-12-01",4.320314610215079
"Burgenland","1975-01-01",3.2460334408602383
"Burgenland","1975-02-01",0.7104699553571641
"Burgenland","1975-03-01",5.865830846774213
"Burgenland","1975-04-01",9.109645277777803
"Burgenland","1975-05-01",15.686851774193588
"Burgenland","1975-06-01",16.763479263888904
"Burgenland","1975-07-01",19.612871223118308
"Burgenland","1975-08-01",19.15971688172048
"Burgenland","1975-09-01",17.907791625
"Burgenland","1975-10-01",9.64690579301077
"Burgenland","1975-11-01",3.3049441388889162
"Burgenland","1975-12-01",0.3930182526881958
"Burgenland","1976-01-01",1.5208069623656137
"Burgenland","1976-02-01",-0.15600626436779297
"Burgenland","1976-03-01",2.3721296505376577
"Burgenland","1976-04-01",10.020885916666694
"Burgenland","1976-05-01",14.777561827957012
"Burgenland","1976-06-01",19.004634763888912
"Burgenland","1976-07-01",21.124003051075277
"Burgenland","1976-08-01",16.93866830645163
"Burgenland","1976-09-01",13.765563527777802
"Burgenland","1976-10-01",10.611988481182818
"Burgenland","1976-11-01",5.944886638888901
"Burgenland","1976-12-01",0.2399007258064753
"Burgenland","1977-01-01",-0.3032083064515892
"Burgenland","1977-02-01",3.4472541369047875
"Burgenland","1977-03-01",8.232740900537655
"Burgenland","1977-04-01",8.361559166666693
"Burgenland","1977-05-01",14.62685173387099
"Burgenland","1977-06-01",18.556109402777796
"Burgenland","1977-07-01",19.364703306451634
"Burgenland","1977-08-01",18.386879180107563
"Burgenland","1977-09-01",13.669350444444465
"Burgenland","1977-10-01",10.604083091397861
"Burgenland","1977-11-01",5.564644236111136
"Burgenland","1977-12-01",0.4586579704301291
"Burgenland","1978-01-01",0.4929091129032487
"Burgenland","1978-02-01",-0.8278801488094981
"Burgenland","1978-03-01",6.210170188172065
"Burgenland","1978-04-01",8.372604402777807
"Burgenland","1978-05-01",12.885083467741968
"Burgenland","1978-06-01",17.001294041666696
"Burgenland","1978-07-01",17.831163172043052
"Burgenland","1978-08-01",18.04439260752692
"Burgenland","1978-09-01",15.022457125000036
"Burgenland","1978-10-01",10.221744435483883
"Burgenland","1978-11-01",1.6336233333333567
"Burgenland","1978-12-01",0.3793794354838943
"Burgenland","1979-01-01",-3.7567056451612735
"Burgenland","1979-02-01",0.6687315773809759
"Burgenland","1979-03-01",6.48539744623658
"Burgenland","1979-04-01",8.318325638888917
"Burgenland","1979-05-01",14.970329543010761
"Burgenland","1979-06-01",19.652479500000013
"Burgenland","1979-07-01",17.32189686827957
"Burgenland","1979-08-01",17.879209422043044
"Burgenland","1979-09-01",15.073751319444455
"Burgenland","1979-10-01",8.345990631720445
"Burgenland","1979-11-01",4.767440277777796
"Burgenland","1979-12-01",4.100227244623679
"Burgenland","1980-01-01",-3.640318481182776
"Burgenland","1980-02-01",1.8545522126436997
"Burgenland","1980-03-01",4.271450833333353
"Burgenland","1980-04-01",7.270175208333357
"Burgenland","1980-05-01",11.947670698924748
"Burgenland","1980-06-01",17.353205499999998
"Burgenland","1980-07-01",18.26276334677421
"Burgenland","1980-08-01",19.488634825268846
"Burgenland","1980-09-01",14.827214361111121
"Burgenland","1980-10-01",9.57812405913981
"Burgenland","1980-11-01",2.35489251388891
"Burgenland","1980-12-01",0.02264673387099136
"Burgenland","1981-01-01",-1.263714247311805
"Burgenland","1981-02-01",1.2380944345238292
"Burgenland","1981-03-01",8.316752701612929
"Burgenland","1981-04-01",9.68825701388889
"Burgenland","1981-05-01",15.412736451612934
"Burgenland","1981-06-01",19.246522250000016
"Burgenland","1981-07-01",19.607311209677434
"Burgenland","1981-08-01",19.984615483870964
"Burgenland","1981-09-01",16.043114361111126
"Burgenland","1981-10-01",10.658719784946262
"Burgenland","1981-11-01",5.104200277777802
"Burgenland","1981-12-01",-0.6501381451612677
"Burgenland","1982-01-01",-3.9623869489247103
"Burgenland","1982-02-01",-1.3062438839285484
"Burgenland","1982-03-01",5.6302944220430415
"Burgenland","1982-04-01",8.10517252777781
"Burgenland","1982-05-01",15.145474448924745
"Burgenland","1982-06-01",19.08021880555559
"Burgenland","1982-07-01",20.755356639784964
"Burgenland","1982-08-01",20.06771848118286
"Burgenland","1982-09-01",18.41971048611113
"Burgenland","1982-10-01",10.87783244623657
"Burgenland","1982-11-01",5.222791916666694
"Burgenland","1982-12-01",2.1626293145161513
"Burgenland","1983-01-01",3.88310405913981
"Burgenland","1983-02-01",-1.344860223214264
"Burgenland","1983-03-01",6.563556075268835
"Burgenland","1983-04-01",11.841802291666708
"Burgenland","1983-05-01",15.898533131720471
"Burgenland","1983-06-01",18.22419772222223
"Burgenland","1983-07-01",22.97778184139788
"Burgenland","1983-08-01",20.68300232526885
"Burgenland","1983-09-01",16.102461444444444
"Burgenland","1983-10-01",10.41722268817206
"Burgenland","1983-11-01",2.0519220000000233
"Burgenland","1983-12-01",0.2902399731183025
"Burgenland","1984-01-01",0.7181273655914195
"Burgenland","1984-02-01",0.2983558620689876
"Burgenland","1984-03-01",3.880616330645187
"Burgenland","1984-04-01",8.789540916666692
"Burgenland","1984-05-01",13.836442849462376
"Burgenland","1984-06-01",17.209115319444454
"Burgenland","1984-07-01",18.595186572580655
"Burgenland","1984-08-01",19.033947836021568
"Burgenland","1984-09-01",14.977494291666666
"Burgenland","1984-10-01",11.277385577957018
"Burgenland","1984-11-01",5.024241333333361
"Burgenland","1984-12-01",0.12917767473120434
"Burgenland","1985-01-01",-5.873700349462346
"Burgenland","1985-02-01",-2.0343436458333093
"Burgenland","1985-03-01",3.4289450000000237
"Burgenland","1985-04-01",10.213987111111132
"Burgenland","1985-05-01",15.8315805510753
"Burgenland","1985-06-01",16.068224388888925
"Burgenland","1985-07-01",20.62200029569896
"Burgenland","1985-08-01",19.502079784946275
"Burgenland","1985-09-01",16.007590736111133
"Burgenland","1985-10-01",9.445228010752713
"Burgenland","1985-11-01",1.859142597222249
"Burgenland","1985-12-01",2.7499132526881986
"Burgenland","1986-01-01",-0.041824287634386004
"Burgenland","1986-02-01",-5.569511711309505
"Burgenland","1986-03-01",3.015971599462388
"Burgenland","1986-04-01",11.55078648611113
"Burgenland","1986-05-01",17.339662594086054
"Burgenland","1986-06-01",17.80813608333336
"Burgenland","1986-07-01",19.327619220430115
"Burgenland","1986-08-01",20.271569677419357
"Burgenland","1986-09-01",14.871666583333335
"Burgenland","1986-10-01",10.405187836021529
"Burgenland","1986-11-01",4.856834027777803
"Burgenland","1986-12-01",-0.4005930510752468
"Burgenland","1987-01-01",-4.824213293010731
"Burgenland","1987-02-01",-0.003849122023785654
"Burgenland","1987-03-01",-1.247502325268795
"Burgenland","1987-04-01",10.353866569444461
"Burgenland","1987-05-01",12.922061303763462
"Burgenland","1987-06-01",17.77489150000003
"Burgenland","1987-07-01",20.854237016129037
"Burgenland","1987-08-01",17.922964153225834
"Burgenland","1987-09-01",18.02114661111112
"Burgenland","1987-10-01",11.18694826612906
"Burgenland","1987-11-01",5.0352464305555795
"Burgenland","1987-12-01",1.8776375000000232
"Burgenland","1988-01-01",2.014434731182819
"Burgenland","1988-02-01",2.6692967385057695
"Burgenland","1988-03-01",3.5738536559140024
"Burgenland","1988-04-01",9.754036125000034
"Burgenland","1988-05-01",15.672107862903259
"Burgenland","1988-06-01",17.399345486111116
"Burgenland","1988-07-01",20.855077768817235
"Burgenland","1988-08-01",19.932204543010766
"Burgenland","1988-09-01",15.256434680555591
"Burgenland","1988-10-01",10.165714233870986
"Burgenland","1988-11-01",1.0292789444444657
"Burgenland","1988-12-01",2.2960678763441105
"Burgenland","1989-01-01",0.46075000000002136
"Burgenland","1989-02-01",4.1420327827381165
"Burgenland","1989-03-01",8.292618602150567
"Burgenland","1989-04-01",10.780201083333365
"Burgenland","1989-05-01",14.587689206989262
"Burgenland","1989-06-01",16.4618449027778
"Burgenland","1989-07-01",20.91516670698929
"Burgenland","1989-08-01",19.673084032258075
"Burgenland","1989-09-01",15.546005250000047
"Burgenland","1989-10-01",10.889813427419368
"Burgenland","1989-11-01",2.858269847222245
"Burgenland","1989-12-01",1.2197960618279788
"Burgenland","1990-01-01",-0.3197775940859953
"Burgenland","1990-02-01",5.275250625000024
"Burgenland","1990-03-01",8.773463440860235
"Burgenland","1990-04-01",9.091340236111144
"Burgenland","1990-05-01",15.784437204301112
"Burgenland","1990-06-01",17.428443916666698
"Burgenland","1990-07-01",19.10878645161292
"Burgenland","1990-08-01",20.687028494623657
"Burgenland","1990-09-01",13.424634486111128
"Burgenland","1990-10-01",10.220906801075294
"Burgenland","1990-11-01",5.590931958333351
"Burgenland","1990-12-01",-0.3131291129032031
"Burgenland","1991-01-01",-0.04104670698922507
"Burgenland","1991-02-01",-3.2126371428571145
"Burgenland","1991-03-01",6.643858938172069
"Burgenland","1991-04-01",8.41540059722225
"Burgenland","1991-05-01",11.226622002688194
"Burgenland","1991-06-01",17.074136680555558
"Burgenland","1991-07-01",20.765650779569924
"Burgenland","1991-08-01",19.62444325268817
"Burgenland","1991-09-01",16.49252494444448
"Burgenland","1991-10-01",8.708596895161325
"Burgenland","1991-11-01",4.418022138888912
"Burgenland","1991-12-01",-1.1567799059139554
"Burgenland","1992-01-01",1.4408361693548624
"Burgenland","1992-02-01",3.3852787931034705
"Burgenland","1992-03-01",5.517972392473141
"Burgenland","1992-04-01",9.977349666666692
"Burgenland","1992-05-01",15.263413991935504
"Burgenland","1992-06-01",18.65693452777778
"Burgenland","1992-07-01",21.31578892473119
"Burgenland","1992-08-01",24.196601948924773
"Burgenland","1992-09-01",15.98426995833335
"Burgenland","1992-10-01",8.621464086021524
"Burgenland","1992-11-01",5.079960888888907
"Burgenland","1992-12-01",-0.0001366801075040917
"Burgenland","1993-01-01",0.8917428897849679
"Burgenland","1993-02-01",-1.4080029910714058
"Burgenland","1993-03-01",4.053426774193572
"Burgenland","1993-04-01",10.457290472222242
"Burgenland","1993-05-01",17.16198674731184
"Burgenland","1993-06-01",18.227552652777774
"Burgenland","1993-07-01",18.811427580645162
"Burgenland","1993-08-01",19.536039932795735
"Burgenland","1993-09-01",15.130269333333358
"Burgenland","1993-10-01",10.6639804704301
"Burgenland","1993-11-01",1.2197610833333568
"Burgenland","1993-12-01",1.7308780913978732
"Burgenland","1994-01-01",3.66783591397852
"Burgenland","1994-02-01",1.030973139880974
"Burgenland","1994-03-01",8.33015193548389
"Burgenland","1994-04-01",9.883664486111133
"Burgenland","1994-05-01",14.688952688172064
"Burgenland","1994-06-01",18.585501777777797
"Burgenland","1994-07-01",22.89138294354839
"Burgenland","1994-08-01",21.63438125000002
"Burgenland","1994-09-01",17.23943869444449
"Burgenland","1994-10-01",8.333712056451644
"Burgenland","1994-11-01",7.032928763888914
"Burgenland","1994-12-01",1.6830734677419577
"Burgenland","1995-01-01",-0.09032725806449265
"Burgenland","1995-02-01",5.158112842261932
"Burgenland","1995-03-01",4.506079005376374
"Burgenland","1995-04-01",10.563850486111122
"Burgenland","1995-05-01",14.537215120967774
"Burgenland","1995-06-01",16.893848611111135
"Burgenland","1995-07-01",22.478315268817237
"Burgenland","1995-08-01",18.927199905913962
"Burgenland","1995-09-01",14.095465694444474
"Burgenland","1995-10-01",11.272218467741958
"Burgenland","1995-11-01",2.3739485277777987
"Burgenland","1995-12-01",-0.7971279838709446
"Burgenland","1996-01-01",-2.951132405913952
"Burgenland","1996-02-01",-3.265413951149403
"Burgenland","1996-03-01",1.7869183870967964
"Burgenland","1996-04-01",9.682953541666693
"Burgenland","1996-05-01",15.253059166666677
"Burgenland","1996-06-01",18.36393219444445
"Burgenland","1996-07-01",17.90477845430111
"Burgenland","1996-08-01",18.530244408602158
"Burgenland","1996-09-01",11.962334069444465
"Burgenland","1996-10-01",10.733636747311863
"Burgenland","1996-11-01",6.8813238333333615
"Burgenland","1996-12-01",-2.265109247311804
"Burgenland","1997-01-01",-2.692748615591377
"Burgenland","1997-02-01",3.2138562648809765
"Burgenland","1997-03-01",5.26408427419357
"Burgenland","1997-04-01",7.130484041666689
"Burgenland","1997-05-01",15.345857486559156
"Burgenland","1997-06-01",18.048853666666695
"Burgenland","1997-07-01",18.619437916666687
"Burgenland","1997-08-01",19.63773685483872
"Burgenland","1997-09-01",15.284829888888904
"Burgenland","1997-10-01",7.777588158602173
"Burgenland","1997-11-01",5.0171799861111275
"Burgenland","1997-12-01",1.9867481317204552
"Burgenland","1998-01-01",1.3771481182795946
"Burgenland","1998-02-01",5.473811934523832
"Burgenland","1998-03-01",4.681381384408623
"Burgenland","1998-04-01",11.270888388888899
"Burgenland","1998-05-01",15.103776841397869
"Burgenland","1998-06-01",19.092222208333347
"Burgenland","1998-07-01",19.949691115591435
"Burgenland","1998-08-01",20.06133642473122
"Burgenland","1998-09-01",14.497732847222245
"Burgenland","1998-10-01",10.630067473118306
"Burgenland","1998-11-01",2.4008397500000256
"Burgenland","1998-12-01",-1.080697379032234
"Burgenland","1999-01-01",-0.12749724462363363
"Burgenland","1999-02-01",0.8087828125000209
"Burgenland","1999-03-01",6.899075349462392
"Burgenland","1999-04-01",11.2301228888889
"Burgenland","1999-05-01",15.28353719086024
"Burgenland","1999-06-01",17.73461686111115
"Burgenland","1999-07-01",20.422778064516176
"Burgenland","1999-08-01",18.550534448924758
"Burgenland","1999-09-01",17.272274000000042
"Burgenland","1999-10-01",10.597487903225833
"Burgenland","1999-11-01",3.280995652777802
"Burgenland","1999-12-01",0.5086513172043224
"Burgenland","2000-01-01",-1.8043210215053522
"Burgenland","2000-02-01",4.0493622557471465
"Burgenland","2000-03-01",5.958062217741956
"Burgenland","2000-04-01",13.275176513888916
"Burgenland","2000-05-01",16.758179543010776
"Burgenland","2000-06-01",19.89621962500001
"Burgenland","2000-07-01",18.35444938172047
"Burgenland","2000-08-01",21.056715551075285
"Burgenland","2000-09-01",15.031602444444465
"Burgenland","2000-10-01",12.679046451612928
"Burgenland","2000-11-01",7.79224938888891
"Burgenland","2000-12-01",1.9180187500000243
"Burgenland","2001-01-01",0.27453711021507815
"Burgenland","2001-02-01",2.9965327827381127
"Burgenland","2001-03-01",7.015116814516158
"Burgenland","2001-04-01",9.264969680555579
"Burgenland","2001-05-01",16.900104946236585
"Burgenland","2001-06-01",17.037919027777818
"Burgenland","2001-07-01",20.483904919354842
"Burgenland","2001-08-01",21.484062056451638
"Burgenland","2001-09-01",13.4459021527778
"Burgenland","2001-10-01",13.23865237903228
"Burgenland","2001-11-01",3.4881493611111374
"Burgenland","2001-12-01",-2.129808481182775
"Burgenland","2002-01-01",1.0081179704301284
"Burgenland","2002-02-01",5.324905029761926
"Burgenland","2002-03-01",6.8498381451613115
"Burgenland","2002-04-01",9.65592576388891
"Burgenland","2002-05-01",17.217524650537676
"Burgenland","2002-06-01",20.015422125000008
"Burgenland","2002-07-01",21.177812943548396
"Burgenland","2002-08-01",20.088094583333334
"Burgenland","2002-09-01",14.27453536111113
"Burgenland","2002-10-01",9.440194690860222
"Burgenland","2002-11-01",7.71549572222225
"Burgenland","2002-12-01",-0.49933545698922355
"Burgenland","2003-01-01",-0.7481854704300841
"Burgenland","2003-02-01",-1.4602597619047388
"Burgenland","2003-03-01",6.067118225806473
"Burgenland","2003-04-01",9.521793875000014
"Burgenland","2003-05-01",17.45441521505378
"Burgenland","2003-06-01",22.00060848611113
"Burgenland","2003-07-01",21.172232701612952
"Burgenland","2003-08-01",23.494172956989292
"Burgenland","2003-09-01",15.404354180555577
"Burgenland","2003-10-01",7.495196236559169
"Burgenland","2003-11-01",6.499665611111135
"Burgenland","2003-12-01",0.8056456989247525
"Burgenland","2004-01-01",-1.8647654166666459
"Burgenland","2004-02-01",2.684478936781636
"Burgenland","2004-03-01",4.2640099596774395
"Burgenland","2004-04-01",10.980735194444463
"Burgenland","2004-05-01",13.440608266129061
"Burgenland","2004-06-01",17.551679666666665
"Burgenland","2004-07-01",19.567763427419358
"Burgenland","2004-08-01",20.301860604838748
"Burgenland","2004-09-01",15.300226972222227
"Burgenland","2004-10-01",11.430039180107551
"Burgenland","2004-11-01",5.520639527777805
"Burgenland","2004-12-01",0.8676510752688393
"Burgenland","2005-01-01",1.1370832661290518
"Burgenland","2005-02-01",-1.6744195982142616
"Burgenland","2005-03-01",3.526782029569913
"Burgenland","2005-04-01",10.913097083333353
"Burgenland","2005-05-01",15.535045268817214
"Burgenland","2005-06-01",18.89331522222222
"Burgenland","2005-07-01",20.239998844086074
"Burgenland","2005-08-01",18.133259905914024
"Burgenland","2005-09-01",16.208596791666697
"Burgenland","2005-10-01",10.611515268817223
"Burgenland","2005-11-01",3.899029069444459
"Burgenland","2005-12-01",0.5775486559140024
"Burgenland","2006-01-01",-3.27132337365589
"Burgenland","2006-02-01",-0.2956122619047415
"Burgenland","2006-03-01",3.702626438172065
"Burgenland","2006-04-01",11.30681201388892
"Burgenland","2006-05-01",14.595047930107558
"Burgenland","2006-06-01",18.821840791666702
"Burgenland","2006-07-01",23.346490094086036
"Burgenland","2006-08-01",17.6551507526882
"Burgenland","2006-09-01",17.618350888888877
"Burgenland","2006-10-01",12.639342486559164
"Burgenland","2006-11-01",7.2145528888889086
"Burgenland","2006-12-01",3.0946494758064778
"Burgenland","2007-01-01",5.056221169354856
"Burgenland","2007-02-01",5.233370669642877
"Burgenland","2007-03-01",7.55238833333336
"Burgenland","2007-04-01",12.926223347222257
"Burgenland","2007-05-01",16.611492016129056
"Burgenland","2007-06-01",20.78713211111112
"Burgenland","2007-07-01",21.896883884408627
"Burgenland","2007-08-01",20.49476399193551
"Burgenland","2007-09-01",13.572800416666688
"Burgenland","2007-10-01",9.015736303763468
"Burgenland","2007-11-01",3.704115833333358
"Burgenland","2007-12-01",0.36501782258066817
"Burgenland","2008-01-01",3.040066102150559
"Burgenland","2008-02-01",4.03206886494255
"Burgenland","2008-03-01",6.20828216397851
"Burgenland","2008-04-01",10.782835750000032
"Burgenland","2008-05-01",15.875276061827975
"Burgenland","2008-06-01",19.69372259722222
"Burgenland","2008-07-01",20.098364301075275
"Burgenland","2008-08-01",19.743896438172055
"Burgenland","2008-09-01",14.431520138888903
"Burgenland","2008-10-01",10.882149637096799
"Burgenland","2008-11-01",6.810641250000025
"Burgenland","2008-12-01",2.3140981720430336
"Burgenland","2009-01-01",-1.6994162096773977
"Burgenland","2009-02-01",1.4462960119047847
"Burgenland","2009-03-01",5.671351075268833
"Burgenland","2009-04-01",14.004945888888901
"Burgenland","2009-05-01",15.943643373655934
"Burgenland","2009-06-01",17.548823777777802
"Burgenland","2009-07-01",20.906959327957
"Burgenland","2009-08-01",20.681998266129064
"Burgenland","2009-09-01",17.022632777777805
"Burgenland","2009-10-01",9.948885846774223
"Burgenland","2009-11-01",6.436031513888905
"Burgenland","2009-12-01",1.3698611559140013
"Burgenland","2010-01-01",-2.283101478494602
"Burgenland","2010-02-01",1.0987331101190716
"Burgenland","2010-03-01",6.012854596774218
"Burgenland","2010-04-01",10.577202055555567
"Burgenland","2010-05-01",14.515737083333347
"Burgenland","2010-06-01",18.815748444444445
"Burgenland","2010-07-01",22.089718897849494
"Burgenland","2010-08-01",19.25617014784947
"Burgenland","2010-09-01",14.086329694444473
"Burgenland","2010-10-01",7.9563769220430345
"Burgenland","2010-11-01",7.069499347222233
"Burgenland","2010-12-01",-1.9239014784945998
"Burgenland","2011-01-01",0.3610856182795922
"Burgenland","2011-02-01",0.2442595089285965
"Burgenland","2011-03-01",6.140305268817224
"Burgenland","2011-04-01",12.771852375000023
"Burgenland","2011-05-01",15.355777446236571
"Burgenland","2011-06-01",19.372913569444485
"Burgenland","2011-07-01",19.383779677419394
"Burgenland","2011-08-01",20.77483381720432
"Burgenland","2011-09-01",17.73419536111113
"Burgenland","2011-10-01",9.786591008064546
"Burgenland","2011-11-01",3.304740097222241
"Burgenland","2011-12-01",3.1181440322580856
"Burgenland","2012-01-01",2.1904932392473366
"Burgenland","2012-02-01",-2.3683458620689475
"Burgenland","2012-03-01",8.428910766129054
"Burgenland","2012-04-01",10.841628694444458
"Burgenland","2012-05-01",16.39084424731186
"Burgenland","2012-06-01",19.962561263888915
"Burgenland","2012-07-01",21.305055094086057
"Burgenland","2012-08-01",21.330139784946276
"Burgenland","2012-09-01",16.672911861111107
"Burgenland","2012-10-01",10.112449784946266
"Burgenland","2012-11-01",6.992738222222239
"Burgenland","2012-12-01",0.6838850134408827
"Burgenland","2013-01-01",0.17088786290324806
"Burgenland","2013-02-01",0.8786440773809742
"Burgenland","2013-03-01",2.9590016397849688
"Burgenland","2013-04-01",11.508677416666703
"Burgenland","2013-05-01",14.689604072580666
"Burgenland","2013-06-01",18.20963636111115
"Burgenland","2013-07-01",22.542290591397872
"Burgenland","2013-08-01",21.195131599462385
"Burgenland","2013-09-01",14.948924152777797
"Burgenland","2013-10-01",11.199372674731208
"Burgenland","2013-11-01",6.1169345138889115
"Burgenland","2013-12-01",2.915400161290344
"Burgenland","2014-01-01",2.3590404838709915
"Burgenland","2014-02-01",3.7563986160714533
"Burgenland","2014-03-01",9.040006505376375
"Burgenland","2014-04-01",12.134725708333354
"Burgenland","2014-05-01",14.443864448924748
"Burgenland","2014-06-01",18.98241218055557
"Burgenland","2014-07-01",21.10309297043014
"Burgenland","2014-08-01",18.627005618279604
"Burgenland","2014-09-01",15.762011180555549
"Burgenland","2014-10-01",12.201409233870985
"Burgenland","2014-11-01",8.130276208333358
"Burgenland","2014-12-01",2.932715000000021
"Burgenland","2015-01-01",2.83913932795701
"Burgenland","2015-02-01",2.0838805505952607
"Burgenland","2015-03-01",6.289843763440886
"Burgenland","2015-04-01",10.899740791666696
"Burgenland","2015-05-01",15.172767930107547
"Burgenland","2015-06-01",19.609611805555577
"Burgenland","2015-07-01",23.68048920698926
"Burgenland","2015-08-01",23.327495336021542
"Burgenland","2015-09-01",16.269243416666672
"Burgenland","2015-10-01",10.01800920698926
"Burgenland","2015-11-01",8.006607416666688
"Burgenland","2015-12-01",3.5491050672043194
"Burgenland","2016-01-01",0.5121084946236785
"Burgenland","2016-02-01",5.786886451149449
"Burgenland","2016-03-01",6.362745551075288
"Burgenland","2016-04-01",11.026117486111135
"Burgenland","2016-05-01",15.099870389784959
"Burgenland","2016-06-01",19.582455222222237
"Burgenland","2016-07-01",21.74749709677423
"Burgenland","2016-08-01",19.783874811827978
"Burgenland","2016-09-01",18.12943848611114
"Burgenland","2016-10-01",9.651781948924766
"Burgenland","2016-11-01",5.221061333333351
"Burgenland","2016-12-01",1.124138239247334
"Burgenland","2017-01-01",-3.709177674731158
"Burgenland","2017-02-01",3.051030758928593
"Burgenland","2017-03-01",8.98881837365592
"Burgenland","2017-04-01",10.073715722222236
"Burgenland","2017-05-01",16.30878611559142
"Burgenland","2017-06-01",21.70529956944447
"Burgenland","2017-07-01",21.631623830645186
"Burgenland","2017-08-01",22.12154275537635
"Burgenland","2017-09-01",14.686083875000023
"Burgenland","2017-10-01",11.761930013440882
"Burgenland","2017-11-01",5.637313097222248
"Burgenland","2017-12-01",2.6759926075269047
"Burgenland","2018-01-01",3.557207661290347
"Burgenland","2018-02-01",-1.1430140773809285
"Burgenland","2018-03-01",3.0747968817204527
"Burgenland","2018-04-01",15.400948347222261
"Burgenland","2018-05-01",18.072081344086026
"Burgenland","2018-06-01",20.199747194444498
"Burgenland","2018-07-01",21.86626659946239
"Burgenland","2018-08-01",22.98591977150542
"Burgenland","2018-09-01",17.258279930555602
"Burgenland","2018-10-01",13.177719690860238
"Burgenland","2018-11-01",6.509168902777803
"Burgenland","2018-12-01",2.752220994623678
"Burgenland","2019-01-01",0.6322888978494859
"Burgenland","2019-02-01",4.846364047619065
"Burgenland","2019-03-01",8.599722567204324
"Burgenland","2019-04-01",11.83203708333337
"Burgenland","2019-05-01",12.684035806451625
"Burgenland","2019-06-01",23.182673972222243
"Burgenland","2019-07-01",22.201817634408624
"Burgenland","2019-08-01",22.35134243279572
"Burgenland","2019-09-01",16.58925791666668
"Burgenland","2019-10-01",12.025921155914
"Burgenland","2019-11-01",7.826216083333353
"Burgenland","2019-12-01",3.37723631720432
"Burgenland","2020-01-01",0.9556663978494863
"Burgenland","2020-02-01",6.333315977011518
"Burgenland","2020-03-01",6.845365806451626
"Burgenland","2020-04-01",12.32926129166668
"Burgenland","2020-05-01",14.205881747311848
"Burgenland","2020-06-01",18.705208930555578
"Burgenland","2020-07-01",20.82613099462368
"Burgenland","2020-08-01",21.722606881720438
"Burgenland","2020-09-01",16.888260319444473
"Burgenland","2020-10-01",10.950059139784965
"Burgenland","2020-11-01",5.651644777777802
"Burgenland","2020-12-01",2.8469434543010976
"Burgenland","2021-01-01",1.4563609543010991
"Burgenland","2021-02-01",2.891895252976214
"Burgenland","2021-03-01",5.534701209677443
"Burgenland","2021-04-01",8.435962152777801
"Burgenland","2021-05-01",13.35897107526883
"Burgenland","2021-06-01",21.97446405555557
"Burgenland","2021-07-01",22.507392352150568
"Burgenland","2021-08-01",19.264788655913954
"Burgenland","2021-09-01",16.805653652777814
"Burgenland","2021-10-01",10.473262540322608
"Burgenland","2021-11-01",5.406982722222246
"Burgenland","2021-12-01",2.697586250000019
"Burgenland","2022-01-01",2.693144072580666
"Burgenland","2022-02-01",5.274277514880972
"Burgenland","2022-03-01",5.605368279569914
"Burgenland","2022-04-01",9.343089083333359
"Burgenland","2022-05-01",17.41466041666668
"Burgenland","2022-06-01",21.57718683333335
"Burgenland","2022-07-01",22.30889813172045
"Burgenland","2022-08-01",22.19874657258066
"Burgenland","2022-09-01",15.071843166666685
"Burgenland","2022-10-01",12.961700725806468
"Burgenland","2022-11-01",6.523866763888911
"Burgenland","2022-12-01",2.1332306586021734
"Burgenland","2023-01-01",3.5547006451613177
"Burgenland","2023-02-01",3.9148772321428726
"Burgenland","2023-03-01",7.710477567204321
"Burgenland","2023-04-01",8.77687798611114
"Burgenland","2023-05-01",14.516489744623673
"Burgenland","2023-06-01",19.36167801388892
"Burgenland","2023-07-01",22.816189852150547
"Burgenland","2023-08-01",21.151991169354876
"Burgenland","2023-09-01",19.426783263888883
"Burgenland","2023-10-01",14.585639932795717
"Burgenland","2023-11-01",6.613605722222251
"Burgenland","2023-12-01",3.3920223118279784
"Burgenland","2024-01-01",1.856933252688194
"Burgenland","2024-02-01",8.783264066091983
"Burgenland","2024-03-01",9.617100631720445
"Burgenland","2024-04-01",12.743077250000017
"Burgenland","2024-05-01",16.405560389784974
"Burgenland","2024-06-01",20.577192375000003
"Burgenland","2024-07-01",23.577596626344093
"Burgenland","2024-08-01",24.154295026881762
"Burgenland","2024-09-01",16.994172875
"Burgenland","2024-10-01",12.096575846774225
"Burgenland","2024-11-01",4.599809958333357
"Burgenland","2024-12-01",2.6841574865591604
