"bundesland","Year","Month","Mean(tasmin_c)","Mean(tasmax_c)","Mean(ta_c)","Mean(pr_mm_month)","Sesson"
"Burgenland",2025,1,-0.9371399999999994,4.752700000000004,-1.5043000000000006,72.18065692799999,"Winter_Haupt"
"Burgenland",2025,2,0.0033500000000117325,6.346150000000023,-1.9588399999999524,38.154756326400005,"Winter_Haupt"
"Burgenland",2025,3,0.26275000000003956,8.769370000000038,-0.7837299999999914,77.9178888288,"Winter_Haupt"
"Burgenland",2025,4,6.416770000000042,16.121100000000013,4.26400000000001,48.311761824,"Übergang"
"Burgenland",2025,5,8.28448000000003,16.150599999999997,4.943050000000028,110.71856088,"Sommer_Neben"
"Burgenland",2025,6,14.873250000000041,25.07226000000003,11.24926000000005,36.861767712,"Sommer_Neben"
"Burgenland",2025,7,15.934560000000033,26.68493000000001,11.464500000000044,15.84998482176,"Sommer_Haupt"
"Burgenland",2025,8,15.779870000000017,26.705470000000048,11.581140000000005,26.294626857599997,"Sommer_Haupt"
"Burgenland",2025,9,11.607420000000047,21.629400000000032,7.243300000000033,24.578624448,"Sommer_Neben"
"Burgenland",2025,10,7.25027,15.99350000000004,5.024040000000014,70.7390911584,"Übergang"
"Burgenland",2025,11,0.7465799999999945,5.7929000000000315,-1.1684999999999945,101.273789376,"Übergang"
"Burgenland",2025,12,-4.199619999999982,1.8045299999999997,-2.1465799999999717,24.350365584,"Winter_Haupt"
"Burgenland",2026,1,-7.912269999999978,-1.2177499999999668,-6.045659999999998,78.0982094304,"Winter_Haupt"
"Burgenland",2026,2,0.7901200000000017,9.18258000000003,3.1801700000000324,26.356673548799996,"Winter_Haupt"
"Burgenland",2026,3,1.1064700000000016,8.339170000000024,-0.7020299999999793,72.547490592,"Winter_Haupt"
"Burgenland",2026,4,5.5344800000000305,15.099940000000004,3.276270000000011,92.965068576,"Übergang"
"Burgenland",2026,5,8.57247000000001,18.519900000000007,5.7666000000000395,48.747388896000004,"Sommer_Neben"
"Burgenland",2026,6,13.229200000000048,22.897730000000024,9.375940000000014,39.654686592000004,"Sommer_Neben"
"Burgenland",2026,7,15.142820000000029,24.604360000000042,12.865300000000047,143.418450096,"Sommer_Haupt"
"Burgenland",2026,8,13.885430000000042,24.017300000000034,10.629000000000019,80.6974011072,"Sommer_Haupt"
"Burgenland",2026,9,10.81582000000003,19.680630000000008,7.790520000000015,89.07034752,"Sommer_Neben"
"Burgenland",2026,10,6.1510600000000295,13.359700000000032,4.122100000000046,58.1586999264,"Übergang"
"Burgenland",2026,11,4.195550000000026,9.442250000000001,3.75463000000002,59.323127328000005,"Übergang"
"Burgenland",2026,12,-1.9192999999999643,2.5398500000000013,-1.1875699999999938,39.7948529664,"Winter_Haupt"
"Burgenland",2027,1,-4.156099999999981,1.8140200000000277,0.05883000000000038,7.53887748096,"Winter_Haupt"
"Burgenland",2027,2,2.4324000000000296,10.34277000000003,2.2608299999999986,11.74562436096,"Winter_Haupt"
"Burgenland",2027,3,2.620300000000043,11.497400000000027,0.39584000000002106,55.71783918719999,"Winter_Haupt"
"Burgenland",2027,4,7.801480000000026,17.927120000000002,5.088770000000011,38.165406336000004,"Übergang"
"Burgenland",2027,5,12.96795000000003,24.520140000000026,11.128960000000006,48.398607648,"Sommer_Neben"
"Burgenland",2027,6,13.744470000000035,24.779930000000036,9.306880000000035,33.000348672,"Sommer_Neben"
"Burgenland",2027,7,17.35680000000002,28.50436000000002,13.52030000000002,70.282515024,"Sommer_Haupt"
"Burgenland",2027,8,15.108330000000024,26.842030000000022,12.201099999999997,26.457018249599997,"Sommer_Haupt"
"Burgenland",2027,9,13.628000000000043,24.35558000000003,9.476600000000019,11.533021056,"Sommer_Neben"
"Burgenland",2027,10,8.433220000000006,17.518370000000004,6.073480000000018,53.389816761599995,"Übergang"
"Burgenland",2027,11,0.9682300000000055,4.837180000000046,0.5535500000000297,73.951968384,"Übergang"
"Burgenland",2027,12,-0.4283999999999537,2.981800000000021,-0.019929999999988013,37.9729436832,"Winter_Haupt"
"Burgenland",2028,1,-6.046879999999987,1.1161000000000172,-3.520240000000001,44.972133206399995,"Winter_Haupt"
"Burgenland",2028,2,-2.5592399999999884,3.425350000000037,-2.7571499999999673,68.4033285024,"Winter_Haupt"
"Burgenland",2028,3,0.9266600000000267,9.467460000000017,-1.1739599999999655,92.21516928,"Winter_Haupt"
"Burgenland",2028,4,6.343299999999999,15.810940000000016,4.801020000000051,76.306240512,"Übergang"
"Burgenland",2028,5,6.549950000000024,15.378170000000011,2.3423700000000167,34.057811232,"Sommer_Neben"
"Burgenland",2028,6,14.558300000000031,25.267570000000035,12.32614000000001,91.12321152000001,"Sommer_Neben"
"Burgenland",2028,7,19.023860000000013,31.066900000000032,16.58462000000003,24.381919814399996,"Sommer_Haupt"
"Burgenland",2028,8,17.051080000000013,27.966670000000022,13.76135000000005,62.707485571199996,"Sommer_Haupt"
"Burgenland",2028,9,11.900140000000022,20.028560000000027,8.43774000000002,84.744589824,"Sommer_Neben"
"Burgenland",2028,10,10.716150000000027,18.28307000000001,8.487880000000018,80.8842328992,"Übergang"
"Burgenland",2028,11,1.6926799999999957,7.336240000000032,-1.1544599999999718,90.36398879999999,"Übergang"
"Burgenland",2028,12,-4.904939999999954,0.7119000000000142,-3.20169999999996,73.271020176,"Winter_Haupt"
"Burgenland",2029,1,-5.6785299999999665,0.054349999999999454,-1.011699999999962,46.240018127999996,"Winter_Haupt"
"Burgenland",2029,2,-0.6256999999999948,7.31110000000001,0.024620000000027176,16.966089100799998,"Winter_Haupt"
"Burgenland",2029,3,1.4694499999999948,10.785200000000032,-1.2650999999999613,20.0541396672,"Winter_Haupt"
"Burgenland",2029,4,3.2029700000000503,11.584400000000016,-0.3715299999999502,98.63441279999999,"Übergang"
"Burgenland",2029,5,9.061460000000011,17.50723000000005,5.250570000000039,62.7818406336,"Sommer_Neben"
"Burgenland",2029,6,14.484370000000013,25.00753000000003,11.854180000000042,40.149864863999994,"Sommer_Neben"
"Burgenland",2029,7,17.000879999999995,27.23860000000002,13.475520000000017,64.966520448,"Sommer_Haupt"
"Burgenland",2029,8,15.699180000000013,26.352300000000014,11.415999999999997,30.8020392576,"Sommer_Haupt"
"Burgenland",2029,9,13.498160000000041,23.853480000000047,11.366330000000005,51.024098015999996,"Sommer_Neben"
"Burgenland",2029,10,7.518000000000029,14.271839999999997,4.4168300000000045,93.069458352,"Übergang"
"Burgenland",2029,11,6.2561300000000415,11.14706000000001,4.022800000000018,103.111050816,"Übergang"
"Burgenland",2029,12,0.7515200000000277,5.805100000000039,-0.13867999999996528,64.39156706880001,"Winter_Haupt"
"Burgenland",2030,1,-7.1562999999999874,-1.573699999999974,-3.5479199999999764,46.09597377600001,"Winter_Haupt"
"Burgenland",2030,2,-4.658729999999991,2.304200000000037,-3.6002599999999916,21.8788674048,"Winter_Haupt"
"Burgenland",2030,3,-0.24633999999997513,8.601530000000025,-0.03094999999996162,53.084709504,"Winter_Haupt"
"Burgenland",2030,4,6.86020000000002,17.621849999999995,5.339470000000006,33.656402016,"Übergang"
"Burgenland",2030,5,10.755359999999996,19.778650000000027,8.846249999999998,123.53321836799999,"Sommer_Neben"
"Burgenland",2030,6,14.5942,23.620600000000024,11.129330000000039,109.9562688,"Sommer_Neben"
"Burgenland",2030,7,13.437340000000006,21.94470000000001,9.922420000000045,99.8723024064,"Sommer_Haupt"
"Burgenland",2030,8,13.643520000000024,22.99752000000001,10.973320000000001,77.835094128,"Sommer_Haupt"
"Burgenland",2030,9,12.364800000000002,20.804930000000013,9.09402,43.118153279999994,"Sommer_Neben"
"Burgenland",2030,10,7.080650000000048,15.420130000000029,5.752650000000017,16.204221702719998,"Übergang"
"Burgenland",2030,11,0.6302699999999959,7.59384,-0.2891300000000001,20.678810112,"Übergang"
"Burgenland",2030,12,-0.03357999999997219,5.857420000000047,2.3950700000000325,33.547377830399995,"Winter_Haupt"
"Burgenland",2031,1,-0.5451699999999846,4.231230000000039,0.7214000000000169,29.3605458048,"Winter_Haupt"
"Burgenland",2031,2,1.234800000000007,8.026030000000048,-1.8718299999999886,20.607777388800002,"Winter_Haupt"
"Burgenland",2031,3,3.908650000000023,14.268460000000005,2.4712000000000103,18.504500457600003,"Winter_Haupt"
"Burgenland",2031,4,6.870570000000043,17.786980000000028,3.8590300000000184,34.212528576,"Übergang"
"Burgenland",2031,5,10.271400000000028,21.640600000000006,6.7777000000000385,41.1263418528,"Sommer_Neben"
"Burgenland",2031,6,14.086240000000032,24.942470000000014,9.89083000000005,60.447008159999996,"Sommer_Neben"
"Burgenland",2031,7,17.441700000000026,29.077500000000043,13.435140000000047,39.6566019936,"Sommer_Haupt"
"Burgenland",2031,8,16.078300000000013,28.146659999999997,13.08734000000004,47.643186355199994,"Sommer_Haupt"
"Burgenland",2031,9,13.123829999999998,22.90545000000003,8.69625000000002,17.1362156256,"Sommer_Neben"
"Burgenland",2031,10,5.619349999999997,12.896800000000042,4.144600000000025,76.7899851264,"Übergang"
"Burgenland",2031,11,2.7000400000000013,8.316300000000012,2.416500000000042,96.019950528,"Übergang"
"Burgenland",2031,12,0.10742000000004737,5.086150000000032,2.117999999999995,49.2391351008,"Winter_Haupt"
"Burgenland",2032,1,-2.6989999999999554,2.636130000000037,-3.0562999999999647,39.746357855999996,"Winter_Haupt"
"Burgenland",2032,2,1.6036300000000097,8.727530000000002,1.973540000000014,28.578610512,"Winter_Haupt"
"Burgenland",2032,3,4.5496800000000235,13.199580000000026,2.68652000000003,66.3759695232,"Winter_Haupt"
"Burgenland",2032,4,3.631500000000017,11.950300000000027,0.6798000000000002,97.872624,"Übergang"
"Burgenland",2032,5,9.486900000000048,19.178980000000024,7.002070000000003,112.92685346880002,"Sommer_Neben"
"Burgenland",2032,6,15.177639999999997,24.950800000000015,12.252769999999998,55.903924224,"Sommer_Neben"
"Burgenland",2032,7,14.243980000000022,23.500760000000014,10.617430000000013,69.1911768384,"Sommer_Haupt"
"Burgenland",2032,8,18.270100000000014,30.785180000000025,15.527340000000038,26.377700112000003,"Sommer_Haupt"
"Burgenland",2032,9,13.966940000000022,25.483330000000024,11.083950000000016,15.226325568,"Sommer_Neben"
"Burgenland",2032,10,9.378700000000038,18.602779999999996,7.701930000000004,30.795921792,"Übergang"
"Burgenland",2032,11,3.8200600000000122,8.229100000000017,-0.2734999999999559,106.65420076800001,"Übergang"
"Burgenland",2032,12,-0.7537599999999998,4.7645200000000045,-1.8783999999999992,44.5693018464,"Winter_Haupt"
"Burgenland",2033,1,-13.518159999999966,-6.271860000000004,-6.1351399999999785,50.938695071999994,"Winter_Haupt"
"Burgenland",2033,2,-4.344949999999983,1.299160000000029,-3.524659999999983,50.21709799679999,"Winter_Haupt"
"Burgenland",2033,3,1.5090000000000146,9.279020000000003,-1.018039999999985,54.1463844096,"Winter_Haupt"
"Burgenland",2033,4,8.17840000000001,17.777120000000025,6.278250000000014,57.226738464,"Übergang"
"Burgenland",2033,5,10.8159,21.939630000000022,8.843700000000013,38.740765968,"Sommer_Neben"
"Burgenland",2033,6,15.972920000000045,27.637140000000045,12.444100000000049,27.512011584,"Sommer_Neben"
"Burgenland",2033,7,17.29394000000002,28.553980000000024,13.447720000000004,52.66526938559999,"Sommer_Haupt"
"Burgenland",2033,8,16.33035000000001,28.254500000000007,12.693840000000023,29.895379430400002,"Sommer_Haupt"
"Burgenland",2033,9,15.784140000000036,28.158600000000035,13.975670000000036,26.294707296000002,"Sommer_Neben"
"Burgenland",2033,10,10.931880000000035,20.773400000000038,8.335050000000024,17.81926128,"Übergang"
"Burgenland",2033,11,1.4509800000000155,8.486080000000015,0.8165800000000445,48.55505472000001,"Übergang"
"Burgenland",2033,12,-2.8463199999999915,2.348600000000033,-4.338300000000004,63.532499731200005,"Winter_Haupt"
"Burgenland",2034,1,-1.0077999999999747,3.0522400000000403,-0.5482499999999959,24.2157117024,"Winter_Haupt"
"Burgenland",2034,2,-1.4664399999999773,6.510160000000042,-2.0845999999999663,13.509280431359999,"Winter_Haupt"
"Burgenland",2034,3,0.5521500000000401,8.178740000000005,-2.934879999999964,90.45081613439999,"Winter_Haupt"
"Burgenland",2034,4,6.424250000000029,16.310420000000022,3.2379999999999995,40.613851008,"Übergang"
"Burgenland",2034,5,13.933100000000024,25.071439999999996,10.916600000000017,34.424444016,"Sommer_Neben"
"Burgenland",2034,6,15.99490000000003,28.320280000000025,12.100369999999998,12.7323257184,"Sommer_Neben"
"Burgenland",2034,7,16.42742000000004,27.06292000000002,12.448820000000012,90.1173767616,"Sommer_Haupt"
"Burgenland",2034,8,19.196600000000046,30.291560000000004,14.983180000000004,20.5549817184,"Sommer_Haupt"
"Burgenland",2034,9,13.437340000000006,23.215720000000033,9.645600000000002,62.347094496,"Sommer_Neben"
"Burgenland",2034,10,7.016660000000002,13.092250000000035,2.713980000000049,42.554432592,"Übergang"
"Burgenland",2034,11,1.7889600000000314,8.320280000000025,0.8591200000000185,27.65056176,"Übergang"
"Burgenland",2034,12,-3.0697999999999865,1.8288500000000454,-2.0325699999999642,67.2792009984,"Winter_Haupt"
"Burgenland",2035,1,-3.0125999999999635,1.5511999999999944,-1.5909999999999513,21.6906353712,"Winter_Haupt"
"Burgenland",2035,2,-1.3075299999999856,7.94640000000004,0.8508500000000367,28.313524512,"Winter_Haupt"
"Burgenland",2035,3,2.905330000000049,10.992999999999995,-0.5159400000000005,21.8342980512,"Winter_Haupt"
"Burgenland",2035,4,5.837670000000003,15.468500000000006,2.7615600000000313,62.687797344,"Übergang"
"Burgenland",2035,5,9.06940000000003,19.27108000000004,5.71750000000003,46.9198737216,"Sommer_Neben"
"Burgenland",2035,6,17.095880000000022,28.65780000000001,13.39294000000001,41.032140192,"Sommer_Neben"
"Burgenland",2035,7,18.70712000000003,30.51690000000002,14.932980000000043,56.0154629952,"Sommer_Haupt"
"Burgenland",2035,8,15.533900000000017,25.668100000000038,12.148600000000044,73.43308748160001,"Sommer_Haupt"
"Burgenland",2035,9,11.797330000000045,21.78588000000002,7.988400000000013,67.338726624,"Sommer_Neben"
"Burgenland",2035,10,7.231400000000008,13.520170000000007,4.353600000000029,92.027440224,"Übergang"
"Burgenland",2035,11,3.3736800000000358,8.452539999999999,2.189480000000003,45.85796208,"Übergang"
"Burgenland",2035,12,-2.3451299999999833,2.616480000000024,-3.782299999999964,46.148925743999996,"Winter_Haupt"
"Burgenland",2036,1,-1.3263299999999845,3.6177000000000135,1.32256000000001,45.4289557536,"Winter_Haupt"
"Burgenland",2036,2,-0.5051599999999894,6.853600000000029,0.7753500000000031,9.322479682560001,"Winter_Haupt"
"Burgenland",2036,3,2.1917000000000257,10.066030000000012,-0.15277999999995018,75.7893134592,"Winter_Haupt"
"Burgenland",2036,4,8.173500000000047,18.85934000000003,6.6072300000000155,12.688516512,"Übergang"
"Burgenland",2036,5,9.921930000000032,20.826260000000048,6.899320000000046,82.14834931200001,"Sommer_Neben"
"Burgenland",2036,6,16.801000000000045,28.37283000000002,14.586270000000013,61.62069686400001,"Sommer_Neben"
"Burgenland",2036,7,13.92190000000005,23.226770000000045,9.71252000000004,85.61193566400001,"Sommer_Haupt"
"Burgenland",2036,8,14.849100000000021,25.310450000000003,10.602959999999996,39.1047578496,"Sommer_Haupt"
"Burgenland",2036,9,14.470730000000003,25.314720000000023,11.92760000000004,46.09170864,"Sommer_Neben"
"Burgenland",2036,10,9.886400000000037,21.122640000000047,9.759820000000047,5.3957551852800005,"Übergang"
"Burgenland",2036,11,2.7574000000000183,8.907070000000033,1.2256000000000427,74.091900096,"Übergang"
"Burgenland",2036,12,-10.246649999999988,-4.103639999999984,-5.010099999999966,37.7278995456,"Winter_Haupt"
"Burgenland",2037,1,-2.2712999999999965,2.1101000000000454,-2.2220800000000054,59.697625536000004,"Winter_Haupt"
"Burgenland",2037,2,-3.5832999999999515,3.341730000000041,-2.9891700000000014,53.491790016,"Winter_Haupt"
"Burgenland",2037,3,0.7343000000000188,9.49096000000003,-1.363869999999963,24.184561910400003,"Winter_Haupt"
"Burgenland",2037,4,4.05618000000004,14.57080000000002,1.2034000000000447,21.36236976,"Übergang"
"Burgenland",2037,5,9.666500000000042,19.129050000000007,5.350120000000004,46.751525568,"Sommer_Neben"
"Burgenland",2037,6,15.123680000000036,26.287770000000023,11.537440000000004,33.726588192,"Sommer_Neben"
"Burgenland",2037,7,17.55645000000004,28.880120000000034,14.186120000000017,123.404628384,"Sommer_Haupt"
"Burgenland",2037,8,15.288700000000006,26.267629999999997,12.098780000000033,13.894281423359999,"Sommer_Haupt"
"Burgenland",2037,9,13.60784000000001,24.400800000000004,9.84313000000003,8.702761824,"Sommer_Neben"
"Burgenland",2037,10,8.242060000000038,17.070580000000007,6.58743000000004,28.797201950399998,"Übergang"
"Burgenland",2037,11,3.5075600000000122,9.257200000000012,1.4124700000000416,77.71357728000001,"Übergang"
"Burgenland",2037,12,-2.3086299999999937,3.275570000000016,0.266050000000007,76.1210707968,"Winter_Haupt"
"Burgenland",2038,1,-0.9800999999999931,4.603360000000009,-0.464149999999961,43.56300553919999,"Winter_Haupt"
"Burgenland",2038,2,0.18890000000004648,9.209770000000049,-0.17703999999997677,24.2023384512,"Winter_Haupt"
"Burgenland",2038,3,0.13342000000000098,8.843260000000043,-3.3983199999999556,26.5606267968,"Winter_Haupt"
"Burgenland",2038,4,3.8471000000000117,14.220150000000046,1.5270300000000248,58.089861504,"Übergang"
"Burgenland",2038,5,11.222740000000044,21.809660000000008,8.403830000000028,54.2661865632,"Sommer_Neben"
"Burgenland",2038,6,14.873469999999998,25.283100000000047,11.288170000000036,74.332149984,"Sommer_Neben"
"Burgenland",2038,7,18.250820000000033,29.36486000000002,13.850580000000036,38.7098866944,"Sommer_Haupt"
"Burgenland",2038,8,19.33877000000001,31.679280000000006,16.034050000000036,24.484893580799998,"Sommer_Haupt"
"Burgenland",2038,9,13.325860000000034,24.76486,11.502620000000036,40.825498176,"Sommer_Neben"
"Burgenland",2038,10,7.818870000000004,14.51583000000005,5.974330000000009,69.7415344704,"Übergang"
"Burgenland",2038,11,1.916620000000023,7.265219999999999,1.20210000000003,33.55962192,"Übergang"
"Burgenland",2038,12,0.897199999999998,6.29400000000004,0.3095299999999952,61.6758810624,"Winter_Haupt"
"Burgenland",2039,1,-1.6206399999999803,3.726220000000012,0.2238399999999956,34.9668628704,"Winter_Haupt"
"Burgenland",2039,2,-2.4648799999999937,4.427000000000021,-4.84463999999997,18.858924403199996,"Winter_Haupt"
"Burgenland",2039,3,1.9766800000000444,10.78018000000003,-0.1513999999999669,31.636617984,"Winter_Haupt"
"Burgenland",2039,4,5.530700000000024,16.295500000000004,3.8011700000000133,72.45838540800001,"Übergang"
"Burgenland",2039,5,9.218000000000018,19.278500000000008,5.069940000000031,47.2517140896,"Sommer_Neben"
"Burgenland",2039,6,16.64013,28.574820000000045,13.600430000000017,31.027889808,"Sommer_Neben"
"Burgenland",2039,7,15.713700000000017,25.25057000000004,11.383939999999996,74.297101824,"Sommer_Haupt"
"Burgenland",2039,8,15.329769999999996,24.98693000000003,11.362240000000043,86.218687008,"Sommer_Haupt"
"Burgenland",2039,9,13.249050000000011,24.607200000000034,10.577050000000042,15.539929055999998,"Sommer_Neben"
"Burgenland",2039,10,6.667439999999999,15.059470000000033,2.5340000000000487,17.103946348799997,"Übergang"
"Burgenland",2039,11,3.214300000000037,8.118100000000027,1.1154999999999973,131.327290656,"Übergang"
"Burgenland",2039,12,-1.0850299999999606,3.3166700000000446,-1.7576999999999998,59.1227150112,"Winter_Haupt"
"Burgenland",2040,1,-8.25613999999996,-2.519959999999969,-2.665079999999989,29.6718455232,"Winter_Haupt"
"Burgenland",2040,2,1.3791400000000067,8.829520000000002,3.3170000000000073,27.017649273599996,"Winter_Haupt"
"Burgenland",2040,3,1.5970700000000306,9.249099999999999,-2.217139999999972,42.2467567488,"Winter_Haupt"
"Burgenland",2040,4,6.2634800000000155,16.573080000000004,4.107140000000015,49.20364051199999,"Übergang"
"Burgenland",2040,5,11.651120000000049,20.74944000000005,8.254240000000038,98.17353792,"Sommer_Neben"
"Burgenland",2040,6,14.87280000000004,25.08820000000003,11.74087000000003,85.17643776000001,"Sommer_Neben"
"Burgenland",2040,7,15.293000000000006,25.067560000000014,11.879330000000039,94.927745664,"Sommer_Haupt"
"Burgenland",2040,8,15.09408000000002,26.481740000000002,10.60390000000001,4.844292713280001,"Sommer_Haupt"
"Burgenland",2040,9,15.811730000000011,26.48290000000003,13.324850000000026,48.860063135999994,"Sommer_Neben"
"Burgenland",2040,10,9.11202000000003,16.96627000000001,6.660820000000001,60.456871584000005,"Übergang"
"Burgenland",2040,11,6.717579999999998,12.594660000000033,5.635130000000004,113.92550208,"Übergang"
"Burgenland",2040,12,-2.277749999999969,2.559320000000014,-2.1860399999999913,35.646804172799996,"Winter_Haupt"
"Burgenland",2041,1,-3.954049999999995,0.731740000000002,-4.910199999999975,43.0863414048,"Winter_Haupt"
"Burgenland",2041,2,-7.949739999999963,0.12229999999999563,-3.197879999999998,54.19987776,"Winter_Haupt"
"Burgenland",2041,3,-3.026559999999961,4.8062400000000025,-4.966469999999958,37.5141364416,"Winter_Haupt"
"Burgenland",2041,4,2.795530000000042,12.321560000000034,0.11340000000001282,64.200076416,"Übergang"
"Burgenland",2041,5,8.562700000000007,17.40984000000003,6.702940000000012,135.56236006080002,"Sommer_Neben"
"Burgenland",2041,6,12.171100000000024,21.166860000000042,8.67303000000004,87.246517824,"Sommer_Neben"
"Burgenland",2041,7,15.715480000000014,25.091880000000003,12.571370000000002,69.7113515808,"Sommer_Haupt"
"Burgenland",2041,8,16.780880000000025,26.414300000000026,13.142359999999996,67.2849408096,"Sommer_Haupt"
"Burgenland",2041,9,15.23275000000001,24.8313,11.586540000000014,6.4235698272,"Sommer_Neben"
"Burgenland",2041,10,10.283470000000023,19.361720000000048,9.277919999999995,50.179671331200005,"Übergang"
"Burgenland",2041,11,1.0798599999999965,5.9787000000000035,-0.6702300000000037,61.011418752,"Übergang"
"Burgenland",2041,12,-0.891399999999976,3.9000800000000027,1.647640000000024,16.7588211168,"Winter_Haupt"
"Burgenland",2042,1,-2.066229999999962,3.3782300000000305,-1.876299999999958,59.861275776,"Winter_Haupt"
"Burgenland",2042,2,-2.587799999999959,3.4757000000000176,-0.4662999999999897,74.85356551680002,"Winter_Haupt"
"Burgenland",2042,3,2.6394300000000044,9.855200000000025,0.14090000000004466,74.05137737279999,"Winter_Haupt"
"Burgenland",2042,4,6.6481600000000185,15.226620000000025,3.745900000000006,95.329268064,"Übergang"
"Burgenland",2042,5,8.38644000000005,17.587060000000008,5.4993200000000115,135.29776895999998,"Sommer_Neben"
"Burgenland",2042,6,13.029780000000017,21.877400000000023,10.274470000000008,93.18077999999998,"Sommer_Neben"
"Burgenland",2042,7,16.200680000000034,26.787900000000036,12.890620000000013,28.7695970208,"Sommer_Haupt"
"Burgenland",2042,8,16.951300000000003,29.12438000000003,14.367999999999995,25.7860576224,"Sommer_Haupt"
"Burgenland",2042,9,15.355580000000032,26.785600000000045,11.96374000000003,3.7965550176,"Sommer_Neben"
"Burgenland",2042,10,9.532340000000033,20.594700000000046,7.25463000000002,7.872692901120001,"Übergang"
"Burgenland",2042,11,5.351460000000031,11.473000000000013,2.8703200000000493,36.107910432000004,"Übergang"
"Burgenland",2042,12,-1.759649999999965,3.25,-2.9589299999999525,43.0438673376,"Winter_Haupt"
"Burgenland",2043,1,-0.9186799999999948,3.2626000000000204,-2.9143699999999626,22.4975502432,"Winter_Haupt"
"Burgenland",2043,2,1.4251600000000053,6.755400000000009,-1.1548999999999978,45.414432000000005,"Winter_Haupt"
"Burgenland",2043,3,3.882780000000025,12.055499999999995,2.1194399999999973,96.03922809600002,"Winter_Haupt"
"Burgenland",2043,4,5.532560000000046,15.030330000000049,3.5072300000000496,97.67651328000001,"Übergang"
"Burgenland",2043,5,9.564700000000016,18.417230000000018,6.000050000000044,69.0705363456,"Sommer_Neben"
"Burgenland",2043,6,11.70780000000002,21.55038000000002,7.437600000000032,52.418205216,"Sommer_Neben"
"Burgenland",2043,7,19.662770000000023,31.582820000000027,16.111199999999997,37.9396886688,"Sommer_Haupt"
"Burgenland",2043,8,15.354000000000042,26.53427000000005,12.255100000000027,46.4187852576,"Sommer_Haupt"
"Burgenland",2043,9,11.009670000000028,20.394560000000013,6.765830000000051,44.7590448,"Sommer_Neben"
"Burgenland",2043,10,5.9520500000000425,14.44064000000003,3.5860000000000127,75.657327264,"Übergang"
"Burgenland",2043,11,2.8895200000000045,8.868250000000046,0.45150000000001,67.35477888000001,"Übergang"
"Burgenland",2043,12,0.3809800000000223,5.010280000000023,0.6166000000000054,35.2486573344,"Winter_Haupt"
"Burgenland",2044,1,-2.910129999999981,2.736440000000016,-2.035829999999976,34.4642396832,"Winter_Haupt"
"Burgenland",2044,2,-5.501199999999983,2.201620000000048,-3.735879999999952,41.265949132799996,"Winter_Haupt"
"Burgenland",2044,3,0.18643000000002985,7.3827,-3.4377999999999815,62.2081755648,"Winter_Haupt"
"Burgenland",2044,4,2.6102500000000077,10.59695000000005,-0.24725999999998294,128.37595392,"Übergang"
"Burgenland",2044,5,9.594100000000026,18.364400000000046,7.1399000000000115,129.4227681984,"Sommer_Neben"
"Burgenland",2044,6,11.843160000000012,20.967070000000035,8.606840000000034,55.904113439999996,"Sommer_Neben"
"Burgenland",2044,7,17.14166,26.38930000000005,14.128900000000044,107.4666002688,"Sommer_Haupt"
"Burgenland",2044,8,15.49633,25.327300000000037,14.171870000000013,103.0579940448,"Sommer_Haupt"
"Burgenland",2044,9,13.06570000000005,23.540220000000033,10.99550000000005,15.920921174399998,"Sommer_Neben"
"Burgenland",2044,10,8.711150000000032,15.333370000000002,7.555170000000032,102.79590992639999,"Übergang"
"Burgenland",2044,11,3.735929999999996,7.732600000000048,2.1432400000000484,81.67775097599998,"Übergang"
"Burgenland",2044,12,3.6870400000000245,9.056120000000021,2.607400000000041,71.2508878656,"Winter_Haupt"
"Burgenland",2045,1,1.0511999999999944,8.881560000000036,3.2002500000000396,10.638966384000001,"Winter_Haupt"
"Burgenland",2045,2,2.97950000000003,10.385829999999999,0.9034000000000333,23.1664793472,"Winter_Haupt"
"Burgenland",2045,3,2.1686000000000263,10.301170000000013,-0.23654999999996562,53.13971848320001,"Winter_Haupt"
"Burgenland",2045,4,6.680350000000033,16.07116000000002,4.375480000000039,47.98612368,"Übergang"
"Burgenland",2045,5,12.03552000000002,22.583200000000033,9.581600000000037,36.38186159039999,"Sommer_Neben"
"Burgenland",2045,6,15.063320000000033,24.36447000000004,11.76006000000001,118.04678985599999,"Sommer_Neben"
"Burgenland",2045,7,15.718700000000013,25.325680000000034,11.924740000000043,85.7088187488,"Sommer_Haupt"
"Burgenland",2045,8,16.78454000000005,27.715750000000014,13.459100000000035,126.71787346560001,"Sommer_Haupt"
"Burgenland",2045,9,14.132200000000012,22.986000000000047,10.65276,30.238142399999997,"Sommer_Neben"
"Burgenland",2045,10,8.657100000000014,18.22150000000005,8.692830000000015,10.98366735744,"Übergang"
"Burgenland",2045,11,1.7540200000000254,6.3118500000000495,-1.964999999999975,76.007349216,"Übergang"
"Burgenland",2045,12,0.33016000000003487,4.20684,0.016960000000040054,68.83352740800001,"Winter_Haupt"
"Burgenland",2046,1,-1.8205600000000004,3.7264000000000124,-0.7262299999999868,64.5567091776,"Winter_Haupt"
"Burgenland",2046,2,-4.663179999999954,0.6811200000000213,-1.1327999999999747,49.837743244799995,"Winter_Haupt"
"Burgenland",2046,3,3.284050000000036,12.260700000000043,2.778099999999995,48.999560256,"Winter_Haupt"
"Burgenland",2046,4,2.834920000000011,10.975700000000018,-0.765199999999993,96.519089376,"Übergang"
"Burgenland",2046,5,9.915520000000015,18.324900000000014,6.807900000000018,93.44140508160001,"Sommer_Neben"
"Burgenland",2046,6,14.439540000000022,23.87133,11.46470000000005,56.616441695999995,"Sommer_Neben"
"Burgenland",2046,7,14.51006000000001,24.575620000000015,10.16500000000002,23.8676589792,"Sommer_Haupt"
"Burgenland",2046,8,17.9486,28.93905000000001,14.29516000000001,25.9235345376,"Sommer_Haupt"
"Burgenland",2046,9,12.665250000000015,24.04495000000003,10.05435,19.792451088,"Sommer_Neben"
"Burgenland",2046,10,9.517240000000015,21.485299999999995,9.874480000000005,2.5887638620800004,"Übergang"
"Burgenland",2046,11,4.891720000000021,9.558280000000025,3.5600000000000023,73.361697408,"Übergang"
"Burgenland",2046,12,3.1623800000000415,8.77224000000001,2.8430400000000304,48.787069392,"Winter_Haupt"
"Burgenland",2047,1,-0.5619599999999991,4.589620000000025,-1.5222200000000043,39.817978272000005,"Winter_Haupt"
"Burgenland",2047,2,0.25567000000000917,7.427500000000009,-1.4882599999999684,14.605878389759997,"Winter_Haupt"
"Burgenland",2047,3,0.3925700000000347,7.628350000000012,-3.078769999999963,73.9291084128,"Winter_Haupt"
"Burgenland",2047,4,4.245940000000019,13.797570000000007,1.6773600000000215,91.86601392,"Übergang"
"Burgenland",2047,5,9.492550000000051,19.544849999999997,7.878080000000011,73.951253424,"Sommer_Neben"
"Burgenland",2047,6,12.669150000000002,22.517570000000035,8.719230000000039,110.788580736,"Sommer_Neben"
"Burgenland",2047,7,14.433250000000044,24.202080000000024,11.925900000000013,117.4410261504,"Sommer_Haupt"
"Burgenland",2047,8,14.956140000000005,25.64160000000004,13.668330000000026,68.3335317312,"Sommer_Haupt"
"Burgenland",2047,9,12.52212000000003,22.73153000000002,9.738520000000051,39.914166527999996,"Sommer_Neben"
"Burgenland",2047,10,11.115440000000035,18.672799999999995,9.34713000000005,82.2637722816,"Übergang"
"Burgenland",2047,11,3.9044000000000096,9.385160000000042,1.5639000000000465,43.498669248,"Übergang"
"Burgenland",2047,12,-0.7753699999999526,3.5025600000000168,-3.484169999999949,43.726347763199996,"Winter_Haupt"
"Burgenland",2048,1,-6.21026999999998,0.3702000000000112,-4.224699999999984,39.48577632,"Winter_Haupt"
"Burgenland",2048,2,1.5770200000000045,9.551170000000013,1.4542200000000207,35.17787232,"Winter_Haupt"
"Burgenland",2048,3,3.5750000000000455,13.234700000000032,2.4283000000000357,41.50863792,"Winter_Haupt"
"Burgenland",2048,4,5.007650000000012,14.205960000000005,1.8940699999999993,45.376404768,"Übergang"
"Burgenland",2048,5,11.188400000000001,21.024530000000027,9.063680000000033,73.7609584608,"Sommer_Neben"
"Burgenland",2048,6,13.85504000000003,24.6182,10.269300000000044,44.229014496,"Sommer_Neben"
"Burgenland",2048,7,15.700680000000034,27.206380000000024,12.21180000000004,29.8134686016,"Sommer_Haupt"
"Burgenland",2048,8,16.314020000000028,28.03564,13.518820000000005,41.0750745984,"Sommer_Haupt"
"Burgenland",2048,9,16.889499999999998,26.806050000000027,13.218200000000024,19.0636353792,"Sommer_Neben"
"Burgenland",2048,10,9.588950000000011,18.150630000000035,8.050100000000043,121.03824323520001,"Übergang"
"Burgenland",2048,11,2.7134000000000356,9.000570000000039,2.661580000000015,31.214429567999996,"Übergang"
"Burgenland",2048,12,0.46790000000004284,4.736300000000028,0.25182000000000926,81.4446184608,"Winter_Haupt"
"Burgenland",2049,1,2.3018000000000143,8.18932000000001,1.464300000000037,53.4503753856,"Winter_Haupt"
"Burgenland",2049,2,-0.975469999999973,5.514460000000042,-2.427979999999991,45.488140185599995,"Winter_Haupt"
"Burgenland",2049,3,-0.5891799999999989,6.26293000000004,-4.109259999999949,35.3888233632,"Winter_Haupt"
"Burgenland",2049,4,6.030500000000018,14.60546000000005,3.13635000000005,88.840768896,"Übergang"
"Burgenland",2049,5,10.423240000000021,20.53027000000003,8.296960000000013,43.52748192,"Sommer_Neben"
"Burgenland",2049,6,16.878870000000006,27.693050000000028,13.650450000000035,36.173236607999996,"Sommer_Neben"
"Burgenland",2049,7,16.657770000000028,25.970420000000047,12.740530000000035,127.33226092799998,"Sommer_Haupt"
"Burgenland",2049,8,17.759100000000046,28.666250000000048,14.909750000000031,27.0243301536,"Sommer_Haupt"
"Burgenland",2049,9,17.653500000000008,30.199000000000012,15.305800000000033,5.204900851200001,"Sommer_Neben"
"Burgenland",2049,10,9.586940000000027,16.782560000000046,5.7580200000000445,54.329927126399994,"Übergang"
"Burgenland",2049,11,2.857020000000034,7.886040000000037,1.7493200000000115,31.30596864,"Übergang"
"Burgenland",2049,12,-6.821169999999995,-0.9608199999999556,-6.40713999999997,37.969177852799994,"Winter_Haupt"
"Kaernten",2025,1,-7.44259999999997,0.058070000000043365,-2.163849999999968,166.15623139200002,"Winter_Haupt"
"Kaernten",2025,2,-6.645299999999963,1.6398300000000177,-2.059100000000001,77.53799692800001,"Winter_Haupt"
"Kaernten",2025,3,-3.5025699999999915,3.96610000000004,-1.219099999999969,91.42332710400001,"Winter_Haupt"
"Kaernten",2025,4,1.3952300000000264,9.833200000000033,3.836720000000014,108.27968544000001,"Übergang"
"Kaernten",2025,5,4.285799999999995,13.344140000000039,6.971920000000011,147.1647496032,"Sommer_Neben"
"Kaernten",2025,6,10.022820000000024,19.904600000000016,12.508399999999995,133.0329744,"Sommer_Neben"
"Kaernten",2025,7,11.137540000000001,21.66410000000002,14.254819999999995,99.318741408,"Sommer_Haupt"
"Kaernten",2025,8,11.05242000000004,20.983640000000037,13.891099999999994,155.125749888,"Sommer_Haupt"
"Kaernten",2025,9,6.854600000000005,16.493340000000046,9.722500000000025,82.181594304,"Sommer_Neben"
"Kaernten",2025,10,2.2009800000000155,11.468380000000025,5.629100000000051,137.6869633632,"Übergang"
"Kaernten",2025,11,-4.465769999999964,3.045280000000048,-0.07013999999998077,66.185468064,"Übergang"
"Kaernten",2025,12,-7.701300000000003,0.11324000000001888,-1.9655499999999506,21.5981060256,"Winter_Haupt"
"Kaernten",2026,1,-11.21563999999995,-4.320229999999981,-5.3489399999999705,129.204462528,"Winter_Haupt"
"Kaernten",2026,2,-2.676499999999976,3.9975000000000023,1.856300000000033,27.283455763200003,"Winter_Haupt"
"Kaernten",2026,3,-3.4769999999999754,3.307520000000011,-1.0443499999999517,122.51972520000001,"Winter_Haupt"
"Kaernten",2026,4,0.3908000000000129,9.663720000000012,3.4795500000000175,110.104883712,"Übergang"
"Kaernten",2026,5,5.010220000000004,15.071100000000001,8.00630000000001,167.4967063104,"Sommer_Neben"
"Kaernten",2026,6,9.917570000000012,19.51174000000003,11.849080000000015,175.12726175999998,"Sommer_Neben"
"Kaernten",2026,7,12.037230000000022,22.024159999999995,14.746880000000033,146.85272939520002,"Sommer_Haupt"
"Kaernten",2026,8,10.274560000000008,20.15530000000001,13.00173000000001,132.1643195136,"Sommer_Haupt"
"Kaernten",2026,9,5.998130000000003,15.699760000000026,9.174200000000042,117.45114048,"Sommer_Neben"
"Kaernten",2026,10,0.7542000000000257,9.50690000000003,4.568320000000028,65.3197237344,"Übergang"
"Kaernten",2026,11,-0.287179999999978,6.854939999999999,2.9966400000000135,67.406802912,"Übergang"
"Kaernten",2026,12,-5.521860000000004,1.1919500000000198,-0.748079999999959,23.0661477792,"Winter_Haupt"
"Kaernten",2027,1,-7.941139999999962,2.2311300000000074,0.09335000000004356,4.82846042304,"Winter_Haupt"
"Kaernten",2027,2,-2.7855299999999943,6.151480000000049,1.526200000000017,23.007305664,"Winter_Haupt"
"Kaernten",2027,3,-2.230699999999956,6.574180000000013,0.9861000000000217,111.6888943104,"Winter_Haupt"
"Kaernten",2027,4,2.5915800000000218,12.456800000000044,5.380100000000027,104.44480847999999,"Übergang"
"Kaernten",2027,5,8.85766000000001,19.532129999999995,12.022000000000048,77.4195323328,"Sommer_Neben"
"Kaernten",2027,6,8.973500000000001,19.94518000000005,11.963340000000017,71.178155136,"Sommer_Neben"
"Kaernten",2027,7,11.388970000000029,21.60647,14.095150000000046,140.3574915456,"Sommer_Haupt"
"Kaernten",2027,8,11.123440000000016,21.755060000000014,14.269100000000037,65.7290689632,"Sommer_Haupt"
"Kaernten",2027,9,8.525930000000017,19.040830000000028,11.87927000000002,38.341584576,"Sommer_Neben"
"Kaernten",2027,10,3.9949600000000487,12.821200000000033,6.917540000000031,91.32464413439999,"Übergang"
"Kaernten",2027,11,-1.8216599999999517,3.8187200000000416,0.6809000000000083,71.283740256,"Übergang"
"Kaernten",2027,12,-6.759159999999952,-0.48776999999995496,-1.5557299999999827,85.599708768,"Winter_Haupt"
"Kaernten",2028,1,-10.858199999999954,-2.481049999999982,-3.54177999999996,65.0653909056,"Winter_Haupt"
"Kaernten",2028,2,-4.756049999999959,1.1468800000000101,-2.4522799999999734,71.8121522016,"Winter_Haupt"
"Kaernten",2028,3,-4.158199999999965,4.01284000000004,-0.6162799999999606,130.141661472,"Winter_Haupt"
"Kaernten",2028,4,2.2111000000000445,12.05680000000001,5.792700000000025,93.53056262400001,"Übergang"
"Kaernten",2028,5,3.1639000000000124,12.48090000000002,5.082100000000025,77.6357702784,"Sommer_Neben"
"Kaernten",2028,6,10.237760000000037,19.794579999999996,12.45028000000002,141.333535584,"Sommer_Neben"
"Kaernten",2028,7,15.066580000000044,26.83752000000004,19.07424000000003,62.37310608,"Sommer_Haupt"
"Kaernten",2028,8,11.78866000000005,22.136040000000037,14.983400000000017,168.15413030400003,"Sommer_Haupt"
"Kaernten",2028,9,6.976950000000045,14.803800000000024,8.952660000000037,187.76305440000002,"Sommer_Neben"
"Kaernten",2028,10,4.763329999999996,12.473350000000039,7.150630000000035,155.56099524479998,"Übergang"
"Kaernten",2028,11,-5.664679999999976,2.321680000000015,-1.070039999999949,127.26647424000001,"Übergang"
"Kaernten",2028,12,-8.582529999999963,-1.9447399999999675,-3.1957499999999754,49.762347148799996,"Winter_Haupt"
"Kaernten",2029,1,-6.834699999999998,-0.7809499999999616,-1.3815399999999727,60.044309596800005,"Winter_Haupt"
"Kaernten",2029,2,-4.701729999999998,3.108600000000024,-0.1583299999999781,28.957047436800003,"Winter_Haupt"
"Kaernten",2029,3,-3.4677999999999543,6.4909000000000106,0.15694999999999482,35.457679670400005,"Winter_Haupt"
"Kaernten",2029,4,-0.9438999999999851,7.271749999999997,1.1479000000000497,118.521102528,"Übergang"
"Kaernten",2029,5,4.434660000000008,13.938750000000027,6.974540000000047,122.491347552,"Sommer_Neben"
"Kaernten",2029,6,9.338070000000016,19.14584000000002,12.15020000000004,123.76804665599998,"Sommer_Neben"
"Kaernten",2029,7,11.711700000000008,21.620720000000006,14.573140000000024,208.347352416,"Sommer_Haupt"
"Kaernten",2029,8,11.376670000000047,21.41058000000004,14.265000000000043,117.4097183328,"Sommer_Haupt"
"Kaernten",2029,9,8.199640000000045,17.543100000000038,11.306939999999997,168.13158335999998,"Sommer_Neben"
"Kaernten",2029,10,2.682920000000024,10.18777,4.746360000000038,122.54467449600001,"Übergang"
"Kaernten",2029,11,0.49966000000000577,6.539300000000026,3.3108799999999974,179.9766864,"Übergang"
"Kaernten",2029,12,-5.6378199999999765,1.3339799999999968,-0.6306799999999839,79.1129400192,"Winter_Haupt"
"Kaernten",2030,1,-11.554659999999956,-4.349429999999984,-3.8601400000000012,60.754289155200006,"Winter_Haupt"
"Kaernten",2030,2,-7.307649999999967,0.2617700000000127,-3.28116,24.4316653056,"Winter_Haupt"
"Kaernten",2030,3,-3.4874999999999545,5.945100000000025,0.5255999999999972,62.79600936960001,"Winter_Haupt"
"Kaernten",2030,4,2.011220000000037,12.431020000000046,6.078120000000013,66.27170649600001,"Übergang"
"Kaernten",2030,5,6.190269999999998,15.502830000000017,8.67470000000003,214.02464976,"Sommer_Neben"
"Kaernten",2030,6,10.61465000000004,19.94583,12.408780000000036,229.68790271999998,"Sommer_Neben"
"Kaernten",2030,7,10.002130000000022,18.76260000000002,11.79812000000004,178.278268032,"Sommer_Haupt"
"Kaernten",2030,8,9.756000000000029,19.490139999999997,12.569240000000036,116.30834150400001,"Sommer_Haupt"
"Kaernten",2030,9,7.628630000000044,16.74926000000005,10.303120000000035,60.491572416000004,"Sommer_Neben"
"Kaernten",2030,10,2.3240600000000313,12.670280000000048,6.786519999999996,16.320068930879998,"Übergang"
"Kaernten",2030,11,-3.7724399999999605,4.255200000000002,0.4278500000000349,20.510079984,"Übergang"
"Kaernten",2030,12,-5.346439999999973,2.6687600000000202,1.56704000000002,81.87961740480002,"Winter_Haupt"
"Kaernten",2031,1,-6.800299999999993,2.0479400000000396,0.9441800000000171,26.547256224,"Winter_Haupt"
"Kaernten",2031,2,-4.737949999999955,3.857500000000016,-0.8759000000000015,26.869693939199998,"Winter_Haupt"
"Kaernten",2031,3,-2.041499999999985,8.61587000000003,2.578550000000007,81.4593121632,"Winter_Haupt"
"Kaernten",2031,4,0.6987000000000307,11.679830000000038,4.58734000000004,74.729703168,"Übergang"
"Kaernten",2031,5,4.847300000000018,15.342280000000017,7.9170500000000175,108.627092064,"Sommer_Neben"
"Kaernten",2031,6,9.536650000000009,20.112270000000024,12.518150000000048,157.09449225600002,"Sommer_Neben"
"Kaernten",2031,7,12.704679999999996,23.77218000000005,15.98406,96.458719104,"Sommer_Haupt"
"Kaernten",2031,8,11.779100000000028,22.03442000000001,14.807280000000048,137.147472,"Sommer_Haupt"
"Kaernten",2031,9,8.098839999999996,17.388149999999996,10.69300000000004,88.80847257600001,"Sommer_Neben"
"Kaernten",2031,10,1.1423599999999965,9.745630000000006,4.33874000000003,104.73856416,"Übergang"
"Kaernten",2031,11,-3.2778399999999692,3.8192000000000235,1.1505000000000223,164.45133216,"Übergang"
"Kaernten",2031,12,-6.144259999999974,1.3554000000000315,1.264250000000004,68.677416864,"Winter_Haupt"
"Kaernten",2032,1,-10.822119999999984,-2.5583599999999933,-3.1911999999999807,73.2578719104,"Winter_Haupt"
"Kaernten",2032,2,-1.974899999999991,3.63635000000005,0.8648600000000215,97.7518046592,"Winter_Haupt"
"Kaernten",2032,3,-0.7458299999999554,7.716940000000022,2.3678500000000327,84.88377244799999,"Winter_Haupt"
"Kaernten",2032,4,-1.6032799999999838,5.349500000000035,0.30907999999999447,251.91907199999997,"Übergang"
"Kaernten",2032,5,4.5468400000000315,14.575400000000002,7.773200000000031,165.092531616,"Sommer_Neben"
"Kaernten",2032,6,11.717800000000011,21.92822000000001,13.861570000000029,103.89511526400001,"Sommer_Neben"
"Kaernten",2032,7,10.119680000000017,20.35757000000001,12.893850000000043,149.697704448,"Sommer_Haupt"
"Kaernten",2032,8,14.338000000000022,26.29638,18.377980000000036,44.294816735999994,"Sommer_Haupt"
"Kaernten",2032,9,9.305700000000002,20.891470000000027,13.307119999999998,31.083414335999997,"Sommer_Neben"
"Kaernten",2032,10,4.95010000000002,14.289500000000032,8.46550000000002,79.9416209088,"Übergang"
"Kaernten",2032,11,-2.8804399999999646,3.2853000000000065,-0.6909999999999741,92.62636416000001,"Übergang"
"Kaernten",2032,12,-7.645240000000001,-0.7078999999999951,-2.910699999999963,107.39071584,"Winter_Haupt"
"Kaernten",2033,1,-13.36914999999999,-6.566099999999949,-6.574799999999982,71.154361008,"Winter_Haupt"
"Kaernten",2033,2,-7.579259999999977,-0.042729999999949086,-3.372259999999983,86.06204087040001,"Winter_Haupt"
"Kaernten",2033,3,-1.9476999999999975,4.789360000000045,-0.10983999999996286,59.293784419199994,"Winter_Haupt"
"Kaernten",2033,4,3.3728300000000218,12.370940000000019,6.335840000000019,142.23442406400002,"Übergang"
"Kaernten",2033,5,5.992729999999995,16.4914,9.196300000000008,98.37709632,"Sommer_Neben"
"Kaernten",2033,6,11.05460000000005,21.899560000000008,14.041440000000023,147.55531536,"Sommer_Neben"
"Kaernten",2033,7,13.27230000000003,23.95004,16.050100000000043,152.3808398592,"Sommer_Haupt"
"Kaernten",2033,8,11.282000000000039,22.243130000000008,14.759900000000016,87.6433065408,"Sommer_Haupt"
"Kaernten",2033,9,10.78710000000001,21.025450000000035,14.237630000000024,89.26895952,"Sommer_Neben"
"Kaernten",2033,10,5.621270000000038,13.83340000000004,8.52126000000004,89.648271072,"Übergang"
"Kaernten",2033,11,-2.0297299999999723,5.802639999999997,2.1761999999999944,39.340046304,"Übergang"
"Kaernten",2033,12,-11.118779999999958,-2.967929999999967,-3.930880000000002,74.3491377792,"Winter_Haupt"
"Kaernten",2034,1,-7.63821999999999,0.15936000000004924,-0.49039999999996553,17.962548983999998,"Winter_Haupt"
"Kaernten",2034,2,-7.051499999999976,2.0810800000000427,-2.2806999999999675,16.6798493568,"Winter_Haupt"
"Kaernten",2034,3,-4.781649999999956,3.4275800000000345,-1.9552699999999845,65.8367245728,"Winter_Haupt"
"Kaernten",2034,4,1.3090799999999945,11.317830000000015,4.461940000000027,99.46924415999999,"Übergang"
"Kaernten",2034,5,7.266400000000033,18.333060000000046,10.726950000000045,135.2802334752,"Sommer_Neben"
"Kaernten",2034,6,10.746640000000014,21.92724000000004,14.473500000000001,73.50169392,"Sommer_Neben"
"Kaernten",2034,7,11.647000000000048,21.80764000000005,14.74395000000004,163.1671825248,"Sommer_Haupt"
"Kaernten",2034,8,12.706450000000018,23.29050000000001,16.226920000000007,103.81458312000001,"Sommer_Haupt"
"Kaernten",2034,9,7.827080000000024,16.658040000000028,10.412160000000029,102.189773664,"Sommer_Neben"
"Kaernten",2034,10,2.131740000000036,9.839300000000037,3.9215599999999995,55.5079490496,"Übergang"
"Kaernten",2034,11,-3.3274599999999737,4.709830000000011,1.3463700000000358,54.87936105599999,"Übergang"
"Kaernten",2034,12,-9.374429999999961,-1.5628699999999753,-2.5469399999999496,73.55810448,"Winter_Haupt"
"Kaernten",2035,1,-7.87903,-0.2989299999999844,-2.3728999999999587,38.438462995200005,"Winter_Haupt"
"Kaernten",2035,2,-6.6567699999999945,3.667470000000037,-0.594949999999983,86.9158176768,"Winter_Haupt"
"Kaernten",2035,3,-1.6845500000000015,5.658170000000041,0.3885999999999967,119.28695264640001,"Winter_Haupt"
"Kaernten",2035,4,0.6709200000000237,9.32498000000004,2.909500000000037,132.793204032,"Übergang"
"Kaernten",2035,5,4.945700000000045,14.628750000000025,7.232000000000028,88.5018676608,"Sommer_Neben"
"Kaernten",2035,6,10.794730000000015,21.08907000000005,13.604520000000036,135.67186368,"Sommer_Neben"
"Kaernten",2035,7,13.473350000000039,24.48797000000002,16.81432000000001,90.8016383232,"Sommer_Haupt"
"Kaernten",2035,8,11.43694000000005,21.152919999999995,14.036000000000001,114.645456864,"Sommer_Haupt"
"Kaernten",2035,9,6.697300000000041,16.31173000000001,9.488300000000038,111.98938694400002,"Sommer_Neben"
"Kaernten",2035,10,1.0059400000000096,9.80940000000004,4.419920000000047,92.890568016,"Übergang"
"Kaernten",2035,11,-1.9233999999999583,5.337900000000047,1.534400000000005,54.389784096,"Übergang"
"Kaernten",2035,12,-9.303349999999966,-1.3598700000000008,-3.8134999999999764,57.012899155199996,"Winter_Haupt"
"Kaernten",2036,1,-6.5966999999999985,0.8953800000000456,-0.14945000000000164,34.4111162976,"Winter_Haupt"
"Kaernten",2036,2,-4.8044799999999555,3.267820000000029,0.1068000000000211,30.3944488992,"Winter_Haupt"
"Kaernten",2036,3,-3.7392299999999636,4.716120000000046,-0.6759699999999498,83.55798587519999,"Winter_Haupt"
"Kaernten",2036,4,3.0192499999999995,13.563130000000001,6.627470000000017,68.11926336,"Übergang"
"Kaernten",2036,5,5.748400000000004,16.253720000000044,8.711569999999995,169.516177056,"Sommer_Neben"
"Kaernten",2036,6,11.860299999999995,22.728170000000034,15.411249999999995,116.74345449599998,"Sommer_Neben"
"Kaernten",2036,7,8.477700000000027,17.53457000000003,10.787300000000016,211.580261568,"Sommer_Haupt"
"Kaernten",2036,8,9.393799999999999,19.38960000000003,12.527950000000033,182.92628304,"Sommer_Haupt"
"Kaernten",2036,9,7.552270000000021,17.83456000000001,11.723350000000039,107.544972672,"Sommer_Neben"
"Kaernten",2036,10,4.303580000000011,14.321950000000015,8.895320000000027,21.7784373408,"Übergang"
"Kaernten",2036,11,-2.852359999999976,4.032700000000034,0.6645000000000323,109.47301632000001,"Übergang"
"Kaernten",2036,12,-12.50369999999998,-4.831399999999974,-3.8840699999999515,50.259246595200004,"Winter_Haupt"
"Kaernten",2037,1,-7.631699999999967,-2.569249999999954,-3.2589799999999514,118.6276564512,"Winter_Haupt"
"Kaernten",2037,2,-7.016899999999964,0.14560000000000173,-3.308399999999949,88.29765504,"Winter_Haupt"
"Kaernten",2037,3,-3.6313199999999597,3.8185000000000286,-1.1057500000000005,79.9632489888,"Winter_Haupt"
"Kaernten",2037,4,-1.3170799999999758,8.553340000000048,2.0511700000000133,62.97927552,"Übergang"
"Kaernten",2037,5,3.501100000000008,13.307900000000018,6.4879700000000184,174.4314856704,"Sommer_Neben"
"Kaernten",2037,6,8.945950000000039,19.823540000000037,12.284780000000012,143.55744048,"Sommer_Neben"
"Kaernten",2037,7,12.672900000000027,23.012100000000032,16.130730000000028,134.98710670079998,"Sommer_Haupt"
"Kaernten",2037,8,10.951070000000016,22.57342,15.010829999999999,35.5140091008,"Sommer_Haupt"
"Kaernten",2037,9,8.643580000000043,19.713700000000017,12.653900000000021,75.759020064,"Sommer_Neben"
"Kaernten",2037,10,3.169120000000021,11.887350000000026,6.605250000000012,149.6738586528,"Übergang"
"Kaernten",2037,11,-2.096929999999986,4.690200000000004,1.0529000000000224,160.19980415999999,"Übergang"
"Kaernten",2037,12,-8.38015999999999,-2.0110799999999927,-0.5417999999999665,85.69951398719999,"Winter_Haupt"
"Kaernten",2038,1,-7.19538,0.4105000000000132,-0.46493999999995594,49.806294336,"Winter_Haupt"
"Kaernten",2038,2,-2.999059999999986,4.190200000000004,0.16863000000000739,17.791135488,"Winter_Haupt"
"Kaernten",2038,3,-3.9341999999999757,3.960230000000024,-1.9984799999999723,27.203651712000003,"Winter_Haupt"
"Kaernten",2038,4,-0.7421999999999684,9.20577000000003,2.839960000000019,92.842529184,"Übergang"
"Kaernten",2038,5,7.0067000000000235,17.21980000000002,9.909970000000044,141.297893856,"Sommer_Neben"
"Kaernten",2038,6,9.786950000000047,19.881740000000036,12.414060000000006,162.35461152000002,"Sommer_Neben"
"Kaernten",2038,7,13.05892,23.895140000000026,16.63420000000002,148.65642288,"Sommer_Haupt"
"Kaernten",2038,8,13.210630000000037,24.051570000000027,17.323180000000036,108.38132208,"Sommer_Haupt"
"Kaernten",2038,9,8.873620000000017,18.42410000000001,11.984120000000019,87.407330688,"Sommer_Neben"
"Kaernten",2038,10,3.4617600000000266,11.240620000000035,6.57525000000004,140.92533912960002,"Übergang"
"Kaernten",2038,11,-2.2031299999999874,4.799550000000011,1.309000000000026,64.749007584,"Übergang"
"Kaernten",2038,12,-5.5595500000000015,1.3032500000000482,-0.4095800000000054,79.175740464,"Winter_Haupt"
"Kaernten",2039,1,-5.811039999999991,0.518730000000005,-1.3534599999999841,49.3533929664,"Winter_Haupt"
"Kaernten",2039,2,-8.304399999999987,0.4220200000000318,-4.441319999999962,30.8658010752,"Winter_Haupt"
"Kaernten",2039,3,-3.2744500000000016,6.059840000000008,0.5407700000000091,48.93646518720001,"Winter_Haupt"
"Kaernten",2039,4,2.184630000000027,11.722830000000044,4.751760000000047,62.589106943999994,"Übergang"
"Kaernten",2039,5,3.8524000000000456,12.630150000000015,5.439080000000047,150.1723597824,"Sommer_Neben"
"Kaernten",2039,6,9.31597000000005,20.036,12.867700000000013,108.541363392,"Sommer_Neben"
"Kaernten",2039,7,10.57394000000005,19.28370000000001,12.515160000000037,168.402230496,"Sommer_Haupt"
"Kaernten",2039,8,10.701070000000016,20.00660000000005,13.047240000000045,126.443755296,"Sommer_Haupt"
"Kaernten",2039,9,8.077480000000037,20.370750000000044,13.323360000000037,29.218027104,"Sommer_Neben"
"Kaernten",2039,10,2.4429300000000467,10.830830000000049,4.455100000000016,34.669330128,"Übergang"
"Kaernten",2039,11,-2.58377999999999,4.124780000000044,1.5270300000000248,160.07357376,"Übergang"
"Kaernten",2039,12,-7.597239999999999,-0.9489799999999491,-2.2657499999999686,95.5689492672,"Winter_Haupt"
"Kaernten",2040,1,-10.26437999999996,-3.51339999999999,-3.5858499999999935,55.17785232,"Winter_Haupt"
"Kaernten",2040,2,-3.6667999999999665,5.126860000000022,2.1930000000000405,30.843798191999998,"Winter_Haupt"
"Kaernten",2040,3,-3.921419999999955,4.6259000000000015,-1.4431999999999903,88.0367501088,"Winter_Haupt"
"Kaernten",2040,4,2.2626600000000394,12.163139999999999,4.987819999999999,55.0328904,"Übergang"
"Kaernten",2040,5,6.470180000000028,15.22750000000002,8.602720000000033,239.215323168,"Sommer_Neben"
"Kaernten",2040,6,9.649400000000014,19.631200000000035,12.37542000000002,164.67853392,"Sommer_Neben"
"Kaernten",2040,7,10.413080000000036,20.190240000000017,13.495750000000044,180.271827936,"Sommer_Haupt"
"Kaernten",2040,8,10.490440000000035,21.574900000000014,14.098839999999996,37.194860448,"Sommer_Haupt"
"Kaernten",2040,9,9.48843000000005,19.48055000000005,13.16088000000002,86.69973024000001,"Sommer_Neben"
"Kaernten",2040,10,3.0654499999999985,11.552480000000003,6.227620000000002,154.39984992,"Übergang"
"Kaernten",2040,11,1.5834300000000212,8.152950000000033,4.056759999999997,183.71385792,"Übergang"
"Kaernten",2040,12,-8.93286999999998,-0.2542799999999943,-2.141120000000001,67.60346952959999,"Winter_Haupt"
"Kaernten",2041,1,-10.131259999999997,-3.9731499999999755,-5.758799999999951,75.6304388064,"Winter_Haupt"
"Kaernten",2041,2,-11.028359999999964,-2.931949999999972,-4.588300000000004,47.764588032,"Winter_Haupt"
"Kaernten",2041,3,-6.230899999999963,1.7010000000000218,-3.725559999999973,67.6012036032,"Winter_Haupt"
"Kaernten",2041,4,-0.89874999999995,7.768700000000024,1.845450000000028,61.931293632,"Übergang"
"Kaernten",2041,5,4.132300000000043,13.194900000000018,6.787700000000029,151.9015535712,"Sommer_Neben"
"Kaernten",2041,6,7.459280000000035,17.06722000000002,9.98290000000003,197.28118944,"Sommer_Neben"
"Kaernten",2041,7,11.035760000000039,21.61202000000003,14.39416,132.345596304,"Sommer_Haupt"
"Kaernten",2041,8,11.892480000000035,21.408800000000042,14.554470000000038,164.84477961599998,"Sommer_Haupt"
"Kaernten",2041,9,7.913260000000037,17.089300000000037,10.902000000000044,216.9080208,"Sommer_Neben"
"Kaernten",2041,10,4.669550000000015,13.594570000000033,8.488280000000032,172.46782742399998,"Übergang"
"Kaernten",2041,11,-3.4803999999999746,3.155970000000025,-0.3474199999999996,78.001532928,"Übergang"
"Kaernten",2041,12,-5.818639999999959,1.989500000000021,1.6551500000000487,31.452011942400002,"Winter_Haupt"
"Kaernten",2042,1,-8.224400000000003,-1.2976400000000012,-2.8965799999999717,93.91648896,"Winter_Haupt"
"Kaernten",2042,2,-2.909249999999986,2.3610500000000343,-0.6780499999999847,97.51093632,"Winter_Haupt"
"Kaernten",2042,3,-2.1357999999999606,5.208460000000002,0.10310000000004038,120.3462866304,"Winter_Haupt"
"Kaernten",2042,4,0.8016000000000076,9.97610000000003,3.8782600000000116,111.66982704,"Übergang"
"Kaernten",2042,5,3.576530000000048,13.173240000000021,6.32394000000005,139.95245318399998,"Sommer_Neben"
"Kaernten",2042,6,9.185540000000003,18.926750000000027,11.703850000000045,195.17353056,"Sommer_Neben"
"Kaernten",2042,7,12.130700000000047,22.43118000000004,15.179250000000025,73.1917341792,"Sommer_Haupt"
"Kaernten",2042,8,12.088220000000035,22.49210000000005,15.493980000000022,157.75761536640002,"Sommer_Haupt"
"Kaernten",2042,9,8.958600000000047,18.987700000000018,13.022520000000043,110.52233567999998,"Sommer_Neben"
"Kaernten",2042,10,2.90634,13.633700000000033,7.836659999999995,24.2981220528,"Übergang"
"Kaernten",2042,11,0.03054000000003043,7.17697000000004,3.3168000000000006,102.419339328,"Übergang"
"Kaernten",2042,12,-7.348329999999976,0.2458400000000438,-2.3186399999999594,43.479527846399996,"Winter_Haupt"
"Kaernten",2043,1,-8.39444999999995,-0.026649999999960983,-2.4389400000000023,27.6899661216,"Winter_Haupt"
"Kaernten",2043,2,-4.407169999999951,2.4547400000000152,-0.7112999999999943,62.1049355136,"Winter_Haupt"
"Kaernten",2043,3,-1.535599999999988,7.185140000000047,1.8640000000000327,107.18988940800001,"Winter_Haupt"
"Kaernten",2043,4,0.8346000000000231,9.566280000000006,3.4773500000000013,123.02349206400001,"Übergang"
"Kaernten",2043,5,4.720570000000009,14.351830000000007,7.244380000000035,144.76774498560002,"Sommer_Neben"
"Kaernten",2043,6,7.292660000000012,17.165099999999995,9.641230000000007,158.43257856,"Sommer_Neben"
"Kaernten",2043,7,13.70010000000002,24.413080000000036,17.04812000000004,150.22784016,"Sommer_Haupt"
"Kaernten",2043,8,10.49078000000003,20.40554000000003,13.547000000000025,105.39483912,"Sommer_Haupt"
"Kaernten",2043,9,5.7761200000000485,15.507960000000026,9.08044000000001,93.59918323200002,"Sommer_Neben"
"Kaernten",2043,10,1.5144000000000233,10.708799999999997,4.613120000000038,76.000591008,"Übergang"
"Kaernten",2043,11,-4.558169999999961,5.288300000000049,1.8808200000000284,65.3577336,"Übergang"
"Kaernten",2043,12,-6.356759999999952,1.6677200000000312,0.3497600000000034,34.758112392,"Winter_Haupt"
"Kaernten",2044,1,-10.097969999999975,-2.037819999999954,-3.060299999999984,73.786920192,"Winter_Haupt"
"Kaernten",2044,2,-9.22663,-0.8658800000000042,-3.7148799999999937,115.2882484992,"Winter_Haupt"
"Kaernten",2044,3,-4.19793999999996,3.106800000000021,-1.854469999999992,72.00850008959999,"Winter_Haupt"
"Kaernten",2044,4,-1.0296999999999912,6.823239999999998,0.8210700000000202,101.446670592,"Übergang"
"Kaernten",2044,5,4.239770000000021,13.295950000000005,7.1508400000000165,156.434911632,"Sommer_Neben"
"Kaernten",2044,6,7.763570000000016,17.743070000000046,10.33044000000001,136.156764672,"Sommer_Neben"
"Kaernten",2044,7,12.766500000000008,23.212820000000022,15.841730000000041,134.826531264,"Sommer_Haupt"
"Kaernten",2044,8,11.586720000000014,21.222000000000037,14.746000000000038,188.54594121600002,"Sommer_Haupt"
"Kaernten",2044,9,7.641630000000021,18.494529999999997,12.031120000000044,75.45494476799999,"Sommer_Neben"
"Kaernten",2044,10,2.864370000000008,11.802500000000009,7.076650000000029,155.2620991968,"Übergang"
"Kaernten",2044,11,-1.1243000000000052,4.84426000000002,1.1084200000000237,69.2248032,"Übergang"
"Kaernten",2044,12,-2.8945699999999874,3.8243300000000318,2.1162700000000427,67.901779008,"Winter_Haupt"
"Kaernten",2045,1,-3.628879999999981,4.339530000000025,2.692859999999996,30.916937260800005,"Winter_Haupt"
"Kaernten",2045,2,-2.4975000000000023,5.7736000000000445,1.0206000000000017,62.2648881792,"Winter_Haupt"
"Kaernten",2045,3,-2.3850799999999595,6.954030000000046,1.089870000000019,71.5706084736,"Winter_Haupt"
"Kaernten",2045,4,1.3659300000000485,10.720420000000047,4.59838000000002,128.51061868800002,"Übergang"
"Kaernten",2045,5,8.398520000000019,18.1293,10.860770000000002,160.838294976,"Sommer_Neben"
"Kaernten",2045,6,9.45718000000005,19.044100000000014,11.978880000000004,166.74187219200002,"Sommer_Neben"
"Kaernten",2045,7,11.25723000000005,20.928920000000005,13.723540000000014,145.25970814079997,"Sommer_Haupt"
"Kaernten",2045,8,11.948720000000037,22.500120000000038,15.496000000000038,98.321760576,"Sommer_Haupt"
"Kaernten",2045,9,9.182000000000016,18.804280000000006,12.349800000000016,165.00153600000002,"Sommer_Neben"
"Kaernten",2045,10,4.4397200000000225,14.282460000000015,8.847530000000006,26.9703684288,"Übergang"
"Kaernten",2045,11,-3.13385999999997,2.672050000000013,-0.9218999999999937,34.037887391999995,"Übergang"
"Kaernten",2045,12,-7.583319999999958,0.3389200000000301,-0.5384999999999991,72.856256544,"Winter_Haupt"
"Kaernten",2046,1,-6.6392999999999915,-0.0342200000000048,-1.3461999999999534,109.88628022079999,"Winter_Haupt"
"Kaernten",2046,2,-6.363069999999993,-0.06340000000000146,-1.7430200000000013,75.89538431999999,"Winter_Haupt"
"Kaernten",2046,3,-1.3936799999999607,7.187860000000001,2.6083600000000047,66.8940765408,"Winter_Haupt"
"Kaernten",2046,4,-1.8694999999999595,6.641350000000045,0.783960000000036,96.28400016,"Übergang"
"Kaernten",2046,5,4.730740000000026,13.371579999999994,6.694479999999999,139.2157431936,"Sommer_Neben"
"Kaernten",2046,6,10.989340000000027,20.969960000000015,13.901900000000012,139.28985504,"Sommer_Neben"
"Kaernten",2046,7,10.249400000000037,20.81460000000004,13.323080000000004,72.73890780480001,"Sommer_Haupt"
"Kaernten",2046,8,12.309960000000046,21.900260000000003,14.738950000000045,105.57186796799999,"Sommer_Haupt"
"Kaernten",2046,9,7.73956000000004,19.212820000000022,12.093200000000024,53.011060416,"Sommer_Neben"
"Kaernten",2046,10,4.582480000000032,16.107799999999997,9.67208000000005,20.5201089504,"Übergang"
"Kaernten",2046,11,-0.8614599999999655,6.216700000000003,2.9388700000000085,120.27507264,"Übergang"
"Kaernten",2046,12,-3.1254599999999755,4.243200000000002,2.8660200000000486,84.1854680352,"Winter_Haupt"
"Kaernten",2047,1,-7.125919999999951,1.183680000000038,-1.153570000000002,52.8464283264,"Winter_Haupt"
"Kaernten",2047,2,-5.329959999999971,2.407129999999995,-1.7630699999999706,32.293586303999994,"Winter_Haupt"
"Kaernten",2047,3,-5.227449999999976,3.623829999999998,-1.7393599999999765,107.384274288,"Winter_Haupt"
"Kaernten",2047,4,-1.1097199999999816,8.459950000000049,2.254660000000001,124.99602998400002,"Übergang"
"Kaernten",2047,5,5.040800000000047,14.739130000000046,8.010700000000043,160.05268008,"Sommer_Neben"
"Kaernten",2047,6,8.764300000000048,18.169430000000034,11.117270000000019,261.89759808,"Sommer_Neben"
"Kaernten",2047,7,10.500020000000006,20.165639999999996,13.499080000000049,177.20364038399998,"Sommer_Haupt"
"Kaernten",2047,8,11.44912000000005,22.236540000000048,15.07913000000002,113.1684344352,"Sommer_Haupt"
"Kaernten",2047,9,8.732720000000029,19.331050000000005,12.366420000000005,78.587926272,"Sommer_Neben"
"Kaernten",2047,10,5.7266500000000065,13.64712000000003,8.438780000000008,99.571301136,"Übergang"
"Kaernten",2047,11,-0.8754299999999944,5.997250000000008,2.0199499999999944,40.7589408,"Übergang"
"Kaernten",2047,12,-6.933359999999993,-0.2969699999999875,-2.9288399999999797,31.2658577856,"Winter_Haupt"
"Kaernten",2048,1,-11.413729999999987,-2.569529999999986,-3.9258499999999685,69.918132096,"Winter_Haupt"
"Kaernten",2048,2,-3.0374199999999973,4.6508400000000165,0.7858200000000011,49.976955676799996,"Winter_Haupt"
"Kaernten",2048,3,-0.930059999999969,8.012350000000026,2.24615,89.86754364480001,"Winter_Haupt"
"Kaernten",2048,4,1.0886000000000422,10.254500000000007,3.8030600000000163,115.24376736,"Übergang"
"Kaernten",2048,5,5.9191000000000145,15.93374,8.949900000000014,164.2898526336,"Sommer_Neben"
"Kaernten",2048,6,9.70168000000001,20.75994000000003,12.912200000000041,66.065865408,"Sommer_Neben"
"Kaernten",2048,7,11.751670000000047,21.656920000000014,14.293180000000007,94.906452384,"Sommer_Haupt"
"Kaernten",2048,8,11.855740000000026,22.25988000000001,15.088099999999997,87.42017171520001,"Sommer_Haupt"
"Kaernten",2048,9,11.741660000000024,19.796700000000044,13.567000000000007,126.591224544,"Sommer_Neben"
"Kaernten",2048,10,3.4217200000000503,12.605770000000007,7.339380000000006,136.62056376,"Übergang"
"Kaernten",2048,11,-2.036139999999989,5.728270000000009,2.7147500000000377,61.7231664,"Übergang"
"Kaernten",2048,12,-7.287899999999979,-0.003330000000005384,-1.0146199999999794,123.08918250239999,"Winter_Haupt"
"Kaernten",2049,1,-2.9665999999999713,2.752900000000011,1.074700000000007,47.7942186528,"Winter_Haupt"
"Kaernten",2049,2,-5.498079999999959,2.5696400000000494,-1.7446999999999662,38.443579776,"Winter_Haupt"
"Kaernten",2049,3,-5.735329999999976,2.3233000000000175,-2.897699999999986,64.39265449919999,"Winter_Haupt"
"Kaernten",2049,4,1.4878800000000183,9.877769999999998,4.146020000000021,152.795585088,"Übergang"
"Kaernten",2049,5,6.767970000000048,17.056849999999997,9.724900000000048,75.61573171200001,"Sommer_Neben"
"Kaernten",2049,6,12.845420000000047,23.45287000000002,15.893330000000049,148.24596671999998,"Sommer_Neben"
"Kaernten",2049,7,12.440269999999998,21.894920000000013,14.917570000000012,232.75124582399997,"Sommer_Haupt"
"Kaernten",2049,8,12.288450000000012,22.825680000000034,16.26275000000004,83.2521608064,"Sommer_Haupt"
"Kaernten",2049,9,12.20675,23.28490000000005,16.34426000000002,6.6975947712,"Sommer_Neben"
"Kaernten",2049,10,4.375699999999995,12.942930000000047,7.266080000000045,73.9711887552,"Übergang"
"Kaernten",2049,11,-1.6949499999999489,5.563170000000014,2.0582200000000057,15.6533751936,"Übergang"
"Kaernten",2049,12,-11.050049999999999,-2.574869999999976,-4.935369999999978,31.704614524800004,"Winter_Haupt"
"Niederoesterreich",2025,1,-4.908419999999978,1.5143000000000484,-1.856149999999957,78.8024732832,"Winter_Haupt"
"Niederoesterreich",2025,2,-3.1282999999999674,3.4490000000000123,-2.1771999999999707,61.48180281600001,"Winter_Haupt"
"Niederoesterreich",2025,3,-3.2034699999999816,5.974270000000047,-1.419999999999959,87.9599952,"Winter_Haupt"
"Niederoesterreich",2025,4,4.176000000000045,13.98037000000005,4.072600000000023,75.05207279999999,"Übergang"
"Niederoesterreich",2025,5,6.326440000000048,14.493220000000008,4.89434,162.1896200928,"Sommer_Neben"
"Niederoesterreich",2025,6,12.36343000000005,22.30510000000004,11.537800000000004,55.358378208000005,"Sommer_Neben"
"Niederoesterreich",2025,7,13.080600000000004,23.246579999999994,11.710050000000024,27.130665312,"Sommer_Haupt"
"Niederoesterreich",2025,8,12.48696000000001,23.075950000000034,11.74720000000002,54.5173240608,"Sommer_Haupt"
"Niederoesterreich",2025,9,8.890950000000032,18.76950000000005,7.669460000000015,52.14964032,"Sommer_Neben"
"Niederoesterreich",2025,10,4.4937400000000025,13.637699999999995,5.204340000000002,51.93765791999999,"Übergang"
"Niederoesterreich",2025,11,-1.2962999999999738,4.501059999999995,-1.1499000000000024,84.44111327999998,"Übergang"
"Niederoesterreich",2025,12,-5.330539999999985,1.2190200000000004,-1.7848299999999995,29.378659824,"Winter_Haupt"
"Niederoesterreich",2026,1,-8.367469999999969,-2.637549999999976,-6.0926000000000045,106.22981692799999,"Winter_Haupt"
"Niederoesterreich",2026,2,-1.4927699999999504,6.599500000000035,3.3688999999999965,42.9651395712,"Winter_Haupt"
"Niederoesterreich",2026,3,-1.0000399999999559,6.094400000000007,-0.7439999999999714,81.30418191359999,"Winter_Haupt"
"Niederoesterreich",2026,4,3.056570000000022,13.02460000000002,3.232500000000016,72.05264928,"Übergang"
"Niederoesterreich",2026,5,6.571370000000002,16.52484000000004,6.20822000000004,78.34748544,"Sommer_Neben"
"Niederoesterreich",2026,6,11.242500000000007,20.70672000000002,9.90790000000004,68.911907328,"Sommer_Neben"
"Niederoesterreich",2026,7,13.081230000000005,22.581780000000037,12.950620000000015,201.38314815360002,"Sommer_Haupt"
"Niederoesterreich",2026,8,11.10080000000005,21.304830000000038,10.942900000000009,119.0937087648,"Sommer_Haupt"
"Niederoesterreich",2026,9,8.206900000000019,17.00866000000002,7.7343400000000315,108.579121056,"Sommer_Neben"
"Niederoesterreich",2026,10,3.3932700000000295,11.284780000000012,4.235960000000034,60.845100307200006,"Übergang"
"Niederoesterreich",2026,11,2.105860000000007,8.061400000000049,4.161830000000009,63.038518272,"Übergang"
"Niederoesterreich",2026,12,-3.4410499999999615,1.86456000000004,-0.5760999999999967,39.0741678432,"Winter_Haupt"
"Niederoesterreich",2027,1,-5.074259999999981,2.157920000000047,1.0319499999999948,4.53271176288,"Winter_Haupt"
"Niederoesterreich",2027,2,0.6677500000000123,9.214320000000043,2.4321800000000167,14.7119704704,"Winter_Haupt"
"Niederoesterreich",2027,3,0.45834000000002106,9.760370000000023,0.5883000000000038,57.093438643199995,"Winter_Haupt"
"Niederoesterreich",2027,4,5.374230000000011,15.67025000000001,5.372060000000033,51.262701984,"Übergang"
"Niederoesterreich",2027,5,10.014900000000011,21.188800000000015,10.677500000000009,84.998515104,"Sommer_Neben"
"Niederoesterreich",2027,6,10.60748000000001,20.898979999999995,9.223500000000001,60.272846496,"Sommer_Neben"
"Niederoesterreich",2027,7,13.34880000000004,24.738500000000045,13.195670000000007,95.6514413088,"Sommer_Haupt"
"Niederoesterreich",2027,8,11.899560000000008,22.931100000000015,11.959249999999997,82.12854522239999,"Sommer_Haupt"
"Niederoesterreich",2027,9,10.112940000000037,20.469870000000014,9.749300000000005,34.462063008,"Sommer_Neben"
"Niederoesterreich",2027,10,5.381600000000049,14.22442000000001,5.933400000000006,72.321969312,"Übergang"
"Niederoesterreich",2027,11,-0.43894000000000233,3.719750000000033,0.6480999999999995,71.33802192,"Übergang"
"Niederoesterreich",2027,12,-4.773629999999969,0.5652400000000171,-0.23321999999996024,45.986105808000005,"Winter_Haupt"
"Niederoesterreich",2028,1,-9.539339999999982,-1.0751999999999953,-3.6336000000000013,58.862462918400006,"Winter_Haupt"
"Niederoesterreich",2028,2,-4.303779999999961,1.530330000000049,-2.581729999999993,80.66110956479999,"Winter_Haupt"
"Niederoesterreich",2028,3,-2.134299999999996,6.348630000000014,-1.2093600000000038,91.5585005952,"Winter_Haupt"
"Niederoesterreich",2028,4,4.391660000000002,13.90640000000002,4.794520000000034,83.687499648,"Übergang"
"Niederoesterreich",2028,5,4.337500000000034,13.10223000000002,2.4517000000000166,65.25881424,"Sommer_Neben"
"Niederoesterreich",2028,6,11.574460000000045,21.81450000000001,11.658470000000023,148.08111552,"Sommer_Neben"
"Niederoesterreich",2028,7,15.920130000000029,26.76550000000003,16.51165000000003,88.07476464000001,"Sommer_Haupt"
"Niederoesterreich",2028,8,13.22592000000003,23.461270000000013,13.51916,142.323265728,"Sommer_Haupt"
"Niederoesterreich",2028,9,8.555260000000033,16.75863000000004,7.870300000000043,115.60802112,"Sommer_Neben"
"Niederoesterreich",2028,10,7.168330000000026,15.12124,7.86930000000001,86.774749632,"Übergang"
"Niederoesterreich",2028,11,-0.616739999999993,4.907800000000009,-1.8718299999999886,81.79074143999999,"Übergang"
"Niederoesterreich",2028,12,-6.833319999999958,-0.891239999999982,-3.2676999999999907,93.3808839552,"Winter_Haupt"
"Niederoesterreich",2029,1,-6.938239999999951,-0.7372499999999604,-0.26916999999997415,56.3627336256,"Winter_Haupt"
"Niederoesterreich",2029,2,-2.973359999999957,5.10125000000005,0.25897000000003345,20.505528691200002,"Winter_Haupt"
"Niederoesterreich",2029,3,-0.5753199999999765,8.532460000000015,-1.2486599999999726,37.2711921696,"Winter_Haupt"
"Niederoesterreich",2029,4,1.2075399999999945,8.991240000000005,-0.4136399999999867,131.43330864,"Übergang"
"Niederoesterreich",2029,5,6.777000000000044,15.733400000000017,5.579520000000002,58.12636896,"Sommer_Neben"
"Niederoesterreich",2029,6,11.638059999999996,21.957150000000013,11.766260000000045,92.31994828799999,"Sommer_Neben"
"Niederoesterreich",2029,7,14.131370000000004,23.310270000000003,13.285820000000001,115.92798192,"Sommer_Haupt"
"Niederoesterreich",2029,8,12.695899999999995,22.83680000000004,11.790980000000047,48.4495722432,"Sommer_Haupt"
"Niederoesterreich",2029,9,10.075860000000034,19.481650000000002,10.597200000000043,118.46261664,"Sommer_Neben"
"Niederoesterreich",2029,10,5.01714000000004,11.750480000000039,3.9640400000000113,83.346103008,"Übergang"
"Niederoesterreich",2029,11,3.869320000000016,9.347860000000026,3.771479999999997,130.78876896,"Übergang"
"Niederoesterreich",2029,12,-1.273869999999988,3.963860000000011,-0.19107999999999947,76.5111288672,"Winter_Haupt"
"Niederoesterreich",2030,1,-8.62579999999997,-3.152749999999969,-4.024759999999958,53.8120504512,"Winter_Haupt"
"Niederoesterreich",2030,2,-7.8832799999999565,0.38570000000004256,-3.199770000000001,23.253320159999998,"Winter_Haupt"
"Niederoesterreich",2030,3,-2.4346400000000017,7.051420000000007,-0.039069999999981064,63.21160330559999,"Winter_Haupt"
"Niederoesterreich",2030,4,4.775540000000035,15.56677000000002,5.418300000000045,48.127903488,"Übergang"
"Niederoesterreich",2030,5,8.057520000000011,17.320100000000025,8.325220000000002,160.536760704,"Sommer_Neben"
"Niederoesterreich",2030,6,12.304040000000043,21.198360000000037,10.860130000000026,106.130290176,"Sommer_Neben"
"Niederoesterreich",2030,7,11.060900000000004,19.60943000000003,9.78140000000002,127.84619231999999,"Sommer_Haupt"
"Niederoesterreich",2030,8,10.858940000000018,20.14697000000001,10.582820000000027,112.258118592,"Sommer_Haupt"
"Niederoesterreich",2030,9,9.47643000000005,18.065179999999998,9.042570000000012,94.0583016,"Sommer_Neben"
"Niederoesterreich",2030,10,4.967900000000043,13.095730000000003,5.83447000000001,25.2099150336,"Übergang"
"Niederoesterreich",2030,11,-2.375129999999956,5.161460000000034,-0.4242999999999597,39.85334784,"Übergang"
"Niederoesterreich",2030,12,-3.1293999999999755,4.1045500000000175,2.557100000000048,41.782051670399994,"Winter_Haupt"
"Niederoesterreich",2031,1,-2.8485000000000014,2.86790000000002,0.8938500000000431,19.3424566464,"Winter_Haupt"
"Niederoesterreich",2031,2,-0.8805600000000027,5.980600000000038,-1.7383199999999874,32.88296148479999,"Winter_Haupt"
"Niederoesterreich",2031,3,1.199200000000019,11.54000000000002,2.303250000000048,49.482617731199994,"Winter_Haupt"
"Niederoesterreich",2031,4,3.8449300000000335,14.574330000000032,3.849420000000009,57.84543072,"Übergang"
"Niederoesterreich",2031,5,7.477170000000001,18.060500000000047,6.602930000000015,40.5778457088,"Sommer_Neben"
"Niederoesterreich",2031,6,11.193480000000022,21.291380000000004,9.907770000000028,89.784694944,"Sommer_Neben"
"Niederoesterreich",2031,7,14.375630000000001,25.215000000000032,13.646780000000035,52.5950256672,"Sommer_Haupt"
"Niederoesterreich",2031,8,13.099570000000028,23.877560000000017,12.904100000000028,94.38828376320001,"Sommer_Haupt"
"Niederoesterreich",2031,9,9.721150000000023,19.24770000000001,8.634029999999996,40.776638976,"Sommer_Neben"
"Niederoesterreich",2031,10,3.6576500000000465,11.040030000000002,4.6533000000000015,79.3361418048,"Übergang"
"Niederoesterreich",2031,11,-0.9854799999999955,5.597920000000045,1.7203300000000468,108.247565376,"Übergang"
"Niederoesterreich",2031,12,-3.6861599999999726,3.189700000000016,1.7533800000000497,54.5400556416,"Winter_Haupt"
"Niederoesterreich",2032,1,-7.901299999999992,-0.2782699999999636,-3.255999999999972,41.183533728,"Winter_Haupt"
"Niederoesterreich",2032,2,-0.9426599999999894,6.347740000000044,2.264060000000029,40.5160105248,"Winter_Haupt"
"Niederoesterreich",2032,3,1.6315200000000232,10.899260000000027,2.6740400000000477,79.9941898656,"Winter_Haupt"
"Niederoesterreich",2032,4,0.37390000000004875,8.722200000000043,0.07308000000000447,154.369494144,"Übergang"
"Niederoesterreich",2032,5,7.341670000000022,16.325980000000015,6.5528000000000475,147.13307216639998,"Sommer_Neben"
"Niederoesterreich",2032,6,12.707240000000013,22.310900000000004,11.971699999999998,112.63288464,"Sommer_Neben"
"Niederoesterreich",2032,7,11.47863000000001,20.797900000000027,10.499840000000006,89.9749207008,"Sommer_Haupt"
"Niederoesterreich",2032,8,14.965570000000014,27.241240000000005,15.734830000000045,41.839768512000006,"Sommer_Haupt"
"Niederoesterreich",2032,9,11.173500000000047,22.283720000000017,11.446860000000015,34.102111968,"Sommer_Neben"
"Niederoesterreich",2032,10,6.7277500000000146,15.83044000000001,7.801840000000027,58.973091552,"Übergang"
"Niederoesterreich",2032,11,1.1019000000000005,5.5618200000000115,-1.0273499999999558,93.34730822399999,"Übergang"
"Niederoesterreich",2032,12,-3.2584999999999695,2.4836400000000367,-1.9793999999999983,57.203925321599996,"Winter_Haupt"
"Niederoesterreich",2033,1,-13.59192999999999,-6.342469999999992,-5.830939999999998,42.9710255712,"Winter_Haupt"
"Niederoesterreich",2033,2,-5.746999999999957,0.1269800000000032,-3.8717399999999884,56.22771168,"Winter_Haupt"
"Niederoesterreich",2033,3,-0.7409700000000043,6.96243000000004,-0.780460000000005,54.1179531936,"Winter_Haupt"
"Niederoesterreich",2033,4,5.8677000000000135,16.134500000000003,6.677600000000041,88.389758304,"Übergang"
"Niederoesterreich",2033,5,8.085350000000005,19.298000000000002,8.83035000000001,74.1567724128,"Sommer_Neben"
"Niederoesterreich",2033,6,12.897360000000049,23.893730000000005,12.705830000000049,89.31434544,"Sommer_Neben"
"Niederoesterreich",2033,7,13.882780000000025,24.34716000000003,13.403400000000033,121.885332768,"Sommer_Haupt"
"Niederoesterreich",2033,8,12.239130000000046,23.72332,12.560660000000041,86.84182748159999,"Sommer_Haupt"
"Niederoesterreich",2033,9,11.814080000000047,23.742729999999995,13.467030000000022,53.94048940799999,"Sommer_Neben"
"Niederoesterreich",2033,10,7.9091999999999985,17.707539999999995,8.35250000000002,19.518920352,"Übergang"
"Niederoesterreich",2033,11,-0.3255399999999895,7.236900000000048,1.0902000000000385,49.176587807999994,"Übergang"
"Niederoesterreich",2033,12,-5.22802999999999,0.48080000000004475,-4.603340000000003,82.8622179072,"Winter_Haupt"
"Niederoesterreich",2034,1,-4.407629999999983,1.1330800000000067,-0.6004999999999541,42.1692036768,"Winter_Haupt"
"Niederoesterreich",2034,2,-5.11511999999999,3.8841000000000463,-2.124369999999999,16.72686288,"Winter_Haupt"
"Niederoesterreich",2034,3,-1.8038699999999608,5.519040000000018,-3.254519999999957,89.13103453439999,"Winter_Haupt"
"Niederoesterreich",2034,4,4.274159999999995,14.317000000000007,3.616200000000049,43.2649512,"Übergang"
"Niederoesterreich",2034,5,10.53630000000004,21.522199999999998,10.788800000000037,88.092361728,"Sommer_Neben"
"Niederoesterreich",2034,6,12.872130000000027,24.16470000000004,12.38384000000002,44.608726944,"Sommer_Neben"
"Niederoesterreich",2034,7,13.42858000000001,23.580700000000036,12.548460000000034,126.549873504,"Sommer_Haupt"
"Niederoesterreich",2034,8,15.143330000000049,25.741000000000042,14.422660000000008,52.872226675200004,"Sommer_Haupt"
"Niederoesterreich",2034,9,9.960720000000038,19.350700000000018,9.348749999999995,111.532785408,"Sommer_Neben"
"Niederoesterreich",2034,10,4.765000000000043,10.971580000000017,2.8662700000000427,52.815184790400004,"Übergang"
"Niederoesterreich",2034,11,-0.12569999999999482,6.661950000000047,1.0828200000000265,47.122622208,"Übergang"
"Niederoesterreich",2034,12,-5.279399999999953,0.012100000000032196,-2.0150999999999613,55.371548851200004,"Winter_Haupt"
"Niederoesterreich",2035,1,-5.190949999999987,0.512960000000021,-1.4028699999999503,17.701386503040002,"Winter_Haupt"
"Niederoesterreich",2035,2,-3.05944999999997,6.324300000000051,0.8466999999999985,30.42821376,"Winter_Haupt"
"Niederoesterreich",2035,3,0.6487000000000194,8.51120000000003,-0.32693999999997914,35.001250848,"Winter_Haupt"
"Niederoesterreich",2035,4,3.547170000000051,12.855070000000012,2.6111400000000344,87.073437024,"Übergang"
"Niederoesterreich",2035,5,6.5504999999999995,16.704740000000015,6.0258400000000165,78.8528888064,"Sommer_Neben"
"Niederoesterreich",2035,6,13.490700000000004,24.551140000000032,13.420900000000017,94.833825408,"Sommer_Neben"
"Niederoesterreich",2035,7,14.645200000000045,25.41473000000002,14.51260000000002,152.431279488,"Sommer_Haupt"
"Niederoesterreich",2035,8,12.311200000000042,21.269650000000013,11.620630000000006,155.53628432640002,"Sommer_Haupt"
"Niederoesterreich",2035,9,8.531180000000006,18.033230000000003,7.985680000000002,96.74868096,"Sommer_Neben"
"Niederoesterreich",2035,10,4.358600000000024,11.48388,4.204949999999997,105.7577328576,"Übergang"
"Niederoesterreich",2035,11,1.1814200000000028,6.578520000000026,1.9569299999999998,53.05664332800001,"Übergang"
"Niederoesterreich",2035,12,-6.239999999999952,0.7211000000000354,-4.034859999999981,66.80469833279999,"Winter_Haupt"
"Niederoesterreich",2036,1,-5.728899999999953,1.9832000000000107,1.3201200000000313,57.893661532799996,"Winter_Haupt"
"Niederoesterreich",2036,2,-2.577979999999968,4.917259999999999,0.9531200000000126,18.853349616000003,"Winter_Haupt"
"Niederoesterreich",2036,3,-0.206579999999974,7.983730000000037,-0.2777499999999691,52.373299679999995,"Winter_Haupt"
"Niederoesterreich",2036,4,5.692600000000027,16.570730000000026,6.638239999999996,23.168755296,"Übergang"
"Niederoesterreich",2036,5,7.556849999999997,18.396299999999997,7.301870000000008,121.1329353888,"Sommer_Neben"
"Niederoesterreich",2036,6,13.548699999999997,24.725150000000042,14.05170000000004,100.953519264,"Sommer_Neben"
"Niederoesterreich",2036,7,10.645470000000046,19.435450000000003,9.255600000000015,130.464864,"Sommer_Haupt"
"Niederoesterreich",2036,8,10.969500000000039,21.167050000000017,10.294500000000028,72.8738964864,"Sommer_Haupt"
"Niederoesterreich",2036,9,11.01934,21.384100000000046,11.40100000000001,45.518990688,"Sommer_Neben"
"Niederoesterreich",2036,10,6.521500000000003,18.185000000000002,10.113850000000014,14.825379239999998,"Übergang"
"Niederoesterreich",2036,11,-0.8349999999999795,6.491399999999999,1.2695600000000127,76.02110496,"Übergang"
"Niederoesterreich",2036,12,-12.355699999999956,-5.211770000000001,-4.352969999999971,60.350142700800006,"Winter_Haupt"
"Niederoesterreich",2037,1,-5.363069999999993,-0.7444799999999532,-2.5251499999999965,74.6108790624,"Winter_Haupt"
"Niederoesterreich",2037,2,-6.86337999999995,0.1078700000000481,-3.4821999999999775,43.96678272,"Winter_Haupt"
"Niederoesterreich",2037,3,-1.778699999999958,6.454400000000021,-1.2912999999999784,41.2297147008,"Winter_Haupt"
"Niederoesterreich",2037,4,1.6974700000000098,11.899440000000027,1.2957000000000107,41.26707648000001,"Übergang"
"Niederoesterreich",2037,5,6.444119999999998,15.570150000000012,5.090970000000027,106.8613140096,"Sommer_Neben"
"Niederoesterreich",2037,6,11.408140000000003,22.139800000000037,11.373860000000036,93.629952864,"Sommer_Neben"
"Niederoesterreich",2037,7,14.017080000000021,25.20663000000002,14.141320000000007,142.3331570592,"Sommer_Haupt"
"Niederoesterreich",2037,8,12.343530000000044,23.029200000000003,12.34393,24.9396524208,"Sommer_Haupt"
"Niederoesterreich",2037,9,10.70123000000001,21.32406000000003,10.30032,33.839640863999996,"Sommer_Neben"
"Niederoesterreich",2037,10,5.152120000000025,14.322840000000042,6.579130000000021,46.9348058016,"Übergang"
"Niederoesterreich",2037,11,0.6312800000000038,6.684439999999995,0.9558300000000486,109.12646592,"Übergang"
"Niederoesterreich",2037,12,-5.513429999999971,1.037680000000023,0.18800000000004502,71.7936870528,"Winter_Haupt"
"Niederoesterreich",2038,1,-4.598429999999951,2.3678199999999947,-0.419399999999996,38.1353886432,"Winter_Haupt"
"Niederoesterreich",2038,2,-1.5738599999999678,7.434400000000039,0.014120000000048094,34.75084032,"Winter_Haupt"
"Niederoesterreich",2038,3,-2.033329999999978,6.243980000000022,-3.5972699999999804,42.17330698559999,"Winter_Haupt"
"Niederoesterreich",2038,4,1.9458999999999946,11.928980000000024,1.5787600000000452,81.37293696,"Übergang"
"Niederoesterreich",2038,5,8.549830000000043,19.327140000000043,8.5668,65.040444288,"Sommer_Neben"
"Niederoesterreich",2038,6,11.67190000000005,21.410150000000044,11.060000000000002,123.10722144000002,"Sommer_Neben"
"Niederoesterreich",2038,7,14.487940000000037,25.172000000000025,13.807860000000005,71.76747890879999,"Sommer_Haupt"
"Niederoesterreich",2038,8,15.140340000000037,26.889030000000048,15.752650000000017,42.3409855392,"Sommer_Haupt"
"Niederoesterreich",2038,9,10.362240000000043,21.266560000000027,10.974880000000041,51.692079744,"Sommer_Neben"
"Niederoesterreich",2038,10,5.861199999999997,12.840720000000033,5.7474300000000085,72.0861415488,"Übergang"
"Niederoesterreich",2038,11,0.38436000000001513,6.157680000000028,1.386380000000031,24.422456448,"Übergang"
"Niederoesterreich",2038,12,-1.5360499999999888,4.613500000000045,0.1825200000000109,60.1204190112,"Winter_Haupt"
"Niederoesterreich",2039,1,-5.084019999999953,1.4883700000000317,0.23504000000002634,41.0430596832,"Winter_Haupt"
"Niederoesterreich",2039,2,-5.435829999999953,2.090779999999995,-4.94259999999997,26.244146880000002,"Winter_Haupt"
"Niederoesterreich",2039,3,-0.0009000000000014552,8.735900000000015,-0.13925999999997885,60.155768534399996,"Winter_Haupt"
"Niederoesterreich",2039,4,3.8544600000000173,14.355250000000012,4.082899999999995,98.05726252800001,"Übergang"
"Niederoesterreich",2039,5,6.188440000000014,15.857780000000048,4.914100000000019,88.95781704960001,"Sommer_Neben"
"Niederoesterreich",2039,6,12.455129999999997,23.307060000000035,12.900350000000003,106.57842623999998,"Sommer_Neben"
"Niederoesterreich",2039,7,12.316580000000044,20.959000000000003,10.908960000000036,130.254114096,"Sommer_Haupt"
"Niederoesterreich",2039,8,11.805139999999994,20.737099999999998,10.790400000000034,135.82518609599998,"Sommer_Haupt"
"Niederoesterreich",2039,9,10.19195000000002,21.14718000000005,10.892500000000041,31.292368416,"Sommer_Neben"
"Niederoesterreich",2039,10,3.7667000000000144,12.14724000000001,2.3052299999999946,27.315340992,"Übergang"
"Niederoesterreich",2039,11,0.8099000000000274,6.262380000000007,1.0674400000000333,95.06341439999998,"Übergang"
"Niederoesterreich",2039,12,-4.426400000000001,0.890700000000038,-2.038059999999973,65.228253696,"Winter_Haupt"
"Niederoesterreich",2040,1,-10.446079999999995,-3.0725499999999784,-2.3632299999999873,26.767507752,"Winter_Haupt"
"Niederoesterreich",2040,2,-0.954529999999977,7.42437000000001,3.2105700000000184,30.7382823648,"Winter_Haupt"
"Niederoesterreich",2040,3,-0.9456500000000005,7.0020000000000095,-2.3934699999999793,42.7180533696,"Winter_Haupt"
"Niederoesterreich",2040,4,4.081320000000005,14.563350000000014,4.3979700000000435,64.69964812799999,"Übergang"
"Niederoesterreich",2040,5,9.127250000000004,17.662000000000035,8.072140000000047,147.3958767744,"Sommer_Neben"
"Niederoesterreich",2040,6,12.21407000000005,21.605500000000006,11.304100000000005,189.71812223999999,"Sommer_Neben"
"Niederoesterreich",2040,7,12.37017000000003,21.544340000000034,11.636900000000026,110.91482063999999,"Sommer_Haupt"
"Niederoesterreich",2040,8,12.078450000000032,22.581020000000024,11.03463000000005,25.527412569600003,"Sommer_Haupt"
"Niederoesterreich",2040,9,12.71368000000001,22.867700000000013,13.161500000000046,86.62593600000001,"Sommer_Neben"
"Niederoesterreich",2040,10,6.325300000000027,13.895350000000008,6.174200000000042,73.9657891008,"Übergang"
"Niederoesterreich",2040,11,4.124660000000006,10.559140000000014,5.579000000000008,108.268140672,"Übergang"
"Niederoesterreich",2040,12,-4.8224500000000035,0.933620000000019,-2.0886299999999665,26.957011247999997,"Winter_Haupt"
"Niederoesterreich",2041,1,-8.334630000000004,-2.0472499999999627,-5.28616999999997,53.26359984,"Winter_Haupt"
"Niederoesterreich",2041,2,-10.743499999999983,-2.1986499999999864,-3.5818199999999933,50.42231389439999,"Winter_Haupt"
"Niederoesterreich",2041,3,-7.438239999999951,2.0326200000000085,-5.130259999999964,56.4812394336,"Winter_Haupt"
"Niederoesterreich",2041,4,0.6685400000000072,10.031820000000039,0.1821000000000481,82.286865792,"Übergang"
"Niederoesterreich",2041,5,6.451960000000042,15.15945000000005,6.205600000000004,183.925888704,"Sommer_Neben"
"Niederoesterreich",2041,6,9.434780000000046,18.51486,8.45657,153.50194656,"Sommer_Neben"
"Niederoesterreich",2041,7,13.27355,22.69225,12.668970000000002,100.6479402624,"Sommer_Haupt"
"Niederoesterreich",2041,8,13.966030000000046,22.73678000000001,12.888800000000003,126.730022688,"Sommer_Haupt"
"Niederoesterreich",2041,9,11.218470000000025,20.49340000000001,11.26248000000004,38.886962112,"Sommer_Neben"
"Niederoesterreich",2041,10,7.171530000000018,16.555750000000046,9.316250000000025,79.97417953920001,"Übergang"
"Niederoesterreich",2041,11,-1.0880999999999972,3.944060000000036,-1.1758199999999874,72.933172416,"Übergang"
"Niederoesterreich",2041,12,-3.0427999999999997,2.4520200000000045,2.0141000000000417,14.126974387199999,"Winter_Haupt"
"Niederoesterreich",2042,1,-5.859559999999988,0.5420799999999986,-2.524659999999983,66.8545728192,"Winter_Haupt"
"Niederoesterreich",2042,2,-4.076030000000003,2.273400000000038,-0.29864999999995234,82.0011644928,"Winter_Haupt"
"Niederoesterreich",2042,3,0.07190000000002783,7.309000000000026,-0.2157699999999636,95.139941904,"Winter_Haupt"
"Niederoesterreich",2042,4,4.6492000000000075,13.435750000000041,3.63960000000003,88.338009024,"Übergang"
"Niederoesterreich",2042,5,6.254480000000001,15.699850000000026,5.530079999999998,142.106342112,"Sommer_Neben"
"Niederoesterreich",2042,6,10.947960000000023,20.03158000000002,10.18950000000001,111.475292256,"Sommer_Neben"
"Niederoesterreich",2042,7,13.497060000000033,24.159230000000036,13.219230000000039,57.1972400352,"Sommer_Haupt"
"Niederoesterreich",2042,8,13.261470000000031,24.75472000000002,13.953880000000026,78.476664672,"Sommer_Haupt"
"Niederoesterreich",2042,9,11.995750000000044,23.56405000000001,12.059230000000014,7.3600913087999995,"Sommer_Neben"
"Niederoesterreich",2042,10,6.51687000000004,17.80462,7.453970000000027,17.6888727504,"Übergang"
"Niederoesterreich",2042,11,3.469570000000033,9.2423,2.7583000000000197,61.791706656,"Übergang"
"Niederoesterreich",2042,12,-4.291659999999979,1.7767600000000243,-3.2951400000000035,52.2834581088,"Winter_Haupt"
"Niederoesterreich",2043,1,-3.2590699999999515,1.4140600000000063,-2.4827999999999975,36.1709804448,"Winter_Haupt"
"Niederoesterreich",2043,2,-0.29939999999999145,4.987300000000005,-1.0338799999999537,65.3589506304,"Winter_Haupt"
"Niederoesterreich",2043,3,1.71777000000003,9.793450000000007,1.7709300000000212,138.3879836736,"Winter_Haupt"
"Niederoesterreich",2043,4,2.6340000000000146,12.50630000000001,3.209100000000035,104.017182912,"Übergang"
"Niederoesterreich",2043,5,7.379850000000033,16.081140000000005,5.834220000000016,84.770074368,"Sommer_Neben"
"Niederoesterreich",2043,6,9.388419999999996,18.912440000000004,7.696560000000034,82.98089712,"Sommer_Neben"
"Niederoesterreich",2043,7,16.10990000000004,26.59316000000001,15.720330000000047,88.02139216319999,"Sommer_Haupt"
"Niederoesterreich",2043,8,12.059930000000008,22.619529999999997,12.038700000000006,79.54350621120001,"Sommer_Haupt"
"Niederoesterreich",2043,9,8.453120000000013,17.36324000000002,6.83456000000001,74.217910176,"Sommer_Neben"
"Niederoesterreich",2043,10,3.7938800000000015,12.399069999999995,3.9310500000000275,54.0584123616,"Übergang"
"Niederoesterreich",2043,11,0.2846600000000308,7.190120000000036,0.6259000000000015,65.354827968,"Übergang"
"Niederoesterreich",2043,12,-1.2762199999999666,3.8772800000000416,0.3324000000000069,53.199682502399995,"Winter_Haupt"
"Niederoesterreich",2044,1,-8.231449999999995,0.11416000000002668,-2.2675499999999715,37.778738256,"Winter_Haupt"
"Niederoesterreich",2044,2,-9.588930000000005,-0.9329299999999989,-4.115419999999972,56.417943744,"Winter_Haupt"
"Niederoesterreich",2044,3,-2.2876299999999787,5.133000000000038,-3.342960000000005,54.6900781824,"Winter_Haupt"
"Niederoesterreich",2044,4,0.7049499999999966,8.563840000000027,-0.6327299999999809,142.80872832,"Übergang"
"Niederoesterreich",2044,5,7.44213000000002,16.21264000000002,6.749840000000006,177.014598912,"Sommer_Neben"
"Niederoesterreich",2044,6,9.62954000000002,19.07433000000003,8.926000000000045,83.41508563200001,"Sommer_Neben"
"Niederoesterreich",2044,7,14.727959999999996,23.895470000000046,13.935200000000009,133.1708327712,"Sommer_Haupt"
"Niederoesterreich",2044,8,13.230160000000012,22.435720000000003,13.715360000000032,153.8150534208,"Sommer_Haupt"
"Niederoesterreich",2044,9,10.275570000000016,20.325199999999995,11.10888,61.75609257599999,"Sommer_Neben"
"Niederoesterreich",2044,10,5.560080000000028,13.007750000000044,7.63918000000001,117.1930330944,"Übergang"
"Niederoesterreich",2044,11,1.4165000000000418,6.122980000000041,2.0761400000000094,71.05307558400001,"Übergang"
"Niederoesterreich",2044,12,1.455470000000048,6.974570000000028,2.7790500000000407,76.34376100799999,"Winter_Haupt"
"Niederoesterreich",2045,1,-0.7671599999999899,7.367180000000019,3.413400000000024,21.25317096,"Winter_Haupt"
"Niederoesterreich",2045,2,0.6395500000000425,8.539360000000045,1.0912700000000086,34.028031744,"Winter_Haupt"
"Niederoesterreich",2045,3,0.14312000000001035,8.633450000000039,0.14605000000000246,53.1979710048,"Winter_Haupt"
"Niederoesterreich",2045,4,4.270840000000021,13.220000000000027,3.7333300000000236,89.57020953600001,"Übergang"
"Niederoesterreich",2045,5,9.702500000000043,19.831080000000043,9.902300000000025,63.47547391679999,"Sommer_Neben"
"Niederoesterreich",2045,6,12.279960000000017,20.90130000000005,11.08462000000003,171.6316128,"Sommer_Neben"
"Niederoesterreich",2045,7,12.466760000000022,22.024320000000046,11.809140000000014,93.9034612224,"Sommer_Haupt"
"Niederoesterreich",2045,8,13.394980000000032,23.97643000000005,13.544950000000028,153.94657625279999,"Sommer_Haupt"
"Niederoesterreich",2045,9,11.62760000000003,20.496579999999994,10.846580000000017,43.661563488,"Sommer_Neben"
"Niederoesterreich",2045,10,6.396800000000042,16.373700000000042,8.98547000000002,34.581146486399994,"Übergang"
"Niederoesterreich",2045,11,-1.3452499999999645,3.821860000000015,-1.9012199999999666,89.07559632,"Übergang"
"Niederoesterreich",2045,12,-3.6814599999999587,1.925200000000018,-0.2128699999999526,66.8833763328,"Winter_Haupt"
"Niederoesterreich",2046,1,-5.736580000000004,1.0687500000000227,-0.7186999999999557,59.534149392,"Winter_Haupt"
"Niederoesterreich",2046,2,-6.144869999999969,-0.788819999999987,-1.3322499999999877,51.5971282176,"Winter_Haupt"
"Niederoesterreich",2046,3,0.20086000000003423,10.092070000000035,3.0951200000000085,70.7367234528,"Winter_Haupt"
"Niederoesterreich",2046,4,0.8431600000000117,8.873379999999997,-0.7719500000000039,125.27474256000002,"Übergang"
"Niederoesterreich",2046,5,7.4188800000000015,16.27720000000005,6.591120000000046,119.7378237888,"Sommer_Neben"
"Niederoesterreich",2046,6,12.679380000000037,21.794100000000014,11.659600000000012,74.383295328,"Sommer_Neben"
"Niederoesterreich",2046,7,11.994380000000035,21.53997000000004,10.516170000000045,50.8384505952,"Sommer_Haupt"
"Niederoesterreich",2046,8,14.59023000000002,24.33050000000003,13.709500000000048,91.2819263328,"Sommer_Haupt"
"Niederoesterreich",2046,9,10.132840000000044,20.918360000000007,10.328580000000045,31.535079408,"Sommer_Neben"
"Niederoesterreich",2046,10,6.707449999999994,18.512050000000045,10.194180000000017,14.021635593600001,"Übergang"
"Niederoesterreich",2046,11,2.4065800000000195,8.051350000000014,3.775000000000034,85.84486272,"Übergang"
"Niederoesterreich",2046,12,0.20750000000003865,6.847000000000037,2.947140000000047,44.8262086176,"Winter_Haupt"
"Niederoesterreich",2047,1,-4.491199999999992,2.1544400000000223,-1.522040000000004,56.2872804192,"Winter_Haupt"
"Niederoesterreich",2047,2,-2.144049999999993,5.0160000000000196,-1.438539999999989,16.716488140800003,"Winter_Haupt"
"Niederoesterreich",2047,3,-3.105349999999987,4.710230000000024,-3.3476,107.47707549120001,"Winter_Haupt"
"Niederoesterreich",2047,4,1.7340000000000373,11.340570000000014,1.4881000000000313,116.85774095999999,"Übergang"
"Niederoesterreich",2047,5,6.956600000000037,17.50356000000005,7.944479999999999,109.5498115776,"Sommer_Neben"
"Niederoesterreich",2047,6,10.1293,19.33420000000001,8.833460000000002,169.69555728,"Sommer_Neben"
"Niederoesterreich",2047,7,12.073180000000036,21.268730000000005,11.624000000000024,168.056770464,"Sommer_Haupt"
"Niederoesterreich",2047,8,12.602930000000015,22.499840000000006,13.064540000000022,121.01735439360002,"Sommer_Haupt"
"Niederoesterreich",2047,9,10.019280000000037,19.70944000000003,10.180350000000033,49.972406976,"Sommer_Neben"
"Niederoesterreich",2047,10,8.228000000000009,16.145380000000046,8.991720000000043,91.9277957088,"Übergang"
"Niederoesterreich",2047,11,1.2391600000000267,7.318780000000004,1.8168000000000006,50.402002464,"Übergang"
"Niederoesterreich",2047,12,-2.205569999999966,1.87115,-3.5425799999999867,57.8396783808,"Winter_Haupt"
"Niederoesterreich",2048,1,-9.296099999999967,-1.5923499999999535,-4.382669999999962,44.446655232000005,"Winter_Haupt"
"Niederoesterreich",2048,2,-0.2145999999999617,7.605520000000013,1.4513200000000097,37.989002678400006,"Winter_Haupt"
"Niederoesterreich",2048,3,1.26696000000004,11.046440000000018,2.2601999999999975,58.892977929599994,"Winter_Haupt"
"Niederoesterreich",2048,4,3.308620000000019,12.127250000000004,2.070920000000001,87.977409984,"Übergang"
"Niederoesterreich",2048,5,8.163100000000043,18.188000000000045,8.65957000000003,120.05432495999999,"Sommer_Neben"
"Niederoesterreich",2048,6,10.885000000000048,20.956700000000012,10.17858000000001,75.64757184000001,"Sommer_Neben"
"Niederoesterreich",2048,7,12.855999999999995,22.903220000000033,12.060240000000022,54.4802817888,"Sommer_Haupt"
"Niederoesterreich",2048,8,12.630400000000009,22.90020000000004,12.550260000000037,117.9106862688,"Sommer_Haupt"
"Niederoesterreich",2048,9,13.128000000000043,21.993650000000002,12.321000000000026,44.572646304,"Sommer_Neben"
"Niederoesterreich",2048,10,6.095799999999997,14.758170000000007,7.551000000000045,97.9384092192,"Übergang"
"Niederoesterreich",2048,11,0.5257000000000289,7.259119999999996,2.2804500000000303,36.220946256000005,"Übergang"
"Niederoesterreich",2048,12,-3.755619999999965,1.962600000000009,-0.011899999999968713,82.8050501376,"Winter_Haupt"
"Niederoesterreich",2049,1,0.23630000000002838,6.04543000000001,1.750500000000045,63.788211935999996,"Winter_Haupt"
"Niederoesterreich",2049,2,-3.540559999999971,3.691160000000025,-2.3149999999999977,63.347615654399995,"Winter_Haupt"
"Niederoesterreich",2049,3,-4.054849999999988,3.7113600000000133,-4.3879799999999705,47.1031968096,"Winter_Haupt"
"Niederoesterreich",2049,4,4.043660000000045,12.693080000000009,3.415300000000002,122.525973216,"Übergang"
"Niederoesterreich",2049,5,8.201470000000029,18.688379999999995,8.659780000000012,82.227844224,"Sommer_Neben"
"Niederoesterreich",2049,6,14.11318,24.607600000000048,13.689540000000022,76.86263664,"Sommer_Neben"
"Niederoesterreich",2049,7,13.820280000000025,22.535000000000025,12.576840000000004,208.9599185664,"Sommer_Haupt"
"Niederoesterreich",2049,8,14.330560000000048,24.615049999999997,14.560360000000003,48.554195904000004,"Sommer_Haupt"
"Niederoesterreich",2049,9,13.29498000000001,25.891500000000008,15.230500000000006,17.358266303999997,"Sommer_Neben"
"Niederoesterreich",2049,10,6.8044700000000375,14.202420000000018,5.849199999999996,86.560959744,"Übergang"
"Niederoesterreich",2049,11,-0.18289999999996098,6.048060000000021,1.5875200000000405,49.918314528,"Übergang"
"Niederoesterreich",2049,12,-8.779579999999953,-2.3805999999999585,-6.231479999999976,61.9594218432,"Winter_Haupt"
"Oberoesterreich",2025,1,-6.684100000000001,0.26726999999999634,-1.9111999999999512,114.05606155199999,"Winter_Haupt"
"Oberoesterreich",2025,2,-4.9437599999999975,1.366200000000049,-2.2894000000000005,68.6359021824,"Winter_Haupt"
"Oberoesterreich",2025,3,-4.945099999999968,3.881619999999998,-1.320259999999962,92.85364627199999,"Winter_Haupt"
"Oberoesterreich",2025,4,3.3447000000000457,12.69756000000001,3.9491200000000504,54.64326095999999,"Übergang"
"Oberoesterreich",2025,5,5.458280000000002,13.943700000000035,5.14670000000001,179.181370944,"Sommer_Neben"
"Oberoesterreich",2025,6,11.351280000000031,21.708030000000008,11.993600000000015,70.84498464,"Sommer_Neben"
"Oberoesterreich",2025,7,11.444900000000018,22.095270000000028,11.9024,49.057665465599996,"Sommer_Haupt"
"Oberoesterreich",2025,8,11.441550000000007,21.747900000000016,11.865080000000034,72.2274566112,"Sommer_Haupt"
"Oberoesterreich",2025,9,7.668660000000045,17.95965000000001,8.290729999999996,72.09368841599999,"Sommer_Neben"
"Oberoesterreich",2025,10,3.630580000000009,12.90360000000004,5.714400000000012,68.26798860480001,"Übergang"
"Oberoesterreich",2025,11,-3.447599999999966,3.3042800000000057,-0.6674999999999613,92.759681088,"Übergang"
"Oberoesterreich",2025,12,-7.046299999999974,0.7523400000000038,-1.2751499999999965,63.0677437632,"Winter_Haupt"
"Oberoesterreich",2026,1,-8.14865999999995,-2.6577800000000025,-5.97654,156.4361892288,"Winter_Haupt"
"Oberoesterreich",2026,2,-2.49151999999998,5.172540000000026,3.4005000000000223,77.74789639679999,"Winter_Haupt"
"Oberoesterreich",2026,3,-3.5480699999999956,4.607140000000015,-0.2679200000000037,113.3606739168,"Winter_Haupt"
"Oberoesterreich",2026,4,1.7066000000000372,11.82403000000005,3.316100000000006,76.94555990399999,"Übergang"
"Oberoesterreich",2026,5,5.565030000000036,15.790279999999996,6.642480000000035,104.466760128,"Sommer_Neben"
"Oberoesterreich",2026,6,10.494700000000023,20.554400000000044,10.60134000000005,69.76132905600001,"Sommer_Neben"
"Oberoesterreich",2026,7,12.25445000000002,22.39993000000004,13.235070000000007,173.850283584,"Sommer_Haupt"
"Oberoesterreich",2026,8,10.233600000000024,20.741780000000006,11.197840000000042,118.8925850304,"Sommer_Haupt"
"Oberoesterreich",2026,9,7.355500000000006,16.37786,7.872250000000008,99.46328774399998,"Sommer_Neben"
"Oberoesterreich",2026,10,2.6147700000000214,10.429130000000043,4.342129999999997,84.3016356,"Übergang"
"Oberoesterreich",2026,11,1.8699000000000296,8.236660000000029,4.440820000000031,76.283490528,"Übergang"
"Oberoesterreich",2026,12,-3.8030499999999847,2.4692300000000387,0.3520000000000323,51.9026190912,"Winter_Haupt"
"Oberoesterreich",2027,1,-4.823459999999955,3.5493400000000292,2.004570000000001,6.501346476479999,"Winter_Haupt"
"Oberoesterreich",2027,2,-0.1310799999999972,8.942700000000002,2.533800000000042,32.7515021568,"Winter_Haupt"
"Oberoesterreich",2027,3,-0.4293999999999869,8.548800000000028,0.9187600000000202,81.815183136,"Winter_Haupt"
"Oberoesterreich",2027,4,4.647850000000005,15.451900000000023,5.934840000000008,29.323718496,"Übergang"
"Oberoesterreich",2027,5,9.279200000000003,20.31143000000003,10.58465000000001,91.7882430336,"Sommer_Neben"
"Oberoesterreich",2027,6,9.244130000000041,19.571860000000015,9.372370000000046,84.75418799999998,"Sommer_Neben"
"Oberoesterreich",2027,7,11.857720000000029,22.75890000000004,12.62438000000003,79.33885502400001,"Sommer_Haupt"
"Oberoesterreich",2027,8,10.988240000000019,21.58083000000005,12.000730000000033,121.40940787199999,"Sommer_Haupt"
"Oberoesterreich",2027,9,8.983640000000037,19.011500000000012,9.99090000000001,58.498635456,"Sommer_Neben"
"Oberoesterreich",2027,10,4.872640000000047,13.402520000000038,6.398430000000019,73.978599888,"Übergang"
"Oberoesterreich",2027,11,-0.5940599999999563,4.426630000000046,1.3911400000000071,82.10868393599999,"Übergang"
"Oberoesterreich",2027,12,-5.729999999999961,0.03884000000005017,-0.014299999999991542,65.800574208,"Winter_Haupt"
"Oberoesterreich",2028,1,-9.20169999999996,-2.176249999999982,-3.558839999999975,93.939710688,"Winter_Haupt"
"Oberoesterreich",2028,2,-3.457560000000001,1.293420000000026,-2.2914199999999596,125.6547174912,"Winter_Haupt"
"Oberoesterreich",2028,3,-3.107280000000003,4.147520000000043,-1.2001399999999762,89.22278044800001,"Winter_Haupt"
"Oberoesterreich",2028,4,3.3204600000000255,12.666899999999998,4.833370000000002,87.18679296,"Übergang"
"Oberoesterreich",2028,5,3.508450000000039,12.595820000000003,2.9930400000000077,96.38388460799999,"Sommer_Neben"
"Oberoesterreich",2028,6,10.333900000000028,20.71526,11.28830000000005,159.56904096,"Sommer_Neben"
"Oberoesterreich",2028,7,14.976740000000007,25.937100000000044,16.56990000000002,119.5988576832,"Sommer_Haupt"
"Oberoesterreich",2028,8,11.995840000000044,22.219930000000033,13.260370000000023,156.19659563520003,"Sommer_Haupt"
"Oberoesterreich",2028,9,7.328180000000032,15.766350000000045,7.592650000000049,151.29112608,"Sommer_Neben"
"Oberoesterreich",2028,10,5.95455000000004,13.836000000000013,7.594600000000014,93.34277568,"Übergang"
"Oberoesterreich",2028,11,-2.0756299999999896,3.3414600000000405,-2.137459999999976,109.410398784,"Übergang"
"Oberoesterreich",2028,12,-6.484079999999949,-0.7562599999999975,-2.772799999999961,131.28005646719998,"Winter_Haupt"
"Oberoesterreich",2029,1,-5.029149999999959,0.5406000000000404,0.7268600000000447,83.6812565568,"Winter_Haupt"
"Oberoesterreich",2029,2,-4.5516999999999825,4.001900000000035,0.6497400000000084,34.6708470528,"Winter_Haupt"
"Oberoesterreich",2029,3,-2.1154999999999973,6.756799999999998,-1.039699999999982,60.328324454400004,"Winter_Haupt"
"Oberoesterreich",2029,4,0.3204600000000255,8.41088000000002,0.38796000000002095,106.301201472,"Übergang"
"Oberoesterreich",2029,5,5.979100000000017,15.22616000000005,6.003780000000006,60.812348832,"Sommer_Neben"
"Oberoesterreich",2029,6,10.955560000000048,21.248700000000042,11.945430000000044,120.11268384,"Sommer_Neben"
"Oberoesterreich",2029,7,12.828100000000006,21.931399999999996,13.240600000000029,213.944887008,"Sommer_Haupt"
"Oberoesterreich",2029,8,11.686149999999998,21.76415000000003,12.228229999999996,73.70676639359999,"Sommer_Haupt"
"Oberoesterreich",2029,9,8.767880000000048,18.204920000000016,10.215360000000032,132.45590448,"Sommer_Neben"
"Oberoesterreich",2029,10,4.09250000000003,10.839320000000043,3.889920000000018,85.207443696,"Übergang"
"Oberoesterreich",2029,11,2.976040000000012,8.407620000000009,3.810420000000022,170.38924127999996,"Übergang"
"Oberoesterreich",2029,12,-3.851229999999987,2.527300000000025,-0.13297000000000025,118.70409798719999,"Winter_Haupt"
"Oberoesterreich",2030,1,-8.400639999999953,-2.7735699999999497,-3.6726699999999823,64.58696438400001,"Winter_Haupt"
"Oberoesterreich",2030,2,-8.082740000000001,0.7050399999999968,-1.7953599999999597,27.147439872,"Winter_Haupt"
"Oberoesterreich",2030,3,-3.5623999999999683,6.5515700000000265,0.3751800000000003,81.65959488,"Winter_Haupt"
"Oberoesterreich",2030,4,4.028700000000015,14.669240000000002,5.711300000000051,62.647636896,"Übergang"
"Oberoesterreich",2030,5,7.216850000000022,17.110160000000008,8.324900000000014,155.6693204544,"Sommer_Neben"
"Oberoesterreich",2030,6,11.634360000000015,20.680380000000014,10.978750000000048,118.115581536,"Sommer_Neben"
"Oberoesterreich",2030,7,10.266560000000027,18.78887000000003,9.748829999999998,130.2118837632,"Sommer_Haupt"
"Oberoesterreich",2030,8,10.061329999999998,19.26156000000003,10.373770000000036,162.86185296000002,"Sommer_Haupt"
"Oberoesterreich",2030,9,8.629750000000001,17.33877000000001,9.12910000000005,120.62867328,"Sommer_Neben"
"Oberoesterreich",2030,10,4.112880000000018,12.994680000000017,6.282129999999995,37.5571247616,"Übergang"
"Oberoesterreich",2030,11,-3.7287399999999593,4.393520000000024,-0.3898999999999546,73.155060576,"Übergang"
"Oberoesterreich",2030,12,-4.405339999999967,2.7889000000000124,2.635400000000004,68.800636656,"Winter_Haupt"
"Oberoesterreich",2031,1,-4.279099999999971,2.6003000000000043,1.6464500000000157,30.6457090848,"Winter_Haupt"
"Oberoesterreich",2031,2,-2.2365499999999656,4.512320000000045,-1.7321999999999775,91.437038784,"Winter_Haupt"
"Oberoesterreich",2031,3,0.09466000000003305,9.896140000000003,2.1471800000000485,64.657339344,"Winter_Haupt"
"Oberoesterreich",2031,4,2.6290200000000254,13.07247000000001,3.9978000000000407,79.60314527999999,"Übergang"
"Oberoesterreich",2031,5,6.640900000000045,16.619500000000016,6.543900000000008,64.480230144,"Sommer_Neben"
"Oberoesterreich",2031,6,9.940600000000018,19.98520000000002,9.859100000000012,111.903907968,"Sommer_Neben"
"Oberoesterreich",2031,7,13.143370000000004,23.782399999999996,13.863460000000032,83.368253376,"Sommer_Haupt"
"Oberoesterreich",2031,8,11.813320000000033,22.331540000000018,12.886220000000037,124.0981009632,"Sommer_Haupt"
"Oberoesterreich",2031,9,8.42270000000002,17.69067000000001,8.661100000000033,54.119189664000004,"Sommer_Neben"
"Oberoesterreich",2031,10,3.3266000000000417,11.244529999999997,5.866360000000043,108.658429344,"Übergang"
"Oberoesterreich",2031,11,-2.364629999999977,4.455700000000036,1.6259699999999953,118.18829232,"Übergang"
"Oberoesterreich",2031,12,-5.043999999999983,2.249500000000012,1.7851500000000442,73.0083521664,"Winter_Haupt"
"Oberoesterreich",2032,1,-8.87482,-1.2863499999999704,-2.9804999999999495,51.6002250528,"Winter_Haupt"
"Oberoesterreich",2032,2,-2.9855999999999767,4.614200000000039,2.566400000000044,68.75924397120001,"Winter_Haupt"
"Oberoesterreich",2032,3,0.8950399999999945,9.686550000000011,2.963770000000011,109.22319676800001,"Winter_Haupt"
"Oberoesterreich",2032,4,-1.281439999999975,6.3328200000000265,-0.5405299999999897,171.36870624000002,"Übergang"
"Oberoesterreich",2032,5,6.285760000000039,15.176260000000013,6.454400000000021,129.61845745920002,"Sommer_Neben"
"Oberoesterreich",2032,6,12.00454000000002,22.155880000000025,12.489980000000003,118.40020128,"Sommer_Neben"
"Oberoesterreich",2032,7,10.652340000000038,20.184259999999995,10.562280000000044,96.9261079392,"Sommer_Haupt"
"Oberoesterreich",2032,8,13.627830000000017,26.095500000000015,16.224019999999996,78.1699503744,"Sommer_Haupt"
"Oberoesterreich",2032,9,9.469719999999995,21.21252000000004,12.143430000000023,70.83302256,"Sommer_Neben"
"Oberoesterreich",2032,10,5.842650000000049,14.994680000000017,8.072930000000042,81.5492394432,"Übergang"
"Oberoesterreich",2032,11,-0.31977000000000544,3.963070000000016,-1.1804599999999823,102.98920089600001,"Übergang"
"Oberoesterreich",2032,12,-5.773799999999994,0.8490800000000149,-2.1141999999999825,110.542348944,"Winter_Haupt"
"Oberoesterreich",2033,1,-11.615199999999959,-5.322969999999998,-5.199399999999969,54.3984620256,"Winter_Haupt"
"Oberoesterreich",2033,2,-6.073739999999987,-0.09426999999999452,-3.964999999999975,72.6402636288,"Winter_Haupt"
"Oberoesterreich",2033,3,-2.340249999999969,5.309750000000008,-0.3936499999999796,56.135342822400006,"Winter_Haupt"
"Oberoesterreich",2033,4,4.977470000000039,15.14855,7.086630000000014,78.46229462400001,"Übergang"
"Oberoesterreich",2033,5,7.058040000000005,18.811030000000017,9.062100000000044,80.90413073280001,"Sommer_Neben"
"Oberoesterreich",2033,6,12.08970000000005,23.21840000000003,13.068540000000041,128.092565376,"Sommer_Neben"
"Oberoesterreich",2033,7,13.019860000000051,23.35458,13.59540000000004,124.706652192,"Sommer_Haupt"
"Oberoesterreich",2033,8,11.086479999999995,22.29263000000003,12.596000000000004,91.47097584000001,"Sommer_Haupt"
"Oberoesterreich",2033,9,10.977200000000039,22.086150000000032,13.243830000000003,62.911100736,"Sommer_Neben"
"Oberoesterreich",2033,10,6.992580000000032,16.35208,8.668540000000007,45.09828316800001,"Übergang"
"Oberoesterreich",2033,11,-0.8633499999999685,6.898770000000013,1.8034300000000485,70.651370016,"Übergang"
"Oberoesterreich",2033,12,-6.863099999999974,-0.2605299999999602,-4.710329999999999,129.11975009280002,"Winter_Haupt"
"Oberoesterreich",2034,1,-4.617619999999988,0.699100000000044,-0.5243999999999573,96.51900988799999,"Winter_Haupt"
"Oberoesterreich",2034,2,-7.00789999999995,1.5373500000000035,-2.090249999999969,41.593825728,"Winter_Haupt"
"Oberoesterreich",2034,3,-3.4531299999999874,3.7760000000000105,-3.2957199999999602,83.7115787232,"Winter_Haupt"
"Oberoesterreich",2034,4,2.723440000000039,13.014900000000011,3.7833200000000033,56.054858976000006,"Übergang"
"Oberoesterreich",2034,5,9.319569999999999,20.774770000000046,10.889120000000048,74.7668369376,"Sommer_Neben"
"Oberoesterreich",2034,6,11.331600000000037,23.166070000000047,12.728170000000034,40.780615104,"Sommer_Neben"
"Oberoesterreich",2034,7,12.247980000000041,22.413080000000036,12.606600000000014,128.135700576,"Sommer_Haupt"
"Oberoesterreich",2034,8,13.58218000000005,23.80078000000003,14.082899999999995,78.9227146944,"Sommer_Haupt"
"Oberoesterreich",2034,9,8.70700000000005,17.88644000000005,9.389280000000042,136.02139488,"Sommer_Neben"
"Oberoesterreich",2034,10,4.14828,10.601830000000007,3.7397700000000214,72.294448752,"Übergang"
"Oberoesterreich",2034,11,-0.659339999999986,6.312520000000006,1.375850000000014,67.901439456,"Übergang"
"Oberoesterreich",2034,12,-5.729859999999974,-0.14224999999999,-1.244640000000004,64.2817151712,"Winter_Haupt"
"Oberoesterreich",2035,1,-6.915499999999952,0.6594800000000305,-0.884680000000003,33.095192932799996,"Winter_Haupt"
"Oberoesterreich",2035,2,-4.775029999999958,5.367330000000038,1.3336400000000026,29.465451993600002,"Winter_Haupt"
"Oberoesterreich",2035,3,0.0007600000000138607,7.4730200000000195,-0.0020799999999780994,50.772055737600006,"Winter_Haupt"
"Oberoesterreich",2035,4,2.5529999999999973,11.306330000000003,2.502769999999998,105.71856393600001,"Übergang"
"Oberoesterreich",2035,5,6.324950000000001,16.358100000000036,6.783299999999997,57.03301929599999,"Sommer_Neben"
"Oberoesterreich",2035,6,12.077660000000037,22.79672000000005,13.323419999999999,124.85594016,"Sommer_Neben"
"Oberoesterreich",2035,7,13.411040000000014,24.03018000000003,14.398979999999995,138.1925783232,"Sommer_Haupt"
"Oberoesterreich",2035,8,11.352440000000001,20.007600000000025,11.367060000000038,204.046377696,"Sommer_Haupt"
"Oberoesterreich",2035,9,7.3665000000000305,16.743899999999996,7.9565000000000055,96.979869216,"Sommer_Neben"
"Oberoesterreich",2035,10,3.386000000000024,10.674500000000023,4.301480000000026,128.690383824,"Übergang"
"Oberoesterreich",2035,11,0.47595000000001164,6.52206000000001,2.4786600000000476,45.637458048,"Übergang"
"Oberoesterreich",2035,12,-7.261699999999962,-0.7767399999999611,-4.0855999999999995,121.58918743680002,"Winter_Haupt"
"Oberoesterreich",2036,1,-5.662179999999978,1.3041600000000244,1.5252300000000218,71.7953235552,"Winter_Haupt"
"Oberoesterreich",2036,2,-3.7259599999999864,4.079800000000034,1.0076500000000124,41.891695171200006,"Winter_Haupt"
"Oberoesterreich",2036,3,-1.020119999999963,7.192679999999996,0.005760000000009313,56.6716468896,"Winter_Haupt"
"Oberoesterreich",2036,4,4.668150000000026,15.17147,6.442740000000015,49.1119848,"Übergang"
"Oberoesterreich",2036,5,6.567319999999995,17.678770000000043,7.774960000000021,137.7594971136,"Sommer_Neben"
"Oberoesterreich",2036,6,12.057550000000049,23.379940000000033,13.899470000000008,128.1432312,"Sommer_Neben"
"Oberoesterreich",2036,7,9.46768000000003,17.789480000000026,8.796140000000037,158.31430473600003,"Sommer_Haupt"
"Oberoesterreich",2036,8,9.87554,19.855200000000025,10.327260000000024,74.5411817376,"Sommer_Haupt"
"Oberoesterreich",2036,9,9.396230000000003,19.797600000000045,11.061300000000017,60.648919776,"Sommer_Neben"
"Oberoesterreich",2036,10,5.543800000000033,17.311239999999998,10.747920000000022,18.9488416608,"Übergang"
"Oberoesterreich",2036,11,-2.3782400000000052,5.254819999999995,1.2407200000000103,97.62938294400001,"Übergang"
"Oberoesterreich",2036,12,-10.999429999999961,-4.280129999999986,-2.966349999999977,93.9207583296,"Winter_Haupt"
"Oberoesterreich",2037,1,-5.936959999999999,-1.2426499999999692,-2.4505999999999517,94.631996736,"Winter_Haupt"
"Oberoesterreich",2037,2,-7.2149,-0.5577999999999861,-3.2695699999999874,60.826199616,"Winter_Haupt"
"Oberoesterreich",2037,3,-4.2584999999999695,4.01785000000001,-1.1931999999999903,65.002866336,"Winter_Haupt"
"Oberoesterreich",2037,4,0.2861599999999953,10.294920000000047,1.3518000000000256,59.466371615999996,"Übergang"
"Oberoesterreich",2037,5,5.537400000000048,14.49350000000004,5.183340000000044,132.7715743968,"Sommer_Neben"
"Oberoesterreich",2037,6,10.150480000000016,21.269280000000037,11.541470000000004,110.47232822400001,"Sommer_Neben"
"Oberoesterreich",2037,7,12.699800000000039,23.599270000000047,14.076300000000003,163.938542976,"Sommer_Haupt"
"Oberoesterreich",2037,8,10.993220000000008,22.22234000000003,12.70562000000001,43.5922081344,"Sommer_Haupt"
"Oberoesterreich",2037,9,9.25427000000002,19.869259999999997,10.71526,65.692249344,"Sommer_Neben"
"Oberoesterreich",2037,10,4.151499999999999,13.17070000000001,6.8215000000000146,68.12586466559999,"Übergang"
"Oberoesterreich",2037,11,-0.07492999999999483,5.980740000000026,0.8518300000000067,132.67019807999998,"Übergang"
"Oberoesterreich",2037,12,-6.133829999999989,0.6482799999999997,0.13360000000000127,87.4709648928,"Winter_Haupt"
"Oberoesterreich",2038,1,-6.197099999999978,1.4253800000000183,-0.43011999999998807,78.4877987808,"Winter_Haupt"
"Oberoesterreich",2038,2,-2.9524999999999864,5.86062000000004,0.2726700000000051,80.9792266752,"Winter_Haupt"
"Oberoesterreich",2038,3,-3.3109199999999532,4.647760000000005,-3.5320499999999697,45.9720736704,"Winter_Haupt"
"Oberoesterreich",2038,4,0.5777500000000373,10.15652,1.6035700000000475,112.944958848,"Übergang"
"Oberoesterreich",2038,5,7.352599999999995,18.53048000000001,8.95544000000001,76.27463686080002,"Sommer_Neben"
"Oberoesterreich",2038,6,10.390600000000006,20.45168000000001,10.891099999999994,116.03640096000001,"Sommer_Neben"
"Oberoesterreich",2038,7,13.151640000000043,24.010770000000036,13.942560000000014,77.6532280896,"Sommer_Haupt"
"Oberoesterreich",2038,8,13.638450000000034,25.160180000000025,15.544300000000021,67.0144090176,"Sommer_Haupt"
"Oberoesterreich",2038,9,9.366420000000005,20.189400000000035,11.198540000000037,45.623106144,"Sommer_Neben"
"Oberoesterreich",2038,10,4.975549999999998,12.695030000000031,6.258540000000039,77.2226752896,"Übergang"
"Oberoesterreich",2038,11,-0.10821999999996024,6.678670000000011,2.574200000000019,23.877226656,"Übergang"
"Oberoesterreich",2038,12,-2.3403999999999883,3.817700000000002,0.1482000000000312,105.46814157120001,"Winter_Haupt"
"Oberoesterreich",2039,1,-6.173069999999996,0.6205000000000496,0.2726700000000051,73.2655589184,"Winter_Haupt"
"Oberoesterreich",2039,2,-8.475779999999986,0.576560000000029,-4.592929999999967,55.104247296,"Winter_Haupt"
"Oberoesterreich",2039,3,-2.0508799999999496,7.5590799999999945,0.167349999999999,70.7365279296,"Winter_Haupt"
"Oberoesterreich",2039,4,3.376950000000022,13.406640000000039,4.4000200000000405,94.10410224,"Übergang"
"Oberoesterreich",2039,5,5.02072000000004,14.811000000000035,4.948270000000036,107.9163330912,"Sommer_Neben"
"Oberoesterreich",2039,6,10.931939999999997,21.386250000000018,12.342370000000017,116.040540384,"Sommer_Neben"
"Oberoesterreich",2039,7,11.095760000000041,19.38378,10.65870000000001,173.83134729599996,"Sommer_Haupt"
"Oberoesterreich",2039,8,10.948020000000042,19.4298,10.590570000000014,146.6307918144,"Sommer_Haupt"
"Oberoesterreich",2039,9,8.912620000000004,20.452940000000012,11.53588000000002,39.032432928,"Sommer_Neben"
"Oberoesterreich",2039,10,2.9500000000000455,10.983150000000023,2.606899999999996,50.22388368,"Übergang"
"Oberoesterreich",2039,11,0.12762000000003582,5.700160000000039,1.3482999999999947,101.446877952,"Übergang"
"Oberoesterreich",2039,12,-6.167849999999987,0.35183000000000675,-1.8907199999999875,97.052185584,"Winter_Haupt"
"Oberoesterreich",2040,1,-10.090769999999964,-1.9637799999999856,-1.5648299999999722,38.6688428928,"Winter_Haupt"
"Oberoesterreich",2040,2,-2.0356799999999566,6.866399999999999,3.242800000000045,52.9260719328,"Winter_Haupt"
"Oberoesterreich",2040,3,-2.4563699999999926,5.742580000000032,-1.7544599999999946,61.74558106559999,"Winter_Haupt"
"Oberoesterreich",2040,4,3.292320000000018,13.331450000000018,4.87393000000003,80.94808224,"Übergang"
"Oberoesterreich",2040,5,8.045620000000042,16.726860000000045,8.067000000000007,145.6812722304,"Sommer_Neben"
"Oberoesterreich",2040,6,11.10110000000003,20.71078,11.336540000000014,193.27330944,"Sommer_Neben"
"Oberoesterreich",2040,7,11.31167000000005,20.62393000000003,11.452539999999999,160.399010592,"Sommer_Haupt"
"Oberoesterreich",2040,8,10.537650000000042,21.825919999999996,11.836500000000001,41.360318841600005,"Sommer_Haupt"
"Oberoesterreich",2040,9,11.143880000000024,21.450000000000045,13.24920000000003,134.782424064,"Sommer_Neben"
"Oberoesterreich",2040,10,4.990260000000035,12.69616000000002,5.964260000000024,94.4833267872,"Übergang"
"Oberoesterreich",2040,11,3.7504200000000196,9.917900000000031,5.638900000000035,107.978225472,"Übergang"
"Oberoesterreich",2040,12,-6.628269999999986,0.5115300000000502,-1.6440000000000055,37.8149180832,"Winter_Haupt"
"Oberoesterreich",2041,1,-10.186129999999991,-2.3753699999999753,-4.493139999999983,48.5673280992,"Winter_Haupt"
"Oberoesterreich",2041,2,-11.312899999999956,-1.5091299999999706,-3.2466999999999757,45.721208332799996,"Winter_Haupt"
"Oberoesterreich",2041,3,-7.76742999999999,1.2783400000000142,-5.029549999999972,104.19116616,"Winter_Haupt"
"Oberoesterreich",2041,4,-0.7213999999999601,8.637500000000045,0.49853000000001657,104.028074496,"Übergang"
"Oberoesterreich",2041,5,5.535000000000025,14.543300000000045,6.2608000000000175,192.811239648,"Sommer_Neben"
"Oberoesterreich",2041,6,8.607780000000048,17.50054,8.468350000000044,171.7205184,"Sommer_Neben"
"Oberoesterreich",2041,7,11.845850000000041,22.301840000000027,12.847100000000012,107.92143008640001,"Sommer_Haupt"
"Oberoesterreich",2041,8,12.766560000000027,21.479180000000042,12.697400000000016,177.38887852799996,"Sommer_Haupt"
"Oberoesterreich",2041,9,9.542930000000013,19.477800000000002,11.278770000000009,56.482225344,"Sommer_Neben"
"Oberoesterreich",2041,10,6.2303,16.051750000000027,9.670200000000023,68.8617282816,"Übergang"
"Oberoesterreich",2041,11,-2.1882999999999697,3.3933000000000106,-0.935639999999978,76.083771744,"Übergang"
"Oberoesterreich",2041,12,-4.9726,1.946830000000034,2.498829999999998,30.6429744384,"Winter_Haupt"
"Oberoesterreich",2042,1,-7.225619999999992,-0.3608499999999708,-2.767949999999985,75.45056549760001,"Winter_Haupt"
"Oberoesterreich",2042,2,-3.1027299999999514,2.909400000000005,0.3518600000000447,92.614669056,"Winter_Haupt"
"Oberoesterreich",2042,3,-1.7112199999999689,6.407300000000021,-0.02002999999996291,134.0776452672,"Winter_Haupt"
"Oberoesterreich",2042,4,3.516840000000002,12.085800000000006,3.42962,90.19444608,"Übergang"
"Oberoesterreich",2042,5,5.224300000000028,15.100060000000042,5.7464500000000385,76.6569409632,"Sommer_Neben"
"Oberoesterreich",2042,6,10.083340000000021,19.748350000000016,10.622220000000027,110.29955328000001,"Sommer_Neben"
"Oberoesterreich",2042,7,12.39205000000004,23.412530000000004,13.545950000000005,114.721175232,"Sommer_Haupt"
"Oberoesterreich",2042,8,11.928980000000024,23.12106,13.780480000000011,119.2814672832,"Sommer_Haupt"
"Oberoesterreich",2042,9,10.351620000000025,21.364400000000046,12.132100000000037,17.220307104,"Sommer_Neben"
"Oberoesterreich",2042,10,5.09277000000003,16.416470000000004,7.851460000000031,39.0576113136,"Übergang"
"Oberoesterreich",2042,11,2.3242700000000127,8.061820000000012,2.696040000000039,94.07425536000001,"Übergang"
"Oberoesterreich",2042,12,-4.792329999999993,1.2987600000000157,-2.892979999999966,52.472762063999994,"Winter_Haupt"
"Oberoesterreich",2043,1,-4.476079999999968,1.3769000000000347,-1.9364999999999668,85.50385418879999,"Winter_Haupt"
"Oberoesterreich",2043,2,-1.0649199999999723,4.417100000000005,-0.43057999999996355,112.9708992384,"Winter_Haupt"
"Oberoesterreich",2043,3,0.9136000000000308,8.60510000000005,1.7643000000000484,144.87555326400002,"Winter_Haupt"
"Oberoesterreich",2043,4,1.754570000000001,11.489800000000002,3.0214500000000157,111.164304096,"Übergang"
"Oberoesterreich",2043,5,6.675260000000037,15.373220000000003,6.013360000000034,81.1416244608,"Sommer_Neben"
"Oberoesterreich",2043,6,8.759119999999996,18.33390000000003,8.305229999999995,106.33986374400001,"Sommer_Neben"
"Oberoesterreich",2043,7,14.729600000000005,25.16903000000002,15.771140000000003,124.38854933760001,"Sommer_Haupt"
"Oberoesterreich",2043,8,10.795860000000005,20.996759999999995,11.901670000000024,119.1417780096,"Sommer_Haupt"
"Oberoesterreich",2043,9,7.026970000000006,16.06510000000003,7.173580000000015,101.715764256,"Sommer_Neben"
"Oberoesterreich",2043,10,3.461400000000026,12.244600000000048,5.066900000000032,77.661038304,"Übergang"
"Oberoesterreich",2043,11,-1.4055999999999926,6.38662000000005,0.8891500000000292,107.36196192,"Übergang"
"Oberoesterreich",2043,12,-3.8396699999999555,2.89205000000004,0.3794000000000324,85.97645251200001,"Winter_Haupt"
"Oberoesterreich",2044,1,-10.389959999999974,-0.5644599999999969,-2.1547299999999723,48.07808352,"Winter_Haupt"
"Oberoesterreich",2044,2,-9.356629999999996,-1.1716699999999491,-4.232979999999998,78.420343968,"Winter_Haupt"
"Oberoesterreich",2044,3,-4.480840000000001,3.7445600000000354,-2.6722800000000007,71.9809500672,"Winter_Haupt"
"Oberoesterreich",2044,4,-0.4374499999999557,7.284000000000049,-0.6333399999999756,149.76461433600002,"Übergang"
"Oberoesterreich",2044,5,6.586970000000008,15.41700000000003,6.761220000000037,162.95209361279998,"Sommer_Neben"
"Oberoesterreich",2044,6,8.64712000000003,18.653920000000028,9.327480000000037,137.307267936,"Sommer_Neben"
"Oberoesterreich",2044,7,13.29770000000002,23.328880000000026,14.065500000000043,144.41143743359999,"Sommer_Haupt"
"Oberoesterreich",2044,8,12.21407000000005,21.930750000000046,13.609900000000039,166.74889703040003,"Sommer_Haupt"
"Oberoesterreich",2044,9,9.008230000000026,19.92410000000001,11.44840000000005,71.98614892799999,"Sommer_Neben"
"Oberoesterreich",2044,10,4.6279499999999985,13.139760000000024,7.8947,129.658772736,"Übergang"
"Oberoesterreich",2044,11,0.9450600000000122,6.30444,2.748800000000017,80.75642976,"Übergang"
"Oberoesterreich",2044,12,1.290549999999996,6.18768,2.8279400000000123,114.5373459264,"Winter_Haupt"
"Oberoesterreich",2045,1,-1.3654999999999973,6.422200000000032,3.377400000000023,40.871698329599994,"Winter_Haupt"
"Oberoesterreich",2045,2,-0.23825999999996839,7.776100000000042,1.2504500000000007,74.95329945600001,"Winter_Haupt"
"Oberoesterreich",2045,3,-0.6239400000000046,8.041160000000048,0.6625000000000227,83.0951181792,"Winter_Haupt"
"Oberoesterreich",2045,4,2.900480000000016,11.724240000000009,3.3961700000000405,113.256081792,"Übergang"
"Oberoesterreich",2045,5,9.198900000000037,19.571300000000008,10.461000000000013,106.06322580480001,"Sommer_Neben"
"Oberoesterreich",2045,6,10.670860000000005,19.82202000000001,10.75332000000003,176.293024128,"Sommer_Neben"
"Oberoesterreich",2045,7,11.554280000000006,20.972800000000007,11.763149999999996,118.439142624,"Sommer_Haupt"
"Oberoesterreich",2045,8,12.390440000000012,22.864599999999996,13.854820000000018,156.6994813056,"Sommer_Haupt"
"Oberoesterreich",2045,9,10.343650000000025,19.76833000000005,11.337030000000027,53.032301856000004,"Sommer_Neben"
"Oberoesterreich",2045,10,5.683500000000038,16.06295,9.35256000000004,41.3230622976,"Übergang"
"Oberoesterreich",2045,11,-2.5365999999999644,2.678700000000049,-1.783269999999959,130.89907152,"Übergang"
"Oberoesterreich",2045,12,-5.013279999999952,1.1744000000000483,0.14175000000000182,97.85430745920002,"Winter_Haupt"
"Oberoesterreich",2046,1,-6.216160000000002,0.549220000000048,-0.4147399999999948,76.7617762176,"Winter_Haupt"
"Oberoesterreich",2046,2,-5.808099999999968,0.37704000000002225,-0.2552599999999643,45.1996868736,"Winter_Haupt"
"Oberoesterreich",2046,3,-1.0278699999999503,8.692960000000028,3.5091500000000337,94.583182896,"Winter_Haupt"
"Oberoesterreich",2046,4,-0.005699999999990268,7.983940000000018,-0.721779999999967,118.591664544,"Übergang"
"Oberoesterreich",2046,5,6.764730000000043,15.641800000000046,6.733670000000018,114.32617551359999,"Sommer_Neben"
"Oberoesterreich",2046,6,11.633230000000026,21.697500000000048,12.11886000000004,90.946937376,"Sommer_Neben"
"Oberoesterreich",2046,7,11.060570000000041,20.70416,10.861019999999996,67.94145950400001,"Sommer_Haupt"
"Oberoesterreich",2046,8,13.476220000000012,22.53585000000004,13.530880000000025,153.142233984,"Sommer_Haupt"
"Oberoesterreich",2046,9,9.134520000000009,20.185900000000004,10.958120000000008,43.905333312,"Sommer_Neben"
"Oberoesterreich",2046,10,6.027000000000044,17.985220000000027,10.981040000000007,23.157540144000002,"Übergang"
"Oberoesterreich",2046,11,1.1340299999999957,7.396940000000029,4.122100000000046,96.80369616,"Übergang"
"Oberoesterreich",2046,12,-0.6465199999999527,5.751980000000003,3.039580000000001,79.027611552,"Winter_Haupt"
"Oberoesterreich",2047,1,-5.936739999999986,1.079340000000002,-1.6000699999999597,97.94831126399998,"Winter_Haupt"
"Oberoesterreich",2047,2,-4.811469999999986,3.55767000000003,-1.3571999999999775,33.695790912,"Winter_Haupt"
"Oberoesterreich",2047,3,-5.686469999999986,3.114370000000008,-3.4475499999999784,127.7966579904,"Winter_Haupt"
"Oberoesterreich",2047,4,0.568300000000022,9.728499999999997,1.279700000000048,139.55315040000002,"Übergang"
"Oberoesterreich",2047,5,6.200800000000015,16.877920000000017,8.138000000000034,97.7903874432,"Sommer_Neben"
"Oberoesterreich",2047,6,9.142629999999997,18.623400000000004,9.054930000000013,169.49225376,"Sommer_Neben"
"Oberoesterreich",2047,7,11.266230000000007,20.318020000000047,11.555170000000032,198.369147312,"Sommer_Haupt"
"Oberoesterreich",2047,8,11.668150000000026,22.118460000000027,13.166100000000029,111.4963709184,"Sommer_Haupt"
"Oberoesterreich",2047,9,9.270780000000002,19.68090000000001,10.994870000000049,74.735294112,"Sommer_Neben"
"Oberoesterreich",2047,10,7.62814000000003,15.76153000000005,9.001180000000033,76.231134288,"Übergang"
"Oberoesterreich",2047,11,0.5327400000000466,6.817100000000039,2.3280000000000314,76.566676896,"Übergang"
"Oberoesterreich",2047,12,-4.005299999999977,0.9809999999999945,-3.3045999999999935,126.5670366912,"Winter_Haupt"
"Oberoesterreich",2048,1,-10.191139999999962,-2.3412199999999643,-4.254199999999969,53.111694383999996,"Winter_Haupt"
"Oberoesterreich",2048,2,-1.5730699999999729,6.026540000000011,1.546260000000018,68.0645162592,"Winter_Haupt"
"Oberoesterreich",2048,3,0.29824000000002115,9.574760000000026,2.248100000000022,95.239993536,"Winter_Haupt"
"Oberoesterreich",2048,4,2.5696400000000494,11.101200000000006,2.3343000000000416,122.843827584,"Übergang"
"Oberoesterreich",2048,5,7.338160000000016,17.658230000000003,8.615750000000048,164.463509376,"Sommer_Neben"
"Oberoesterreich",2048,6,10.040729999999996,20.40276,10.551840000000027,85.45375584,"Sommer_Neben"
"Oberoesterreich",2048,7,11.636830000000032,21.591880000000003,12.11062000000004,113.911093152,"Sommer_Haupt"
"Oberoesterreich",2048,8,11.70428000000004,21.071500000000015,12.042050000000017,147.6178920288,"Sommer_Haupt"
"Oberoesterreich",2048,9,11.84847000000002,20.024800000000027,11.999700000000018,95.667547392,"Sommer_Neben"
"Oberoesterreich",2048,10,5.187600000000032,13.53997000000004,7.507650000000012,82.42571905919999,"Übergang"
"Oberoesterreich",2048,11,-0.315529999999967,6.407530000000008,2.242940000000033,66.395381184,"Übergang"
"Oberoesterreich",2048,12,-5.253819999999962,1.0744000000000256,0.09865999999999531,75.135641904,"Winter_Haupt"
"Oberoesterreich",2049,1,-0.8332599999999957,4.5268500000000245,1.9294000000000437,99.07897104,"Winter_Haupt"
"Oberoesterreich",2049,2,-6.205799999999954,2.484550000000013,-2.120429999999999,106.288568064,"Winter_Haupt"
"Oberoesterreich",2049,3,-5.608099999999979,2.256400000000042,-4.03082999999998,69.8447760768,"Winter_Haupt"
"Oberoesterreich",2049,4,3.2286300000000097,11.841120000000046,3.6871300000000247,134.48415744,"Übergang"
"Oberoesterreich",2049,5,7.814970000000017,18.65530000000001,9.342129999999997,90.84864156479999,"Sommer_Neben"
"Oberoesterreich",2049,6,13.05462,23.88802000000004,14.08053000000001,103.573479168,"Sommer_Neben"
"Oberoesterreich",2049,7,12.761380000000031,21.37470000000002,12.355860000000007,200.825253504,"Sommer_Haupt"
"Oberoesterreich",2049,8,13.054300000000012,23.647580000000005,14.492819999999995,62.178592636800005,"Sommer_Haupt"
"Oberoesterreich",2049,9,11.671750000000031,24.058700000000044,15.06660000000005,34.931134656,"Sommer_Neben"
"Oberoesterreich",2049,10,5.70822000000004,13.010580000000004,6.072440000000029,131.0316616512,"Übergang"
"Oberoesterreich",2049,11,-0.7858299999999758,5.826650000000029,2.0432400000000257,70.49127254400001,"Übergang"
"Oberoesterreich",2049,12,-8.52704,-2.4388999999999896,-5.819249999999954,121.93658930880001,"Winter_Haupt"
"Salzburg",2025,1,-5.650729999999953,0.8292000000000144,-1.5450199999999654,140.5089604224,"Winter_Haupt"
"Salzburg",2025,2,-4.978769999999997,1.3546400000000176,-2.089359999999999,78.574914432,"Winter_Haupt"
"Salzburg",2025,3,-4.319099999999992,3.962670000000003,-0.9673199999999724,94.85954020800001,"Winter_Haupt"
"Salzburg",2025,4,3.2417500000000246,12.564800000000048,3.85214000000002,53.195730048,"Übergang"
"Salzburg",2025,5,5.627100000000041,14.496450000000038,5.349800000000016,192.28094323200003,"Sommer_Neben"
"Salzburg",2025,6,11.058700000000044,21.92360000000002,12.220120000000009,61.79845881600001,"Sommer_Neben"
"Salzburg",2025,7,11.250300000000038,22.25707,12.002830000000017,55.634907887999994,"Sommer_Haupt"
"Salzburg",2025,8,11.631680000000017,22.090900000000033,12.043480000000045,72.3070318752,"Sommer_Haupt"
"Salzburg",2025,9,8.455129999999997,18.87005000000005,9.082760000000007,86.59639238399998,"Sommer_Neben"
"Salzburg",2025,10,4.424830000000043,13.359830000000045,6.060300000000041,85.7968845408,"Übergang"
"Salzburg",2025,11,-3.1237499999999727,3.4919700000000375,0.042259999999998854,101.16695232000001,"Übergang"
"Salzburg",2025,12,-5.057320000000004,1.4201600000000099,-0.610969999999952,84.7924470432,"Winter_Haupt"
"Salzburg",2026,1,-7.16089999999997,-1.4989400000000046,-5.439300000000003,197.9715147264,"Winter_Haupt"
"Salzburg",2026,2,-0.953959999999995,6.649650000000008,3.605700000000013,87.9814656,"Winter_Haupt"
"Salzburg",2026,3,-3.5705600000000004,5.135520000000042,0.09140000000002146,132.8174178912,"Winter_Haupt"
"Salzburg",2026,4,2.0220300000000293,11.77030000000002,3.3841000000000463,74.56511375999999,"Übergang"
"Salzburg",2026,5,5.763400000000047,16.08578,6.822400000000016,115.7232530592,"Sommer_Neben"
"Salzburg",2026,6,10.48126000000002,21.28442000000001,11.018640000000005,63.742394016,"Sommer_Neben"
"Salzburg",2026,7,12.273340000000019,23.15798000000001,13.44064000000003,158.14271839679998,"Sommer_Haupt"
"Salzburg",2026,8,10.51600000000002,21.148920000000032,11.36605000000003,151.7871403584,"Sommer_Haupt"
"Salzburg",2026,9,7.503700000000038,16.846550000000036,8.1524,80.12061216,"Sommer_Neben"
"Salzburg",2026,10,3.121939999999995,10.901450000000011,4.392300000000034,104.5968660864,"Übergang"
"Salzburg",2026,11,2.697530000000029,9.317960000000028,4.697440000000029,93.83446943999999,"Übergang"
"Salzburg",2026,12,-2.245999999999981,4.179900000000032,1.0160000000000196,57.536754019199996,"Winter_Haupt"
"Salzburg",2027,1,-3.6130399999999554,4.902900000000045,2.495420000000024,10.56158553312,"Winter_Haupt"
"Salzburg",2027,2,0.4661500000000274,9.91330000000005,2.874900000000025,48.3013190016,"Winter_Haupt"
"Salzburg",2027,3,0.39580000000000837,8.846370000000036,1.1764500000000453,101.82319004160001,"Winter_Haupt"
"Salzburg",2027,4,4.948700000000031,16.30343000000005,6.453520000000026,41.985853632,"Übergang"
"Salzburg",2027,5,9.309870000000046,20.13253000000003,10.33200000000005,136.489469472,"Sommer_Neben"
"Salzburg",2027,6,9.27346,19.746939999999995,9.645140000000026,113.69837808,"Sommer_Neben"
"Salzburg",2027,7,11.506400000000042,21.884400000000028,12.005550000000028,121.15416706559999,"Sommer_Haupt"
"Salzburg",2027,8,11.223929999999996,21.640300000000025,11.93470000000002,151.1386220448,"Sommer_Haupt"
"Salzburg",2027,9,9.63363000000004,19.568750000000023,10.328800000000001,54.196094304,"Sommer_Neben"
"Salzburg",2027,10,5.841970000000003,14.24072000000001,7.003870000000006,96.684722496,"Übergang"
"Salzburg",2027,11,0.10054999999999836,6.042750000000012,1.912869999999998,72.19245139200001,"Übergang"
"Salzburg",2027,12,-4.668700000000001,0.864400000000046,0.3094000000000392,64.8325120608,"Winter_Haupt"
"Salzburg",2028,1,-7.442849999999964,-1.2878799999999728,-2.941319999999962,115.1938753344,"Winter_Haupt"
"Salzburg",2028,2,-2.530679999999961,2.0855700000000184,-1.9663999999999646,142.009790976,"Winter_Haupt"
"Salzburg",2028,3,-3.0153999999999996,4.369320000000016,-0.8771999999999593,96.5059767936,"Winter_Haupt"
"Salzburg",2028,4,3.3462200000000166,12.986019999999996,4.960140000000024,96.968941344,"Übergang"
"Salzburg",2028,5,4.159840000000031,13.398950000000013,3.5744300000000067,103.353349248,"Sommer_Neben"
"Salzburg",2028,6,10.248559999999998,20.415200000000027,10.975520000000017,214.67279404800001,"Sommer_Neben"
"Salzburg",2028,7,14.838040000000035,26.061329999999998,16.537680000000023,108.19879983359999,"Sommer_Haupt"
"Salzburg",2028,8,12.12124,22.01672000000002,12.98422000000005,185.70828355199998,"Sommer_Haupt"
"Salzburg",2028,9,7.418420000000026,15.962030000000027,7.497700000000009,179.06329152000004,"Sommer_Neben"
"Salzburg",2028,10,5.9670300000000225,13.982169999999996,7.300870000000032,146.3530578048,"Übergang"
"Salzburg",2028,11,-1.738839999999982,3.4408500000000117,-1.963480000000004,121.81884192000001,"Übergang"
"Salzburg",2028,12,-5.084169999999972,0.35003000000000384,-1.9662999999999897,143.0774415648,"Winter_Haupt"
"Salzburg",2029,1,-2.478999999999985,2.911740000000009,1.4512600000000475,111.6571472352,"Winter_Haupt"
"Salzburg",2029,2,-2.4496800000000007,5.7695000000000505,1.1330800000000067,40.7170278144,"Winter_Haupt"
"Salzburg",2029,3,-2.054899999999975,7.09722000000005,-0.4949399999999855,67.1951983392,"Winter_Haupt"
"Salzburg",2029,4,0.7646400000000426,9.397420000000011,1.430720000000008,97.02028627199999,"Übergang"
"Salzburg",2029,5,6.002470000000017,15.60958000000005,6.2304000000000315,60.436502352,"Sommer_Neben"
"Salzburg",2029,6,11.216030000000046,21.604330000000004,12.043200000000013,136.93180895999998,"Sommer_Neben"
"Salzburg",2029,7,12.748199999999997,22.147520000000043,13.36220000000003,261.69716995199997,"Sommer_Haupt"
"Salzburg",2029,8,11.809169999999995,22.28152,12.621550000000013,81.7230113568,"Sommer_Haupt"
"Salzburg",2029,9,9.27170000000001,18.365350000000035,10.065120000000036,160.33404384000002,"Sommer_Neben"
"Salzburg",2029,10,4.301420000000007,11.169370000000015,3.901360000000011,106.191274752,"Übergang"
"Salzburg",2029,11,3.4491800000000126,8.616900000000044,4.033870000000036,189.72885312,"Übergang"
"Salzburg",2029,12,-2.8204700000000003,2.786860000000047,0.2692800000000375,134.1307204416,"Winter_Haupt"
"Salzburg",2030,1,-8.398399999999981,-1.5649999999999977,-2.8303999999999974,66.6205583328,"Winter_Haupt"
"Salzburg",2030,2,-7.5506299999999555,2.203900000000033,-0.822180000000003,31.357301472,"Winter_Haupt"
"Salzburg",2030,3,-2.4732399999999757,7.394949999999994,0.9389300000000276,86.4903249792,"Winter_Haupt"
"Salzburg",2030,4,4.483030000000042,14.828900000000033,5.871550000000013,72.60728544,"Übergang"
"Salzburg",2030,5,7.477300000000014,17.42416000000003,8.177970000000016,165.31639228799997,"Sommer_Neben"
"Salzburg",2030,6,11.40634,20.75128000000001,11.06982000000005,151.32155616,"Sommer_Neben"
"Salzburg",2030,7,10.333250000000021,19.09915000000001,9.836100000000044,156.3561907776,"Sommer_Haupt"
"Salzburg",2030,8,10.231650000000002,19.633500000000026,10.402280000000019,216.3859272,"Sommer_Haupt"
"Salzburg",2030,9,8.805840000000046,17.63190000000003,9.228270000000009,150.94118016,"Sommer_Neben"
"Salzburg",2030,10,4.710300000000018,13.963900000000024,7.161800000000028,36.2580070176,"Übergang"
"Salzburg",2030,11,-2.3831199999999626,4.886300000000006,0.117999999999995,93.34912780799999,"Übergang"
"Salzburg",2030,12,-2.737979999999993,3.064260000000047,2.8884800000000155,79.789522608,"Winter_Haupt"
"Salzburg",2031,1,-2.66028,3.6349400000000287,2.2710200000000214,31.6300666176,"Winter_Haupt"
"Salzburg",2031,2,-1.5594999999999573,4.948450000000037,-1.2130499999999529,94.6148684544,"Winter_Haupt"
"Salzburg",2031,3,0.9262600000000134,10.16604000000001,2.44598000000002,62.285160816,"Winter_Haupt"
"Salzburg",2031,4,2.808370000000025,13.215300000000013,4.227380000000039,95.75384543999999,"Übergang"
"Salzburg",2031,5,6.706450000000018,16.837580000000003,6.562900000000013,81.12227302080001,"Sommer_Neben"
"Salzburg",2031,6,9.622770000000003,20.405100000000004,9.911339999999996,106.388878464,"Sommer_Neben"
"Salzburg",2031,7,13.296840000000032,24.120870000000025,14.143460000000005,118.859517504,"Sommer_Haupt"
"Salzburg",2031,8,12.016099999999994,22.524770000000046,12.919340000000034,115.07799168000001,"Sommer_Haupt"
"Salzburg",2031,9,8.760640000000024,18.2269,8.741660000000024,81.081098496,"Sommer_Neben"
"Salzburg",2031,10,4.198200000000043,12.660600000000045,6.767700000000048,152.85228111360001,"Übergang"
"Salzburg",2031,11,-0.9767499999999814,5.5029499999999985,1.5855700000000184,119.14068384000001,"Übergang"
"Salzburg",2031,12,-4.07266999999996,3.159750000000031,2.0135999999999967,85.7262712032,"Winter_Haupt"
"Salzburg",2032,1,-7.913459999999986,-0.5997999999999593,-2.3242199999999684,49.3537893696,"Winter_Haupt"
"Salzburg",2032,2,-2.3304999999999723,5.38223000000005,2.8496000000000095,91.381499568,"Winter_Haupt"
"Salzburg",2032,3,1.7267400000000066,9.941900000000032,3.2823999999999955,135.4247465472,"Winter_Haupt"
"Salzburg",2032,4,-2.102669999999989,5.75723000000005,-0.9762299999999868,163.24724448,"Übergang"
"Salzburg",2032,5,6.078640000000007,15.08444000000003,6.3383400000000165,121.60096704,"Sommer_Neben"
"Salzburg",2032,6,12.230999999999995,22.71407000000005,12.95070000000004,141.08714784,"Sommer_Neben"
"Salzburg",2032,7,10.320340000000044,20.41488000000004,10.628350000000012,87.22152014400001,"Sommer_Haupt"
"Salzburg",2032,8,14.057980000000043,26.246939999999995,16.475060000000042,100.635335712,"Sommer_Haupt"
"Salzburg",2032,9,10.087670000000003,21.95342000000005,12.851770000000045,72.50087088000001,"Sommer_Neben"
"Salzburg",2032,10,6.7418499999999995,15.819420000000036,8.38960000000003,94.0969783008,"Übergang"
"Salzburg",2032,11,-0.2968799999999874,4.011560000000031,-0.9412599999999998,114.44965631999999,"Übergang"
"Salzburg",2032,12,-4.553899999999999,1.0721700000000283,-1.9739999999999895,150.35111351999998,"Winter_Haupt"
"Salzburg",2033,1,-9.012299999999982,-3.4666199999999776,-4.736149999999952,67.153099248,"Winter_Haupt"
"Salzburg",2033,2,-5.520639999999958,0.5092400000000339,-3.578959999999995,79.00767060480001,"Winter_Haupt"
"Salzburg",2033,3,-2.6013999999999555,5.521659999999997,0.07555999999999585,67.5596080512,"Winter_Haupt"
"Salzburg",2033,4,5.141560000000027,15.017800000000022,7.1082700000000045,87.024647808,"Übergang"
"Salzburg",2033,5,7.3052600000000325,19.060820000000035,9.171530000000018,100.7607384,"Sommer_Neben"
"Salzburg",2033,6,12.177800000000047,23.468530000000044,13.337800000000016,139.456064448,"Sommer_Neben"
"Salzburg",2033,7,13.121500000000026,23.7106,13.772500000000036,140.6977608384,"Sommer_Haupt"
"Salzburg",2033,8,11.269620000000032,22.436200000000042,12.781270000000006,129.7743885504,"Sommer_Haupt"
"Salzburg",2033,9,11.537869999999998,21.877400000000023,13.098540000000014,81.983345184,"Sommer_Neben"
"Salzburg",2033,10,7.60143000000005,16.518580000000043,8.951620000000048,60.351141744,"Übergang"
"Salzburg",2033,11,0.3539000000000101,8.059720000000027,2.8273000000000366,66.29742172799999,"Übergang"
"Salzburg",2033,12,-5.414829999999995,0.6024000000000456,-4.237619999999993,145.828755648,"Winter_Haupt"
"Salzburg",2034,1,-3.1758199999999874,1.4239000000000033,-0.03573999999997568,122.327295552,"Winter_Haupt"
"Salzburg",2034,2,-6.1606499999999755,1.5257500000000164,-1.6482299999999555,49.870864512,"Winter_Haupt"
"Salzburg",2034,3,-3.662019999999984,3.9046600000000353,-3.0454199999999787,78.7395924864,"Winter_Haupt"
"Salzburg",2034,4,2.928580000000011,13.041200000000003,3.8776000000000295,75.78762278399999,"Übergang"
"Salzburg",2034,5,9.192380000000014,21.137050000000045,10.982200000000034,75.41120908799999,"Sommer_Neben"
"Salzburg",2034,6,11.274870000000021,23.74633,13.092800000000011,62.363460384,"Sommer_Neben"
"Salzburg",2034,7,12.358180000000004,22.842340000000036,12.717650000000049,140.61974976,"Sommer_Haupt"
"Salzburg",2034,8,13.20577000000003,23.793480000000045,13.945150000000012,108.97016296320001,"Sommer_Haupt"
"Salzburg",2034,9,9.134580000000028,18.013570000000016,9.572660000000042,167.50358064,"Sommer_Neben"
"Salzburg",2034,10,4.92697000000004,11.804380000000037,4.486750000000029,82.86752649600001,"Übergang"
"Salzburg",2034,11,0.6779700000000162,7.311880000000031,1.9523300000000177,69.645609216,"Übergang"
"Salzburg",2034,12,-4.526649999999961,1.344500000000039,-0.6832299999999805,77.7574982016,"Winter_Haupt"
"Salzburg",2035,1,-5.786799999999971,1.3639200000000073,-0.3222399999999652,42.71033422079999,"Winter_Haupt"
"Salzburg",2035,2,-5.431799999999953,5.357169999999996,1.8045600000000377,35.007686784,"Winter_Haupt"
"Salzburg",2035,3,0.23120000000000118,7.760919999999999,0.40353000000004613,73.3901232672,"Winter_Haupt"
"Salzburg",2035,4,2.7229200000000446,10.999540000000025,2.3613000000000284,118.22960361599999,"Übergang"
"Salzburg",2035,5,6.800740000000019,17.25054,7.5846200000000294,72.10024064640001,"Sommer_Neben"
"Salzburg",2035,6,12.138900000000035,22.755150000000015,13.186640000000011,172.691730432,"Sommer_Neben"
"Salzburg",2035,7,13.538350000000037,24.10668000000004,14.412740000000042,139.1614493472,"Sommer_Haupt"
"Salzburg",2035,8,11.23266000000001,20.071000000000026,11.276880000000006,229.63267756800002,"Sommer_Haupt"
"Salzburg",2035,9,7.801500000000033,17.011930000000007,8.088459999999998,99.2532528,"Sommer_Neben"
"Salzburg",2035,10,4.139200000000017,11.229000000000042,4.4103300000000445,120.73339578240001,"Übergang"
"Salzburg",2035,11,0.7890300000000252,7.3923599999999965,2.9291300000000433,40.209211296,"Übergang"
"Salzburg",2035,12,-5.671359999999993,-0.11709999999999354,-3.5924699999999916,156.4998065856,"Winter_Haupt"
"Salzburg",2036,1,-3.632569999999987,2.0377000000000294,1.7618700000000445,86.62749923519999,"Winter_Haupt"
"Salzburg",2036,2,-2.7390800000000013,4.880980000000022,1.4343800000000329,48.6327087936,"Winter_Haupt"
"Salzburg",2036,3,-0.47116999999997233,7.664600000000007,0.46673000000004095,60.5567678688,"Winter_Haupt"
"Salzburg",2036,4,4.946920000000034,15.168300000000045,6.271720000000016,58.621962816,"Übergang"
"Salzburg",2036,5,6.904100000000028,18.24105000000003,8.173429999999996,170.83491407999998,"Sommer_Neben"
"Salzburg",2036,6,11.99720000000002,23.037869999999998,13.554400000000044,173.72252736000002,"Sommer_Neben"
"Salzburg",2036,7,9.671400000000006,17.56585000000001,8.53973000000002,245.545105536,"Sommer_Haupt"
"Salzburg",2036,8,9.81826000000001,20.123829999999998,10.46383000000003,73.7971222176,"Sommer_Haupt"
"Salzburg",2036,9,9.520440000000008,19.785270000000025,10.939700000000016,83.79386496,"Sommer_Neben"
"Salzburg",2036,10,6.668240000000026,17.932029999999997,11.19195000000002,37.1803328064,"Übergang"
"Salzburg",2036,11,-0.6416999999999575,5.568170000000009,1.410850000000039,124.477938432,"Übergang"
"Salzburg",2036,12,-7.809100000000001,-1.8961499999999774,-1.767219999999952,116.9476488,"Winter_Haupt"
"Salzburg",2037,1,-5.115700000000004,-0.296579999999949,-1.9629599999999527,95.64618896639999,"Winter_Haupt"
"Salzburg",2037,2,-6.75019999999995,0.17327000000000226,-2.4419299999999566,74.549897856,"Winter_Haupt"
"Salzburg",2037,3,-4.158329999999978,4.1668300000000045,-0.7871999999999844,89.0766844416,"Winter_Haupt"
"Salzburg",2037,4,0.339870000000019,10.29086000000001,1.6884000000000015,70.841145888,"Übergang"
"Salzburg",2037,5,5.370540000000005,14.834000000000003,5.270650000000046,134.61915614400002,"Sommer_Neben"
"Salzburg",2037,6,10.069450000000018,21.706500000000005,11.650750000000016,129.0972816,"Sommer_Neben"
"Salzburg",2037,7,12.679220000000043,23.405730000000005,13.912400000000048,192.74220388799998,"Sommer_Haupt"
"Salzburg",2037,8,11.302700000000016,22.794600000000003,13.007620000000031,47.7551836512,"Sommer_Haupt"
"Salzburg",2037,9,9.643200000000036,20.355650000000026,11.000120000000038,76.51624176,"Sommer_Neben"
"Salzburg",2037,10,4.899770000000046,13.838620000000049,7.105860000000007,79.03726986240001,"Übergang"
"Salzburg",2037,11,0.8181000000000154,6.435750000000041,1.0232000000000312,133.83443375999997,"Übergang"
"Salzburg",2037,12,-4.278660000000002,1.9844300000000317,0.5087800000000016,107.1488402496,"Winter_Haupt"
"Salzburg",2038,1,-5.38946999999996,1.9923600000000192,-0.09139999999996462,97.8582822048,"Winter_Haupt"
"Salzburg",2038,2,-1.863869999999963,6.406600000000026,0.6477600000000052,87.8075154432,"Winter_Haupt"
"Salzburg",2038,3,-3.1436199999999985,4.835750000000019,-3.1160299999999665,48.4701584256,"Winter_Haupt"
"Salzburg",2038,4,0.8565300000000207,10.518820000000005,1.8016000000000076,104.287144896,"Übergang"
"Salzburg",2038,5,7.521479999999997,18.858000000000004,9.226800000000026,101.092967136,"Sommer_Neben"
"Salzburg",2038,6,10.271050000000002,20.405020000000036,10.570950000000039,135.974668896,"Sommer_Neben"
"Salzburg",2038,7,13.35528000000005,24.350270000000023,14.008260000000007,71.29786968,"Sommer_Haupt"
"Salzburg",2038,8,13.65255000000002,25.358060000000023,15.572000000000003,104.8955398272,"Sommer_Haupt"
"Salzburg",2038,9,9.795600000000036,20.41097000000002,11.516470000000027,71.834236992,"Sommer_Neben"
"Salzburg",2038,10,4.974940000000004,13.091400000000021,6.750480000000039,95.53293014399999,"Übergang"
"Salzburg",2038,11,0.2974200000000451,8.003720000000044,3.9050000000000296,22.436007263999997,"Übergang"
"Salzburg",2038,12,-1.1130699999999933,4.728000000000009,0.4672199999999975,96.1131974688,"Winter_Haupt"
"Salzburg",2039,1,-4.485359999999957,1.7853600000000256,0.4730800000000386,76.32219720959999,"Winter_Haupt"
"Salzburg",2039,2,-9.959599999999966,0.9112499999999955,-3.8965199999999527,72.1052333568,"Winter_Haupt"
"Salzburg",2039,3,-1.7588599999999701,8.086300000000051,0.6217599999999948,69.10448238720001,"Winter_Haupt"
"Salzburg",2039,4,4.153500000000008,13.574200000000019,4.55322000000001,102.91727808,"Übergang"
"Salzburg",2039,5,5.298150000000021,15.107540000000029,5.100400000000036,124.9691836032,"Sommer_Neben"
"Salzburg",2039,6,10.67532,21.31400000000002,12.043300000000045,174.925951488,"Sommer_Neben"
"Salzburg",2039,7,11.307299999999998,19.612270000000024,10.501520000000028,181.917838656,"Sommer_Haupt"
"Salzburg",2039,8,10.939450000000022,19.743280000000027,10.627130000000022,162.4775239872,"Sommer_Haupt"
"Salzburg",2039,9,9.60635000000002,21.526850000000024,12.2466,48.819788640000006,"Sommer_Neben"
"Salzburg",2039,10,3.451620000000048,11.747520000000009,3.367500000000007,54.887987836799994,"Übergang"
"Salzburg",2039,11,1.1062600000000202,6.47180000000003,1.7530500000000302,124.75943222400001,"Übergang"
"Salzburg",2039,12,-5.263739999999984,1.5381399999999985,-1.2968199999999683,123.78070252799999,"Winter_Haupt"
"Salzburg",2040,1,-8.346379999999954,-0.2387799999999629,-0.7217499999999859,51.1334977824,"Winter_Haupt"
"Salzburg",2040,2,-1.0103199999999788,7.708250000000021,3.5305000000000177,65.19026482560001,"Winter_Haupt"
"Salzburg",2040,3,-2.986499999999978,6.166300000000035,-1.0685799999999972,85.4398270368,"Winter_Haupt"
"Salzburg",2040,4,3.8108500000000163,13.472470000000044,5.125120000000038,95.94668246399999,"Übergang"
"Salzburg",2040,5,7.780500000000018,17.02242000000001,7.941400000000044,169.529167296,"Sommer_Neben"
"Salzburg",2040,6,10.864700000000028,20.9409,11.50490000000002,180.69185808,"Sommer_Neben"
"Salzburg",2040,7,11.536220000000014,20.715840000000014,11.392420000000016,173.864961216,"Sommer_Haupt"
"Salzburg",2040,8,10.348500000000001,22.552819999999997,12.504500000000007,36.3834713088,"Sommer_Haupt"
"Salzburg",2040,9,11.318930000000023,21.68807000000004,13.302180000000021,153.600242976,"Sommer_Neben"
"Salzburg",2040,10,4.986140000000034,12.85450000000003,5.7795300000000225,103.26497544,"Übergang"
"Salzburg",2040,11,4.527900000000045,10.226800000000026,5.811329999999998,113.91946272,"Übergang"
"Salzburg",2040,12,-6.190560000000005,0.9111300000000142,-0.8986999999999625,47.0459111904,"Winter_Haupt"
"Salzburg",2041,1,-10.63289999999995,-1.3454699999999775,-3.689579999999978,49.29776527679999,"Winter_Haupt"
"Salzburg",2041,2,-11.325319999999977,0.008480000000020027,-2.821079999999995,45.765554688,"Winter_Haupt"
"Salzburg",2041,3,-6.622379999999964,1.8034600000000296,-4.698069999999973,115.171882992,"Winter_Haupt"
"Salzburg",2041,4,-0.6324199999999678,9.07516000000004,1.153160000000014,116.95390416,"Übergang"
"Salzburg",2041,5,5.989280000000008,15.11850000000004,6.487360000000024,166.751479008,"Sommer_Neben"
"Salzburg",2041,6,8.63873000000001,17.727660000000014,8.506340000000023,183.44428992,"Sommer_Neben"
"Salzburg",2041,7,11.624570000000006,22.60137000000003,13.132620000000031,151.18940718719998,"Sommer_Haupt"
"Salzburg",2041,8,12.84838000000002,21.62760000000003,12.659199999999998,209.945500128,"Sommer_Haupt"
"Salzburg",2041,9,9.51400000000001,19.770399999999995,11.458000000000027,81.82627776,"Sommer_Neben"
"Salzburg",2041,10,6.904840000000036,16.7038,9.934529999999995,56.408469984,"Übergang"
"Salzburg",2041,11,-2.3530299999999897,4.103170000000034,-0.274599999999964,77.706078624,"Übergang"
"Salzburg",2041,12,-4.395939999999996,2.630580000000009,3.060480000000041,37.6563648384,"Winter_Haupt"
"Salzburg",2042,1,-6.070349999999962,0.20090000000004693,-2.568899999999985,88.89342831360001,"Winter_Haupt"
"Salzburg",2042,2,-1.660159999999962,4.597300000000018,0.9688700000000381,99.483140736,"Winter_Haupt"
"Salzburg",2042,3,-1.814799999999991,6.937430000000006,0.3027600000000348,149.37217171199998,"Winter_Haupt"
"Salzburg",2042,4,3.5406399999999962,12.05486000000002,3.2597300000000473,103.07633097600001,"Übergang"
"Salzburg",2042,5,4.847920000000045,15.352900000000034,5.927030000000002,100.33891718400001,"Sommer_Neben"
"Salzburg",2042,6,10.317380000000014,20.27484000000004,10.979880000000037,110.07571852800001,"Sommer_Neben"
"Salzburg",2042,7,12.609920000000045,23.862540000000024,13.6644,138.838185216,"Sommer_Haupt"
"Salzburg",2042,8,11.940449999999998,23.089440000000025,13.604700000000037,140.718837168,"Sommer_Haupt"
"Salzburg",2042,9,10.160600000000045,21.036069999999995,12.134000000000015,39.847046688,"Sommer_Neben"
"Salzburg",2042,10,5.619040000000041,16.496880000000033,8.31170000000003,61.6818699648,"Übergang"
"Salzburg",2042,11,2.7956800000000044,8.18383,2.908140000000003,116.05277203200001,"Übergang"
"Salzburg",2042,12,-3.9314999999999714,1.8647000000000276,-1.8314299999999548,50.1612037632,"Winter_Haupt"
"Salzburg",2043,1,-3.4762999999999806,2.060100000000034,-1.629699999999957,125.26437542400001,"Winter_Haupt"
"Salzburg",2043,2,-0.37409999999999854,5.583600000000047,0.4026700000000005,128.0152726272,"Winter_Haupt"
"Salzburg",2043,3,1.4781000000000404,9.079679999999996,1.9426500000000146,128.1219014592,"Winter_Haupt"
"Salzburg",2043,4,2.41070000000002,11.477530000000002,3.0278600000000324,128.43354816,"Übergang"
"Salzburg",2043,5,6.630700000000047,15.641200000000026,5.981130000000007,107.4407403168,"Sommer_Neben"
"Salzburg",2043,6,9.031120000000044,18.864530000000002,8.801450000000045,119.331410976,"Sommer_Neben"
"Salzburg",2043,7,14.745660000000044,25.44735000000003,16.023300000000006,154.4816857536,"Sommer_Haupt"
"Salzburg",2043,8,10.899440000000027,20.740319999999997,11.92610000000002,161.97387765119998,"Sommer_Haupt"
"Salzburg",2043,9,7.134800000000041,16.416650000000004,7.666500000000042,131.58438335999998,"Sommer_Neben"
"Salzburg",2043,10,4.320640000000026,13.385000000000048,6.058770000000038,90.61845986880002,"Übergang"
"Salzburg",2043,11,-0.595769999999959,7.013239999999996,1.5044200000000387,131.08231296000002,"Übergang"
"Salzburg",2043,12,-3.1491999999999507,3.106960000000015,0.6324000000000183,110.288717856,"Winter_Haupt"
"Salzburg",2044,1,-8.659159999999986,0.14672000000001617,-1.8324599999999691,50.117042303999995,"Winter_Haupt"
"Salzburg",2044,2,-8.388859999999966,0.1338400000000206,-3.8957299999999577,87.8305457088,"Winter_Haupt"
"Salzburg",2044,3,-4.892499999999984,4.339840000000038,-1.889599999999973,85.919616864,"Winter_Haupt"
"Salzburg",2044,4,0.10550000000000637,7.61080000000004,-0.4723599999999806,158.40950976,"Übergang"
"Salzburg",2044,5,6.499720000000025,15.62023000000005,6.697530000000029,166.87087136639997,"Sommer_Neben"
"Salzburg",2044,6,8.714140000000043,19.146230000000003,9.471500000000049,154.33079558400001,"Sommer_Neben"
"Salzburg",2044,7,12.924830000000043,23.596280000000036,14.184300000000007,207.88321248,"Sommer_Haupt"
"Salzburg",2044,8,12.286550000000034,22.027300000000025,13.580160000000035,206.59878576,"Sommer_Haupt"
"Salzburg",2044,9,9.161519999999996,20.449880000000007,11.788350000000037,101.67089932799999,"Sommer_Neben"
"Salzburg",2044,10,5.071000000000026,14.048429999999996,7.922140000000013,135.66176352,"Übergang"
"Salzburg",2044,11,1.7449300000000108,7.671199999999999,3.2663800000000265,91.89373536000001,"Übergang"
"Salzburg",2044,12,2.7771000000000186,7.075829999999996,3.135220000000004,126.4335345216,"Winter_Haupt"
"Salzburg",2045,1,0.19604000000003907,7.211200000000019,3.743160000000046,45.96577943039999,"Winter_Haupt"
"Salzburg",2045,2,0.7946699999999964,8.57534000000004,1.6761000000000195,97.77740152320001,"Winter_Haupt"
"Salzburg",2045,3,0.0695400000000177,8.59023000000002,1.1312500000000227,96.17972892479999,"Winter_Haupt"
"Salzburg",2045,4,2.9857000000000085,11.624050000000011,3.255520000000047,124.79435423999999,"Übergang"
"Salzburg",2045,5,9.633600000000001,20.192600000000027,10.863500000000045,126.9571161888,"Sommer_Neben"
"Salzburg",2045,6,10.523430000000019,19.932980000000043,10.606160000000045,193.60124928,"Sommer_Neben"
"Salzburg",2045,7,11.71935000000002,21.29382000000004,11.730200000000025,162.250695648,"Sommer_Haupt"
"Salzburg",2045,8,12.65536000000003,23.385250000000042,14.265920000000051,140.7934547136,"Sommer_Haupt"
"Salzburg",2045,9,10.805380000000014,20.341970000000003,11.689600000000041,66.5135064,"Sommer_Neben"
"Salzburg",2045,10,6.891900000000021,16.88384000000002,9.737099999999998,42.8956018272,"Übergang"
"Salzburg",2045,11,-2.0819999999999936,3.1831999999999994,-1.474519999999984,153.128667456,"Übergang"
"Salzburg",2045,12,-4.214969999999994,2.0232500000000186,0.29330000000004475,105.212882016,"Winter_Haupt"
"Salzburg",2046,1,-5.599279999999965,1.4416400000000067,0.08367000000004055,84.8735088192,"Winter_Haupt"
"Salzburg",2046,2,-5.466099999999983,1.9509500000000344,0.7303700000000504,49.331728857600005,"Winter_Haupt"
"Salzburg",2046,3,0.18566000000004124,9.939360000000022,3.922080000000051,114.3587984256,"Winter_Haupt"
"Salzburg",2046,4,0.07591999999999643,8.567600000000027,-0.5235999999999876,108.76892544,"Übergang"
"Salzburg",2046,5,6.741420000000005,15.668970000000002,6.723500000000001,146.069704512,"Sommer_Neben"
"Salzburg",2046,6,11.05800000000005,21.906200000000013,12.27896000000004,124.983951264,"Sommer_Neben"
"Salzburg",2046,7,11.001500000000021,20.736630000000048,11.113370000000032,105.6793441248,"Sommer_Haupt"
"Salzburg",2046,8,13.452840000000037,22.427880000000016,13.517359999999996,149.76870883200002,"Sommer_Haupt"
"Salzburg",2046,9,9.58447000000001,20.57665000000003,11.407920000000047,46.271479391999996,"Sommer_Neben"
"Salzburg",2046,10,6.951930000000004,18.965400000000045,11.477840000000015,23.251656441599998,"Übergang"
"Salzburg",2046,11,1.4054500000000303,7.8270500000000425,4.200829999999996,97.64600544,"Übergang"
"Salzburg",2046,12,0.44583000000000084,6.2771000000000186,3.377769999999998,88.891422192,"Winter_Haupt"
"Salzburg",2047,1,-4.165959999999984,1.5640999999999963,-1.2890999999999622,125.63720066880002,"Winter_Haupt"
"Salzburg",2047,2,-5.089969999999994,3.659750000000031,-1.2897699999999759,50.95482819840001,"Winter_Haupt"
"Salzburg",2047,3,-5.67587999999995,3.1594800000000305,-3.1748000000000047,160.3520930592,"Winter_Haupt"
"Salzburg",2047,4,0.32735999999999876,9.43380000000002,1.224080000000015,140.61806063999998,"Übergang"
"Salzburg",2047,5,6.504330000000039,16.952570000000037,8.013239999999996,113.0593807008,"Sommer_Neben"
"Salzburg",2047,6,9.002920000000017,18.7509,9.14443,196.08521471999998,"Sommer_Neben"
"Salzburg",2047,7,11.201900000000023,20.465720000000033,11.507530000000031,203.39943696,"Sommer_Haupt"
"Salzburg",2047,8,11.396800000000042,22.293800000000033,13.325919999999996,113.4135348192,"Sommer_Haupt"
"Salzburg",2047,9,9.64163000000002,20.398979999999995,11.852100000000007,91.97298576,"Sommer_Neben"
"Salzburg",2047,10,7.931600000000003,16.313320000000033,9.126370000000009,70.4749098528,"Übergang"
"Salzburg",2047,11,1.3507299999999987,7.447900000000004,2.88635000000005,97.74258335999998,"Übergang"
"Salzburg",2047,12,-3.136479999999949,1.7197500000000332,-2.751959999999997,152.93062431360002,"Winter_Haupt"
"Salzburg",2048,1,-9.82153999999997,-1.4575999999999567,-3.5262500000000045,47.2460224896,"Winter_Haupt"
"Salzburg",2048,2,-0.546419999999955,6.956700000000012,1.8032200000000103,93.5464607424,"Winter_Haupt"
"Salzburg",2048,3,1.214870000000019,9.95016000000004,2.509330000000034,101.43122762879999,"Winter_Haupt"
"Salzburg",2048,4,3.22222000000005,11.53588000000002,2.7656200000000126,120.87903974399998,"Übergang"
"Salzburg",2048,5,7.5182700000000295,17.903830000000028,8.389340000000004,191.722978944,"Sommer_Neben"
"Salzburg",2048,6,10.11280000000005,21.049040000000048,10.88384000000002,85.05671328000001,"Sommer_Neben"
"Salzburg",2048,7,11.628500000000031,21.766700000000014,12.283470000000023,197.511992352,"Sommer_Haupt"
"Salzburg",2048,8,11.618920000000003,20.790700000000015,11.761560000000031,184.630803408,"Sommer_Haupt"
"Salzburg",2048,9,12.001250000000027,19.852040000000045,11.922240000000045,153.78463008,"Sommer_Neben"
"Salzburg",2048,10,5.349330000000009,14.100950000000012,7.387699999999995,78.1658417088,"Übergang"
"Salzburg",2048,11,0.7889300000000503,6.726800000000026,2.624080000000049,72.72435312,"Übergang"
"Salzburg",2048,12,-4.427159999999958,1.7841000000000236,0.45803000000000793,65.060532288,"Winter_Haupt"
"Salzburg",2049,1,0.3581800000000044,5.4698999999999955,2.319970000000012,116.88999624,"Winter_Haupt"
"Salzburg",2049,2,-5.072239999999965,2.983120000000042,-1.67349999999999,126.0962422272,"Winter_Haupt"
"Salzburg",2049,3,-5.826449999999966,2.204900000000009,-3.304329999999993,82.53918144,"Winter_Haupt"
"Salzburg",2049,4,3.673400000000015,12.171930000000032,3.891080000000045,169.04572992,"Übergang"
"Salzburg",2049,5,8.545680000000004,19.42147,9.850300000000004,110.7645811488,"Sommer_Neben"
"Salzburg",2049,6,13.070730000000026,24.149770000000046,14.300560000000019,128.183767488,"Sommer_Neben"
"Salzburg",2049,7,12.759760000000028,21.506280000000004,12.14855,217.9106064,"Sommer_Haupt"
"Salzburg",2049,8,13.441580000000044,24.139280000000042,14.592300000000023,61.7983589376,"Sommer_Haupt"
"Salzburg",2049,9,11.867639999999994,23.813379999999995,14.849270000000047,64.40777856,"Sommer_Neben"
"Salzburg",2049,10,6.36080000000004,13.521630000000016,6.459530000000029,176.61934742399998,"Übergang"
"Salzburg",2049,11,0.4374300000000062,6.728499999999997,2.776480000000049,62.961297408,"Übergang"
"Salzburg",2049,12,-6.541239999999959,-1.2138699999999858,-5.03756999999996,156.4657721568,"Winter_Haupt"
"Steiermark",2025,1,-5.824959999999976,0.9408999999999992,-1.69135,81.57854381759999,"Winter_Haupt"
"Steiermark",2025,2,-4.178099999999972,2.875500000000045,-2.2174399999999537,49.6087248384,"Winter_Haupt"
"Steiermark",2025,3,-3.0025399999999536,5.85214000000002,-1.1566199999999753,74.02964215680001,"Winter_Haupt"
"Steiermark",2025,4,2.911699999999996,12.818399999999997,4.1337500000000205,76.380211008,"Übergang"
"Steiermark",2025,5,5.614680000000021,13.919430000000034,5.579160000000002,153.894944736,"Sommer_Neben"
"Steiermark",2025,6,12.087240000000008,21.275480000000016,11.922780000000046,57.927275712,"Sommer_Neben"
"Steiermark",2025,7,11.963459999999998,22.55618000000004,12.75848000000002,78.074074368,"Sommer_Haupt"
"Steiermark",2025,8,11.569450000000018,22.142449999999997,12.60850000000005,87.0757026912,"Sommer_Haupt"
"Steiermark",2025,9,7.792020000000036,17.520140000000026,8.397670000000005,63.282713184,"Sommer_Neben"
"Steiermark",2025,10,3.5051799999999957,12.891050000000007,5.138940000000048,66.6144971136,"Übergang"
"Steiermark",2025,11,-2.907169999999951,3.9226600000000076,-0.8272199999999543,73.93043664,"Übergang"
"Steiermark",2025,12,-6.739839999999958,0.8584500000000048,-1.6289699999999812,25.3300359168,"Winter_Haupt"
"Steiermark",2026,1,-10.195499999999981,-3.9334499999999935,-5.542819999999949,98.7884316,"Winter_Haupt"
"Steiermark",2026,2,-2.5526799999999525,5.77860000000004,4.1747400000000425,31.040718912,"Winter_Haupt"
"Steiermark",2026,3,-2.1754499999999553,5.100800000000049,-0.8081399999999803,97.84503215999999,"Winter_Haupt"
"Steiermark",2026,4,2.08044000000001,12.110130000000026,3.4701200000000085,89.73038995200001,"Übergang"
"Steiermark",2026,5,5.886800000000051,16.138000000000034,7.111230000000035,98.45049251520001,"Sommer_Neben"
"Steiermark",2026,6,10.817740000000015,19.69998000000004,10.428860000000043,84.89494656,"Sommer_Neben"
"Steiermark",2026,7,12.353750000000048,22.04373000000004,13.615530000000035,223.902080064,"Sommer_Haupt"
"Steiermark",2026,8,10.144370000000038,20.241100000000017,11.604100000000017,121.21129733759999,"Sommer_Haupt"
"Steiermark",2026,9,7.183040000000005,16.208730000000003,8.136930000000007,170.42195232,"Sommer_Neben"
"Steiermark",2026,10,2.31230000000005,10.49630000000002,4.377340000000004,68.07289394879999,"Übergang"
"Steiermark",2026,11,0.8536300000000097,7.576650000000029,3.9681600000000117,60.01269264,"Übergang"
"Steiermark",2026,12,-5.069699999999955,1.0363000000000397,-0.7825399999999831,29.081180649599997,"Winter_Haupt"
"Steiermark",2027,1,-6.100930000000005,1.8953200000000265,0.44735000000002856,4.768903788479999,"Winter_Haupt"
"Steiermark",2027,2,-1.2421999999999684,8.249720000000025,2.7577,13.562323084800001,"Winter_Haupt"
"Steiermark",2027,3,-0.5133699999999521,8.805750000000046,0.7324500000000285,92.87895715200001,"Winter_Haupt"
"Steiermark",2027,4,4.638360000000034,14.427450000000022,5.4123800000000415,79.29679680000001,"Übergang"
"Steiermark",2027,5,9.508050000000026,20.649,11.433700000000044,98.863118784,"Sommer_Neben"
"Steiermark",2027,6,9.733670000000018,20.292750000000012,10.229550000000017,87.20848022400001,"Sommer_Neben"
"Steiermark",2027,7,12.024350000000027,23.634500000000003,13.879420000000039,134.81474630399998,"Sommer_Haupt"
"Steiermark",2027,8,11.321439999999996,22.41387000000003,12.863730000000032,70.570938528,"Sommer_Haupt"
"Steiermark",2027,9,9.26565000000005,20.137200000000007,10.59557000000001,28.189601856,"Sommer_Neben"
"Steiermark",2027,10,4.950070000000039,13.78564,6.227380000000039,79.67617539839999,"Übergang"
"Steiermark",2027,11,-1.1517000000000053,3.2583999999999946,0.2972400000000448,69.79480992,"Übergang"
"Steiermark",2027,12,-5.2097499999999854,0.2890300000000252,-0.8198600000000056,44.339725468800005,"Winter_Haupt"
"Steiermark",2028,1,-10.362859999999955,-1.6023999999999887,-3.2304699999999684,62.349174575999996,"Winter_Haupt"
"Steiermark",2028,2,-4.544679999999971,1.286200000000008,-2.3520299999999565,71.9466302592,"Winter_Haupt"
"Steiermark",2028,3,-3.1520999999999617,5.982600000000048,-0.7286399999999844,94.9625728992,"Winter_Haupt"
"Steiermark",2028,4,3.542259999999999,13.787200000000041,5.598050000000001,83.83279161600001,"Übergang"
"Steiermark",2028,5,3.9518000000000484,12.481960000000015,3.1788999999999987,92.99893072319999,"Sommer_Neben"
"Steiermark",2028,6,11.033470000000023,21.326300000000003,12.341180000000008,163.251718272,"Sommer_Neben"
"Steiermark",2028,7,15.935940000000016,26.87280000000004,17.475120000000004,78.47109359999999,"Sommer_Haupt"
"Steiermark",2028,8,12.940240000000017,23.28307000000001,14.204200000000014,127.11640867199999,"Sommer_Haupt"
"Steiermark",2028,9,8.023600000000044,16.161680000000047,8.440400000000011,123.69235507200001,"Sommer_Neben"
"Steiermark",2028,10,6.766720000000021,14.430000000000007,7.7712999999999965,100.75859567999998,"Übergang"
"Steiermark",2028,11,-2.41413,4.0825700000000325,-1.3821999999999548,107.833490784,"Übergang"
"Steiermark",2028,12,-7.6378199999999765,-1.6776199999999903,-3.1188699999999585,66.2245327872,"Winter_Haupt"
"Steiermark",2029,1,-7.0120299999999816,-1.348639999999989,-0.585329999999999,58.5777945312,"Winter_Haupt"
"Steiermark",2029,2,-3.9096399999999676,3.9955400000000054,0.46252000000004045,24.864912576,"Winter_Haupt"
"Steiermark",2029,3,-1.9300999999999817,8.025050000000022,-0.6786999999999921,41.976551721599996,"Winter_Haupt"
"Steiermark",2029,4,0.23733000000004267,7.98422000000005,-0.19201999999995678,169.26011424,"Übergang"
"Steiermark",2029,5,5.736930000000029,15.007870000000025,6.03964000000002,71.6662487808,"Sommer_Neben"
"Steiermark",2029,6,10.585320000000024,20.95350000000002,12.060540000000003,108.655688736,"Sommer_Neben"
"Steiermark",2029,7,13.107140000000015,22.780200000000036,13.755179999999996,153.8961125184,"Sommer_Haupt"
"Steiermark",2029,8,12.078970000000027,21.999900000000025,12.607400000000041,95.6756165472,"Sommer_Haupt"
"Steiermark",2029,9,9.435900000000004,19.07958000000002,11.074820000000045,112.53992256000001,"Sommer_Neben"
"Steiermark",2029,10,4.042750000000012,11.375730000000033,4.4483600000000365,97.467900048,"Übergang"
"Steiermark",2029,11,2.662869999999998,8.381400000000042,3.710930000000019,148.615471872,"Übergang"
"Steiermark",2029,12,-2.730539999999962,3.481230000000039,0.16882000000003927,60.3188697024,"Winter_Haupt"
"Steiermark",2030,1,-9.579049999999995,-4.309969999999964,-4.006929999999954,62.37834770879999,"Winter_Haupt"
"Steiermark",2030,2,-7.787239999999997,-0.1927000000000021,-3.5471599999999626,23.437449100800002,"Winter_Haupt"
"Steiermark",2030,3,-3.1709399999999732,6.637350000000026,0.006000000000028649,48.56152668480001,"Winter_Haupt"
"Steiermark",2030,4,3.9245500000000106,14.70016000000004,5.873350000000016,53.990489088000004,"Übergang"
"Steiermark",2030,5,7.290340000000015,16.838099999999997,8.687800000000038,147.4945249248,"Sommer_Neben"
"Steiermark",2030,6,11.727959999999996,20.621880000000033,11.504940000000033,192.15180288000002,"Sommer_Neben"
"Steiermark",2030,7,10.332700000000045,19.30370000000005,10.510860000000037,168.5219656896,"Sommer_Haupt"
"Steiermark",2030,8,10.001640000000009,19.95422000000002,11.392800000000022,121.0498969536,"Sommer_Haupt"
"Steiermark",2030,9,8.462240000000008,17.561980000000005,9.377859999999998,72.08815967999999,"Sommer_Neben"
"Steiermark",2030,10,3.298400000000015,12.780850000000044,6.1216400000000135,20.7834545952,"Übergang"
"Steiermark",2030,11,-3.812599999999975,4.903920000000028,-0.1389499999999657,28.034970912,"Übergang"
"Steiermark",2030,12,-3.800329999999974,3.9715000000000487,2.698599999999999,36.3165220224,"Winter_Haupt"
"Steiermark",2031,1,-4.679079999999999,2.5495500000000106,1.0651000000000295,16.68983517504,"Winter_Haupt"
"Steiermark",2031,2,-2.89489999999995,5.378900000000044,-1.2188999999999623,26.372110464000002,"Winter_Haupt"
"Steiermark",2031,3,-0.21692999999999074,11.03436000000005,2.7830000000000155,46.5505973568,"Winter_Haupt"
"Steiermark",2031,4,3.018850000000043,13.605070000000012,4.086569999999995,70.471487808,"Übergang"
"Steiermark",2031,5,6.609460000000013,16.990660000000048,7.18300000000005,102.66742707840001,"Sommer_Neben"
"Steiermark",2031,6,10.734640000000013,20.797420000000045,11.08077000000003,160.01017344000002,"Sommer_Neben"
"Steiermark",2031,7,13.692560000000014,24.0351,14.393820000000005,128.12445129600002,"Sommer_Haupt"
"Steiermark",2031,8,12.328030000000012,22.658380000000022,13.60510000000005,118.74000729599999,"Sommer_Haupt"
"Steiermark",2031,9,9.016999999999996,18.165300000000002,9.335230000000024,36.430023456,"Sommer_Neben"
"Steiermark",2031,10,2.497250000000008,10.196000000000026,3.875150000000019,78.7130790048,"Übergang"
"Steiermark",2031,11,-2.027349999999956,5.159970000000044,1.6658600000000092,144.21325536,"Übergang"
"Steiermark",2031,12,-5.28222999999997,2.066000000000031,2.021569999999997,60.03218448,"Winter_Haupt"
"Steiermark",2032,1,-8.848119999999994,-1.3059999999999832,-2.9951999999999543,52.9511859072,"Winter_Haupt"
"Steiermark",2032,2,-1.586500000000001,5.376280000000008,2.0914000000000215,44.0685379008,"Winter_Haupt"
"Steiermark",2032,3,0.331230000000005,10.053030000000035,2.5785000000000196,74.6688262464,"Winter_Haupt"
"Steiermark",2032,4,-0.43259999999997945,7.550040000000024,0.20600000000001728,189.37966924799997,"Übergang"
"Steiermark",2032,5,6.383450000000039,15.900260000000003,6.9919700000000375,174.58065648,"Sommer_Neben"
"Steiermark",2032,6,12.19583,21.92452000000003,12.439170000000047,100.05967584000001,"Sommer_Neben"
"Steiermark",2032,7,10.490380000000016,20.44933000000003,11.355800000000045,173.94788448,"Sommer_Haupt"
"Steiermark",2032,8,14.462030000000027,26.341030000000046,16.524260000000027,55.9047138336,"Sommer_Haupt"
"Steiermark",2032,9,10.383140000000026,21.402000000000044,11.790700000000015,22.235459040000002,"Sommer_Neben"
"Steiermark",2032,10,5.506400000000042,15.377440000000036,8.265500000000031,66.298810176,"Übergang"
"Steiermark",2032,11,-0.5158999999999878,4.7721500000000106,-0.8090299999999502,108.41566176,"Übergang"
"Steiermark",2032,12,-4.59036999999995,2.036900000000003,-1.802979999999991,58.878434217599995,"Winter_Haupt"
"Steiermark",2033,1,-13.49694999999997,-6.900639999999953,-6.181129999999996,47.22957175679999,"Winter_Haupt"
"Steiermark",2033,2,-6.679359999999974,0.17693000000002712,-3.403699999999958,52.553321856000004,"Winter_Haupt"
"Steiermark",2033,3,-1.2849799999999618,6.5096000000000345,-0.39196999999995796,61.1398314432,"Winter_Haupt"
"Steiermark",2033,4,4.774100000000033,15.01785000000001,6.635220000000004,98.03328393599999,"Übergang"
"Steiermark",2033,5,7.284660000000031,18.36500000000001,9.046440000000018,68.7202257312,"Sommer_Neben"
"Steiermark",2033,6,12.243980000000022,23.224900000000048,13.258450000000039,98.24540544,"Sommer_Neben"
"Steiermark",2033,7,13.011250000000018,23.813199999999995,14.27600000000001,146.6075808,"Sommer_Haupt"
"Steiermark",2033,8,11.646100000000047,23.582240000000013,13.557029999999997,56.8234800288,"Sommer_Haupt"
"Steiermark",2033,9,11.774220000000014,23.505150000000015,14.104640000000018,50.35814064,"Sommer_Neben"
"Steiermark",2033,10,6.879300000000001,16.582570000000032,8.576300000000003,45.61433049600001,"Übergang"
"Steiermark",2033,11,-1.6327999999999747,6.5423000000000116,1.3410000000000082,50.00999616,"Übergang"
"Steiermark",2033,12,-7.871219999999994,-1.340949999999964,-3.9307000000000016,91.98966139199999,"Winter_Haupt"
"Steiermark",2034,1,-6.287199999999984,0.37175999999999476,-0.18859999999995125,22.8581539488,"Winter_Haupt"
"Steiermark",2034,2,-6.618380000000002,3.125540000000001,-1.6510700000000043,15.846842108159999,"Winter_Haupt"
"Steiermark",2034,3,-2.897199999999998,4.623130000000003,-2.7960599999999545,79.5506682528,"Winter_Haupt"
"Steiermark",2034,4,3.3384599999999978,13.23135000000002,3.9852200000000266,61.10830252800001,"Übergang"
"Steiermark",2034,5,8.925560000000019,20.01592000000005,10.765440000000012,122.45111798399999,"Sommer_Neben"
"Steiermark",2034,6,12.17840000000001,23.06808000000001,13.223100000000045,63.470394719999994,"Sommer_Neben"
"Steiermark",2034,7,12.40930000000003,22.448540000000037,13.378500000000031,183.50783064000004,"Sommer_Haupt"
"Steiermark",2034,8,14.114950000000022,24.612570000000005,15.250730000000033,83.03799862080001,"Sommer_Haupt"
"Steiermark",2034,9,8.607230000000015,18.434870000000046,9.878000000000043,105.57556329600001,"Sommer_Neben"
"Steiermark",2034,10,3.5009000000000015,10.19010000000003,2.8107200000000034,56.0419604064,"Übergang"
"Steiermark",2034,11,-1.5401399999999512,5.897360000000049,1.431759999999997,37.560039552,"Übergang"
"Steiermark",2034,12,-6.701639999999998,-1.0087299999999573,-2.4785999999999717,67.5118093248,"Winter_Haupt"
"Steiermark",2035,1,-6.175099999999986,-0.062629999999956,-2.0818499999999744,21.409514524800002,"Winter_Haupt"
"Steiermark",2035,2,-4.0553299999999695,5.7398600000000215,0.32490000000001373,30.414187238400004,"Winter_Haupt"
"Steiermark",2035,3,-0.07189999999997099,7.867550000000051,0.13397000000003345,43.705627660800005,"Winter_Haupt"
"Steiermark",2035,4,2.5243200000000456,11.69482000000005,2.9768000000000256,124.267628736,"Übergang"
"Steiermark",2035,5,5.758100000000013,15.527030000000025,6.166680000000042,77.7038766336,"Sommer_Neben"
"Steiermark",2035,6,12.12954000000002,23.10244,13.593350000000044,118.02246912,"Sommer_Neben"
"Steiermark",2035,7,14.259640000000047,25.129500000000007,15.517970000000048,122.34855401280001,"Sommer_Haupt"
"Steiermark",2035,8,11.861350000000016,21.83140000000003,12.801170000000013,115.4925651456,"Sommer_Haupt"
"Steiermark",2035,9,7.326440000000048,17.523000000000025,8.629660000000001,107.430354432,"Sommer_Neben"
"Steiermark",2035,10,2.691030000000012,10.91796000000005,4.357100000000003,115.64463398400001,"Übergang"
"Steiermark",2035,11,0.1119600000000105,5.9839000000000055,1.6016800000000444,51.887011103999995,"Übergang"
"Steiermark",2035,12,-6.570259999999962,0.2622000000000071,-3.634649999999965,42.049192608,"Winter_Haupt"
"Steiermark",2036,1,-5.787329999999997,1.9130200000000173,1.5460800000000177,57.230714678400005,"Winter_Haupt"
"Steiermark",2036,2,-3.7428299999999695,4.377900000000011,0.8387400000000298,15.1651014048,"Winter_Haupt"
"Steiermark",2036,3,-1.5298799999999915,6.842740000000049,-0.439899999999966,78.02029209599999,"Winter_Haupt"
"Steiermark",2036,4,4.441830000000039,16.013670000000047,7.027370000000019,41.50240934399999,"Übergang"
"Steiermark",2036,5,6.614130000000046,17.267600000000016,7.815480000000036,177.983135136,"Sommer_Neben"
"Steiermark",2036,6,12.66744,23.88757000000004,14.756340000000023,127.520534304,"Sommer_Neben"
"Steiermark",2036,7,9.511099999999999,18.551900000000046,9.967520000000036,187.94587248,"Sommer_Haupt"
"Steiermark",2036,8,10.17593000000005,19.816340000000025,11.107230000000015,119.843079552,"Sommer_Haupt"
"Steiermark",2036,9,9.260950000000037,19.782039999999995,11.699600000000032,69.655637664,"Sommer_Neben"
"Steiermark",2036,10,5.346640000000036,16.42303000000004,9.723000000000013,17.4646531728,"Übergang"
"Steiermark",2036,11,-1.6344699999999648,5.948020000000042,1.4367600000000493,62.83361548799999,"Übergang"
"Steiermark",2036,12,-12.135400000000004,-5.377499999999998,-4.528660000000002,51.347767104,"Winter_Haupt"
"Steiermark",2037,1,-6.4113799999999515,-1.59866999999997,-2.711399999999969,83.055737664,"Winter_Haupt"
"Steiermark",2037,2,-7.012239999999963,0.11517000000003463,-3.321139999999957,54.3882947328,"Winter_Haupt"
"Steiermark",2037,3,-2.5680999999999585,5.934750000000008,-0.9356799999999907,49.3001249472,"Winter_Haupt"
"Steiermark",2037,4,0.4972200000000271,10.761250000000018,1.4730200000000195,61.285136544,"Übergang"
"Steiermark",2037,5,5.41464000000002,14.371200000000044,5.520440000000008,135.4780467072,"Sommer_Neben"
"Steiermark",2037,6,10.162000000000035,20.997600000000034,11.821619999999996,112.750434432,"Sommer_Neben"
"Steiermark",2037,7,13.065600000000018,24.15980000000002,15.095270000000028,177.305419584,"Sommer_Haupt"
"Steiermark",2037,8,11.743100000000027,22.597470000000044,13.258000000000038,36.0043036128,"Sommer_Haupt"
"Steiermark",2037,9,9.524200000000008,20.722530000000006,11.325739999999996,29.931837984,"Sommer_Neben"
"Steiermark",2037,10,4.0692000000000235,13.591000000000008,6.593620000000044,55.4425237728,"Übergang"
"Steiermark",2037,11,-0.8152499999999918,5.9575399999999945,1.039420000000007,129.24948384,"Übergang"
"Steiermark",2037,12,-6.99309999999997,-0.7161600000000021,0.3912300000000073,77.89728925440001,"Winter_Haupt"
"Steiermark",2038,1,-5.796179999999993,1.5096400000000472,-0.09296000000000504,35.5280707008,"Winter_Haupt"
"Steiermark",2038,2,-2.825049999999976,5.93300000000005,0.6317400000000362,19.171661644799997,"Winter_Haupt"
"Steiermark",2038,3,-2.627749999999992,5.490440000000035,-3.151899999999955,46.9616942592,"Winter_Haupt"
"Steiermark",2038,4,0.6465400000000159,11.193870000000004,2.1292000000000257,82.34086751999999,"Übergang"
"Steiermark",2038,5,8.155570000000012,18.43643000000003,9.01266000000004,119.9075834592,"Sommer_Neben"
"Steiermark",2038,6,11.059000000000026,20.83743000000004,11.724760000000003,138.65887411199998,"Sommer_Neben"
"Steiermark",2038,7,13.462980000000016,24.643820000000005,15.030100000000004,136.079031456,"Sommer_Haupt"
"Steiermark",2038,8,14.053500000000042,25.07394000000005,16.317960000000028,105.63173020800001,"Sommer_Haupt"
"Steiermark",2038,9,9.724570000000028,19.95022,11.274040000000014,52.561579104,"Sommer_Neben"
"Steiermark",2038,10,4.893370000000004,11.981560000000002,5.819569999999999,93.4965828,"Übergang"
"Steiermark",2038,11,-0.6370999999999754,5.373130000000003,0.8684000000000083,43.33536288,"Übergang"
"Steiermark",2038,12,-3.551459999999963,3.0204700000000457,0.688350000000014,67.799892672,"Winter_Haupt"
"Steiermark",2039,1,-5.264319999999998,1.497980000000041,-0.10325000000000273,33.619477679999996,"Winter_Haupt"
"Steiermark",2039,2,-6.203739999999982,1.8779800000000364,-4.870029999999986,28.571303577600002,"Winter_Haupt"
"Steiermark",2039,3,-1.9835599999999545,7.783070000000009,0.011960000000044602,66.5317613376,"Winter_Haupt"
"Steiermark",2039,4,3.135340000000042,13.305080000000032,4.345850000000041,82.61846035199999,"Übergang"
"Steiermark",2039,5,5.198630000000037,14.35143000000005,5.0774000000000115,117.848582208,"Sommer_Neben"
"Steiermark",2039,6,10.955560000000048,22.50698,13.34942000000001,109.420886016,"Sommer_Neben"
"Steiermark",2039,7,11.252920000000017,20.269040000000018,11.604759999999999,134.8819098624,"Sommer_Haupt"
"Steiermark",2039,8,10.949370000000044,20.612660000000005,11.705320000000029,161.0719666272,"Sommer_Haupt"
"Steiermark",2039,9,8.807200000000023,20.470000000000027,11.573180000000036,52.39904256,"Sommer_Neben"
"Steiermark",2039,10,3.0148300000000177,11.494349999999997,2.9309600000000273,24.4887263712,"Übergang"
"Steiermark",2039,11,-1.0647599999999784,5.332060000000013,1.3326700000000073,129.227959872,"Übergang"
"Steiermark",2039,12,-5.5925699999999665,0.11522999999999683,-1.9825799999999845,56.3878436256,"Winter_Haupt"
"Steiermark",2040,1,-10.874879999999962,-3.577669999999955,-2.694699999999955,33.085485072,"Winter_Haupt"
"Steiermark",2040,2,-2.588959999999986,6.857970000000023,3.2438600000000406,19.913352465600003,"Winter_Haupt"
"Steiermark",2040,3,-1.7119500000000016,6.154020000000003,-2.46017999999998,53.728315632,"Winter_Haupt"
"Steiermark",2040,4,3.4419200000000387,13.980860000000007,4.442100000000039,54.093541824000006,"Übergang"
"Steiermark",2040,5,8.280700000000024,16.712000000000046,8.233450000000005,215.543717712,"Sommer_Neben"
"Steiermark",2040,6,11.021200000000022,20.621880000000033,11.65870000000001,192.43531584000002,"Sommer_Neben"
"Steiermark",2040,7,11.07668000000001,20.734550000000013,12.300350000000037,206.30228688,"Sommer_Haupt"
"Steiermark",2040,8,11.19870000000003,21.816460000000006,11.99532000000005,22.7102928768,"Sommer_Haupt"
"Steiermark",2040,9,11.154170000000022,21.68673000000001,13.260550000000023,72.912371616,"Sommer_Neben"
"Steiermark",2040,10,5.023740000000032,13.137170000000026,6.301050000000032,135.20635516800002,"Übergang"
"Steiermark",2040,11,2.804040000000043,10.013850000000048,5.412040000000047,124.68199103999999,"Übergang"
"Steiermark",2040,12,-5.559419999999989,0.6341500000000337,-2.0562799999999584,35.855325648,"Winter_Haupt"
"Steiermark",2041,1,-8.592079999999953,-2.863929999999982,-5.9542299999999955,65.7868018752,"Winter_Haupt"
"Steiermark",2041,2,-11.091349999999977,-3.160039999999981,-4.303139999999985,52.392861158399995,"Winter_Haupt"
"Steiermark",2041,3,-7.199259999999981,1.6838600000000383,-4.668520000000001,53.015604105600005,"Winter_Haupt"
"Steiermark",2041,4,-0.3564199999999573,9.292349999999999,0.7798999999999978,71.86843583999999,"Übergang"
"Steiermark",2041,5,5.366420000000005,14.406150000000025,6.403500000000008,169.06623264,"Sommer_Neben"
"Steiermark",2041,6,8.50347000000005,17.938350000000014,9.108730000000037,187.31399040000002,"Sommer_Neben"
"Steiermark",2041,7,11.937900000000013,22.126430000000028,13.165800000000047,114.264066096,"Sommer_Haupt"
"Steiermark",2041,8,13.013180000000034,22.156240000000025,13.48046000000005,139.386292992,"Sommer_Haupt"
"Steiermark",2041,9,10.251580000000047,18.72878000000003,10.996100000000013,114.54537888,"Sommer_Neben"
"Steiermark",2041,10,6.119070000000022,15.341300000000047,9.102620000000002,108.549699696,"Übergang"
"Steiermark",2041,11,-1.7342599999999493,3.7340300000000184,-1.013559999999984,68.454569664,"Übergang"
"Steiermark",2041,12,-4.014139999999998,2.2401399999999967,1.9925000000000068,9.52916705856,"Winter_Haupt"
"Steiermark",2042,1,-6.957499999999982,-0.24349999999998317,-2.2713399999999524,69.16736050559999,"Winter_Haupt"
"Steiermark",2042,2,-4.168520000000001,2.214960000000019,-0.16803999999996222,84.50338176,"Winter_Haupt"
"Steiermark",2042,3,-1.0043999999999755,6.663900000000012,-0.132000000000005,118.439865792,"Winter_Haupt"
"Steiermark",2042,4,3.073880000000031,12.446300000000008,3.8880000000000337,100.8567936,"Übergang"
"Steiermark",2042,5,5.539800000000014,14.837060000000008,5.862360000000024,159.274430784,"Sommer_Neben"
"Steiermark",2042,6,10.316670000000045,19.44344000000001,10.554830000000038,138.08460096000002,"Sommer_Neben"
"Steiermark",2042,7,12.618550000000027,23.571000000000026,13.942530000000033,49.678989984000005,"Sommer_Haupt"
"Steiermark",2042,8,12.600400000000036,24.336270000000013,14.801660000000027,79.5297151296,"Sommer_Haupt"
"Steiermark",2042,9,11.27337,22.09677000000005,12.673730000000035,23.26886352,"Sommer_Neben"
"Steiermark",2042,10,5.691400000000044,16.442319999999995,7.634060000000034,28.1519472672,"Übergang"
"Steiermark",2042,11,1.7627200000000016,8.717460000000017,3.506619999999998,41.245739136,"Übergang"
"Steiermark",2042,12,-6.069399999999973,0.9043800000000033,-3.04446999999999,45.3545069472,"Winter_Haupt"
"Steiermark",2043,1,-5.715219999999988,0.3909500000000321,-2.6417999999999893,28.674626313599997,"Winter_Haupt"
"Steiermark",2043,2,-2.636479999999949,3.933530000000019,-0.8781199999999671,61.92754283519999,"Winter_Haupt"
"Steiermark",2043,3,0.47845000000000937,9.01934,2.111500000000035,118.6774880832,"Winter_Haupt"
"Steiermark",2043,4,1.8354400000000055,11.784270000000049,3.5635599999999954,101.581563456,"Übergang"
"Steiermark",2043,5,6.293730000000039,15.451750000000004,6.301780000000008,100.7122700736,"Sommer_Neben"
"Steiermark",2043,6,8.095300000000009,17.851,8.241270000000043,140.79684384,"Sommer_Neben"
"Steiermark",2043,7,15.289540000000045,25.567470000000014,16.254500000000007,177.03337449600002,"Sommer_Haupt"
"Steiermark",2043,8,11.377340000000004,21.71640000000002,12.755269999999996,113.06270459520002,"Sommer_Haupt"
"Steiermark",2043,9,7.065420000000017,16.422780000000046,7.5712500000000205,90.668725056,"Sommer_Neben"
"Steiermark",2043,10,2.407039999999995,11.263700000000028,3.6813999999999965,68.5765402848,"Übergang"
"Steiermark",2043,11,-1.5457999999999856,6.528070000000014,1.2626999999999953,58.990980672,"Übergang"
"Steiermark",2043,12,-2.905370000000005,3.0145800000000236,0.46170000000000755,29.693768227199996,"Winter_Haupt"
"Steiermark",2044,1,-9.012999999999977,-0.6041299999999978,-2.164859999999976,56.945971296,"Winter_Haupt"
"Steiermark",2044,2,-9.304659999999956,-0.5111499999999864,-3.5387999999999806,60.22375971839999,"Winter_Haupt"
"Steiermark",2044,3,-2.9705299999999966,4.810480000000041,-2.789159999999981,56.1536657568,"Winter_Haupt"
"Steiermark",2044,4,-0.22741999999999507,8.118430000000046,-0.0003699999999753345,122.10124031999999,"Übergang"
"Steiermark",2044,5,6.183400000000006,15.239770000000021,6.876760000000047,178.465166784,"Sommer_Neben"
"Steiermark",2044,6,8.856899999999996,18.532399999999996,9.473299999999995,141.991685856,"Sommer_Neben"
"Steiermark",2044,7,13.774069999999995,23.408780000000036,14.52767,137.152480608,"Sommer_Haupt"
"Steiermark",2044,8,12.56844000000001,22.123040000000003,14.129020000000025,175.318314624,"Sommer_Haupt"
"Steiermark",2044,9,9.357020000000034,19.580219999999997,11.288780000000031,54.100006271999995,"Sommer_Neben"
"Steiermark",2044,10,4.7380300000000375,12.453730000000007,7.150000000000034,152.7603584256,"Übergang"
"Steiermark",2044,11,0.5458000000000425,5.231160000000045,1.2530000000000427,86.22959328,"Übergang"
"Steiermark",2044,12,-0.8657599999999661,6.025170000000003,3.0085000000000264,65.02974408,"Winter_Haupt"
"Steiermark",2045,1,-2.726199999999949,6.489530000000002,3.6633000000000493,26.934748387200003,"Winter_Haupt"
"Steiermark",2045,2,-0.7572700000000054,7.828400000000045,1.605600000000038,28.3216566528,"Winter_Haupt"
"Steiermark",2045,3,-1.0707799999999565,7.894069999999999,0.5164400000000455,71.25119856,"Winter_Haupt"
"Steiermark",2045,4,3.2103800000000433,12.577359999999999,4.273580000000038,105.910975872,"Übergang"
"Steiermark",2045,5,8.945150000000012,19.01373000000001,10.24368000000004,111.194900928,"Sommer_Neben"
"Steiermark",2045,6,11.294399999999996,20.425900000000013,11.660420000000045,175.210143552,"Sommer_Neben"
"Steiermark",2045,7,12.03430000000003,21.50128000000001,12.565240000000017,135.246450816,"Sommer_Haupt"
"Steiermark",2045,8,12.695600000000013,22.947080000000028,14.07665000000003,148.005384192,"Sommer_Haupt"
"Steiermark",2045,9,10.824550000000045,19.549800000000005,11.23350000000005,79.982725536,"Sommer_Neben"
"Steiermark",2045,10,5.213400000000036,15.472920000000045,9.13330000000002,24.8732964,"Übergang"
"Steiermark",2045,11,-2.19802999999996,3.478330000000028,-1.35154,72.643744512,"Übergang"
"Steiermark",2045,12,-5.68629999999996,1.1339399999999955,-0.16763999999994894,73.0695750336,"Winter_Haupt"
"Steiermark",2046,1,-5.525729999999953,0.9295000000000186,-0.8653599999999528,63.110978496,"Winter_Haupt"
"Steiermark",2046,2,-6.211500000000001,-0.9340599999999881,-1.835899999999981,70.399179648,"Winter_Haupt"
"Steiermark",2046,3,-0.7450299999999856,9.304770000000019,3.2477400000000216,67.8880039968,"Winter_Haupt"
"Steiermark",2046,4,-0.3746999999999616,8.111199999999997,-0.3562999999999761,130.713486912,"Übergang"
"Steiermark",2046,5,6.230220000000031,15.40527000000003,6.708760000000041,117.0277945632,"Sommer_Neben"
"Steiermark",2046,6,12.214620000000025,21.45583000000005,12.471300000000042,118.760530752,"Sommer_Neben"
"Steiermark",2046,7,10.809230000000014,21.102930000000015,11.519200000000012,77.086066176,"Sommer_Haupt"
"Steiermark",2046,8,13.827330000000018,23.43530000000004,14.231470000000002,86.82810871679999,"Sommer_Haupt"
"Steiermark",2046,9,9.415430000000015,20.20315000000005,10.821799999999996,34.261771392,"Sommer_Neben"
"Steiermark",2046,10,6.680300000000045,17.62390000000005,9.516380000000026,13.208012668799999,"Übergang"
"Steiermark",2046,11,1.6228000000000407,7.55618000000004,3.326999999999998,114.23576448,"Übergang"
"Steiermark",2046,12,-1.0000699999999938,6.1884000000000015,3.2877000000000294,47.799342432,"Winter_Haupt"
"Steiermark",2047,1,-5.239449999999977,2.010340000000042,-1.0060499999999593,43.142421744,"Winter_Haupt"
"Steiermark",2047,2,-3.369759999999985,4.349800000000016,-1.3240699999999492,16.5109214592,"Winter_Haupt"
"Steiermark",2047,3,-4.350499999999954,4.374870000000044,-2.7394799999999577,104.620594032,"Winter_Haupt"
"Steiermark",2047,4,0.853080000000034,10.82543000000004,2.0239799999999946,92.16747129599999,"Übergang"
"Steiermark",2047,5,6.4134200000000305,16.457850000000008,8.043570000000045,127.7719952832,"Sommer_Neben"
"Steiermark",2047,6,9.73992000000004,18.93255000000005,9.729180000000042,246.13113599999997,"Sommer_Neben"
"Steiermark",2047,7,11.247550000000047,20.954250000000002,12.425380000000018,165.364764192,"Sommer_Haupt"
"Steiermark",2047,8,12.34698000000003,22.340720000000033,13.634299999999996,122.6991699648,"Sommer_Haupt"
"Steiermark",2047,9,9.473500000000001,19.277120000000025,10.583500000000015,62.988596352,"Sommer_Neben"
"Steiermark",2047,10,7.3788000000000125,15.282950000000028,8.894130000000018,96.89139855360001,"Übergang"
"Steiermark",2047,11,0.5360400000000141,6.921530000000018,1.7819000000000074,44.25328079999999,"Übergang"
"Steiermark",2047,12,-5.24563999999998,0.5971600000000308,-3.1662399999999593,53.1456082848,"Winter_Haupt"
"Steiermark",2048,1,-10.36651999999998,-2.62054999999998,-4.182839999999999,40.805994499200004,"Winter_Haupt"
"Steiermark",2048,2,-1.6632999999999925,6.986199999999997,1.7874400000000037,31.625823513600004,"Winter_Haupt"
"Steiermark",2048,3,0.2817600000000198,10.503660000000025,2.6847999999999956,68.6295484992,"Winter_Haupt"
"Steiermark",2048,4,2.5454300000000103,11.48406,2.7065699999999993,128.62640591999997,"Übergang"
"Steiermark",2048,5,7.555050000000051,17.708280000000002,9.133360000000039,105.7237278912,"Sommer_Neben"
"Steiermark",2048,6,10.514760000000024,20.809470000000033,11.00585000000001,93.002662944,"Sommer_Neben"
"Steiermark",2048,7,12.483850000000018,22.794700000000034,13.07797000000005,75.1005709344,"Sommer_Haupt"
"Steiermark",2048,8,12.523500000000013,23.336900000000014,13.721670000000017,93.2716829088,"Sommer_Haupt"
"Steiermark",2048,9,12.77600000000001,21.360860000000002,12.892240000000015,81.38708928,"Sommer_Neben"
"Steiermark",2048,10,5.660550000000001,14.115139999999997,7.564099999999996,113.2748017344,"Übergang"
"Steiermark",2048,11,-0.86749999999995,6.861660000000029,2.643950000000018,35.200147967999996,"Übergang"
"Steiermark",2048,12,-4.846839999999986,1.1983299999999986,-0.27949999999998454,91.854469152,"Winter_Haupt"
"Steiermark",2049,1,-1.2881499999999733,5.147270000000049,2.2391000000000076,43.4728238112,"Winter_Haupt"
"Steiermark",2049,2,-4.47793999999999,3.37402000000003,-1.9873999999999796,54.6542180352,"Winter_Haupt"
"Steiermark",2049,3,-4.565299999999979,3.225400000000036,-4.0004599999999755,62.03748916799999,"Winter_Haupt"
"Steiermark",2049,4,3.0723800000000097,11.92697000000004,3.8630600000000186,137.2808736,"Übergang"
"Steiermark",2049,5,7.531600000000026,18.110860000000002,9.091700000000003,91.2348936288,"Sommer_Neben"
"Steiermark",2049,6,14.017570000000035,24.188300000000027,14.628800000000012,127.85021337600001,"Sommer_Neben"
"Steiermark",2049,7,13.198329999999999,21.92297000000002,13.41375000000005,271.600045056,"Sommer_Haupt"
"Steiermark",2049,8,13.317560000000014,23.70574000000005,15.18374,71.9085422016,"Sommer_Haupt"
"Steiermark",2049,9,13.21368000000001,25.115499999999997,15.869600000000048,4.219025097599999,"Sommer_Neben"
"Steiermark",2049,10,5.646260000000041,14.07134000000002,6.53964000000002,75.2568555744,"Übergang"
"Steiermark",2049,11,-1.642129999999952,5.595300000000009,1.71383000000003,29.935326816000003,"Übergang"
"Steiermark",2049,12,-11.276649999999961,-3.2758499999999913,-5.619479999999953,51.8867656416,"Winter_Haupt"
"Tirol",2025,1,-10.088139999999953,-3.906599999999969,-3.0660799999999995,170.887062528,"Winter_Haupt"
"Tirol",2025,2,-8.823649999999986,-2.0932699999999613,-3.0289699999999584,90.37167874560001,"Winter_Haupt"
"Tirol",2025,3,-5.863069999999993,0.9198499999999967,-1.1105000000000018,106.69497465599999,"Winter_Haupt"
"Tirol",2025,4,-0.8842199999999707,6.835350000000005,3.842200000000048,63.119160576,"Übergang"
"Tirol",2025,5,1.8308300000000486,10.401270000000011,6.286460000000034,173.0919053376,"Sommer_Neben"
"Tirol",2025,6,7.611630000000048,17.904470000000003,12.673400000000015,141.56477568000003,"Sommer_Neben"
"Tirol",2025,7,8.70315000000005,19.307000000000016,13.942300000000046,84.945134592,"Sommer_Haupt"
"Tirol",2025,8,8.720880000000022,18.95046000000002,14.027120000000025,93.9643144704,"Sommer_Haupt"
"Tirol",2025,9,5.721150000000023,15.588000000000022,11.167050000000017,63.168849216,"Sommer_Neben"
"Tirol",2025,10,0.811460000000011,9.60450000000003,6.275660000000016,105.4519104672,"Übergang"
"Tirol",2025,11,-8.617399999999975,0.2857300000000009,-0.26114999999998645,112.367326464,"Übergang"
"Tirol",2025,12,-9.17501999999996,-1.7174699999999916,-1.7157699999999636,67.3183752768,"Winter_Haupt"
"Tirol",2026,1,-11.237799999999993,-5.870029999999986,-5.675359999999955,197.468682624,"Winter_Haupt"
"Tirol",2026,2,-2.5280799999999886,4.211880000000008,2.5118000000000507,63.6879172608,"Winter_Haupt"
"Tirol",2026,3,-4.853059999999971,1.5920300000000225,-0.4230699999999956,151.6117480128,"Winter_Haupt"
"Tirol",2026,4,-1.3026199999999903,6.315600000000018,3.7180400000000304,91.63859184,"Übergang"
"Tirol",2026,5,2.2899000000000456,12.63882000000001,8.200040000000001,132.0588226944,"Sommer_Neben"
"Tirol",2026,6,7.473700000000008,18.00887,12.399000000000001,157.906835424,"Sommer_Neben"
"Tirol",2026,7,9.616100000000017,20.330200000000048,14.99490000000003,167.95981238399997,"Sommer_Haupt"
"Tirol",2026,8,7.66998000000001,17.841600000000028,12.98720000000003,172.313739072,"Sommer_Haupt"
"Tirol",2026,9,4.4066400000000385,14.02346,9.546400000000006,75.23994096,"Sommer_Neben"
"Tirol",2026,10,-1.2115199999999504,7.744780000000048,4.6274400000000355,87.726813696,"Übergang"
"Tirol",2026,11,-2.119669999999985,5.488100000000031,3.3408000000000015,109.55182608,"Übergang"
"Tirol",2026,12,-6.6351999999999975,1.469629999999995,0.21102000000001908,36.19716984,"Winter_Haupt"
"Tirol",2027,1,-8.305499999999995,3.681730000000016,1.9585500000000025,11.799051865920001,"Winter_Haupt"
"Tirol",2027,2,-4.403099999999995,6.417230000000018,2.946860000000015,42.870115814399995,"Winter_Haupt"
"Tirol",2027,3,-4.8954499999999825,4.0552000000000135,1.264030000000048,138.27817998720002,"Winter_Haupt"
"Tirol",2027,4,0.5797400000000152,11.444450000000018,6.324730000000045,82.429065504,"Übergang"
"Tirol",2027,5,6.25988000000001,16.28558000000004,11.061599999999999,137.3323512384,"Sommer_Neben"
"Tirol",2027,6,6.875500000000045,16.71288000000004,11.644650000000013,87.41996927999999,"Sommer_Neben"
"Tirol",2027,7,8.282560000000046,17.800260000000037,12.881100000000004,114.4186044192,"Sommer_Haupt"
"Tirol",2027,8,8.098900000000015,18.343740000000025,13.542100000000005,152.6789672064,"Sommer_Haupt"
"Tirol",2027,9,6.305100000000039,16.525840000000017,12.050470000000018,52.289203968,"Sommer_Neben"
"Tirol",2027,10,3.3754500000000007,11.04412000000002,7.7176000000000045,95.0825893248,"Übergang"
"Tirol",2027,11,-5.313449999999989,3.467920000000049,1.2683000000000106,61.73118345600001,"Übergang"
"Tirol",2027,12,-9.793949999999995,-3.2269299999999816,-2.6664499999999975,52.569505872,"Winter_Haupt"
"Tirol",2028,1,-11.580600000000004,-5.464239999999961,-4.412939999999992,102.54251721600001,"Winter_Haupt"
"Tirol",2028,2,-6.666079999999965,-1.41964999999999,-2.570229999999981,164.354055264,"Winter_Haupt"
"Tirol",2028,3,-6.0243600000000015,1.0286200000000463,-0.7586999999999762,130.0413741408,"Winter_Haupt"
"Tirol",2028,4,0.07609999999999673,8.672500000000014,5.4246800000000235,118.81520640000001,"Übergang"
"Tirol",2028,5,0.7118800000000078,10.52370000000002,5.766800000000046,95.7032496,"Sommer_Neben"
"Tirol",2028,6,7.032900000000041,16.81558000000001,11.602100000000007,194.76461663999999,"Sommer_Neben"
"Tirol",2028,7,12.198540000000037,23.201620000000048,17.93237000000005,94.625434656,"Sommer_Haupt"
"Tirol",2028,8,8.851040000000012,18.421320000000037,13.563530000000014,228.381918336,"Sommer_Haupt"
"Tirol",2028,9,3.8005300000000375,12.318140000000028,8.16622000000001,169.38449136000003,"Sommer_Neben"
"Tirol",2028,10,1.5171400000000403,10.00320000000005,6.769830000000013,134.3324682432,"Übergang"
"Tirol",2028,11,-7.767599999999959,-1.0760999999999967,-2.2991700000000037,123.90694416000001,"Übergang"
"Tirol",2028,12,-8.79728,-3.7278799999999706,-3.0129499999999894,131.3645064192,"Winter_Haupt"
"Tirol",2029,1,-5.700169999999957,-0.09819999999996298,0.21313000000003512,123.55198323840001,"Winter_Haupt"
"Tirol",2029,2,-5.677249999999958,2.6365300000000502,0.7028400000000374,35.7585992064,"Winter_Haupt"
"Tirol",2029,3,-4.907929999999965,4.069850000000031,0.7428199999999947,59.2515299808,"Winter_Haupt"
"Tirol",2029,4,-2.1579699999999775,5.524220000000014,2.4663300000000277,107.50181328000001,"Übergang"
"Tirol",2029,5,1.552940000000035,10.94070000000005,6.694540000000018,116.5624038144,"Sommer_Neben"
"Tirol",2029,6,7.787040000000047,17.707880000000046,12.605000000000018,149.98483584000002,"Sommer_Neben"
"Tirol",2029,7,9.90560000000005,19.227900000000034,13.881130000000041,274.221100512,"Sommer_Haupt"
"Tirol",2029,8,9.328880000000026,19.460080000000005,14.350600000000043,103.60760976,"Sommer_Haupt"
"Tirol",2029,9,5.817960000000028,14.6524,10.652030000000025,175.50408672,"Sommer_Neben"
"Tirol",2029,10,0.020840000000021064,7.862270000000024,4.737850000000037,107.77066027199999,"Übergang"
"Tirol",2029,11,-1.9874299999999607,4.66918000000004,2.8552500000000123,167.94879552,"Übergang"
"Tirol",2029,12,-7.8471700000000055,-2.1447199999999498,-1.177219999999977,155.05578204479997,"Winter_Haupt"
"Tirol",2030,1,-12.556919999999991,-5.90695999999997,-4.091599999999971,70.2195136992,"Winter_Haupt"
"Tirol",2030,2,-7.1049299999999675,0.1351600000000417,-2.0412699999999973,31.7047506048,"Winter_Haupt"
"Tirol",2030,3,-3.5504999999999995,4.207150000000013,1.6757400000000189,75.5267740128,"Winter_Haupt"
"Tirol",2030,4,0.25732000000004973,9.786040000000014,6.3525000000000205,66.02332032,"Übergang"
"Tirol",2030,5,3.7179800000000114,13.234950000000026,8.506250000000023,198.170235936,"Sommer_Neben"
"Tirol",2030,6,8.110960000000034,17.45822000000004,12.283170000000041,153.81493056000002,"Sommer_Neben"
"Tirol",2030,7,7.539100000000019,16.05400000000003,11.380359999999996,191.03567471999997,"Sommer_Haupt"
"Tirol",2030,8,7.3165200000000254,16.89996000000002,11.990260000000035,175.264157376,"Sommer_Haupt"
"Tirol",2030,9,5.511680000000013,14.601400000000012,10.181540000000041,110.40830064000001,"Sommer_Neben"
"Tirol",2030,10,1.915580000000034,11.899560000000008,8.036040000000014,23.7316176864,"Übergang"
"Tirol",2030,11,-7.876699999999971,1.206200000000024,0.14758000000000493,78.936259968,"Übergang"
"Tirol",2030,12,-7.708719999999971,0.19683000000003403,1.3506399999999985,100.96522352640001,"Winter_Haupt"
"Tirol",2031,1,-6.317539999999951,1.0214200000000346,1.3479000000000383,32.4018556128,"Winter_Haupt"
"Tirol",2031,2,-5.294349999999952,1.5561800000000403,-0.7955699999999979,83.1389384448,"Winter_Haupt"
"Tirol",2031,3,-2.6249799999999937,5.8315000000000055,3.1138200000000325,75.17045039039999,"Winter_Haupt"
"Tirol",2031,4,-1.7343499999999494,8.56740000000002,4.810900000000004,116.29952524800001,"Übergang"
"Tirol",2031,5,2.784080000000017,13.432280000000048,7.914600000000007,109.8435222432,"Sommer_Neben"
"Tirol",2031,6,6.63635000000005,17.373100000000022,11.888360000000034,124.053114816,"Sommer_Neben"
"Tirol",2031,7,10.255179999999996,20.652520000000038,15.491300000000024,126.82580762880002,"Sommer_Haupt"
"Tirol",2031,8,8.725900000000024,18.94036,14.026270000000011,175.417736832,"Sommer_Haupt"
"Tirol",2031,9,5.380880000000047,15.036770000000047,10.477040000000045,79.008444576,"Sommer_Neben"
"Tirol",2031,10,0.951780000000042,10.113240000000019,6.961240000000032,158.94724815360001,"Übergang"
"Tirol",2031,11,-4.543700000000001,2.1934800000000223,0.2869800000000282,136.223215776,"Übergang"
"Tirol",2031,12,-7.8254799999999705,-0.7060599999999795,1.0892000000000053,87.13818976320002,"Winter_Haupt"
"Tirol",2032,1,-12.464149999999961,-5.1350799999999595,-3.367930000000001,64.37092999680002,"Winter_Haupt"
"Tirol",2032,2,-3.6679399999999873,2.432550000000049,1.438320000000033,142.4824924608,"Winter_Haupt"
"Tirol",2032,3,-1.831199999999967,5.077660000000037,2.879880000000014,138.1688905536,"Winter_Haupt"
"Tirol",2032,4,-4.361329999999953,1.875120000000038,-0.5758999999999901,203.21055791999999,"Übergang"
"Tirol",2032,5,1.3685500000000275,9.850300000000004,6.751030000000014,112.06562198399999,"Sommer_Neben"
"Tirol",2032,6,9.419100000000014,19.73144000000002,14.291070000000047,133.75973232,"Sommer_Neben"
"Tirol",2032,7,7.53848000000005,17.545560000000023,12.369320000000016,108.5125476096,"Sommer_Haupt"
"Tirol",2032,8,11.577170000000024,22.802549999999997,17.646900000000016,104.02581513599999,"Sommer_Haupt"
"Tirol",2032,9,7.91998000000001,18.607320000000016,14.162440000000004,61.150103711999996,"Sommer_Neben"
"Tirol",2032,10,3.6139800000000264,12.618250000000046,8.907070000000033,75.7698361344,"Übergang"
"Tirol",2032,11,-7.0422399999999925,-0.15576999999996133,-1.3398499999999558,131.036857056,"Übergang"
"Tirol",2032,12,-8.86251999999996,-4.276700000000005,-3.999429999999961,163.0874465568,"Winter_Haupt"
"Tirol",2033,1,-12.241899999999987,-7.174199999999985,-5.887429999999995,69.34193861760001,"Winter_Haupt"
"Tirol",2033,2,-8.873819999999967,-2.5671799999999507,-3.842929999999967,88.29287470079998,"Winter_Haupt"
"Tirol",2033,3,-4.639719999999954,2.4435400000000413,0.07437000000004446,83.94735024,"Winter_Haupt"
"Tirol",2033,4,0.7035999999999945,9.03463000000005,6.358180000000004,79.332390144,"Übergang"
"Tirol",2033,5,3.9763000000000375,14.849240000000009,9.501700000000028,141.3495253728,"Sommer_Neben"
"Tirol",2033,6,9.17007000000001,20.261130000000037,14.136320000000012,188.49423167999998,"Sommer_Neben"
"Tirol",2033,7,10.970330000000047,21.02770000000004,15.713459999999998,119.6329697856,"Sommer_Haupt"
"Tirol",2033,8,8.35662000000002,19.172000000000025,14.07824000000005,156.445464528,"Sommer_Haupt"
"Tirol",2033,9,8.400350000000003,17.982140000000015,13.477350000000001,136.49202432,"Sommer_Neben"
"Tirol",2033,10,3.838600000000042,12.314600000000041,8.9683,67.5565144992,"Übergang"
"Tirol",2033,11,-3.615419999999972,5.340570000000014,3.226500000000044,59.950559808,"Übergang"
"Tirol",2033,12,-12.004639999999995,-5.189499999999953,-4.872099999999989,148.28362977600003,"Winter_Haupt"
"Tirol",2034,1,-7.2772299999999746,-1.9671999999999912,-1.152559999999994,86.651784288,"Winter_Haupt"
"Tirol",2034,2,-8.698579999999993,-0.2488999999999919,-1.823129999999992,43.9983436032,"Winter_Haupt"
"Tirol",2034,3,-6.5160999999999945,0.9379000000000133,-2.1019299999999816,81.76986460799999,"Winter_Haupt"
"Tirol",2034,4,-1.023079999999993,7.927760000000035,4.636220000000037,97.35728255999999,"Übergang"
"Tirol",2034,5,4.719570000000033,16.397400000000005,11.031120000000044,92.5216210944,"Sommer_Neben"
"Tirol",2034,6,8.614280000000008,20.150900000000036,14.504500000000007,99.044290944,"Sommer_Neben"
"Tirol",2034,7,9.517719999999997,19.24413000000004,14.024220000000014,177.0546570624,"Sommer_Haupt"
"Tirol",2034,8,9.64443,19.668150000000026,14.823239999999998,162.2444871168,"Sommer_Haupt"
"Tirol",2034,9,6.122700000000009,14.633230000000026,10.599480000000028,116.960438592,"Sommer_Neben"
"Tirol",2034,10,1.1432000000000357,8.947720000000004,5.300900000000013,76.4621944992,"Übergang"
"Tirol",2034,11,-4.629859999999951,3.98275000000001,1.6849000000000274,75.50601235200001,"Übergang"
"Tirol",2034,12,-8.43417999999997,-2.443299999999965,-2.1456999999999766,109.00261981439999,"Winter_Haupt"
"Tirol",2035,1,-8.912969999999973,-2.0528299999999717,-2.1175999999999817,55.81598112,"Winter_Haupt"
"Tirol",2035,2,-7.551549999999963,1.4377700000000004,0.4876600000000053,46.618504128000005,"Winter_Haupt"
"Tirol",2035,3,-3.754199999999969,2.926930000000027,0.9615000000000009,124.2986327712,"Winter_Haupt"
"Tirol",2035,4,-1.2704499999999825,4.814600000000041,2.326000000000022,134.193920832,"Übergang"
"Tirol",2035,5,3.1395800000000236,13.245780000000025,8.886560000000031,67.4396451936,"Sommer_Neben"
"Tirol",2035,6,8.892179999999996,18.676199999999994,13.699730000000045,195.553839168,"Sommer_Neben"
"Tirol",2035,7,10.4726,21.22958,15.673429999999996,192.21226905600003,"Sommer_Haupt"
"Tirol",2035,8,8.037930000000017,17.222560000000044,12.385400000000004,203.593808448,"Sommer_Haupt"
"Tirol",2035,9,4.424950000000024,13.702170000000024,9.530660000000012,105.697835712,"Sommer_Neben"
"Tirol",2035,10,-0.9453999999999496,7.377859999999998,4.0258400000000165,103.5389543328,"Übergang"
"Tirol",2035,11,-3.3792499999999563,4.379850000000033,2.344000000000051,35.073531360000004,"Übergang"
"Tirol",2035,12,-12.668919999999957,-5.757499999999993,-4.285679999999957,167.88880799999998,"Winter_Haupt"
"Tirol",2036,1,-7.134599999999978,-1.3727199999999584,-0.5603999999999587,89.2488894912,"Winter_Haupt"
"Tirol",2036,2,-5.280339999999967,2.6803800000000138,0.8219200000000342,44.488351180799995,"Winter_Haupt"
"Tirol",2036,3,-4.548929999999984,2.4490300000000502,0.09658000000001721,73.9770785568,"Winter_Haupt"
"Tirol",2036,4,0.8922400000000152,9.742670000000032,6.617580000000032,58.568401728000005,"Übergang"
"Tirol",2036,5,4.187900000000013,14.663400000000024,9.533350000000041,160.98498290880002,"Sommer_Neben"
"Tirol",2036,6,9.154320000000041,19.590750000000014,14.419100000000014,172.26667872000002,"Sommer_Neben"
"Tirol",2036,7,6.082899999999995,14.194150000000036,9.747220000000027,227.96695382400003,"Sommer_Haupt"
"Tirol",2036,8,7.174800000000005,17.234830000000045,12.304740000000038,96.14041269120001,"Sommer_Haupt"
"Tirol",2036,9,5.723780000000033,15.48965000000004,11.176400000000001,128.72304864,"Sommer_Neben"
"Tirol",2036,10,3.5937000000000126,13.792900000000031,10.227900000000034,40.6565799552,"Übergang"
"Tirol",2036,11,-5.739319999999964,1.5460000000000491,0.275320000000022,193.44845088,"Übergang"
"Tirol",2036,12,-10.709229999999991,-4.972539999999981,-2.3737499999999727,119.8139840928,"Winter_Haupt"
"Tirol",2037,1,-9.329139999999995,-4.345619999999997,-3.162499999999966,112.25028159360001,"Winter_Haupt"
"Tirol",2037,2,-9.41143999999997,-2.112679999999955,-3.1014999999999873,91.5078511872,"Winter_Haupt"
"Tirol",2037,3,-5.696139999999957,1.4822000000000344,-0.9353399999999965,103.228160832,"Winter_Haupt"
"Tirol",2037,4,-2.356299999999976,6.26144000000005,2.583500000000015,70.902957312,"Übergang"
"Tirol",2037,5,0.4828700000000481,10.40142000000003,6.309169999999995,128.650529232,"Sommer_Neben"
"Tirol",2037,6,7.2125500000000216,18.312100000000044,12.790400000000034,115.75172937599999,"Sommer_Neben"
"Tirol",2037,7,10.134000000000015,20.641320000000007,15.310570000000041,149.6742604128,"Sommer_Haupt"
"Tirol",2037,8,9.038020000000017,20.00842,14.88488000000001,47.592502992,"Sommer_Haupt"
"Tirol",2037,9,6.765440000000012,17.38960000000003,12.636400000000037,52.843332096000005,"Sommer_Neben"
"Tirol",2037,10,1.8279700000000503,10.244439999999997,7.1445000000000505,97.98752304,"Übergang"
"Tirol",2037,11,-4.736599999999953,2.0255000000000223,0.33236000000005106,113.413670208,"Übergang"
"Tirol",2037,12,-8.762999999999977,-2.7564499999999725,-0.7572999999999865,138.0208607424,"Winter_Haupt"
"Tirol",2038,1,-9.042879999999968,-2.2677699999999845,-0.4175199999999677,87.1919961408,"Winter_Haupt"
"Tirol",2038,2,-4.8159200000000055,3.262170000000026,0.9767700000000445,78.30004492799999,"Winter_Haupt"
"Tirol",2038,3,-6.29052999999999,1.150000000000034,-1.9724499999999807,53.27968095360001,"Winter_Haupt"
"Tirol",2038,4,-2.3605399999999577,6.209530000000029,3.015770000000032,101.31215615999999,"Übergang"
"Tirol",2038,5,3.9431000000000154,14.843740000000025,10.165500000000009,131.4800392032,"Sommer_Neben"
"Tirol",2038,6,6.670280000000048,16.755300000000034,11.359640000000013,143.2104624,"Sommer_Neben"
"Tirol",2038,7,10.589620000000025,21.216499999999996,15.663319999999999,131.109528096,"Sommer_Haupt"
"Tirol",2038,8,10.651450000000011,21.700559999999996,16.792930000000013,137.8202405472,"Sommer_Haupt"
"Tirol",2038,9,7.26400000000001,16.508000000000038,12.2731,104.23673568000001,"Sommer_Neben"
"Tirol",2038,10,1.6671400000000176,10.442620000000034,7.003350000000012,107.71346304000001,"Übergang"
"Tirol",2038,11,-3.225379999999973,5.473780000000033,2.9509199999999964,30.252857184,"Übergang"
"Tirol",2038,12,-7.444770000000005,0.03362000000004173,-0.4701299999999833,127.86962831999999,"Winter_Haupt"
"Tirol",2039,1,-8.371559999999988,-1.5031999999999925,-1.2906199999999899,96.1494656832,"Winter_Haupt"
"Tirol",2039,2,-11.031469999999956,-2.395849999999996,-4.510469999999998,71.749819008,"Winter_Haupt"
"Tirol",2039,3,-4.3596,4.36280000000005,1.457270000000051,49.8424420224,"Winter_Haupt"
"Tirol",2039,4,-0.1429200000000037,9.05600000000004,5.1839500000000385,138.18484655999998,"Übergang"
"Tirol",2039,5,1.2635700000000156,10.77642000000003,5.925380000000018,163.32975069120002,"Sommer_Neben"
"Tirol",2039,6,7.328970000000027,17.58453000000003,12.43610000000001,208.45768608000003,"Sommer_Neben"
"Tirol",2039,7,8.24114000000003,16.75024000000002,12.006250000000023,167.34348576,"Sommer_Haupt"
"Tirol",2039,8,8.10134000000005,17.02618000000001,12.237540000000024,159.122967264,"Sommer_Haupt"
"Tirol",2039,9,7.6708000000000425,18.922900000000027,14.36510000000004,40.277212416,"Sommer_Neben"
"Tirol",2039,10,0.5951500000000465,9.277520000000038,5.326140000000009,56.703790368,"Übergang"
"Tirol",2039,11,-4.38534999999996,2.762100000000032,1.1176700000000324,136.01014560000002,"Übergang"
"Tirol",2039,12,-9.044870000000003,-2.345679999999959,-2.3530999999999835,142.996682448,"Winter_Haupt"
"Tirol",2040,1,-9.243629999999996,-2.7163999999999646,-2.7525399999999536,55.8080343072,"Winter_Haupt"
"Tirol",2040,2,-3.643379999999979,4.513400000000047,2.581100000000049,80.3210971392,"Winter_Haupt"
"Tirol",2040,3,-6.193979999999954,1.6312000000000353,-1.1200999999999794,102.4675488,"Winter_Haupt"
"Tirol",2040,4,0.0151299999999992,8.42455000000001,5.03143,89.065204992,"Übergang"
"Tirol",2040,5,3.599330000000009,13.106740000000002,8.482780000000048,188.35591944959998,"Sommer_Neben"
"Tirol",2040,6,7.646450000000016,17.768580000000043,12.58367000000004,187.49924064,"Sommer_Neben"
"Tirol",2040,7,8.046600000000012,17.25335000000001,12.420130000000029,224.78008636799998,"Sommer_Haupt"
"Tirol",2040,8,8.48818,20.090540000000033,14.710840000000019,57.301933334400005,"Sommer_Haupt"
"Tirol",2040,9,7.40500000000003,17.349450000000047,13.19335000000001,157.60041696000002,"Sommer_Neben"
"Tirol",2040,10,-0.033879999999953725,8.918100000000038,5.557920000000024,146.25550511999998,"Übergang"
"Tirol",2040,11,-1.1312299999999595,5.306120000000021,3.936270000000036,145.554789024,"Übergang"
"Tirol",2040,12,-11.390839999999969,-3.0565199999999777,-2.189579999999978,67.866584832,"Winter_Haupt"
"Tirol",2041,1,-13.160769999999957,-5.377999999999986,-5.293099999999981,60.123812543999996,"Winter_Haupt"
"Tirol",2041,2,-11.638429999999971,-2.8652399999999716,-4.4295399999999745,39.792041856,"Winter_Haupt"
"Tirol",2041,3,-8.380380000000002,-1.0325399999999831,-3.815650000000005,122.1138110016,"Winter_Haupt"
"Tirol",2041,4,-2.8149999999999977,5.335630000000037,2.101530000000025,107.73716687999999,"Übergang"
"Tirol",2041,5,1.6808000000000334,11.068540000000041,7.04770000000002,141.19533792000001,"Sommer_Neben"
"Tirol",2041,6,5.16375000000005,14.705830000000049,9.725369999999998,168.1898256,"Sommer_Neben"
"Tirol",2041,7,8.900700000000029,19.724800000000016,14.541300000000035,160.57316016000001,"Sommer_Haupt"
"Tirol",2041,8,9.799650000000042,18.759299999999996,13.807200000000023,169.131130272,"Sommer_Haupt"
"Tirol",2041,9,6.591499999999996,15.756250000000023,11.633080000000007,99.92984256,"Sommer_Neben"
"Tirol",2041,10,3.5326500000000465,12.880430000000047,9.862940000000037,90.663009696,"Übergang"
"Tirol",2041,11,-6.974279999999965,0.9000500000000216,-0.5072399999999675,93.71627424,"Übergang"
"Tirol",2041,12,-8.373479999999972,0.07226000000002841,1.8442000000000007,52.89196648320001,"Winter_Haupt"
"Tirol",2042,1,-10.257599999999968,-4.319099999999992,-4.023779999999988,109.762867584,"Winter_Haupt"
"Tirol",2042,2,-4.749799999999993,1.1792800000000057,-0.17093999999997322,128.489566464,"Winter_Haupt"
"Tirol",2042,3,-4.404579999999953,2.591030000000046,0.26742000000001553,184.19482684800002,"Winter_Haupt"
"Tirol",2042,4,-1.10409999999996,6.860470000000021,3.741200000000049,113.56301088000001,"Übergang"
"Tirol",2042,5,0.7865500000000338,10.575559999999996,6.540160000000014,125.96434848,"Sommer_Neben"
"Tirol",2042,6,7.579949999999997,17.073630000000037,12.399560000000008,172.46945088,"Sommer_Neben"
"Tirol",2042,7,9.704700000000003,20.447870000000023,15.21980000000002,149.48154417599997,"Sommer_Haupt"
"Tirol",2042,8,9.395780000000002,19.70980000000003,14.644200000000012,160.0317296352,"Sommer_Haupt"
"Tirol",2042,9,7.058800000000019,16.990080000000034,12.732700000000023,79.090250688,"Sommer_Neben"
"Tirol",2042,10,2.6798,12.103420000000028,8.78045000000003,43.2815699808,"Übergang"
"Tirol",2042,11,-3.259739999999965,3.7812400000000252,2.652120000000025,117.23621184000001,"Übergang"
"Tirol",2042,12,-12.917299999999955,-1.5183199999999601,-2.1711499999999546,58.4326681056,"Winter_Haupt"
"Tirol",2043,1,-7.685249999999996,-1.5310699999999997,-2.8190399999999727,112.0061561472,"Winter_Haupt"
"Tirol",2043,2,-4.582249999999988,1.7884200000000305,0.12069999999999936,96.9493601664,"Winter_Haupt"
"Tirol",2043,3,-2.7820199999999886,4.540369999999996,2.010340000000042,122.4606584448,"Winter_Haupt"
"Tirol",2043,4,-1.7744799999999827,6.029899999999998,3.309780000000046,139.9354704,"Übergang"
"Tirol",2043,5,2.297200000000032,11.721460000000036,7.178060000000016,164.03617065600002,"Sommer_Neben"
"Tirol",2043,6,6.194000000000017,16.01696000000004,10.735929999999996,120.07754927999999,"Sommer_Neben"
"Tirol",2043,7,11.86343000000005,22.627980000000036,16.925350000000037,150.852416256,"Sommer_Haupt"
"Tirol",2043,8,8.029170000000022,17.442830000000015,12.775540000000035,188.800308864,"Sommer_Haupt"
"Tirol",2043,9,3.497000000000014,13.269100000000037,9.229640000000018,98.214964992,"Sommer_Neben"
"Tirol",2043,10,0.7002200000000016,10.595100000000002,6.905420000000049,100.27143489599999,"Übergang"
"Tirol",2043,11,-6.105539999999962,3.4792400000000043,1.729849999999999,120.88953216,"Übergang"
"Tirol",2043,12,-8.431279999999958,-1.2556199999999649,-0.3130599999999504,120.12662836800001,"Winter_Haupt"
"Tirol",2044,1,-12.282099999999957,-5.305639999999983,-3.0895799999999554,73.73335219199998,"Winter_Haupt"
"Tirol",2044,2,-10.628969999999981,-3.4152299999999514,-4.475619999999992,92.4907612608,"Winter_Haupt"
"Tirol",2044,3,-6.6112399999999525,0.7197199999999953,-1.5756999999999834,100.0961898624,"Winter_Haupt"
"Tirol",2044,4,-2.998899999999992,3.015860000000032,0.5603600000000029,147.83325552,"Übergang"
"Tirol",2044,5,1.268979999999999,9.85820000000001,6.62847000000005,124.94875276799999,"Sommer_Neben"
"Tirol",2044,6,5.508399999999995,15.70840000000004,10.799920000000043,146.65191263999998,"Sommer_Neben"
"Tirol",2044,7,10.216700000000003,20.804220000000043,15.63864000000001,159.160116672,"Sommer_Haupt"
"Tirol",2044,8,9.194360000000017,18.796700000000044,14.501920000000041,212.203096704,"Sommer_Haupt"
"Tirol",2044,9,6.641020000000026,17.530820000000006,12.987300000000005,78.788308608,"Sommer_Neben"
"Tirol",2044,10,1.2538000000000125,11.049200000000042,7.6955200000000445,129.551743872,"Übergang"
"Tirol",2044,11,-2.7765999999999735,4.555540000000008,2.4737499999999955,112.733433504,"Übergang"
"Tirol",2044,12,-4.181829999999991,2.49212,1.7181000000000495,135.04341738239998,"Winter_Haupt"
"Tirol",2045,1,-5.100679999999954,3.601500000000044,3.0362800000000334,40.5208426608,"Winter_Haupt"
"Tirol",2045,2,-4.899099999999976,4.498100000000022,1.6484000000000378,110.129798016,"Winter_Haupt"
"Tirol",2045,3,-4.283119999999997,5.113900000000001,1.7188400000000001,104.2044912,"Winter_Haupt"
"Tirol",2045,4,-1.6046799999999735,7.315200000000004,3.6942999999999984,147.352315104,"Übergang"
"Tirol",2045,5,6.66348000000005,16.805780000000027,11.473600000000033,152.50421232,"Sommer_Neben"
"Tirol",2045,6,7.23266000000001,16.37518,11.389400000000023,200.77963776,"Sommer_Neben"
"Tirol",2045,7,8.904320000000041,18.596339999999998,13.408560000000023,155.878045488,"Sommer_Haupt"
"Tirol",2045,8,9.794100000000014,20.641800000000046,15.557060000000035,102.52765209600001,"Sommer_Haupt"
"Tirol",2045,9,7.432700000000011,17.043180000000007,12.669669999999996,129.275569728,"Sommer_Neben"
"Tirol",2045,10,4.2082000000000335,13.538319999999999,9.926300000000026,39.150936144,"Übergang"
"Tirol",2045,11,-7.425399999999968,-0.4009999999999536,-2.16107999999997,104.48187408,"Übergang"
"Tirol",2045,12,-9.079799999999977,-1.707369999999969,-1.430849999999964,117.490774752,"Winter_Haupt"
"Tirol",2046,1,-8.560859999999991,-2.4562399999999798,-1.8088699999999562,115.04067085439999,"Winter_Haupt"
"Tirol",2046,2,-6.948339999999973,0.7701700000000073,-0.21023999999999887,76.6267907328,"Winter_Haupt"
"Tirol",2046,3,-1.8352399999999989,5.675229999999999,3.2163000000000466,105.8234848992,"Winter_Haupt"
"Tirol",2046,4,-3.171099999999967,3.5603000000000407,0.5526399999999967,118.17288287999999,"Übergang"
"Tirol",2046,5,1.8538000000000352,10.096429999999998,6.701650000000029,135.05406134400002,"Sommer_Neben"
"Tirol",2046,6,8.733699999999999,19.086479999999995,13.702840000000037,114.20587872,"Sommer_Neben"
"Tirol",2046,7,8.775540000000035,18.10247000000004,13.165770000000009,101.93294016,"Sommer_Haupt"
"Tirol",2046,8,10.291280000000029,19.264980000000037,14.254170000000045,185.0505917184,"Sommer_Haupt"
"Tirol",2046,9,7.156270000000006,17.442200000000014,12.75024000000002,60.893373888,"Sommer_Neben"
"Tirol",2046,10,4.651300000000049,15.354240000000004,11.546230000000037,35.7389143488,"Übergang"
"Tirol",2046,11,-3.8811399999999594,4.306600000000003,2.799500000000023,91.79693452800001,"Übergang"
"Tirol",2046,12,-5.782699999999977,2.5582200000000057,2.426300000000026,116.1645489216,"Winter_Haupt"
"Tirol",2047,1,-7.994199999999978,-2.380740000000003,-1.9235599999999522,148.57694403840003,"Winter_Haupt"
"Tirol",2047,2,-6.858799999999974,-0.16825000000000045,-1.7792399999999589,45.7749968256,"Winter_Haupt"
"Tirol",2047,3,-7.570719999999994,-0.1482599999999934,-2.567199999999957,184.12111728,"Winter_Haupt"
"Tirol",2047,4,-2.8622499999999604,4.3004999999999995,1.4744800000000282,171.28860048,"Übergang"
"Tirol",2047,5,2.1889300000000276,12.074370000000044,8.198660000000018,93.3363930528,"Sommer_Neben"
"Tirol",2047,6,6.368600000000015,16.032200000000046,10.882380000000012,215.03690783999997,"Sommer_Neben"
"Tirol",2047,7,8.403770000000009,17.952020000000005,13.043150000000026,165.92081610239998,"Sommer_Haupt"
"Tirol",2047,8,8.743200000000002,19.47738000000004,14.66640000000001,164.646711936,"Sommer_Haupt"
"Tirol",2047,9,7.803200000000004,17.921600000000012,13.475999999999999,87.70882176,"Sommer_Neben"
"Tirol",2047,10,4.013800000000003,12.43786,9.059960000000046,71.7603865056,"Übergang"
"Tirol",2047,11,-3.563760000000002,3.90634,2.077420000000018,85.360995936,"Übergang"
"Tirol",2047,12,-8.546179999999993,-2.647130000000004,-3.383699999999976,151.3873945152,"Winter_Haupt"
"Tirol",2048,1,-12.445259999999962,-5.30559999999997,-4.4027999999999565,58.916103235200005,"Winter_Haupt"
"Tirol",2048,2,-4.014499999999998,3.2722400000000107,1.2759300000000167,95.61427980479999,"Winter_Haupt"
"Tirol",2048,3,-2.129859999999951,5.354730000000018,2.6760000000000446,117.93181080960001,"Winter_Haupt"
"Tirol",2048,4,-1.5925699999999665,6.888850000000048,3.692740000000015,123.00336,"Übergang"
"Tirol",2048,5,3.6539999999999964,14.212670000000003,9.105340000000012,155.06841873599998,"Sommer_Neben"
"Tirol",2048,6,7.664480000000026,18.478880000000004,13.07806000000005,73.756210176,"Sommer_Neben"
"Tirol",2048,7,9.308530000000019,19.03875000000005,14.104060000000004,157.987955088,"Sommer_Haupt"
"Tirol",2048,8,8.333300000000008,18.16613000000001,12.901400000000024,195.8961297024,"Sommer_Haupt"
"Tirol",2048,9,8.802450000000022,16.942800000000034,12.557550000000049,153.68937408,"Sommer_Neben"
"Tirol",2048,10,1.2485300000000166,10.90258,7.530760000000043,95.3878492512,"Übergang"
"Tirol",2048,11,-3.928099999999972,3.6649700000000394,1.8699600000000487,79.768266048,"Übergang"
"Tirol",2048,12,-9.339179999999999,-1.8046999999999684,-1.754099999999994,71.724458448,"Winter_Haupt"
"Tirol",2049,1,-4.460969999999975,1.045470000000023,0.9548599999999965,121.6605828672,"Winter_Haupt"
"Tirol",2049,2,-8.101169999999968,-0.4463999999999828,-1.898779999999988,120.5200346112,"Winter_Haupt"
"Tirol",2049,3,-7.8501999999999725,-0.7244000000000028,-2.9350599999999645,110.1728984832,"Winter_Haupt"
"Tirol",2049,4,-0.5061999999999784,6.921260000000018,4.39846,167.33389535999999,"Übergang"
"Tirol",2049,5,4.990560000000016,15.810270000000003,10.905760000000043,103.15653505920001,"Sommer_Neben"
"Tirol",2049,6,10.31704000000002,21.27233000000001,15.478400000000022,186.40702368,"Sommer_Neben"
"Tirol",2049,7,9.558100000000024,18.63754,13.672630000000026,181.94868043199997,"Sommer_Haupt"
"Tirol",2049,8,10.360130000000026,20.56817000000001,15.686270000000036,119.6001808128,"Sommer_Haupt"
"Tirol",2049,9,9.294700000000034,19.921350000000018,15.694240000000036,69.883956576,"Sommer_Neben"
"Tirol",2049,10,2.3098400000000083,10.076300000000003,6.998860000000036,133.3292601312,"Übergang"
"Tirol",2049,11,-5.505399999999952,4.353049999999996,1.9758500000000367,47.499369408,"Übergang"
"Tirol",2049,12,-12.103499999999997,-5.351349999999968,-4.844759999999951,144.0531826848,"Winter_Haupt"
"Vorarlberg",2025,1,-8.70369999999997,-2.2175399999999854,-2.155899999999974,168.95223993599998,"Winter_Haupt"
"Vorarlberg",2025,2,-7.940560000000005,-1.323159999999973,-2.5944999999999823,104.43271749120001,"Winter_Haupt"
"Vorarlberg",2025,3,-4.598199999999963,1.6951500000000124,-1.172460000000001,127.7604379872,"Winter_Haupt"
"Vorarlberg",2025,4,-0.08589999999998099,7.941500000000019,3.7828300000000468,55.114191072,"Übergang"
"Vorarlberg",2025,5,3.233820000000037,11.936800000000005,6.2774,206.224104384,"Sommer_Neben"
"Vorarlberg",2025,6,8.85336000000001,19.05636000000004,12.583860000000016,128.859110496,"Sommer_Neben"
"Vorarlberg",2025,7,9.729300000000023,20.299500000000023,13.78546,73.7462406528,"Sommer_Haupt"
"Vorarlberg",2025,8,10.040120000000002,20.177800000000047,13.846770000000049,77.558509152,"Sommer_Haupt"
"Vorarlberg",2025,9,7.418970000000002,17.36328000000003,11.446700000000021,70.543371744,"Sommer_Neben"
"Vorarlberg",2025,10,2.0019000000000347,10.89434,6.520470000000046,143.47029052800002,"Übergang"
"Vorarlberg",2025,11,-6.185949999999991,2.2589700000000335,0.8130400000000009,127.603854144,"Übergang"
"Vorarlberg",2025,12,-7.0868299999999635,1.0001000000000317,0.0013400000000274304,87.67424473919999,"Winter_Haupt"
"Vorarlberg",2026,1,-10.145899999999983,-4.23294999999996,-5.017650000000003,200.4446100096,"Winter_Haupt"
"Vorarlberg",2026,2,-1.3253799999999956,5.0423000000000116,3.4294000000000437,86.32682956800001,"Winter_Haupt"
"Vorarlberg",2026,3,-3.9735999999999763,2.8947000000000003,-0.027379999999993743,172.088699904,"Winter_Haupt"
"Vorarlberg",2026,4,-0.3991800000000012,8.616720000000043,3.801870000000008,116.409825216,"Übergang"
"Vorarlberg",2026,5,3.8970300000000293,14.1558,8.397199999999998,138.640921056,"Sommer_Neben"
"Vorarlberg",2026,6,8.902000000000044,18.829859999999996,12.48705000000001,153.503693568,"Sommer_Neben"
"Vorarlberg",2026,7,10.759580000000028,21.42208000000005,15.05435,158.9199257952,"Sommer_Haupt"
"Vorarlberg",2026,8,8.501920000000041,18.657160000000033,12.698239999999998,183.211586208,"Sommer_Haupt"
"Vorarlberg",2026,9,5.601980000000026,15.51705000000004,9.809529999999995,50.474498112000006,"Sommer_Neben"
"Vorarlberg",2026,10,0.21710000000001628,9.062700000000007,4.832240000000013,104.87473401599999,"Übergang"
"Vorarlberg",2026,11,-1.014349999999979,6.940940000000012,4.49606,134.363803104,"Übergang"
"Vorarlberg",2026,12,-5.418859999999995,2.749930000000006,1.476500000000044,47.589189811199994,"Winter_Haupt"
"Vorarlberg",2027,1,-5.563879999999983,4.9793300000000045,2.5239799999999946,12.37933633248,"Winter_Haupt"
"Vorarlberg",2027,2,-2.741899999999987,7.638940000000048,3.119600000000048,55.5741381888,"Winter_Haupt"
"Vorarlberg",2027,3,-3.4851699999999823,5.434560000000033,1.3913500000000454,149.356208448,"Winter_Haupt"
"Vorarlberg",2027,4,2.022550000000024,12.570030000000031,6.660600000000045,96.5512224,"Übergang"
"Vorarlberg",2027,5,6.967460000000017,16.853080000000034,10.595670000000041,175.24021248,"Sommer_Neben"
"Vorarlberg",2027,6,8.176630000000046,17.89640000000003,11.577080000000024,77.12112384,"Sommer_Neben"
"Vorarlberg",2027,7,9.105160000000012,18.18557000000004,12.080320000000029,146.413021824,"Sommer_Haupt"
"Vorarlberg",2027,8,9.075040000000001,19.161680000000047,13.142359999999996,147.83766278400003,"Sommer_Haupt"
"Vorarlberg",2027,9,7.362330000000043,17.82770000000005,12.068380000000047,38.985657696000004,"Sommer_Neben"
"Vorarlberg",2027,10,4.523520000000019,12.341360000000009,7.917259999999999,110.64443616,"Übergang"
"Vorarlberg",2027,11,-3.2526299999999537,4.793080000000032,2.4048700000000167,79.01013715200001,"Übergang"
"Vorarlberg",2027,12,-8.43856999999997,-2.52127999999999,-0.8256599999999708,56.137217702399994,"Winter_Haupt"
"Vorarlberg",2028,1,-10.635999999999967,-4.19802999999996,-2.9248999999999796,96.4554353856,"Winter_Haupt"
"Vorarlberg",2028,2,-5.526299999999992,-0.3915799999999763,-1.9305200000000013,194.083700832,"Winter_Haupt"
"Vorarlberg",2028,3,-4.487549999999999,2.301080000000013,-0.553229999999985,134.4657079296,"Winter_Haupt"
"Vorarlberg",2028,4,1.0099400000000287,10.189940000000036,5.556630000000041,117.24085151999999,"Übergang"
"Vorarlberg",2028,5,2.5402200000000335,12.232140000000015,5.965900000000033,78.4144106208,"Sommer_Neben"
"Vorarlberg",2028,6,7.717900000000043,17.355600000000038,11.02773000000002,260.29867104,"Sommer_Neben"
"Vorarlberg",2028,7,13.122740000000022,24.076870000000042,17.78090000000003,99.329481792,"Sommer_Haupt"
"Vorarlberg",2028,8,9.534780000000012,18.747370000000046,13.281640000000039,233.830667808,"Sommer_Haupt"
"Vorarlberg",2028,9,4.74072000000001,12.98547000000002,7.779570000000035,175.593552192,"Sommer_Neben"
"Vorarlberg",2028,10,2.3403000000000134,11.112270000000024,6.722280000000012,141.2199792,"Übergang"
"Vorarlberg",2028,11,-6.722569999999962,-0.02369999999996253,-1.9342699999999695,141.91218143999998,"Übergang"
"Vorarlberg",2028,12,-7.35006999999996,-2.2813999999999623,-1.713959999999986,167.03105040000003,"Winter_Haupt"
"Vorarlberg",2029,1,-4.12439999999998,1.2608600000000365,1.3985500000000002,148.75413626879998,"Winter_Haupt"
"Vorarlberg",2029,2,-3.9559999999999604,3.948540000000037,1.4408500000000117,39.6330205824,"Winter_Haupt"
"Vorarlberg",2029,3,-3.513429999999971,5.480680000000007,0.9119000000000028,56.223052387200006,"Winter_Haupt"
"Vorarlberg",2029,4,-0.7315399999999954,8.202500000000043,3.2751400000000217,87.45668755199999,"Übergang"
"Vorarlberg",2029,5,3.288780000000031,12.789800000000014,7.026100000000042,133.8067143936,"Sommer_Neben"
"Vorarlberg",2029,6,8.797360000000026,18.786980000000028,12.456630000000018,168.51935952000002,"Sommer_Neben"
"Vorarlberg",2029,7,11.084770000000049,20.35128000000003,13.916899999999998,278.77159497599996,"Sommer_Haupt"
"Vorarlberg",2029,8,10.41330000000005,20.492970000000014,14.267880000000048,92.8514848032,"Sommer_Haupt"
"Vorarlberg",2029,9,6.842300000000023,15.57140000000004,10.42828000000003,183.378852288,"Sommer_Neben"
"Vorarlberg",2029,10,1.3827800000000252,8.961479999999995,4.74517000000003,110.54751557760001,"Übergang"
"Vorarlberg",2029,11,-0.5446499999999901,6.310240000000022,3.7703800000000456,168.03814175999997,"Übergang"
"Vorarlberg",2029,12,-6.453559999999982,-0.22424999999998363,0.06660000000005084,187.8657776064,"Winter_Haupt"
"Vorarlberg",2030,1,-11.974829999999997,-5.041569999999979,-2.750699999999995,77.562741024,"Winter_Haupt"
"Vorarlberg",2030,2,-5.183719999999994,1.8463399999999979,-0.602299999999957,40.1209345152,"Winter_Haupt"
"Vorarlberg",2030,3,-2.7912399999999593,5.645530000000008,1.8982799999999997,85.995844128,"Winter_Haupt"
"Vorarlberg",2030,4,1.8014500000000453,11.903070000000014,6.539970000000039,101.292101856,"Übergang"
"Vorarlberg",2030,5,4.638599999999997,13.973540000000014,8.175400000000025,195.584575536,"Sommer_Neben"
"Vorarlberg",2030,6,8.877100000000041,18.327300000000037,11.77337,156.37931798399998,"Sommer_Neben"
"Vorarlberg",2030,7,8.520000000000039,16.786130000000014,10.925400000000025,157.65903417599998,"Sommer_Haupt"
"Vorarlberg",2030,8,7.932460000000049,17.59814,11.463620000000049,199.281611232,"Sommer_Haupt"
"Vorarlberg",2030,9,6.305870000000027,15.634520000000009,9.955600000000004,149.82569999999998,"Sommer_Neben"
"Vorarlberg",2030,10,2.8736000000000104,13.233580000000018,8.587730000000022,30.2756666976,"Übergang"
"Vorarlberg",2030,11,-7.421329999999955,2.2473400000000083,0.99606,91.363038912,"Übergang"
"Vorarlberg",2030,12,-5.877999999999986,1.7472000000000207,2.5722600000000284,104.49506278080001,"Winter_Haupt"
"Vorarlberg",2031,1,-4.52365999999995,3.306759999999997,2.2507300000000328,35.9900250624,"Winter_Haupt"
"Vorarlberg",2031,2,-4.446479999999951,2.9513800000000288,-0.4273399999999583,92.9632370688,"Winter_Haupt"
"Vorarlberg",2031,3,-1.8113199999999665,8.111260000000016,3.2226800000000253,91.2919248,"Winter_Haupt"
"Vorarlberg",2031,4,-0.08657999999996946,10.562430000000006,5.0410400000000095,140.256264096,"Übergang"
"Vorarlberg",2031,5,4.23562000000004,14.734120000000019,7.93180000000001,118.116087408,"Sommer_Neben"
"Vorarlberg",2031,6,7.626700000000028,18.445460000000026,11.592830000000049,121.57525872,"Sommer_Neben"
"Vorarlberg",2031,7,11.57537000000002,22.04403000000002,15.60906,131.15803391999998,"Sommer_Haupt"
"Vorarlberg",2031,8,9.626580000000047,20.04656,14.026730000000043,161.7554487744,"Sommer_Haupt"
"Vorarlberg",2031,9,6.189840000000004,16.123440000000016,10.551870000000008,77.908915584,"Sommer_Neben"
"Vorarlberg",2031,10,2.7449300000000108,11.728600000000029,7.45132000000001,139.34971140480002,"Übergang"
"Vorarlberg",2031,11,-3.2145799999999554,3.7193000000000325,1.1432000000000357,156.67524144,"Übergang"
"Vorarlberg",2031,12,-6.534899999999993,1.4804300000000126,2.064800000000048,81.5446138464,"Winter_Haupt"
"Vorarlberg",2032,1,-12.58639999999997,-4.412269999999978,-2.2458299999999554,65.6939363904,"Winter_Haupt"
"Vorarlberg",2032,2,-2.8453700000000026,3.378900000000044,2.3410600000000272,142.923883968,"Winter_Haupt"
"Vorarlberg",2032,3,-1.0299699999999916,6.770600000000002,3.042500000000018,150.7742551872,"Winter_Haupt"
"Vorarlberg",2032,4,-3.7950799999999845,2.3989200000000324,-1.104469999999992,217.47435984,"Übergang"
"Vorarlberg",2032,5,2.4229700000000207,11.705300000000022,6.5242000000000075,161.99579232,"Sommer_Neben"
"Vorarlberg",2032,6,10.679130000000043,20.738950000000045,14.160240000000044,145.31985792,"Sommer_Neben"
"Vorarlberg",2032,7,8.987729999999999,18.69225,12.275450000000035,110.7332144064,"Sommer_Haupt"
"Vorarlberg",2032,8,12.54797000000002,23.702800000000025,17.51486,119.1993046848,"Sommer_Haupt"
"Vorarlberg",2032,9,8.902500000000032,20.25887,14.489620000000002,52.231749696,"Sommer_Neben"
"Vorarlberg",2032,10,5.0392700000000445,13.957970000000046,9.282100000000014,84.62519971200001,"Übergang"
"Vorarlberg",2032,11,-5.287419999999997,1.411100000000033,-0.9136999999999489,144.687065184,"Übergang"
"Vorarlberg",2032,12,-7.538119999999992,-2.9665999999999713,-2.9997299999999996,195.53260118400001,"Winter_Haupt"
"Vorarlberg",2033,1,-11.487039999999979,-6.149849999999958,-5.038099999999986,80.98873603199999,"Winter_Haupt"
"Vorarlberg",2033,2,-7.83377999999999,-1.852299999999957,-3.288119999999992,99.876768768,"Winter_Haupt"
"Vorarlberg",2033,3,-3.71972999999997,3.3223800000000097,0.5176000000000158,111.798264096,"Winter_Haupt"
"Vorarlberg",2033,4,1.376860000000022,10.208150000000046,6.49902000000003,73.93399286399999,"Übergang"
"Vorarlberg",2033,5,5.157300000000021,15.892480000000035,9.647270000000049,145.88735904,"Sommer_Neben"
"Vorarlberg",2033,6,10.568700000000035,21.337000000000046,14.288870000000031,190.47459744000003,"Sommer_Neben"
"Vorarlberg",2033,7,11.90948000000003,22.20535000000001,15.55460000000005,74.267706384,"Sommer_Haupt"
"Vorarlberg",2033,8,9.516080000000045,20.563620000000014,14.238920000000007,111.66129072,"Sommer_Haupt"
"Vorarlberg",2033,9,9.474800000000016,18.719449999999995,13.301750000000027,157.324405248,"Sommer_Neben"
"Vorarlberg",2033,10,4.597680000000025,13.382440000000031,9.061000000000035,84.96095054400001,"Übergang"
"Vorarlberg",2033,11,-2.249149999999986,7.1310700000000224,4.432060000000035,54.367443648,"Übergang"
"Vorarlberg",2033,12,-10.558699999999988,-3.773079999999993,-4.18769999999995,175.31769859200003,"Winter_Haupt"
"Vorarlberg",2034,1,-6.6112999999999715,-0.8371300000000019,0.04680000000001883,99.373702176,"Winter_Haupt"
"Vorarlberg",2034,2,-7.202119999999979,0.8041300000000433,-1.0453200000000038,53.91594593280001,"Winter_Haupt"
"Vorarlberg",2034,3,-5.455330000000004,1.7316000000000145,-2.023399999999981,85.44773099519999,"Winter_Haupt"
"Vorarlberg",2034,4,-0.07672999999999774,9.50463000000002,4.583060000000046,117.75544128,"Übergang"
"Vorarlberg",2034,5,6.1215799999999945,17.799830000000043,11.357400000000041,88.683350688,"Sommer_Neben"
"Vorarlberg",2034,6,10.019650000000013,21.849820000000022,14.806820000000016,79.51637289600001,"Sommer_Neben"
"Vorarlberg",2034,7,11.002400000000023,20.563840000000027,14.04690000000005,159.6590918784,"Sommer_Haupt"
"Vorarlberg",2034,8,10.956960000000038,20.96682000000004,14.86047000000002,173.476432512,"Sommer_Haupt"
"Vorarlberg",2034,9,7.164540000000045,15.412740000000042,10.335050000000024,141.47329104,"Sommer_Neben"
"Vorarlberg",2034,10,2.168570000000045,10.217579999999998,5.5394000000000005,83.4466715712,"Übergang"
"Vorarlberg",2034,11,-2.884619999999984,5.457700000000045,2.7947000000000344,86.612442048,"Übergang"
"Vorarlberg",2034,12,-6.678200000000004,-0.8463999999999601,-1.44144,133.21129535999998,"Winter_Haupt"
"Vorarlberg",2035,1,-7.626679999999965,-0.17184999999994943,-0.5426399999999489,61.01308152,"Winter_Haupt"
"Vorarlberg",2035,2,-6.1293399999999565,2.940940000000012,1.2226800000000253,71.3491970688,"Winter_Haupt"
"Vorarlberg",2035,3,-2.9331399999999803,3.9881200000000376,0.7721500000000106,125.2305552672,"Winter_Haupt"
"Vorarlberg",2035,4,-0.24979999999999336,6.852300000000014,2.2542700000000195,153.97075382399998,"Übergang"
"Vorarlberg",2035,5,4.515650000000051,14.986540000000048,9.101620000000025,68.9744996352,"Sommer_Neben"
"Vorarlberg",2035,6,10.104640000000018,19.78340000000003,13.556330000000003,251.534222208,"Sommer_Neben"
"Vorarlberg",2035,7,11.551350000000014,21.94160000000005,15.548519999999996,173.62433375999998,"Sommer_Haupt"
"Vorarlberg",2035,8,8.987450000000024,17.987850000000037,12.085750000000019,215.90017257600002,"Sommer_Haupt"
"Vorarlberg",2035,9,5.33193,14.699670000000026,9.268580000000043,100.8193392,"Sommer_Neben"
"Vorarlberg",2035,10,0.890860000000032,8.739400000000046,4.329600000000028,135.070935264,"Übergang"
"Vorarlberg",2035,11,-1.8199199999999678,5.7146000000000186,2.650630000000035,42.30479664,"Übergang"
"Vorarlberg",2035,12,-11.08019999999999,-3.836500000000001,-3.2627599999999575,198.426665952,"Winter_Haupt"
"Vorarlberg",2036,1,-5.657449999999983,0.05996000000004642,1.0036000000000058,110.22225068159999,"Winter_Haupt"
"Vorarlberg",2036,2,-4.617959999999982,3.709950000000049,1.4594000000000165,54.543496867200005,"Winter_Haupt"
"Vorarlberg",2036,3,-3.4355999999999653,3.9281200000000354,0.45690000000001874,76.85072856000001,"Winter_Haupt"
"Vorarlberg",2036,4,1.9920299999999997,11.694700000000012,6.551700000000039,69.17743180800001,"Übergang"
"Vorarlberg",2036,5,5.506220000000042,16.1755,9.717430000000036,165.613051872,"Sommer_Neben"
"Vorarlberg",2036,6,10.16805000000005,20.34393,14.111140000000034,188.941076928,"Sommer_Neben"
"Vorarlberg",2036,7,7.0316400000000385,15.164670000000001,9.358540000000005,197.199289152,"Sommer_Haupt"
"Vorarlberg",2036,8,8.153279999999995,18.37420000000003,12.25018,76.70825910719999,"Sommer_Haupt"
"Vorarlberg",2036,9,6.2702600000000075,16.41840000000002,11.24087000000003,140.785210944,"Sommer_Neben"
"Vorarlberg",2036,10,4.811500000000024,15.023250000000019,10.685080000000028,49.9958527392,"Übergang"
"Vorarlberg",2036,11,-4.352729999999951,2.7514600000000087,1.2211000000000354,225.149502528,"Übergang"
"Vorarlberg",2036,12,-9.63391999999999,-2.929299999999955,-0.8470999999999549,127.405622304,"Winter_Haupt"
"Vorarlberg",2037,1,-8.198769999999968,-3.025519999999972,-2.722499999999968,121.06429603199999,"Winter_Haupt"
"Vorarlberg",2037,2,-8.560579999999959,-1.1026399999999512,-2.198699999999974,93.9774915072,"Winter_Haupt"
"Vorarlberg",2037,3,-4.670169999999985,2.643670000000043,-0.4799600000000055,151.6638000384,"Winter_Haupt"
"Vorarlberg",2037,4,-1.3270599999999604,7.769460000000038,2.8647000000000276,73.298522592,"Übergang"
"Vorarlberg",2037,5,2.2336400000000367,12.54122000000001,6.878350000000012,119.99178432,"Sommer_Neben"
"Vorarlberg",2037,6,8.56286,19.481100000000026,12.770140000000026,131.90607648,"Sommer_Neben"
"Vorarlberg",2037,7,11.074370000000044,21.38784000000004,15.05740000000003,175.7751585984,"Sommer_Haupt"
"Vorarlberg",2037,8,10.154470000000003,21.134500000000003,14.755580000000009,47.619862848,"Sommer_Haupt"
"Vorarlberg",2037,9,7.86280000000005,18.434140000000014,12.609640000000013,67.504762368,"Sommer_Neben"
"Vorarlberg",2037,10,2.8736000000000104,11.699240000000032,7.308900000000051,101.20387967999999,"Übergang"
"Vorarlberg",2037,11,-3.5638199999999642,3.64572000000004,0.8328500000000076,113.642414208,"Übergang"
"Vorarlberg",2037,12,-7.669999999999959,-0.7569599999999923,0.3952000000000453,133.2388641312,"Winter_Haupt"
"Vorarlberg",2038,1,-7.948579999999993,-0.6415199999999572,0.2219800000000305,104.00958403199999,"Winter_Haupt"
"Vorarlberg",2038,2,-3.3616700000000037,4.528440000000046,1.3046000000000504,96.70352832,"Winter_Haupt"
"Vorarlberg",2038,3,-4.741399999999999,2.525320000000022,-1.8889999999999532,72.7529694048,"Winter_Haupt"
"Vorarlberg",2038,4,-1.078739999999982,8.1327,3.0108000000000175,95.9815008,"Übergang"
"Vorarlberg",2038,5,5.2561300000000415,16.4495,10.253600000000006,155.6037826848,"Sommer_Neben"
"Vorarlberg",2038,6,7.713099999999997,17.57710000000003,11.070120000000031,145.130312736,"Sommer_Neben"
"Vorarlberg",2038,7,11.593350000000044,22.118600000000015,15.549650000000042,107.7499240992,"Sommer_Haupt"
"Vorarlberg",2038,8,11.71777000000003,22.83050000000003,16.764640000000043,139.2752304576,"Sommer_Haupt"
"Vorarlberg",2038,9,8.344300000000032,17.594960000000015,12.287200000000041,120.139879104,"Sommer_Neben"
"Vorarlberg",2038,10,3.0720000000000027,11.855580000000032,7.313469999999995,91.97538552,"Übergang"
"Vorarlberg",2038,11,-1.9663799999999583,7.10450000000003,4.061400000000049,26.242864704000002,"Übergang"
"Vorarlberg",2038,12,-5.995599999999968,1.4409400000000119,0.439420000000041,136.985241312,"Winter_Haupt"
"Vorarlberg",2039,1,-7.573339999999973,-0.33947999999998046,-0.5005199999999945,126.55443749760002,"Winter_Haupt"
"Vorarlberg",2039,2,-9.628599999999949,-0.5602999999999838,-3.140419999999949,85.37348574720001,"Winter_Haupt"
"Vorarlberg",2039,3,-3.673529999999971,5.846550000000036,1.6607600000000389,62.3487701376,"Winter_Haupt"
"Vorarlberg",2039,4,1.4811300000000074,11.01672000000002,5.6716200000000185,131.09821488,"Übergang"
"Vorarlberg",2039,5,2.708500000000015,12.153340000000014,5.764400000000023,142.028614944,"Sommer_Neben"
"Vorarlberg",2039,6,8.138800000000003,18.27194000000003,12.063260000000014,192.05727264,"Sommer_Neben"
"Vorarlberg",2039,7,9.080500000000029,17.60677000000004,11.495940000000019,193.931922384,"Sommer_Haupt"
"Vorarlberg",2039,8,8.965450000000033,17.89703000000003,11.925200000000018,143.0067880512,"Sommer_Haupt"
"Vorarlberg",2039,9,8.907650000000046,20.491000000000042,14.566130000000044,34.372639008,"Sommer_Neben"
"Vorarlberg",2039,10,1.9186000000000263,11.024740000000008,5.816920000000039,58.5704423232,"Übergang"
"Vorarlberg",2039,11,-2.7361499999999523,4.322350000000029,1.8753600000000006,150.297371424,"Übergang"
"Vorarlberg",2039,12,-6.573919999999987,-0.38946999999996024,-1.3571000000000026,165.03695481600002,"Winter_Haupt"
"Vorarlberg",2040,1,-7.323279999999954,-0.9558199999999601,-0.7738999999999692,65.7798487488,"Winter_Haupt"
"Vorarlberg",2040,2,-2.7975999999999885,5.900480000000016,3.2548000000000457,99.03923455680001,"Winter_Haupt"
"Vorarlberg",2040,3,-5.507360000000006,2.820640000000026,-0.900669999999991,143.57189831039997,"Winter_Haupt"
"Vorarlberg",2040,4,1.113800000000026,10.467070000000035,5.305139999999994,101.0794464,"Übergang"
"Vorarlberg",2040,5,4.66560000000004,14.359520000000032,8.41560000000004,202.762861632,"Sommer_Neben"
"Vorarlberg",2040,6,9.152980000000014,19.310080000000028,12.775100000000009,149.10344697600001,"Sommer_Neben"
"Vorarlberg",2040,7,9.090660000000014,18.165580000000034,12.23834000000005,253.25637984000002,"Sommer_Haupt"
"Vorarlberg",2040,8,9.479849999999999,21.346460000000036,14.960930000000019,70.8946285248,"Sommer_Haupt"
"Vorarlberg",2040,9,8.427639999999997,18.41790000000003,13.135400000000004,177.89046336,"Sommer_Neben"
"Vorarlberg",2040,10,0.9125999999999976,9.810450000000003,5.3023600000000215,141.52761486720001,"Übergang"
"Vorarlberg",2040,11,0.5751300000000015,7.17568,4.7854600000000005,159.66528191999998,"Übergang"
"Vorarlberg",2040,12,-10.257939999999962,-1.166849999999954,-0.7159999999999513,74.5161574464,"Winter_Haupt"
"Vorarlberg",2041,1,-13.019479999999987,-3.9874599999999987,-4.058899999999994,52.929477475199995,"Winter_Haupt"
"Vorarlberg",2041,2,-11.207499999999982,-1.9214999999999804,-3.7210399999999595,48.7548899712,"Winter_Haupt"
"Vorarlberg",2041,3,-7.107179999999971,0.046620000000018536,-3.7536399999999617,134.556146784,"Winter_Haupt"
"Vorarlberg",2041,4,-2.0385200000000054,6.711400000000026,2.4810400000000072,110.081223936,"Übergang"
"Vorarlberg",2041,5,2.641900000000021,12.638800000000003,6.881650000000036,175.7051184384,"Sommer_Neben"
"Vorarlberg",2041,6,6.165200000000027,15.892899999999997,9.567620000000034,129.52312128,"Sommer_Neben"
"Vorarlberg",2041,7,9.835260000000005,20.771479999999997,14.572400000000016,211.16623449600002,"Sommer_Haupt"
"Vorarlberg",2041,8,10.643850000000043,19.75750000000005,13.612270000000024,161.36075975039998,"Sommer_Haupt"
"Vorarlberg",2041,9,7.726400000000012,16.818230000000028,11.729100000000017,112.52490710400001,"Sommer_Neben"
"Vorarlberg",2041,10,4.404140000000041,14.044820000000016,10.024320000000046,110.969446608,"Übergang"
"Vorarlberg",2041,11,-6.335329999999999,2.191600000000051,0.6462300000000027,88.12009440000001,"Übergang"
"Vorarlberg",2041,12,-7.119269999999972,1.917380000000037,3.1890800000000468,61.788357792000006,"Winter_Haupt"
"Vorarlberg",2042,1,-9.097969999999975,-2.619699999999966,-3.063670000000002,116.85835094400001,"Winter_Haupt"
"Vorarlberg",2042,2,-3.4269499999999766,2.266080000000045,0.6791600000000244,134.0436480768,"Winter_Haupt"
"Vorarlberg",2042,3,-3.4475199999999973,3.9328200000000493,0.5389300000000503,159.7985588448,"Winter_Haupt"
"Vorarlberg",2042,4,-0.49389999999999645,8.522450000000049,3.7237800000000334,131.79366144000002,"Übergang"
"Vorarlberg",2042,5,2.4321199999999976,12.528800000000047,6.666680000000042,134.969839056,"Sommer_Neben"
"Vorarlberg",2042,6,8.829030000000046,18.31677000000002,12.210300000000018,179.07837695999999,"Sommer_Neben"
"Vorarlberg",2042,7,10.736019999999996,21.55853000000002,15.02800000000002,133.3192723776,"Sommer_Haupt"
"Vorarlberg",2042,8,10.331800000000044,20.638180000000034,14.435270000000003,147.084791328,"Sommer_Haupt"
"Vorarlberg",2042,9,7.7971,17.973569999999995,12.501670000000047,98.25566976,"Sommer_Neben"
"Vorarlberg",2042,10,3.667349999999999,13.359800000000007,8.945120000000031,56.126032703999996,"Übergang"
"Vorarlberg",2042,11,-2.525949999999966,4.797660000000008,3.022800000000018,168.66359136,"Übergang"
"Vorarlberg",2042,12,-9.294069999999977,0.4399700000000166,-0.28033999999996695,77.71059406079999,"Winter_Haupt"
"Vorarlberg",2043,1,-6.313969999999983,-0.26900000000000546,-1.7353599999999574,148.611184704,"Winter_Haupt"
"Vorarlberg",2043,2,-3.6182000000000016,2.683370000000025,0.5331000000000472,125.7463484928,"Winter_Haupt"
"Vorarlberg",2043,3,-1.9913999999999987,6.322870000000023,2.3147500000000036,156.660807888,"Winter_Haupt"
"Vorarlberg",2043,4,-0.6706999999999539,7.796230000000037,3.3028000000000475,149.017154112,"Übergang"
"Vorarlberg",2043,5,3.467520000000036,12.988980000000026,6.961569999999995,196.174560096,"Sommer_Neben"
"Vorarlberg",2043,6,7.460050000000024,17.579060000000027,10.891700000000014,119.94898608,"Sommer_Neben"
"Vorarlberg",2043,7,13.247299999999996,23.544849999999997,17.00356000000005,152.64196778879997,"Sommer_Haupt"
"Vorarlberg",2043,8,8.91497000000004,18.057100000000048,12.494349999999997,181.98870912,"Sommer_Haupt"
"Vorarlberg",2043,9,4.700860000000034,14.836400000000026,9.209600000000023,82.04432716800001,"Sommer_Neben"
"Vorarlberg",2043,10,2.831800000000044,12.516200000000026,7.574760000000026,81.859095504,"Übergang"
"Vorarlberg",2043,11,-3.455600000000004,5.448700000000031,2.4757299999999987,135.674911872,"Übergang"
"Vorarlberg",2043,12,-7.362519999999961,0.4966699999999946,0.5218800000000101,141.885106272,"Winter_Haupt"
"Vorarlberg",2044,1,-11.22515999999996,-4.047159999999963,-2.439519999999959,88.09183140479999,"Winter_Haupt"
"Vorarlberg",2044,2,-9.70456999999999,-2.4209699999999543,-3.950929999999971,120.6903672,"Winter_Haupt"
"Vorarlberg",2044,3,-5.608279999999979,1.7202700000000277,-1.3197700000000054,106.29200937600001,"Winter_Haupt"
"Vorarlberg",2044,4,-2.2116499999999633,4.26153000000005,0.24389999999999645,149.39881056,"Übergang"
"Vorarlberg",2044,5,2.5664600000000064,11.973350000000039,6.6707700000000045,132.01226406720002,"Sommer_Neben"
"Vorarlberg",2044,6,6.897100000000023,17.12307000000004,10.766230000000007,149.273829504,"Sommer_Neben"
"Vorarlberg",2044,7,11.048699999999997,21.582400000000007,15.539450000000045,170.249362272,"Sommer_Haupt"
"Vorarlberg",2044,8,10.098839999999996,19.574430000000007,14.120900000000006,210.896385696,"Sommer_Haupt"
"Vorarlberg",2044,9,7.721100000000035,18.570430000000044,13.09304000000003,72.9041472,"Sommer_Neben"
"Vorarlberg",2044,10,2.787200000000041,12.684439999999995,8.058300000000031,98.86215456,"Übergang"
"Vorarlberg",2044,11,-1.039199999999994,6.10098000000005,3.3107200000000034,126.60562310399999,"Übergang"
"Vorarlberg",2044,12,-1.7650499999999738,4.475099999999998,2.756680000000017,152.91486460800002,"Winter_Haupt"
"Vorarlberg",2045,1,-2.6850299999999834,5.7598200000000475,4.034500000000037,55.905648595200006,"Winter_Haupt"
"Vorarlberg",2045,2,-2.8394799999999805,5.922750000000008,2.0758600000000342,138.934196352,"Winter_Haupt"
"Vorarlberg",2045,3,-2.60803999999996,6.814970000000017,2.071619999999996,109.99298499839999,"Winter_Haupt"
"Vorarlberg",2045,4,-0.5797999999999774,8.227779999999996,3.4821699999999964,167.73091200000002,"Übergang"
"Vorarlberg",2045,5,7.817740000000015,17.53262000000001,11.274699999999996,188.25951312,"Sommer_Neben"
"Vorarlberg",2045,6,8.174250000000029,17.42864000000003,11.101040000000012,223.92692352000003,"Sommer_Neben"
"Vorarlberg",2045,7,9.721830000000011,19.601800000000026,13.241420000000005,152.0882782272,"Sommer_Haupt"
"Vorarlberg",2045,8,10.874099999999999,22.173940000000016,15.90148000000005,86.6051185248,"Sommer_Haupt"
"Vorarlberg",2045,9,8.268550000000005,18.640100000000018,12.905200000000036,92.838975552,"Sommer_Neben"
"Vorarlberg",2045,10,5.313070000000039,14.915400000000034,10.343650000000025,51.951933792,"Übergang"
"Vorarlberg",2045,11,-6.338959999999986,1.2726000000000113,-1.225779999999986,111.52334016,"Übergang"
"Vorarlberg",2045,12,-7.219979999999964,0.6461400000000026,-0.20149999999995316,114.03388439999999,"Winter_Haupt"
"Vorarlberg",2046,1,-7.443399999999997,-0.7232399999999757,-0.6900999999999726,118.46219293440001,"Winter_Haupt"
"Vorarlberg",2046,2,-6.106479999999976,2.3771600000000035,0.598700000000008,69.8844150144,"Winter_Haupt"
"Vorarlberg",2046,3,-0.4387299999999641,7.195700000000045,3.733060000000023,113.800743072,"Winter_Haupt"
"Vorarlberg",2046,4,-2.3322199999999498,5.870570000000043,0.6278599999999983,120.039765696,"Übergang"
"Vorarlberg",2046,5,3.364250000000027,11.778250000000014,6.474630000000047,188.657443008,"Sommer_Neben"
"Vorarlberg",2046,6,9.708920000000035,19.948540000000037,13.553060000000016,121.177534464,"Sommer_Neben"
"Vorarlberg",2046,7,10.113670000000013,19.385000000000048,12.998100000000022,109.79984021759998,"Sommer_Haupt"
"Vorarlberg",2046,8,11.085800000000006,20.70684,14.28290000000004,178.068227904,"Sommer_Haupt"
"Vorarlberg",2046,9,8.494200000000035,18.99478000000005,12.923000000000002,59.544802944000004,"Sommer_Neben"
"Vorarlberg",2046,10,5.7096200000000294,16.810720000000003,11.712640000000022,30.9185014464,"Übergang"
"Vorarlberg",2046,11,-2.1331500000000005,5.985900000000015,3.599330000000009,95.7118032,"Übergang"
"Vorarlberg",2046,12,-4.16561999999999,4.389200000000017,3.251640000000009,121.0637255328,"Winter_Haupt"
"Vorarlberg",2047,1,-6.723099999999988,-0.9742499999999836,-1.0083699999999567,173.669089824,"Winter_Haupt"
"Vorarlberg",2047,2,-5.92883999999998,0.4559600000000046,-1.6983399999999733,76.76468271360001,"Winter_Haupt"
"Vorarlberg",2047,3,-5.69932,1.0669000000000324,-2.381719999999973,182.047205376,"Winter_Haupt"
"Vorarlberg",2047,4,-2.2860000000000014,4.93300000000005,1.359920000000045,192.88443168,"Übergang"
"Vorarlberg",2047,5,3.7152000000000385,13.886320000000012,8.219100000000026,124.38316039680001,"Sommer_Neben"
"Vorarlberg",2047,6,7.449580000000026,16.944270000000017,10.595730000000003,227.26754495999998,"Sommer_Neben"
"Vorarlberg",2047,7,9.115700000000004,18.86447000000004,12.756830000000036,145.6443317376,"Sommer_Haupt"
"Vorarlberg",2047,8,9.702870000000019,20.271630000000016,14.529440000000022,124.10696914559999,"Sommer_Haupt"
"Vorarlberg",2047,9,8.801050000000032,19.243040000000008,13.721500000000049,71.625275136,"Sommer_Neben"
"Vorarlberg",2047,10,4.937370000000044,13.64013,9.312900000000013,88.375307904,"Übergang"
"Vorarlberg",2047,11,-1.7975799999999822,5.729060000000004,3.1905800000000113,106.49110175999999,"Übergang"
"Vorarlberg",2047,12,-6.734349999999949,-1.112199999999973,-2.365799999999979,187.339161312,"Winter_Haupt"
"Vorarlberg",2048,1,-11.301999999999964,-4.016799999999989,-2.9476699999999596,64.0246235904,"Winter_Haupt"
"Vorarlberg",2048,2,-2.974519999999984,3.917720000000031,1.7400499999999965,110.2437766368,"Winter_Haupt"
"Vorarlberg",2048,3,-1.0423999999999864,6.523300000000006,2.836150000000032,120.5978178528,"Winter_Haupt"
"Vorarlberg",2048,4,-0.2681999999999789,9.255899999999997,3.9275800000000345,126.10565481600001,"Übergang"
"Vorarlberg",2048,5,4.770140000000026,15.014900000000011,8.629140000000007,165.27466281600002,"Sommer_Neben"
"Vorarlberg",2048,6,8.920100000000048,19.991420000000005,13.077480000000037,77.53585420799999,"Sommer_Neben"
"Vorarlberg",2048,7,10.489280000000008,19.882470000000012,13.898000000000025,189.031347648,"Sommer_Haupt"
"Vorarlberg",2048,8,9.181399999999996,18.50027,12.458370000000002,176.81540630400002,"Sommer_Haupt"
"Vorarlberg",2048,9,9.416070000000047,17.90515000000005,12.218870000000038,126.69714144,"Sommer_Neben"
"Vorarlberg",2048,10,2.5548600000000192,12.35555000000005,7.3743500000000495,98.16869805120001,"Übergang"
"Vorarlberg",2048,11,-3.2308400000000006,4.844600000000014,2.787900000000036,85.447400256,"Übergang"
"Vorarlberg",2048,12,-7.500699999999995,-0.5787699999999631,-0.26913999999999305,79.73278338239999,"Winter_Haupt"
"Vorarlberg",2049,1,-2.79553999999996,2.847280000000012,2.2217300000000364,139.9365622368,"Winter_Haupt"
"Vorarlberg",2049,2,-6.964239999999961,1.2974800000000073,-1.018699999999967,140.590308096,"Winter_Haupt"
"Vorarlberg",2049,3,-7.552469999999971,0.4066700000000196,-2.5288999999999646,122.2390315584,"Winter_Haupt"
"Vorarlberg",2049,4,0.6445000000000505,8.973230000000001,4.741750000000025,185.57092224000002,"Übergang"
"Vorarlberg",2049,5,6.2997400000000425,17.20920000000001,11.135000000000048,126.006560064,"Sommer_Neben"
"Vorarlberg",2049,6,11.320340000000044,22.295370000000048,15.528680000000008,181.112853312,"Sommer_Neben"
"Vorarlberg",2049,7,10.598870000000034,19.725060000000042,13.364770000000021,109.9345985568,"Sommer_Haupt"
"Vorarlberg",2049,8,11.35546000000005,22.04797000000002,15.71935000000002,98.10210499200001,"Sommer_Haupt"
"Vorarlberg",2049,9,9.997600000000034,20.764640000000043,15.395700000000033,96.89226739200001,"Sommer_Neben"
"Vorarlberg",2049,10,3.746970000000033,11.532650000000046,7.225000000000023,144.60100387199998,"Übergang"
"Vorarlberg",2049,11,-2.872349999999983,6.332480000000032,3.563379999999995,42.51959568,"Übergang"
"Vorarlberg",2049,12,-9.894019999999955,-3.518379999999979,-3.6685999999999694,180.441892944,"Winter_Haupt"
"Wien",2025,1,-2.7053999999999974,3.5399400000000014,-1.5688799999999787,63.6920011296,"Winter_Haupt"
"Wien",2025,2,-0.9355999999999653,5.3455000000000155,-2.0270399999999995,46.895200128,"Winter_Haupt"
"Wien",2025,3,-1.0080999999999563,7.740530000000035,-1.0677599999999643,82.67415940800001,"Winter_Haupt"
"Wien",2025,4,5.4705000000000155,15.340599999999995,4.165099999999995,59.611209984000006,"Übergang"
"Wien",2025,5,7.455900000000042,15.491200000000049,4.856470000000002,138.18944995200002,"Sommer_Neben"
"Wien",2025,6,13.850459999999998,23.825500000000034,11.34026,46.550044224,"Sommer_Neben"
"Wien",2025,7,14.725369999999998,25.12094000000002,11.57910000000004,22.734706492799997,"Sommer_Haupt"
"Wien",2025,8,14.254880000000014,25.127070000000003,11.702230000000043,40.3389859968,"Sommer_Haupt"
"Wien",2025,9,10.39416,20.509060000000034,7.426630000000046,34.652766815999996,"Sommer_Neben"
"Wien",2025,10,6.111440000000016,15.022600000000011,5.126599999999996,56.8463107104,"Übergang"
"Wien",2025,11,0.013670000000047366,5.424599999999998,-1.1208299999999554,91.482265728,"Übergang"
"Wien",2025,12,-4.503599999999949,1.657950000000028,-1.889349999999979,22.6315773792,"Winter_Haupt"
"Wien",2026,1,-8.03529999999995,-1.7437799999999584,-6.0004599999999755,84.67995424320002,"Winter_Haupt"
"Wien",2026,2,-0.30774999999999864,8.201840000000004,3.3649800000000027,29.802059481599997,"Winter_Haupt"
"Wien",2026,3,0.3953800000000456,7.460080000000005,-0.7086999999999648,75.83568995520001,"Winter_Haupt"
"Wien",2026,4,4.608450000000005,14.34540000000004,3.248300000000029,82.28625407999999,"Übergang"
"Wien",2026,5,7.7700399999999945,17.70648,5.958150000000046,58.8246331968,"Sommer_Neben"
"Wien",2026,6,12.36282,22.016560000000027,9.59190000000001,49.004188704,"Sommer_Neben"
"Wien",2026,7,14.233940000000018,23.681570000000022,12.90300000000002,176.14594022400001,"Sommer_Haupt"
"Wien",2026,8,12.732140000000015,22.745450000000005,10.811599999999999,108.9124970112,"Sommer_Haupt"
"Wien",2026,9,9.805000000000007,18.358150000000023,7.75436000000002,105.09818688,"Sommer_Neben"
"Wien",2026,10,5.014949999999999,12.506250000000023,4.255359999999996,58.716099072,"Übergang"
"Wien",2026,11,3.3809800000000223,8.934780000000046,4.083250000000021,63.363316608,"Übergang"
"Wien",2026,12,-2.623049999999978,2.226280000000031,-0.8357299999999555,35.52094347840001,"Winter_Haupt"
"Wien",2027,1,-4.596379999999954,1.962000000000046,0.554300000000012,5.83924063968,"Winter_Haupt"
"Wien",2027,2,1.684470000000033,10.058070000000043,2.4349300000000085,10.029629917440001,"Winter_Haupt"
"Wien",2027,3,1.790300000000002,10.92715000000004,0.5305000000000177,52.8654637152,"Winter_Haupt"
"Wien",2027,4,6.8636000000000195,17.009820000000047,5.210200000000043,43.14727439999999,"Übergang"
"Wien",2027,5,11.620300000000043,22.958060000000046,10.876700000000028,71.5036565088,"Sommer_Neben"
"Wien",2027,6,12.287560000000042,23.070060000000012,9.23693000000003,46.44969494400001,"Sommer_Neben"
"Wien",2027,7,15.690120000000036,27.067600000000027,13.404300000000035,81.39137990399999,"Sommer_Haupt"
"Wien",2027,8,13.653560000000027,25.02337,12.064099999999996,49.2515735904,"Sommer_Haupt"
"Wien",2027,9,12.30940000000004,22.832899999999995,9.657000000000039,21.242756736,"Sommer_Neben"
"Wien",2027,10,7.157950000000028,16.01522,6.003600000000006,63.354029904,"Übergang"
"Wien",2027,11,0.3365400000000136,4.260400000000004,0.6146200000000022,77.18544432,"Übergang"
"Wien",2027,12,-2.159979999999962,2.058620000000019,-0.024879999999996016,38.7930376224,"Winter_Haupt"
"Wien",2028,1,-7.985849999999971,0.15972000000004982,-3.436959999999999,48.2740272288,"Winter_Haupt"
"Wien",2028,2,-3.5091999999999643,2.708030000000008,-2.6095299999999497,68.9414687424,"Winter_Haupt"
"Wien",2028,3,-0.38104999999995925,8.286460000000034,-1.1181699999999637,96.88309819199999,"Winter_Haupt"
"Wien",2028,4,5.6366500000000315,15.153650000000027,4.844629999999995,84.699958176,"Übergang"
"Wien",2028,5,5.682100000000048,14.365260000000035,2.34286000000003,44.9623891872,"Sommer_Neben"
"Wien",2028,6,13.243899999999996,23.593260000000043,12.019220000000018,128.43812304,"Sommer_Neben"
"Wien",2028,7,17.43530000000004,28.960350000000005,16.536400000000015,44.0963178336,"Sommer_Haupt"
"Wien",2028,8,15.279870000000017,26.09692000000001,13.672540000000026,86.476389264,"Sommer_Haupt"
"Wien",2028,9,10.53176000000002,18.669550000000015,8.181020000000046,91.781424,"Sommer_Neben"
"Wien",2028,10,9.20070000000004,16.908500000000004,8.2654,87.8563598688,"Übergang"
"Wien",2028,11,1.0285600000000272,6.451620000000048,-1.4628999999999905,84.752350272,"Übergang"
"Wien",2028,12,-5.667059999999992,0.08577999999999975,-3.148779999999988,77.77448193599999,"Winter_Haupt"
"Wien",2029,1,-6.314919999999972,-0.34326999999996133,-0.6357199999999921,46.5810507648,"Winter_Haupt"
"Wien",2029,2,-1.3989299999999503,6.5354600000000005,0.1681000000000381,16.516791648,"Winter_Haupt"
"Wien",2029,3,0.6891700000000469,10.068050000000028,-1.2187999999999874,22.772943331199997,"Winter_Haupt"
"Wien",2029,4,2.4698000000000206,10.492000000000019,-0.474899999999991,115.92468576,"Übergang"
"Wien",2029,5,8.134670000000028,16.752499999999998,5.334000000000003,54.14881104,"Sommer_Neben"
"Wien",2029,6,13.166899999999998,23.608120000000042,11.806759999999997,60.61121136,"Sommer_Neben"
"Wien",2029,7,15.683770000000038,25.37014000000005,13.399130000000014,86.14497743999999,"Sommer_Haupt"
"Wien",2029,8,14.357630000000029,24.79140000000001,11.570640000000026,44.768874787200005,"Sommer_Haupt"
"Wien",2029,9,11.816030000000012,21.81188000000003,11.018550000000005,74.980461024,"Sommer_Neben"
"Wien",2029,10,6.517880000000048,13.18652000000003,4.2001300000000015,88.566974208,"Übergang"
"Wien",2029,11,5.3175600000000145,10.506460000000004,3.993160000000046,119.406140928,"Übergang"
"Wien",2029,12,-0.11822999999998274,5.153800000000047,-0.08181999999999334,65.4106875552,"Winter_Haupt"
"Wien",2030,1,-7.909299999999973,-2.4004999999999654,-3.694249999999954,53.516239920000004,"Winter_Haupt"
"Wien",2030,2,-5.708319999999958,1.4259300000000508,-3.4502299999999764,25.0900046208,"Winter_Haupt"
"Wien",2030,3,-1.2286699999999655,8.060360000000003,-0.02465999999998303,58.116450844800006,"Winter_Haupt"
"Wien",2030,4,6.005640000000028,16.855430000000013,5.376860000000022,42.241010112,"Übergang"
"Wien",2030,5,9.532460000000015,18.53997000000004,8.575919999999996,139.34416176,"Sommer_Neben"
"Wien",2030,6,13.548360000000002,22.407340000000033,10.942350000000033,112.821496704,"Sommer_Neben"
"Wien",2030,7,12.465660000000014,20.97344000000004,9.868280000000027,115.942498848,"Sommer_Haupt"
"Wien",2030,8,12.338160000000016,21.628600000000006,10.813350000000014,83.77536481919999,"Sommer_Haupt"
"Wien",2030,9,11.20675,19.624870000000044,9.080870000000004,56.561504256,"Sommer_Neben"
"Wien",2030,10,6.168600000000026,14.380269999999996,5.842650000000049,18.27633613248,"Übergang"
"Wien",2030,11,-0.6209199999999555,6.5347000000000435,-0.26446999999996024,27.011228111999998,"Übergang"
"Wien",2030,12,-1.324959999999976,5.260600000000011,2.5759500000000344,31.0326106608,"Winter_Haupt"
"Wien",2031,1,-1.6286399999999617,3.63900000000001,0.8640700000000265,22.3578422208,"Winter_Haupt"
"Wien",2031,2,0.5542800000000057,7.404899999999998,-1.6938799999999787,21.0120898176,"Winter_Haupt"
"Wien",2031,3,2.785000000000025,13.414480000000026,2.49212,24.0589101312,"Winter_Haupt"
"Wien",2031,4,5.786830000000009,16.54140000000001,3.8978800000000433,43.594801344,"Übergang"
"Wien",2031,5,9.130200000000002,20.185969999999998,6.669849999999997,39.9024054576,"Sommer_Neben"
"Wien",2031,6,12.950600000000009,23.42288000000002,9.910030000000006,72.01785686400001,"Sommer_Neben"
"Wien",2031,7,16.116450000000043,27.432900000000018,13.560050000000047,50.5718426592,"Sommer_Haupt"
"Wien",2031,8,14.79708000000005,26.199730000000045,13.008100000000013,67.5710849952,"Sommer_Haupt"
"Wien",2031,9,11.673640000000034,21.44702000000001,8.685879999999997,25.530658272000004,"Sommer_Neben"
"Wien",2031,10,4.905700000000024,12.046080000000018,4.419849999999997,76.305379536,"Übergang"
"Wien",2031,11,1.248700000000042,7.233240000000023,2.2190500000000384,103.58791660800001,"Übergang"
"Wien",2031,12,-1.590599999999995,4.390070000000037,2.0058500000000095,49.07016555839999,"Winter_Haupt"
"Wien",2032,1,-4.842079999999953,1.4029199999999946,-3.0603999999999587,41.365839024,"Winter_Haupt"
"Wien",2032,2,0.712820000000022,7.8356600000000185,2.1936600000000226,30.5401495392,"Winter_Haupt"
"Wien",2032,3,3.3334600000000023,12.301170000000013,2.7212800000000357,71.94442204799999,"Winter_Haupt"
"Wien",2032,4,2.5353300000000445,10.684630000000027,0.42650000000003274,115.114597632,"Übergang"
"Wien",2032,5,8.488,17.869100000000003,6.75472000000002,138.47736456,"Sommer_Neben"
"Wien",2032,6,14.048240000000021,23.63336000000004,12.024470000000008,75.270897216,"Sommer_Neben"
"Wien",2032,7,12.957120000000032,22.195250000000044,10.57018000000005,83.140174224,"Sommer_Haupt"
"Wien",2032,8,16.778380000000027,29.183040000000005,15.601400000000012,35.7119026848,"Sommer_Haupt"
"Wien",2032,9,12.92428000000001,24.111440000000016,11.239620000000002,20.063124575999996,"Sommer_Neben"
"Wien",2032,10,8.255240000000015,17.443100000000015,7.785030000000006,38.26315368,"Übergang"
"Wien",2032,11,2.744230000000016,7.175840000000051,-0.6576999999999771,101.38310697600001,"Übergang"
"Wien",2032,12,-1.6474000000000046,3.904960000000017,-1.805059999999969,46.528521984,"Winter_Haupt"
"Wien",2033,1,-13.746919999999989,-6.100319999999954,-5.996919999999989,47.2433494464,"Winter_Haupt"
"Wien",2033,2,-5.061039999999991,0.8899200000000178,-3.618439999999964,49.192501478400004,"Winter_Haupt"
"Wien",2033,3,0.778220000000033,8.506040000000041,-0.8560999999999694,57.6806135616,"Winter_Haupt"
"Wien",2033,4,7.4138000000000375,17.14056000000005,6.482400000000041,78.625191456,"Übergang"
"Wien",2033,5,9.461020000000019,20.648220000000038,8.798180000000002,58.46130823680001,"Sommer_Neben"
"Wien",2033,6,14.49087000000003,25.83026000000001,12.551870000000008,59.843222496,"Sommer_Neben"
"Wien",2033,7,15.610500000000002,26.515700000000038,13.389670000000024,78.051468672,"Sommer_Haupt"
"Wien",2033,8,14.527120000000025,26.302120000000002,12.625969999999995,52.628296752,"Sommer_Haupt"
"Wien",2033,9,14.094539999999995,26.27000000000004,13.734550000000013,43.259152895999996,"Sommer_Neben"
"Wien",2033,10,9.763850000000048,19.59576000000004,8.38635000000005,14.92878074688,"Übergang"
"Wien",2033,11,0.6869800000000055,8.143400000000042,0.9772000000000389,44.761071744,"Übergang"
"Wien",2033,12,-3.544529999999952,1.7758400000000165,-4.334599999999966,69.4162454688,"Winter_Haupt"
"Wien",2034,1,-2.194559999999967,2.3821700000000305,-0.4400399999999536,25.7745538944,"Winter_Haupt"
"Wien",2034,2,-2.569279999999992,5.6339700000000335,-1.9855999999999767,12.0770020224,"Winter_Haupt"
"Wien",2034,3,-0.32345999999995456,7.1290200000000254,-3.0475999999999885,85.053234816,"Winter_Haupt"
"Wien",2034,4,5.859300000000019,15.607400000000041,3.4214699999999993,46.817131679999996,"Übergang"
"Wien",2034,5,12.48397,23.54113000000001,10.860600000000034,60.225323904,"Sommer_Neben"
"Wien",2034,6,14.807299999999998,26.690179999999998,12.246640000000014,19.603417823999997,"Sommer_Neben"
"Wien",2034,7,15.198300000000017,25.614160000000027,12.500900000000001,108.8298389088,"Sommer_Haupt"
"Wien",2034,8,17.31817000000001,28.568140000000028,14.7029,28.211619340800002,"Sommer_Haupt"
"Wien",2034,9,12.06265000000002,21.65673000000004,9.528160000000014,74.731691232,"Sommer_Neben"
"Wien",2034,10,6.2086700000000405,12.187520000000006,2.745840000000044,45.346565491199996,"Übergang"
"Wien",2034,11,1.0381399999999985,7.7567000000000235,1.0210200000000214,30.096186336,"Übergang"
"Wien",2034,12,-3.8267999999999915,1.126860000000022,-1.9835299999999734,65.260448064,"Winter_Haupt"
"Wien",2035,1,-3.4876199999999926,1.1176000000000386,-1.390299999999968,17.56727526528,"Winter_Haupt"
"Wien",2035,2,-2.0138299999999845,7.363200000000006,0.878530000000012,28.019111500800005,"Winter_Haupt"
"Wien",2035,3,2.0214000000000283,10.066000000000031,-0.4021699999999555,23.9947624512,"Winter_Haupt"
"Wien",2035,4,5.023070000000018,14.469660000000033,2.692800000000034,70.7496768,"Übergang"
"Wien",2035,5,7.990170000000035,18.18163000000004,5.833920000000035,55.115338464,"Sommer_Neben"
"Wien",2035,6,15.650350000000003,27.14828,13.447960000000023,59.009217984,"Sommer_Neben"
"Wien",2035,7,16.958860000000016,28.312460000000044,14.743200000000002,83.0347068672,"Sommer_Haupt"
"Wien",2035,8,14.085380000000043,23.62133,11.904700000000048,107.5656073248,"Sommer_Haupt"
"Wien",2035,9,10.361750000000029,20.175960000000032,8.033260000000041,80.44798176,"Sommer_Neben"
"Wien",2035,10,6.008450000000039,12.708430000000021,4.309870000000046,100.59692209919999,"Übergang"
"Wien",2035,11,2.4775999999999954,7.701620000000048,2.0885300000000484,46.97033184,"Übergang"
"Wien",2035,12,-3.494419999999991,1.9931600000000458,-3.7724000000000046,47.876962463999995,"Winter_Haupt"
"Wien",2036,1,-3.183899999999994,3.0322800000000143,1.3997700000000464,48.0644826048,"Winter_Haupt"
"Wien",2036,2,-1.2851,6.204430000000002,1.0054000000000087,11.541537763200001,"Winter_Haupt"
"Wien",2036,3,1.1631399999999985,9.243830000000003,-0.17791999999997188,61.421218790400005,"Winter_Haupt"
"Wien",2036,4,7.211270000000013,18.089200000000005,6.674250000000029,15.419336255999998,"Übergang"
"Wien",2036,5,8.877100000000041,19.897940000000006,7.081200000000024,93.6825655392,"Sommer_Neben"
"Wien",2036,6,15.332700000000045,26.752980000000036,14.290400000000034,87.575999904,"Sommer_Neben"
"Wien",2036,7,12.387260000000026,21.431480000000022,9.472620000000006,104.17816788479999,"Sommer_Haupt"
"Wien",2036,8,13.22950000000003,23.467280000000017,10.415400000000034,59.7268843776,"Sommer_Haupt"
"Wien",2036,9,12.893060000000048,23.66476,11.655079999999998,37.528590816,"Sommer_Neben"
"Wien",2036,10,8.649560000000008,20.00182000000001,9.988060000000019,7.9351055136,"Übergang"
"Wien",2036,11,1.5600200000000086,8.091499999999996,1.364340000000027,67.58856432,"Übergang"
"Wien",2036,12,-11.136049999999955,-4.468939999999975,-4.728219999999965,45.827450784,"Winter_Haupt"
"Wien",2037,1,-3.877049999999997,0.6849300000000085,-2.2332199999999602,65.97961453439999,"Winter_Haupt"
"Wien",2037,2,-5.126039999999989,2.010250000000042,-3.188670000000002,47.4044078592,"Winter_Haupt"
"Wien",2037,3,-0.15573999999998023,8.466120000000046,-1.2475000000000023,30.7844689536,"Winter_Haupt"
"Wien",2037,4,3.161830000000009,13.509670000000028,1.2828000000000088,28.945325376,"Übergang"
"Wien",2037,5,8.236170000000016,17.458460000000002,5.185450000000003,75.940126128,"Sommer_Neben"
"Wien",2037,6,13.413139999999999,24.32964000000004,11.447230000000047,60.571727423999995,"Sommer_Neben"
"Wien",2037,7,16.025930000000017,27.378750000000025,14.180720000000008,138.9796958016,"Sommer_Haupt"
"Wien",2037,8,13.93694000000005,24.732020000000034,12.24526000000003,20.2758201216,"Sommer_Haupt"
"Wien",2037,9,12.383780000000002,23.251340000000027,10.100819999999999,16.170591168,"Sommer_Neben"
"Wien",2037,10,6.949580000000026,15.996730000000014,6.661830000000009,35.2916456544,"Übergang"
"Wien",2037,11,2.4026400000000194,8.172450000000026,1.2444700000000353,89.046216,"Übergang"
"Wien",2037,12,-3.9652999999999565,2.3062000000000467,0.3533300000000281,76.57625952000001,"Winter_Haupt"
"Wien",2038,1,-2.309059999999988,3.700460000000021,-0.33713000000000193,39.000821198400004,"Winter_Haupt"
"Wien",2038,2,-0.5757199999999898,8.65560000000005,-0.037049999999965166,30.2305506048,"Winter_Haupt"
"Wien",2038,3,-0.735969999999952,7.894650000000013,-3.5079399999999623,33.9227234496,"Winter_Haupt"
"Wien",2038,4,3.0101300000000037,13.403500000000008,1.592200000000048,66.29529369599999,"Übergang"
"Wien",2038,5,10.207060000000013,20.760340000000042,8.473500000000001,57.1408463232,"Sommer_Neben"
"Wien",2038,6,13.515620000000013,23.474199999999996,11.205560000000048,98.44800912,"Sommer_Neben"
"Wien",2038,7,16.61083000000002,27.585530000000006,13.8279,54.5437116576,"Sommer_Haupt"
"Wien",2038,8,17.698630000000037,29.565030000000036,15.910760000000039,38.7168585696,"Sommer_Haupt"
"Wien",2038,9,12.09005000000002,23.19512000000003,11.176900000000046,53.665667424,"Sommer_Neben"
"Wien",2038,10,6.98965000000004,13.79095000000001,5.907100000000014,75.6519383232,"Übergang"
"Wien",2038,11,1.3472200000000498,6.811360000000036,1.2847200000000498,31.851265824000002,"Übergang"
"Wien",2038,12,0.11227000000002363,5.716600000000028,0.37400000000002365,53.235037382399994,"Winter_Haupt"
"Wien",2039,1,-2.8601999999999634,2.971400000000017,0.32476000000002614,36.5157842688,"Winter_Haupt"
"Wien",2039,2,-3.4084799999999973,3.6070799999999963,-4.84742,17.60240474496,"Winter_Haupt"
"Wien",2039,3,1.308900000000051,10.061000000000035,-0.09979999999995925,42.4741421952,"Winter_Haupt"
"Wien",2039,4,4.893200000000036,15.499050000000011,3.9369800000000055,92.137891392,"Übergang"
"Wien",2039,5,7.826650000000029,17.66073,4.964400000000012,61.876929801600006,"Sommer_Neben"
"Wien",2039,6,14.79200000000003,26.308160000000044,13.298879999999997,57.448248192,"Sommer_Neben"
"Wien",2039,7,14.297480000000007,23.435540000000003,11.155480000000011,92.63123193599999,"Sommer_Haupt"
"Wien",2039,8,13.716200000000015,23.00457,11.073020000000042,113.85900898560001,"Sommer_Haupt"
"Wien",2039,9,11.947100000000034,23.188530000000014,10.715540000000033,22.452951168,"Sommer_Neben"
"Wien",2039,10,5.5344800000000305,13.98705000000001,2.4248600000000238,20.7313543584,"Übergang"
"Wien",2039,11,2.121500000000026,7.456540000000018,1.1454400000000078,117.3610296,"Übergang"
"Wien",2039,12,-2.7025199999999927,2.165300000000002,-1.8253499999999576,61.135792416,"Winter_Haupt"
"Wien",2040,1,-9.35723999999999,-2.861850000000004,-2.4398599999999533,25.976811931200004,"Winter_Haupt"
"Wien",2040,2,0.41689999999999827,8.363800000000026,3.361000000000047,24.581076048000003,"Winter_Haupt"
"Wien",2040,3,0.7268600000000447,8.432900000000018,-2.3224199999999655,41.507218368,"Winter_Haupt"
"Wien",2040,4,5.428120000000035,15.848780000000033,4.255269999999996,62.21476512000001,"Übergang"
"Wien",2040,5,10.395350000000008,19.194540000000018,8.169600000000003,134.646301728,"Sommer_Neben"
"Wien",2040,6,13.57534000000004,23.27120000000002,11.488100000000031,125.12228371199998,"Sommer_Neben"
"Wien",2040,7,13.926350000000014,23.40038000000004,11.786550000000034,95.2354241856,"Sommer_Haupt"
"Wien",2040,8,13.957030000000032,24.860250000000008,10.758080000000007,13.0069451808,"Sommer_Haupt"
"Wien",2040,9,14.563379999999995,25.006740000000036,13.274350000000027,67.041965952,"Sommer_Neben"
"Wien",2040,10,7.872860000000003,15.557180000000017,6.4651700000000005,73.6898844384,"Übergang"
"Wien",2040,11,5.451470000000029,11.73860000000002,5.716820000000041,108.42459638400001,"Übergang"
"Wien",2040,12,-3.195799999999963,1.8095600000000331,-2.081639999999993,29.756217801600002,"Winter_Haupt"
"Wien",2041,1,-5.6936999999999784,-0.4655499999999506,-5.104399999999998,45.302886144,"Winter_Haupt"
"Wien",2041,2,-9.451239999999984,-1.2051799999999844,-3.358099999999979,53.4321156096,"Winter_Haupt"
"Wien",2041,3,-4.907259999999951,3.5958500000000413,-5.034059999999954,42.0828815232,"Winter_Haupt"
"Wien",2041,4,1.7969000000000506,11.43810000000002,0.16090000000002647,78.75703872,"Übergang"
"Wien",2041,5,7.627900000000011,16.37835000000001,6.4596800000000485,153.34730300159998,"Sommer_Neben"
"Wien",2041,6,10.966200000000015,19.936239999999998,8.550650000000019,119.33591328,"Sommer_Neben"
"Wien",2041,7,14.724330000000009,24.023920000000032,12.617520000000013,77.3190093024,"Sommer_Haupt"
"Wien",2041,8,15.75723000000005,24.769280000000037,13.024620000000027,84.01550480639999,"Sommer_Haupt"
"Wien",2041,9,13.39434,22.752620000000036,11.433250000000044,16.121716416,"Sommer_Neben"
"Wien",2041,10,8.842340000000036,18.112300000000005,9.345330000000047,67.58677774079999,"Übergang"
"Wien",2041,11,0.27105000000000246,5.134330000000034,-0.8697300000000041,69.85002729600001,"Übergang"
"Wien",2041,12,-1.7050499999999715,3.305470000000014,1.8698400000000106,13.22801603136,"Winter_Haupt"
"Wien",2042,1,-3.8612999999999715,2.1293300000000386,-2.0858799999999746,65.7977592096,"Winter_Haupt"
"Wien",2042,2,-3.318579999999997,3.0260600000000295,-0.3418999999999528,76.460727168,"Winter_Haupt"
"Wien",2042,3,1.695950000000039,8.943230000000028,-0.026129999999966458,82.9526621184,"Winter_Haupt"
"Wien",2042,4,5.8858000000000175,14.573599999999999,3.7485000000000355,85.782924288,"Übergang"
"Wien",2042,5,7.382000000000005,16.748199999999997,5.481400000000008,158.025653568,"Sommer_Neben"
"Wien",2042,6,12.190240000000017,21.02337,10.178860000000043,98.34679152,"Sommer_Neben"
"Wien",2042,7,14.989599999999996,25.671100000000024,13.04785000000004,42.3165665664,"Sommer_Haupt"
"Wien",2042,8,15.294579999999996,27.138800000000003,14.1481,50.931637488,"Sommer_Haupt"
"Wien",2042,9,13.845000000000027,25.483450000000005,12.027829999999994,7.9157417184,"Sommer_Neben"
"Wien",2042,10,8.478020000000015,19.43774000000002,7.349970000000042,11.1321294624,"Übergang"
"Wien",2042,11,4.663780000000031,10.684600000000046,2.92962,39.000963456,"Übergang"
"Wien",2042,12,-2.8623999999999796,2.669300000000021,-3.0469999999999686,47.727890755199994,"Winter_Haupt"
"Wien",2043,1,-1.5620499999999993,2.5119300000000067,-2.596469999999954,22.8926490624,"Winter_Haupt"
"Wien",2043,2,0.8829300000000444,6.139980000000037,-1.0349499999999807,50.319021312000004,"Winter_Haupt"
"Wien",2043,3,2.9809999999999945,11.247280000000046,1.996500000000026,114.63855730559999,"Winter_Haupt"
"Wien",2043,4,4.328100000000006,13.961659999999995,3.432860000000005,95.143890816,"Übergang"
"Wien",2043,5,8.585800000000006,17.304130000000043,5.873649999999998,84.0293199936,"Sommer_Neben"
"Wien",2043,6,10.589750000000038,20.29006000000004,7.5236000000000445,52.33141728,"Sommer_Neben"
"Wien",2043,7,17.95013,29.31880000000001,15.889499999999998,62.402464022400004,"Sommer_Haupt"
"Wien",2043,8,14.025800000000004,24.90685000000002,12.174900000000036,55.8223664256,"Sommer_Haupt"
"Wien",2043,9,10.005520000000047,19.20025000000004,6.815420000000017,53.602614431999996,"Sommer_Neben"
"Wien",2043,10,5.134330000000034,13.683680000000038,3.729600000000005,65.7420859872,"Übergang"
"Wien",2043,11,2.1406200000000126,8.404719999999998,0.6310700000000224,60.58238313600001,"Übergang"
"Wien",2043,12,0.002949999999998454,4.7263000000000375,0.5743300000000318,37.543687228799996,"Winter_Haupt"
"Wien",2044,1,-4.81617,1.666470000000004,-2.0937599999999748,33.252161904,"Winter_Haupt"
"Wien",2044,2,-7.594920000000002,0.8574500000000285,-3.897040000000004,45.5843382048,"Winter_Haupt"
"Wien",2044,3,-0.6757999999999811,6.490170000000035,-3.416719999999998,57.6356217984,"Winter_Haupt"
"Wien",2044,4,1.812250000000006,9.900720000000035,-0.4626199999999585,135.593307936,"Übergang"
"Wien",2044,5,8.59408000000002,17.313900000000046,6.907219999999995,161.129490624,"Sommer_Neben"
"Wien",2044,6,10.873100000000022,20.153620000000046,8.76144000000005,73.777993344,"Sommer_Neben"
"Wien",2044,7,16.04522000000003,25.11250000000001,14.029320000000041,131.65860009600001,"Sommer_Haupt"
"Wien",2044,8,14.50970000000001,23.84384,13.96526,145.4464220832,"Sommer_Haupt"
"Wien",2044,9,11.754500000000007,21.939570000000003,11.091700000000003,26.480154528,"Sommer_Neben"
"Wien",2044,10,7.246880000000033,14.157399999999996,7.616630000000043,113.3041784256,"Übergang"
"Wien",2044,11,2.6941000000000486,6.999300000000005,2.119600000000048,78.61599763199999,"Übergang"
"Wien",2044,12,2.7162700000000086,8.315359999999998,2.853020000000015,66.5135348256,"Winter_Haupt"
"Wien",2045,1,0.20730000000003201,8.414450000000045,3.422080000000051,13.478257872,"Winter_Haupt"
"Wien",2045,2,2.0663000000000125,9.786550000000034,1.0939600000000382,28.012969152,"Winter_Haupt"
"Wien",2045,3,1.3188000000000102,9.747600000000034,-0.03125999999997475,51.447550896,"Winter_Haupt"
"Wien",2045,4,5.657560000000046,14.752440000000036,4.066900000000032,66.470383296,"Übergang"
"Wien",2045,5,10.848839999999996,21.108760000000018,9.748829999999998,57.1359609216,"Sommer_Neben"
"Wien",2045,6,13.656060000000025,22.53710000000001,11.41744,162.87775488,"Sommer_Neben"
"Wien",2045,7,14.10256000000004,23.62435000000005,11.863280000000032,101.15416054079999,"Sommer_Haupt"
"Wien",2045,8,15.210900000000038,25.876250000000027,13.493700000000047,151.2193195584,"Sommer_Haupt"
"Wien",2045,9,13.11587000000003,21.879500000000007,10.739220000000046,33.065091648,"Sommer_Neben"
"Wien",2045,10,7.725549999999998,17.41067000000004,8.892200000000003,20.10315626208,"Übergang"
"Wien",2045,11,0.7557300000000282,5.370750000000044,-1.8904799999999682,74.906335008,"Übergang"
"Wien",2045,12,-1.7231499999999755,3.1868500000000495,-0.03899999999998727,68.3065602432,"Winter_Haupt"
"Wien",2046,1,-3.8669499999999744,2.4682600000000434,-0.6617799999999647,59.6672069472,"Winter_Haupt"
"Wien",2046,2,-5.550569999999993,-0.23919999999998254,-1.2910799999999654,56.1076395264,"Winter_Haupt"
"Wien",2046,3,2.008330000000001,11.505200000000002,2.990750000000048,55.931138928,"Winter_Haupt"
"Wien",2046,4,2.0431800000000067,10.094930000000033,-0.7435999999999581,109.175903136,"Übergang"
"Wien",2046,5,8.78472000000005,17.365380000000016,6.686300000000017,117.19566864000001,"Sommer_Neben"
"Wien",2046,6,13.615139999999997,22.855000000000018,11.522580000000005,63.793459008,"Sommer_Neben"
"Wien",2046,7,13.239070000000027,23.05453,10.33910000000003,44.752488336,"Sommer_Haupt"
"Wien",2046,8,16.20236,26.741570000000024,13.993620000000021,54.030305232,"Sommer_Haupt"
"Wien",2046,9,11.387,22.647400000000005,10.134820000000047,27.560663423999998,"Sommer_Neben"
"Wien",2046,10,8.162800000000004,20.211820000000046,10.019000000000005,6.466746369599999,"Übergang"
"Wien",2046,11,3.8828700000000254,8.947699999999998,3.749780000000044,78.45097536,"Übergang"
"Wien",2046,12,1.9068000000000325,8.198020000000042,3.008540000000039,39.182393952,"Winter_Haupt"
"Wien",2047,1,-1.892599999999959,3.600120000000004,-1.4038499999999772,44.4300330816,"Winter_Haupt"
"Wien",2047,2,-0.6723399999999629,6.47607000000005,-1.382539999999949,16.98785319168,"Winter_Haupt"
"Wien",2047,3,-0.7364299999999844,6.470200000000034,-3.1741399999999658,80.88863618879999,"Winter_Haupt"
"Wien",2047,4,3.1803199999999947,12.832730000000026,1.6308500000000095,99.726876,"Übergang"
"Wien",2047,5,8.354759999999999,18.570100000000025,7.897100000000023,100.654164864,"Sommer_Neben"
"Wien",2047,6,11.363760000000013,20.8938,8.749050000000011,140.07845808,"Sommer_Neben"
"Wien",2047,7,13.259330000000034,22.767970000000048,11.77800000000002,136.21741902719998,"Sommer_Haupt"
"Wien",2047,8,13.720670000000041,23.77648000000005,13.310360000000003,109.05777878399999,"Sommer_Haupt"
"Wien",2047,9,11.60250000000002,21.15685000000002,9.950919999999996,49.876013088,"Sommer_Neben"
"Wien",2047,10,9.853660000000048,17.404200000000003,9.265100000000018,92.250149184,"Übergang"
"Wien",2047,11,2.6441300000000183,8.561030000000017,1.7709600000000023,44.96564016,"Übergang"
"Wien",2047,12,-1.1434699999999793,2.977869999999996,-3.4161399999999844,40.4133544512,"Winter_Haupt"
"Wien",2048,1,-7.48855999999995,-0.358949999999993,-4.168599999999969,41.059668441599996,"Winter_Haupt"
"Wien",2048,2,0.8913200000000074,8.919500000000028,1.5848600000000488,32.7747588768,"Winter_Haupt"
"Wien",2048,3,2.6595400000000495,12.443930000000023,2.402460000000019,46.639680940800005,"Winter_Haupt"
"Wien",2048,4,4.331960000000038,13.337199999999996,2.0059800000000223,68.00578041600001,"Übergang"
"Wien",2048,5,9.770530000000008,19.495780000000025,8.858730000000037,111.64448108159999,"Sommer_Neben"
"Wien",2048,6,12.256500000000017,22.518950000000018,10.153279999999995,71.197128576,"Sommer_Neben"
"Wien",2048,7,14.131799999999998,25.052099999999996,12.138850000000048,41.3357097024,"Sommer_Haupt"
"Wien",2048,8,14.401900000000012,25.622500000000002,13.029020000000003,76.72375632960001,"Sommer_Haupt"
"Wien",2048,9,15.345540000000028,24.71792000000005,12.751120000000014,27.809186976,"Sommer_Neben"
"Wien",2048,10,8.018430000000023,16.693230000000028,7.800160000000005,110.85840550079999,"Übergang"
"Wien",2048,11,1.8219000000000278,8.310879999999997,2.5564500000000407,30.347327808,"Übergang"
"Wien",2048,12,-1.5458999999999605,3.4694200000000137,0.20117000000004737,81.7870010112,"Winter_Haupt"
"Wien",2049,1,1.5275000000000318,7.468380000000025,1.7019000000000233,54.137149286399996,"Winter_Haupt"
"Wien",2049,2,-1.5719399999999837,4.943020000000047,-2.3093599999999697,52.78397322239999,"Winter_Haupt"
"Wien",2049,3,-1.6505199999999718,5.234860000000026,-4.251999999999953,38.4509818368,"Winter_Haupt"
"Wien",2049,4,5.1428000000000225,13.797360000000026,3.2902799999999957,105.63609168,"Übergang"
"Wien",2049,5,9.463900000000024,19.661550000000034,8.46980000000002,66.8784855744,"Sommer_Neben"
"Wien",2049,6,15.476130000000012,26.243070000000046,13.627900000000011,50.46487919999999,"Sommer_Neben"
"Wien",2049,7,15.229730000000018,24.36617000000001,12.676350000000014,170.702119008,"Sommer_Haupt"
"Wien",2049,8,16.128100000000018,26.53445000000005,14.754400000000032,40.5400508064,"Sommer_Haupt"
"Wien",2049,9,15.797720000000027,28.372920000000022,15.292750000000012,10.014321599999999,"Sommer_Neben"
"Wien",2049,10,8.60208,15.875020000000006,5.883080000000007,60.104179872,"Übergang"
"Wien",2049,11,1.5424000000000433,7.016350000000045,1.693870000000004,40.506832512,"Übergang"
"Wien",2049,12,-7.787119999999959,-1.4755599999999731,-6.202549999999974,44.4705813792,"Winter_Haupt"
